# iT  physTime_s  Qy_m3_per_s  qy_cell_m_per_s  u_y_fluid_average_m_per_s  u_y_fluid_max_m_per_s  B_yy_m2
0 0.000000000000000e+00 1.023611111086395e-17 2.624643874580499e-04 6.561609686451249e-04 6.249999999847117e-04 2.624643874580499e-18
1 4.166666666666665e-12 1.649305555554861e-17 4.228988603986824e-04 1.057247150996706e-03 1.041666666665211e-03 4.228988603986824e-18
2 8.333333333333330e-12 2.239969135803591e-17 5.743510604624592e-04 1.435877651156148e-03 1.458333333323505e-03 5.743510604624592e-18
3 1.250000000000000e-11 2.808043981467771e-17 7.200112772994286e-04 1.800028193248572e-03 1.874999999978099e-03 7.200112772994286e-18
4 1.666666666666666e-11 3.359636488330776e-17 8.614452534181479e-04 2.153613133545370e-03 2.291666666662299e-03 8.614452534181478e-18
5 2.083333333333333e-11 3.897133630551807e-17 9.992650334748224e-04 2.498162583687056e-03 2.708333333342798e-03 9.992650334748223e-18
6 2.499999999999999e-11 4.421739492841355e-17 1.133779357138809e-03 2.834448392847023e-03 3.124998511580594e-03 1.133779357138809e-17
7 2.916666666666666e-11 4.934416492612890e-17 1.265234998105869e-03 3.163087495264673e-03 3.541655007274818e-03 1.265234998105869e-17
8 3.333333333333332e-11 5.436011399172601e-17 1.393849076710924e-03 3.484622691777309e-03 3.958284421728088e-03 1.393849076710924e-17
9 3.749999999999999e-11 5.927242943231455e-17 1.519805882879860e-03 3.799514707199651e-03 4.374852507113608e-03 1.519805882879860e-17
10 4.166666666666665e-11 6.408723040835545e-17 1.643262318162960e-03 4.108155795407401e-03 4.791306622672960e-03 1.643262318162960e-17
11 4.583333333333332e-11 6.880984443413547e-17 1.764354985490653e-03 4.410887463726633e-03 5.207575453855578e-03 1.764354985490653e-17
12 4.999999999999998e-11 7.344495601277207e-17 1.883204000327489e-03 4.708010000818723e-03 5.623570516996631e-03 1.883204000327489e-17
13 5.416666666666665e-11 7.799669691381227e-17 1.999915305482366e-03 4.999788263705915e-03 6.039188782970139e-03 1.999915305482366e-17
14 5.833333333333331e-11 8.246873751027051e-17 2.114583013083859e-03 5.286457532709649e-03 6.454315821588561e-03 2.114583013083859e-17
15 6.249999999999998e-11 8.686437199984680e-17 2.227291589739662e-03 5.568228974349155e-03 6.868829028092216e-03 2.227291589739662e-17
16 6.666666666666664e-11 9.118658288065752e-17 2.338117509760449e-03 5.845293774401124e-03 7.282600651993145e-03 2.338117509760449e-17
17 7.083333333333331e-11 9.543808716047037e-17 2.447130440012061e-03 6.117826100030153e-03 7.695500474877510e-03 2.447130440012061e-17
18 7.499999999999997e-11 9.962137247948123e-17 2.554394166140544e-03 6.385985415351361e-03 8.107398072507242e-03 2.554394166140544e-17
19 7.916666666666664e-11 1.037387273935349e-16 2.659967369064997e-03 6.649918422662494e-03 8.518164653279032e-03 2.659967369064998e-17
20 8.333333333333330e-11 1.077922667631596e-16 2.763904275978451e-03 6.909760689946128e-03 8.927674499312329e-03 2.763904275978451e-17
21 8.749999999999997e-11 1.117839527672907e-16 2.866255199161301e-03 7.165637997903252e-03 9.335806053150434e-03 2.866255199161301e-17
22 9.166666666666663e-11 1.157156124103855e-16 2.967066984881679e-03 7.417667462204199e-03 9.742442701074671e-03 2.967066984881679e-17
23 9.583333333333330e-11 1.195889523400506e-16 3.066383393334632e-03 7.665958483336580e-03 1.014747330348751e-02 3.066383393334632e-17
24 9.999999999999996e-11 1.234055715234363e-16 3.164245423677854e-03 7.910613559194635e-03 1.055079252057060e-02 3.164245423677854e-17
25 1.041666666666666e-10 1.271669721481057e-16 3.260691593541173e-03 8.151728983852934e-03 1.095230097519519e-02 3.260691593541173e-17
26 1.083333333333333e-10 1.308745690430285e-16 3.355758180590474e-03 8.389395451476185e-03 1.135190528968162e-02 3.355758180590474e-17
27 1.125000000000000e-10 1.345296978715225e-16 3.449479432603140e-03 8.623698581507851e-03 1.174951802749411e-02 3.449479432603140e-17
28 1.166666666666666e-10 1.381336222992879e-16 3.541887751263793e-03 8.854719378159482e-03 1.214505756459549e-02 3.541887751263793e-17
29 1.208333333333333e-10 1.416875402992273e-16 3.633013853826341e-03 9.082534634565854e-03 1.253844791095297e-02 3.633013853826341e-17
30 1.250000000000000e-10 1.451925897225793e-16 3.722886915963573e-03 9.307217289908933e-03 1.292961849843004e-02 3.722886915963573e-17
31 1.291666666666666e-10 1.486498532428675e-16 3.811534698535065e-03 9.528836746337664e-03 1.331850394727324e-02 3.811534698535066e-17
32 1.333333333333333e-10 1.520603627617267e-16 3.898983660557094e-03 9.747459151392735e-03 1.370504382138571e-02 3.898983660557094e-17
33 1.374999999999999e-10 1.554251033500286e-16 3.985259060257144e-03 9.963147650642859e-03 1.408918237901177e-02 3.985259060257144e-17
34 1.416666666666666e-10 1.587450167856312e-16 4.070385045785416e-03 1.017596261446354e-02 1.447086832457995e-02 4.070385045785415e-17
35 1.458333333333333e-10 1.620210047397530e-16 4.154384736916744e-03 1.038596184229186e-02 1.485005456563808e-02 4.154384736916745e-17
36 1.499999999999999e-10 1.652539316547158e-16 4.237280298838867e-03 1.059320074709717e-02 1.522669797709377e-02 4.237280298838867e-17
37 1.541666666666666e-10 1.684446273511534e-16 4.319093009003933e-03 1.079773252250983e-02 1.560075917511380e-02 4.319093009003934e-17
38 1.583333333333333e-10 1.715938893955163e-16 4.399843317833752e-03 1.099960829458438e-02 1.597220230133004e-02 4.399843317833752e-17
39 1.625000000000000e-10 1.747024852551383e-16 4.479550903977905e-03 1.119887725994476e-02 1.634099481795890e-02 4.479550903977905e-17
40 1.666666666666666e-10 1.777711542645420e-16 4.558234724731847e-03 1.139558681182962e-02 1.670710731424137e-02 4.558234724731847e-17
41 1.708333333333333e-10 1.808006094228263e-16 4.635913062123753e-03 1.158978265530938e-02 1.707051332392605e-02 4.635913062123753e-17
42 1.749999999999999e-10 1.837915390401510e-16 4.712603565132078e-03 1.178150891283019e-02 1.743118915363234e-02 4.712603565132078e-17
43 1.791666666666666e-10 1.867446082483943e-16 4.788323288420367e-03 1.197080822105092e-02 1.778911372130562e-02 4.788323288420368e-17
44 1.833333333333333e-10 1.896604603893504e-16 4.863088727932063e-03 1.215772181983016e-02 1.814426840503816e-02 4.863088727932063e-17
45 1.874999999999999e-10 1.925397182928116e-16 4.936915853661837e-03 1.234228963415459e-02 1.849663690073117e-02 4.936915853661837e-17
46 1.916666666666666e-10 1.953829854546793e-16 5.009820139863573e-03 1.252455034965893e-02 1.884620508893086e-02 5.009820139863573e-17
47 1.958333333333333e-10 1.981908471245523e-16 5.081816592937240e-03 1.270454148234310e-02 1.919296090969164e-02 5.081816592937240e-17
48 1.999999999999999e-10 2.009638713106247e-16 5.152919777195505e-03 1.288229944298876e-02 1.953689424523648e-02 5.152919777195505e-17
49 2.041666666666666e-10 2.037026097101464e-16 5.223143838721703e-03 1.305785959680426e-02 1.987799680966753e-02 5.223143838721703e-17
50 2.083333333333333e-10 2.064075985711900e-16 5.292502527466410e-03 1.323125631866603e-02 2.021626204528223e-02 5.292502527466410e-17
51 2.124999999999999e-10 2.090793594919140e-16 5.361009217741384e-03 1.340252304435346e-02 2.055168502542891e-02 5.361009217741384e-17
52 2.166666666666666e-10 2.117184001631612e-16 5.428676927260544e-03 1.357169231815136e-02 2.088426236255438e-02 5.428676927260544e-17
53 2.208333333333332e-10 2.143252150582033e-16 5.495518334825727e-03 1.373879583706432e-02 2.121399212205059e-02 5.495518334825726e-17
54 2.249999999999999e-10 2.169002860748795e-16 5.561545796791783e-03 1.390386449197946e-02 2.154087374076433e-02 5.561545796791783e-17
55 2.291666666666666e-10 2.194440831335460e-16 5.626771362398615e-03 1.406692840599654e-02 2.186490795033997e-02 5.626771362398614e-17
56 2.333333333333333e-10 2.219570647345344e-16 5.691206788064985e-03 1.422801697016246e-02 2.218609670468862e-02 5.691206788064985e-17
57 2.374999999999999e-10 2.244396784783484e-16 5.754863550726882e-03 1.438715887681721e-02 2.250444311147994e-02 5.754863550726883e-17
58 2.416666666666666e-10 2.268923615515476e-16 5.817752860296094e-03 1.454438215074024e-02 2.281995136745691e-02 5.817752860296094e-17
59 2.458333333333333e-10 2.293155411810225e-16 5.879885671308268e-03 1.469971417827067e-02 2.313262669707741e-02 5.879885671308269e-17
60 2.499999999999999e-10 2.317096350591000e-16 5.941272693823076e-03 1.485318173455769e-02 2.344247529456067e-02 5.941272693823077e-17
61 2.541666666666666e-10 2.340750517413970e-16 6.001924403625564e-03 1.500481100906391e-02 2.374950426885714e-02 6.001924403625565e-17
62 2.583333333333333e-10 2.364121910201459e-16 6.061851051798612e-03 1.515462762949653e-02 2.405372159154208e-02 6.061851051798612e-17
63 2.624999999999999e-10 2.387214442742446e-16 6.121062673698580e-03 1.530265668424645e-02 2.435513604734769e-02 6.121062673698580e-17
64 2.666666666666666e-10 2.410031947979904e-16 6.179569097384368e-03 1.544892274346092e-02 2.465375718721549e-02 6.179569097384368e-17
65 2.708333333333332e-10 2.432578181101556e-16 6.237379951542451e-03 1.559344987885613e-02 2.494959528378747e-02 6.237379951542451e-17
66 2.749999999999999e-10 2.454856822444021e-16 6.294504672933387e-03 1.573626168233347e-02 2.524266128894377e-02 6.294504672933387e-17
67 2.791666666666666e-10 2.476871480232050e-16 6.350952513415512e-03 1.587738128353878e-02 2.553296679360152e-02 6.350952513415512e-17
68 2.833333333333332e-10 2.498625693155128e-16 6.406732546551610e-03 1.601683136637903e-02 2.582052398953792e-02 6.406732546551611e-17
69 2.874999999999999e-10 2.520122932800005e-16 6.461853673846166e-03 1.615463418461542e-02 2.610534563281215e-02 6.461853673846167e-17
70 2.916666666666666e-10 2.541366605947802e-16 6.516324630635389e-03 1.629081157658847e-02 2.638744500927442e-02 6.516324630635390e-17
71 2.958333333333332e-10 2.562360056740706e-16 6.570153991642836e-03 1.642538497910709e-02 2.666683590159970e-02 6.570153991642837e-17
72 2.999999999999999e-10 2.583106568734983e-16 6.623350176243546e-03 1.655837544060887e-02 2.694353255780560e-02 6.623350176243546e-17
73 3.041666666666665e-10 2.603609366842162e-16 6.675921453441443e-03 1.668980363360361e-02 2.721754966156861e-02 6.675921453441442e-17
74 3.083333333333332e-10 2.623871619166155e-16 6.727875946579885e-03 1.681968986644971e-02 2.748890230362849e-02 6.727875946579885e-17
75 3.124999999999999e-10 2.643896438748800e-16 6.779221637817437e-03 1.694805409454360e-02 2.775760595477656e-02 6.779221637817437e-17
76 3.166666666666666e-10 2.663686885222851e-16 6.829966372366284e-03 1.707491593091571e-02 2.802367644008001e-02 6.829966372366284e-17
77 3.208333333333332e-10 2.683245966384124e-16 6.880117862523395e-03 1.720029465630849e-02 2.828712991419422e-02 6.880117862523395e-17
78 3.249999999999999e-10 2.702576639684459e-16 6.929683691498614e-03 1.732420922874654e-02 2.854798283811842e-02 6.929683691498614e-17
79 3.291666666666666e-10 2.721681813652429e-16 6.978671317057510e-03 1.744667829264378e-02 2.880625195672848e-02 6.978671317057510e-17
80 3.333333333333332e-10 2.740564349247594e-16 7.027088074993831e-03 1.756772018748458e-02 2.906195427754939e-02 7.027088074993831e-17
81 3.374999999999999e-10 2.759227061148904e-16 7.074941182433087e-03 1.768735295608272e-02 2.931510705061591e-02 7.074941182433087e-17
82 3.416666666666665e-10 2.777672718984411e-16 7.122237740985670e-03 1.780559435246418e-02 2.956572774897328e-02 7.122237740985671e-17
83 3.458333333333332e-10 2.795904048505807e-16 7.168984739758479e-03 1.792246184939620e-02 2.981383405049176e-02 7.168984739758479e-17
84 3.499999999999999e-10 2.813923732710001e-16 7.215189058230774e-03 1.803797264557693e-02 3.005944382016602e-02 7.215189058230774e-17
85 3.541666666666665e-10 2.831734412911314e-16 7.260857469003368e-03 1.815214367250842e-02 3.030257509350248e-02 7.260857469003368e-17
86 3.583333333333332e-10 2.849338689768274e-16 7.305996640431471e-03 1.826499160107868e-02 3.054324606053582e-02 7.305996640431472e-17
87 3.624999999999999e-10 2.866739124266477e-16 7.350613139144813e-03 1.837653284786204e-02 3.078147505076320e-02 7.350613139144813e-17
88 3.666666666666665e-10 2.883938238659826e-16 7.394713432461092e-03 1.848678358115273e-02 3.101728051858560e-02 7.394713432461091e-17
89 3.708333333333332e-10 2.900938517376246e-16 7.438303890708325e-03 1.859575972677081e-02 3.125068102963724e-02 7.438303890708325e-17
90 3.749999999999998e-10 2.917742407883408e-16 7.481390789444637e-03 1.870347697361159e-02 3.148169524759242e-02 7.481390789444638e-17
91 3.791666666666665e-10 2.934352321522834e-16 7.523980311597012e-03 1.880995077899253e-02 3.171034192175325e-02 7.523980311597011e-17
92 3.833333333333332e-10 2.950770634311499e-16 7.566078549516664e-03 1.891519637379166e-02 3.193663987504444e-02 7.566078549516665e-17
93 3.874999999999999e-10 2.966999687712347e-16 7.607691506954736e-03 1.901922876738684e-02 3.216060799281852e-02 7.607691506954737e-17
94 3.916666666666666e-10 2.983041789377508e-16 7.648825100967971e-03 1.912206275241993e-02 3.238226521196459e-02 7.648825100967971e-17
95 3.958333333333332e-10 2.998899213862294e-16 7.689485163749472e-03 1.922371290937368e-02 3.260163051070535e-02 7.689485163749472e-17
96 3.999999999999999e-10 3.014574203315628e-16 7.729677444399046e-03 1.932419361099762e-02 3.281872289884193e-02 7.729677444399047e-17
97 4.041666666666665e-10 3.030068968145223e-16 7.769407610628777e-03 1.942351902657195e-02 3.303356140838365e-02 7.769407610628777e-17
98 4.083333333333332e-10 3.045385687659660e-16 7.808681250409385e-03 1.952170312602346e-02 3.324616508473278e-02 7.808681250409385e-17
99 4.124999999999999e-10 3.060526510689455e-16 7.847503873562705e-03 1.961875968390677e-02 3.345655297839496e-02 7.847503873562705e-17
100 4.166666666666665e-10 3.075493556185992e-16 7.885880913297416e-03 1.971470228324354e-02 3.366474413677827e-02 7.885880913297416e-17
101 4.208333333333332e-10 3.090288913802943e-16 7.923817727699855e-03 1.980954431924964e-02 3.387075759673999e-02 7.923817727699855e-17
102 4.249999999999999e-10 3.104914644458117e-16 7.961319601174658e-03 1.990329900293665e-02 3.407461237731462e-02 7.961319601174658e-17
103 4.291666666666665e-10 3.119372780874372e-16 7.998391745831725e-03 1.999597936457931e-02 3.427632747286009e-02 7.998391745831726e-17
104 4.333333333333332e-10 3.133665328111474e-16 8.035039302849935e-03 2.008759825712484e-02 3.447592184653708e-02 8.035039302849935e-17
105 4.374999999999998e-10 3.147794264072826e-16 8.071267343776478e-03 2.017816835944120e-02 3.467341442416946e-02 8.071267343776478e-17
106 4.416666666666665e-10 3.161761540002883e-16 8.107080871802265e-03 2.026770217950566e-02 3.486882408830459e-02 8.107080871802265e-17
107 4.458333333333332e-10 3.175569080968727e-16 8.142484822996737e-03 2.035621205749184e-02 3.506216967269927e-02 8.142484822996737e-17
108 4.499999999999998e-10 3.189218786326584e-16 8.177484067504064e-03 2.044371016876016e-02 3.525346995708680e-02 8.177484067504064e-17
109 4.541666666666665e-10 3.202712530174879e-16 8.212083410704818e-03 2.053020852676204e-02 3.544274366205156e-02 8.212083410704818e-17
110 4.583333333333332e-10 3.216052161796676e-16 8.246287594350451e-03 2.061571898587613e-02 3.563000944446956e-02 8.246287594350451e-17
111 4.624999999999999e-10 3.229239506087720e-16 8.280101297660821e-03 2.070025324415205e-02 3.581528589286041e-02 8.280101297660821e-17
112 4.666666666666665e-10 3.242276363975143e-16 8.313529138397802e-03 2.078382284599451e-02 3.599859152330540e-02 8.313529138397803e-17
113 4.708333333333332e-10 3.255164512821900e-16 8.346575673902309e-03 2.086643918475577e-02 3.617994477533958e-02 8.346575673902309e-17
114 4.749999999999998e-10 3.267905706823596e-16 8.379245402111785e-03 2.094811350527946e-02 3.635936400824744e-02 8.379245402111785e-17
115 4.791666666666665e-10 3.280501677393339e-16 8.411542762547023e-03 2.102885690636756e-02 3.653686749743608e-02 8.411542762547023e-17
116 4.833333333333331e-10 3.292954133536695e-16 8.443472137273578e-03 2.110868034318394e-02 3.671247343113421e-02 8.443472137273577e-17
117 4.874999999999998e-10 3.305264762219021e-16 8.475037851843644e-03 2.118759462960911e-02 3.688619990720576e-02 8.475037851843644e-17
118 4.916666666666665e-10 3.317435228722132e-16 8.506244176210596e-03 2.126561044052649e-02 3.705806493013014e-02 8.506244176210597e-17
119 4.958333333333331e-10 3.329467176992478e-16 8.537095325621739e-03 2.134273831405435e-02 3.722808640828953e-02 8.537095325621739e-17
120 4.999999999999998e-10 3.341362229980368e-16 8.567595461488123e-03 2.141898865372031e-02 3.739628215125625e-02 8.567595461488122e-17
121 5.041666666666665e-10 3.353121989973109e-16 8.597748692238743e-03 2.149437173059686e-02 3.756266986738363e-02 8.597748692238742e-17
122 5.083333333333331e-10 3.364748038918348e-16 8.627559074149610e-03 2.156889768537402e-02 3.772726716146334e-02 8.627559074149609e-17
123 5.124999999999998e-10 3.376241938741325e-16 8.657030612157245e-03 2.164257653039312e-02 3.789009153261608e-02 8.657030612157244e-17
124 5.166666666666665e-10 3.387605231654182e-16 8.686167260651748e-03 2.171541815162937e-02 3.805116037220423e-02 8.686167260651747e-17
125 5.208333333333331e-10 3.398839440458198e-16 8.714972924251791e-03 2.178743231062948e-02 3.821049096205935e-02 8.714972924251792e-17
126 5.249999999999998e-10 3.409946068840252e-16 8.743451458564750e-03 2.185862864641188e-02 3.836810047264279e-02 8.743451458564750e-17
127 5.291666666666664e-10 3.420926601661606e-16 8.771606670927195e-03 2.192901667731799e-02 3.852400596146548e-02 8.771606670927195e-17
128 5.333333333333331e-10 3.431782505241248e-16 8.799442321131406e-03 2.199860580282852e-02 3.867822437161512e-02 8.799442321131406e-17
129 5.374999999999998e-10 3.442515227632731e-16 8.826962122135207e-03 2.206740530533802e-02 3.883077253032020e-02 8.826962122135207e-17
130 5.416666666666665e-10 3.453126198895842e-16 8.854169740758569e-03 2.213542435189643e-02 3.898166714776578e-02 8.854169740758570e-17
131 5.458333333333332e-10 3.463616831361379e-16 8.881068798362512e-03 2.220267199590628e-02 3.913092481581314e-02 8.881068798362511e-17
132 5.499999999999998e-10 3.473988519892519e-16 8.907662871519281e-03 2.226915717879820e-02 3.927856200702261e-02 8.907662871519281e-17
133 5.541666666666665e-10 3.484242642138633e-16 8.933955492663162e-03 2.233488873165791e-02 3.942459507365073e-02 8.933955492663163e-17
134 5.583333333333332e-10 3.494380558784181e-16 8.959950150728670e-03 2.239987537682168e-02 3.956904024676589e-02 8.959950150728670e-17
135 5.624999999999998e-10 3.504403613795440e-16 8.985650291783180e-03 2.246412572945795e-02 3.971191363552282e-02 8.985650291783181e-17
136 5.666666666666665e-10 3.514313134658041e-16 9.011059319636002e-03 2.252764829909001e-02 3.985323122640775e-02 9.011059319636003e-17
137 5.708333333333332e-10 3.524110432613169e-16 9.036180596444024e-03 2.259045149111006e-02 3.999300888252408e-02 9.036180596444024e-17
138 5.749999999999998e-10 3.533796802889023e-16 9.061017443305187e-03 2.265254360826297e-02 4.013126234328900e-02 9.061017443305188e-17
139 5.791666666666665e-10 3.543373524924839e-16 9.085573140832920e-03 2.271393285208230e-02 4.026800722371179e-02 9.085573140832919e-17
140 5.833333333333332e-10 3.552841862595034e-16 9.109850929730856e-03 2.277462732432714e-02 4.040325901411630e-02 9.109850929730857e-17
141 5.874999999999998e-10 3.562203064424662e-16 9.133854011345288e-03 2.283463502836322e-02 4.053703307984483e-02 9.133854011345288e-17
142 5.916666666666665e-10 3.571458363804875e-16 9.157585548217627e-03 2.289396387054407e-02 4.066934466090667e-02 9.157585548217627e-17
143 5.958333333333331e-10 3.580608979201620e-16 9.181048664619541e-03 2.295262166154885e-02 4.080020887178185e-02 9.181048664619540e-17
144 5.999999999999998e-10 3.589656114361449e-16 9.204246447080639e-03 2.301061611770160e-02 4.092964070127684e-02 9.204246447080639e-17
145 6.041666666666665e-10 3.598600958514660e-16 9.227181944909386e-03 2.306795486227347e-02 4.105765501248391e-02 9.227181944909387e-17
146 6.083333333333331e-10 3.607444686572531e-16 9.249858170698799e-03 2.312464542674700e-02 4.118426654266631e-02 9.249858170698798e-17
147 6.124999999999998e-10 3.616188459322856e-16 9.272278100827838e-03 2.318069525206960e-02 4.130948990334714e-02 9.272278100827839e-17
148 6.166666666666664e-10 3.624833423621277e-16 9.294444675951993e-03 2.323611168987998e-02 4.143333958027602e-02 9.294444675951993e-17
149 6.208333333333331e-10 3.633380712579155e-16 9.316360801485013e-03 2.329090200371254e-02 4.155582993361048e-02 9.316360801485013e-17
150 6.249999999999998e-10 3.641831445750198e-16 9.338029348077433e-03 2.334507337019358e-02 4.167697519800841e-02 9.338029348077433e-17
151 6.291666666666664e-10 3.650186729309394e-16 9.359453152075370e-03 2.339863288018843e-02 4.179678948287976e-02 9.359453152075370e-17
152 6.333333333333331e-10 3.658447656233777e-16 9.380635015984046e-03 2.345158753996011e-02 4.191528677260482e-02 9.380635015984046e-17
153 6.374999999999998e-10 3.666615306476610e-16 9.401577708914385e-03 2.350394427228596e-02 4.203248092669716e-02 9.401577708914384e-17
154 6.416666666666664e-10 3.674690747141285e-16 9.422283967028938e-03 2.355570991757235e-02 4.214838568029201e-02 9.422283967028938e-17
155 6.458333333333331e-10 3.682675032649590e-16 9.442756493973309e-03 2.360689123493327e-02 4.226301464434618e-02 9.442756493973309e-17
156 6.499999999999998e-10 3.690569204909566e-16 9.462997961306582e-03 2.365749490326646e-02 4.237638130603402e-02 9.462997961306581e-17
157 6.541666666666664e-10 3.698374293480053e-16 9.483011008923212e-03 2.370752752230803e-02 4.248849902920997e-02 9.483011008923213e-17
158 6.583333333333331e-10 3.706091315730334e-16 9.502798245462397e-03 2.375699561365599e-02 4.259938105479353e-02 9.502798245462398e-17
159 6.624999999999997e-10 3.713721277000905e-16 9.522362248720271e-03 2.380590562180068e-02 4.270904050123547e-02 9.522362248720271e-17
160 6.666666666666664e-10 3.721265170758634e-16 9.541705566047779e-03 2.385426391511945e-02 4.281749036502486e-02 9.541705566047779e-17
161 6.708333333333331e-10 3.728723978750803e-16 9.560830714745649e-03 2.390207678686412e-02 4.292474352112942e-02 9.560830714745649e-17
162 6.749999999999997e-10 3.736098671156574e-16 9.579740182452756e-03 2.394935045613189e-02 4.303081272362108e-02 9.579740182452756e-17
163 6.791666666666664e-10 3.743390206735481e-16 9.598436427526875e-03 2.399609106881719e-02 4.313571060620130e-02 9.598436427526876e-17
164 6.833333333333330e-10 3.750599532973683e-16 9.616921879419701e-03 2.404230469854925e-02 4.323944968276369e-02 9.616921879419701e-17
165 6.874999999999997e-10 3.757727586230017e-16 9.635198939051327e-03 2.408799734762832e-02 4.334204234801578e-02 9.635198939051327e-17
166 6.916666666666664e-10 3.764775291876266e-16 9.653269979169914e-03 2.413317494792479e-02 4.344350087805619e-02 9.653269979169914e-17
167 6.958333333333331e-10 3.771743564436839e-16 9.671137344709844e-03 2.417784336177461e-02 4.354383743110010e-02 9.671137344709844e-17
168 6.999999999999998e-10 3.778633307728424e-16 9.688803353149806e-03 2.422200838287451e-02 4.364306404799732e-02 9.688803353149806e-17
169 7.041666666666665e-10 3.785445414992689e-16 9.706270294853049e-03 2.426567573713263e-02 4.374119265300201e-02 9.706270294853050e-17
170 7.083333333333331e-10 3.792180769031776e-16 9.723540433414810e-03 2.430885108353703e-02 4.383823505443889e-02 9.723540433414812e-17
171 7.124999999999998e-10 3.798840242340545e-16 9.740616006001396e-03 2.435154001500349e-02 4.393420294536924e-02 9.740616006001396e-17
172 7.166666666666665e-10 3.805424697233424e-16 9.757499223675446e-03 2.439374805918862e-02 4.402910790431275e-02 9.757499223675447e-17
173 7.208333333333331e-10 3.811934985974216e-16 9.774192271728759e-03 2.443548067932190e-02 4.412296139600223e-02 9.774192271728759e-17
174 7.249999999999998e-10 3.818371950900922e-16 9.790697310002365e-03 2.447674327500592e-02 4.421577477203885e-02 9.790697310002365e-17
175 7.291666666666664e-10 3.824736424550016e-16 9.807016473205169e-03 2.451754118301292e-02 4.430755927172099e-02 9.807016473205170e-17
176 7.333333333333331e-10 3.831029229777024e-16 9.823151871223139e-03 2.455787967805785e-02 4.439832602272149e-02 9.823151871223139e-17
177 7.374999999999998e-10 3.837251179878879e-16 9.839105589433024e-03 2.459776397358256e-02 4.448808604189077e-02 9.839105589433024e-17
178 7.416666666666664e-10 3.843403078711405e-16 9.854879689003603e-03 2.463719922250901e-02 4.457685023604500e-02 9.854879689003604e-17
179 7.458333333333331e-10 3.849485720805745e-16 9.870476207194220e-03 2.467619051798555e-02 4.466462940269523e-02 9.870476207194219e-17
180 7.499999999999997e-10 3.855499891483550e-16 9.885897157650128e-03 2.471474289412532e-02 4.475143423079118e-02 9.885897157650129e-17
181 7.541666666666664e-10 3.861446366971169e-16 9.901144530695306e-03 2.475286132673827e-02 4.483727530168345e-02 9.901144530695305e-17
182 7.583333333333331e-10 3.867325914509930e-16 9.916220293615205e-03 2.479055073403802e-02 4.492216308971936e-02 9.916220293615205e-17
183 7.624999999999997e-10 3.873139292468474e-16 9.931126390944806e-03 2.482781597736202e-02 4.500610796318662e-02 9.931126390944805e-17
184 7.666666666666664e-10 3.878887250449065e-16 9.945864744741193e-03 2.486466186185298e-02 4.508912018496838e-02 9.945864744741193e-17
185 7.708333333333331e-10 3.884570529396457e-16 9.960437254862710e-03 2.490109313715678e-02 4.517120991353501e-02 9.960437254862710e-17
186 7.749999999999997e-10 3.890189861702801e-16 9.974845799237951e-03 2.493711449809488e-02 4.525238720363238e-02 9.974845799237953e-17
187 7.791666666666664e-10 3.895745971311723e-16 9.989092234132625e-03 2.497273058533156e-02 4.533266200714429e-02 9.989092234132624e-17
188 7.833333333333331e-10 3.901239573821585e-16 1.000317839441432e-02 2.500794598603581e-02 4.541204417386949e-02 1.000317839441432e-16
189 7.874999999999997e-10 3.906671376585762e-16 1.001710609380965e-02 2.504276523452412e-02 4.549054345237663e-02 1.001710609380965e-16
190 7.916666666666664e-10 3.912042078813999e-16 1.003087712516410e-02 2.507719281291025e-02 4.556816949087381e-02 1.003087712516410e-16
191 7.958333333333330e-10 3.917352371668802e-16 1.004449326068924e-02 2.511123315172309e-02 4.564493183786749e-02 1.004449326068924e-16
192 7.999999999999997e-10 3.922602938364643e-16 1.005795625221703e-02 2.514489063054258e-02 4.572083994323559e-02 1.005795625221703e-16
193 8.041666666666664e-10 3.927794454262450e-16 1.007126783144218e-02 2.517816957860545e-02 4.579590315880112e-02 1.007126783144218e-16
194 8.083333333333330e-10 3.932927586964652e-16 1.008442971016577e-02 2.521107427541444e-02 4.587013073932401e-02 1.008442971016577e-16
195 8.124999999999997e-10 3.938002996408676e-16 1.009744358053507e-02 2.524360895133767e-02 4.594353184329675e-02 1.009744358053507e-16
196 8.166666666666663e-10 3.943021334958111e-16 1.011031111527721e-02 2.527577778819302e-02 4.601611553369561e-02 1.011031111527721e-16
197 8.208333333333330e-10 3.947983247494753e-16 1.012303396793526e-02 2.530758491983816e-02 4.608789077888740e-02 1.012303396793527e-16
198 8.249999999999997e-10 3.952889371505900e-16 1.013561377309205e-02 2.533903443273013e-02 4.615886645343986e-02 1.013561377309205e-16
199 8.291666666666663e-10 3.957740337175786e-16 1.014805214660458e-02 2.537013036651145e-02 4.622905133888405e-02 1.014805214660458e-16
200 8.333333333333330e-10 3.962536767469945e-16 1.016035068582037e-02 2.540087671455094e-02 4.629845412463213e-02 1.016035068582037e-16
201 8.374999999999997e-10 3.967279278222575e-16 1.017251096980148e-02 2.543127742450369e-02 4.636708340871378e-02 1.017251096980148e-16
202 8.416666666666663e-10 3.971968478221228e-16 1.018453455954161e-02 2.546133639885403e-02 4.643494769865332e-02 1.018453455954161e-16
203 8.458333333333330e-10 3.976604969290560e-16 1.019642299818092e-02 2.549105749545231e-02 4.650205541220614e-02 1.019642299818092e-16
204 8.499999999999998e-10 3.981189346374731e-16 1.020817781121726e-02 2.552044452804315e-02 4.656841487827647e-02 1.020817781121726e-16
205 8.541666666666664e-10 3.985722197619039e-16 1.021980050671548e-02 2.554950126678871e-02 4.663403433764273e-02 1.021980050671549e-16
206 8.583333333333331e-10 3.990204104451092e-16 1.023129257551562e-02 2.557823143878905e-02 4.669892194379763e-02 1.023129257551562e-16
207 8.624999999999997e-10 3.994635641658726e-16 1.024265549143263e-02 2.560663872858158e-02 4.676308576379559e-02 1.024265549143263e-16
208 8.666666666666664e-10 3.999017377470965e-16 1.025389071146401e-02 2.563472677866004e-02 4.682653377894853e-02 1.025389071146401e-16
209 8.708333333333331e-10 4.003349873632482e-16 1.026499967598072e-02 2.566249918995181e-02 4.688927388575470e-02 1.026499967598072e-16
210 8.749999999999997e-10 4.007633685481465e-16 1.027598380892683e-02 2.568995952231709e-02 4.695131389656859e-02 1.027598380892683e-16
211 8.791666666666664e-10 4.011869362026168e-16 1.028684451801581e-02 2.571711129503954e-02 4.701266154046683e-02 1.028684451801581e-16
212 8.833333333333330e-10 4.016057446017172e-16 1.029758319491583e-02 2.574395798728956e-02 4.707332446402906e-02 1.029758319491583e-16
213 8.874999999999997e-10 4.020198474021838e-16 1.030820121544061e-02 2.577050303860153e-02 4.713331023208188e-02 1.030820121544061e-16
214 8.916666666666664e-10 4.024292976497225e-16 1.031869993973648e-02 2.579674984934119e-02 4.719262632858313e-02 1.031869993973648e-16
215 8.958333333333330e-10 4.028341477862077e-16 1.032908071246686e-02 2.582270178116716e-02 4.725128015724012e-02 1.032908071246686e-16
216 8.999999999999997e-10 4.032344496566352e-16 1.033934486299065e-02 2.584836215747661e-02 4.730927904240877e-02 1.033934486299065e-16
217 9.041666666666664e-10 4.036302545161803e-16 1.034949370554309e-02 2.587373426385771e-02 4.736663022978575e-02 1.034949370554309e-16
218 9.083333333333330e-10 4.040216130370885e-16 1.035952853941252e-02 2.589882134853131e-02 4.742334088724101e-02 1.035952853941253e-16
219 9.124999999999997e-10 4.044085753154313e-16 1.036945064911362e-02 2.592362662278406e-02 4.747941810550259e-02 1.036945064911362e-16
220 9.166666666666664e-10 4.047911908779492e-16 1.037926130456280e-02 2.594815326140700e-02 4.753486889897063e-02 1.037926130456280e-16
221 9.208333333333330e-10 4.051695086886255e-16 1.038896176124681e-02 2.597240440311702e-02 4.758970020639475e-02 1.038896176124681e-16
222 9.249999999999997e-10 4.055435771551414e-16 1.039855326038824e-02 2.599638315097061e-02 4.764391889169917e-02 1.039855326038824e-16
223 9.291666666666663e-10 4.059134441355357e-16 1.040803702911630e-02 2.602009257279076e-02 4.769753174468595e-02 1.040803702911630e-16
224 9.333333333333330e-10 4.062791569444621e-16 1.041741428062723e-02 2.604353570156809e-02 4.775054548177876e-02 1.041741428062723e-16
225 9.374999999999997e-10 4.066407623595460e-16 1.042668621434733e-02 2.606671553586834e-02 4.780296674669655e-02 1.042668621434734e-16
226 9.416666666666664e-10 4.069983066277383e-16 1.043585401609585e-02 2.608963504023964e-02 4.785480211127133e-02 1.043585401609585e-16
227 9.458333333333329e-10 4.073518354712257e-16 1.044491885823656e-02 2.611229714559139e-02 4.790605807607347e-02 1.044491885823656e-16
228 9.499999999999996e-10 4.077013940937252e-16 1.045388189983911e-02 2.613470474959777e-02 4.795674107120391e-02 1.045388189983911e-16
229 9.541666666666663e-10 4.080470271863514e-16 1.046274428682952e-02 2.615686071707381e-02 4.800685745700082e-02 1.046274428682952e-16
230 9.583333333333330e-10 4.083887789337323e-16 1.047150715214698e-02 2.617876788036746e-02 4.805641352466879e-02 1.047150715214698e-16
231 9.624999999999997e-10 4.087266930196434e-16 1.048017161588829e-02 2.620042903972073e-02 4.810541549703751e-02 1.048017161588829e-16
232 9.666666666666662e-10 4.090608126330058e-16 1.048873878546169e-02 2.622184696365422e-02 4.815386952922038e-02 1.048873878546169e-16
233 9.708333333333329e-10 4.093911804734241e-16 1.049720975572882e-02 2.624302438932206e-02 4.820178170941037e-02 1.049720975572882e-16
234 9.749999999999996e-10 4.097178387569622e-16 1.050558560915288e-02 2.626396402288220e-02 4.824915805931281e-02 1.050558560915288e-16
235 9.791666666666663e-10 4.100408292216805e-16 1.051386741594053e-02 2.628466853985132e-02 4.829600453511140e-02 1.051386741594053e-16
236 9.833333333333330e-10 4.103601931331563e-16 1.052205623418350e-02 2.630514058545874e-02 4.834232702801958e-02 1.052205623418350e-16
237 9.874999999999997e-10 4.106759712899542e-16 1.053015310999882e-02 2.632538277499706e-02 4.838813136488746e-02 1.053015310999883e-16
238 9.916666666666662e-10 4.109882040289160e-16 1.053815907766451e-02 2.634539769416129e-02 4.843342330893825e-02 1.053815907766451e-16
239 9.958333333333329e-10 4.112969312305482e-16 1.054607515975765e-02 2.636518789939412e-02 4.847820856041968e-02 1.054607515975765e-16
240 9.999999999999996e-10 4.116021923243020e-16 1.055390236728980e-02 2.638475591822449e-02 4.852249275721077e-02 1.055390236728980e-16
241 1.004166666666666e-09 4.119040262936798e-16 1.056164169983794e-02 2.640410424959486e-02 4.856628147549551e-02 1.056164169983794e-16
242 1.008333333333333e-09 4.122024716814411e-16 1.056929414567798e-02 2.642323536419494e-02 4.860958023043625e-02 1.056929414567798e-16
243 1.012500000000000e-09 4.124975665945339e-16 1.057686068191113e-02 2.644215170477782e-02 4.865239447676229e-02 1.057686068191113e-16
244 1.016666666666666e-09 4.127893487092609e-16 1.058434227459643e-02 2.646085568649109e-02 4.869472960936926e-02 1.058434227459643e-16
245 1.020833333333333e-09 4.130778552761104e-16 1.059173987887463e-02 2.647934969718657e-02 4.873659096405934e-02 1.059173987887463e-16
246 1.025000000000000e-09 4.133631231246991e-16 1.059905443909485e-02 2.649763609773713e-02 4.877798381801862e-02 1.059905443909485e-16
247 1.029166666666666e-09 4.136451886685488e-16 1.060628688893715e-02 2.651571722234287e-02 4.881891339053136e-02 1.060628688893715e-16
248 1.033333333333333e-09 4.139240879098755e-16 1.061343815153527e-02 2.653359537883818e-02 4.885938484357210e-02 1.061343815153527e-16
249 1.037500000000000e-09 4.141998564443528e-16 1.062050913959879e-02 2.655127284899698e-02 4.889940328230530e-02 1.062050913959879e-16
250 1.041666666666666e-09 4.144725294656150e-16 1.062750075552859e-02 2.656875188882148e-02 4.893897375585501e-02 1.062750075552859e-16
251 1.045833333333333e-09 4.147421417700306e-16 1.063441389153925e-02 2.658603472884812e-02 4.897810125772689e-02 1.063441389153925e-16
252 1.050000000000000e-09 4.150087277610922e-16 1.064124942977160e-02 2.660312357442899e-02 4.901679072654448e-02 1.064124942977160e-16
253 1.054166666666666e-09 4.152723214541095e-16 1.064800824241306e-02 2.662002060603266e-02 4.905504704651566e-02 1.064800824241306e-16
254 1.058333333333333e-09 4.155329564803784e-16 1.065469119180457e-02 2.663672797951144e-02 4.909287504806908e-02 1.065469119180458e-16
255 1.062500000000000e-09 4.157906660918060e-16 1.066129913055913e-02 2.665324782639782e-02 4.913027950839817e-02 1.066129913055913e-16
256 1.066666666666666e-09 4.160454831651226e-16 1.066783290166981e-02 2.666958225417453e-02 4.916726515202373e-02 1.066783290166981e-16
257 1.070833333333333e-09 4.162974402061671e-16 1.067429333861967e-02 2.668573334654918e-02 4.920383665136004e-02 1.067429333861967e-16
258 1.075000000000000e-09 4.165465693541112e-16 1.068068126549003e-02 2.670170316372508e-02 4.923999862730710e-02 1.068068126549003e-16
259 1.079166666666666e-09 4.167929023856639e-16 1.068699749706831e-02 2.671749374267076e-02 4.927575564970196e-02 1.068699749706830e-16
260 1.083333333333333e-09 4.170364707193041e-16 1.069324283895652e-02 2.673310709739130e-02 4.931111223800724e-02 1.069324283895652e-16
261 1.087500000000000e-09 4.172773054191375e-16 1.069941808767019e-02 2.674854521917549e-02 4.934607286170698e-02 1.069941808767019e-16
262 1.091666666666666e-09 4.175154371991377e-16 1.070552403074712e-02 2.676381007686780e-02 4.938064194090618e-02 1.070552403074712e-16
263 1.095833333333333e-09 4.177508964269774e-16 1.071156144684558e-02 2.677890361711394e-02 4.941482384685639e-02 1.071156144684558e-16
264 1.100000000000000e-09 4.179837131281558e-16 1.071753110585015e-02 2.679382776462538e-02 4.944862290251435e-02 1.071753110585015e-16
265 1.104166666666666e-09 4.182139169896610e-16 1.072343376896567e-02 2.680858442241417e-02 4.948204338299372e-02 1.072343376896567e-16
266 1.108333333333333e-09 4.184415373640711e-16 1.072927018882234e-02 2.682317547205584e-02 4.951508951610516e-02 1.072927018882234e-16
267 1.112500000000000e-09 4.186666032731144e-16 1.073504110956704e-02 2.683760277391759e-02 4.954776548286351e-02 1.073504110956704e-16
268 1.116666666666666e-09 4.188891434116248e-16 1.074074726696474e-02 2.685186816741185e-02 4.958007541801309e-02 1.074074726696474e-16
269 1.120833333333333e-09 4.191091861511184e-16 1.074638938849022e-02 2.686597347122554e-02 4.961202341051275e-02 1.074638938849022e-16
270 1.125000000000000e-09 4.193267595435224e-16 1.075196819342365e-02 2.687992048355913e-02 4.964361350399091e-02 1.075196819342365e-16
271 1.129166666666666e-09 4.195418913248888e-16 1.075748439294587e-02 2.689371098236467e-02 4.967484969730802e-02 1.075748439294587e-16
272 1.133333333333333e-09 4.197546089188442e-16 1.076293869022677e-02 2.690734672556694e-02 4.970573594498969e-02 1.076293869022678e-16
273 1.137500000000000e-09 4.199649394401827e-16 1.076833178051751e-02 2.692082945129376e-02 4.973627615771511e-02 1.076833178051751e-16
274 1.141666666666666e-09 4.201729096984369e-16 1.077366435124197e-02 2.693416087810493e-02 4.976647420278710e-02 1.077366435124197e-16
275 1.145833333333333e-09 4.203785462012238e-16 1.077893708208266e-02 2.694734270520666e-02 4.979633390458343e-02 1.077893708208266e-16
276 1.150000000000000e-09 4.205818751576897e-16 1.078415064506897e-02 2.696037661267242e-02 4.982585904511220e-02 1.078415064506897e-16
277 1.154166666666666e-09 4.207829224821152e-16 1.078930570466962e-02 2.697326426167405e-02 4.985505336435209e-02 1.078930570466962e-16
278 1.158333333333333e-09 4.209817137969093e-16 1.079440291786947e-02 2.698600729467368e-02 4.988392056082235e-02 1.079440291786947e-16
279 1.162500000000000e-09 4.211782744361845e-16 1.079944293426114e-02 2.699860733565286e-02 4.991246429189373e-02 1.079944293426114e-16
280 1.166666666666666e-09 4.213726294488653e-16 1.080442639612475e-02 2.701106599031188e-02 4.994068817436933e-02 1.080442639612475e-16
281 1.170833333333333e-09 4.215648036020219e-16 1.080935393851338e-02 2.702338484628346e-02 4.996859578488815e-02 1.080935393851338e-16
282 1.175000000000000e-09 4.217548213840171e-16 1.081422618933377e-02 2.703556547333444e-02 4.999619066028770e-02 1.081422618933377e-16
283 1.179166666666666e-09 4.219427070076681e-16 1.081904376942739e-02 2.704760942356847e-02 5.002347629814428e-02 1.081904376942739e-16
284 1.183333333333333e-09 4.221284844133274e-16 1.082380729264942e-02 2.705951823162355e-02 5.005045615712085e-02 1.082380729264942e-16
285 1.187500000000000e-09 4.223121772720813e-16 1.082851736595080e-02 2.707129341487701e-02 5.007713365748150e-02 1.082851736595080e-16
286 1.191666666666666e-09 4.224938089886309e-16 1.083317458945207e-02 2.708293647363019e-02 5.010351218138005e-02 1.083317458945207e-16
287 1.195833333333333e-09 4.226734027045308e-16 1.083777955652643e-02 2.709444889131608e-02 5.012959507340405e-02 1.083777955652643e-16
288 1.200000000000000e-09 4.228509813008737e-16 1.084233285386856e-02 2.710583213467139e-02 5.015538564091902e-02 1.084233285386856e-16
289 1.204166666666666e-09 4.230265674014884e-16 1.084683506157663e-02 2.711708765394157e-02 5.018088715448284e-02 1.084683506157663e-16
290 1.208333333333333e-09 4.232001833757537e-16 1.085128675322445e-02 2.712821688306113e-02 5.020610284823439e-02 1.085128675322445e-16
291 1.212499999999999e-09 4.233718513414413e-16 1.085568849593439e-02 2.713922123983598e-02 5.023103592033765e-02 1.085568849593439e-16
292 1.216666666666666e-09 4.235415931676599e-16 1.086004085045282e-02 2.715010212613205e-02 5.025568953334428e-02 1.086004085045282e-16
293 1.220833333333333e-09 4.237094304775579e-16 1.086434437121943e-02 2.716086092804859e-02 5.028006681460457e-02 1.086434437121943e-16
294 1.225000000000000e-09 4.238753846510983e-16 1.086859960643842e-02 2.717149901609605e-02 5.030417085661140e-02 1.086859960643842e-16
295 1.229166666666666e-09 4.240394768279335e-16 1.087280709815214e-02 2.718201774538036e-02 5.032800471744078e-02 1.087280709815214e-16
296 1.233333333333333e-09 4.242017279100249e-16 1.087696738230833e-02 2.719241845577083e-02 5.035157142102941e-02 1.087696738230833e-16
297 1.237500000000000e-09 4.243621585643387e-16 1.088108098882920e-02 2.720270247207300e-02 5.037487395771857e-02 1.088108098882920e-16
298 1.241666666666666e-09 4.245207892255249e-16 1.088514844168013e-02 2.721287110420031e-02 5.039791528447626e-02 1.088514844168013e-16
299 1.245833333333333e-09 4.246776400983981e-16 1.088917025893329e-02 2.722292564733322e-02 5.042069832529687e-02 1.088917025893329e-16
300 1.250000000000000e-09 4.248327311608488e-16 1.089314695284228e-02 2.723286738210570e-02 5.044322597161564e-02 1.089314695284228e-16
301 1.254166666666666e-09 4.249860821661330e-16 1.089707902990085e-02 2.724269757475212e-02 5.046550108259361e-02 1.089707902990085e-16
302 1.258333333333333e-09 4.251377126454213e-16 1.090096699090824e-02 2.725241747727060e-02 5.048752648553215e-02 1.090096699090824e-16
303 1.262500000000000e-09 4.252876419104275e-16 1.090481133103660e-02 2.726202832759151e-02 5.050930497621339e-02 1.090481133103660e-16
304 1.266666666666666e-09 4.254358890558650e-16 1.090861253989397e-02 2.727153134973494e-02 5.053083931919258e-02 1.090861253989397e-16
305 1.270833333333333e-09 4.255824729617633e-16 1.091237110158367e-02 2.728092775395919e-02 5.055213224820149e-02 1.091237110158368e-16
306 1.275000000000000e-09 4.257274122960613e-16 1.091608749477080e-02 2.729021873692701e-02 5.057318646651841e-02 1.091608749477080e-16
307 1.279166666666666e-09 4.258707255168743e-16 1.091976219274037e-02 2.729940548185092e-02 5.059400464720516e-02 1.091976219274037e-16
308 1.283333333333333e-09 4.260124308749210e-16 1.092339566345952e-02 2.730848915864879e-02 5.061458943352881e-02 1.092339566345952e-16
309 1.287500000000000e-09 4.261525464158502e-16 1.092698836963718e-02 2.731747092409297e-02 5.063494343922454e-02 1.092698836963719e-16
310 1.291666666666666e-09 4.262910899826003e-16 1.093054076878462e-02 2.732635192196156e-02 5.065506924886560e-02 1.093054076878462e-16
311 1.295833333333333e-09 4.264280792175929e-16 1.093405331327161e-02 2.733513328317904e-02 5.067496941818913e-02 1.093405331327161e-16
312 1.300000000000000e-09 4.265635315650093e-16 1.093752645038485e-02 2.734381612596214e-02 5.069464647439208e-02 1.093752645038485e-16
313 1.304166666666666e-09 4.266974642730747e-16 1.094096062238653e-02 2.735240155596633e-02 5.071410291644957e-02 1.094096062238653e-16
314 1.308333333333333e-09 4.268298943962657e-16 1.094435626657092e-02 2.736089066642729e-02 5.073334121539609e-02 1.094435626657092e-16
315 1.312500000000000e-09 4.269608387974165e-16 1.094771381531837e-02 2.736928453829593e-02 5.075236381473256e-02 1.094771381531837e-16
316 1.316666666666666e-09 4.270903141499858e-16 1.095103369615348e-02 2.737758424038371e-02 5.077117313062628e-02 1.095103369615348e-16
317 1.320833333333333e-09 4.272183369401420e-16 1.095431633179851e-02 2.738579082949628e-02 5.078977155227350e-02 1.095431633179851e-16
318 1.324999999999999e-09 4.273449234688271e-16 1.095756214022634e-02 2.739390535056584e-02 5.080816144215847e-02 1.095756214022634e-16
319 1.329166666666666e-09 4.274700898539314e-16 1.096077153471619e-02 2.740192883679048e-02 5.082634513641252e-02 1.096077153471619e-16
320 1.333333333333333e-09 4.275938520322403e-16 1.096394492390360e-02 2.740986230975900e-02 5.084432494502115e-02 1.096394492390360e-16
321 1.337500000000000e-09 4.277162257616085e-16 1.096708271183612e-02 2.741770677959030e-02 5.086210315216094e-02 1.096708271183612e-16
322 1.341666666666666e-09 4.278372266229109e-16 1.097018529802336e-02 2.742546324505840e-02 5.087968201650660e-02 1.097018529802336e-16
323 1.345833333333333e-09 4.279568700219741e-16 1.097325307748652e-02 2.743313269371630e-02 5.089706377150861e-02 1.097325307748652e-16
324 1.349999999999999e-09 4.280751711916578e-16 1.097628644081174e-02 2.744071610202935e-02 5.091425062559667e-02 1.097628644081174e-16
325 1.354166666666666e-09 4.281921451936968e-16 1.097928577419735e-02 2.744821443549339e-02 5.093124476252030e-02 1.097928577419735e-16
326 1.358333333333333e-09 4.283078069207331e-16 1.098225145950598e-02 2.745562864876494e-02 5.094804834168547e-02 1.098225145950598e-16
327 1.362500000000000e-09 4.284221710981379e-16 1.098518387431123e-02 2.746295968577807e-02 5.096466349826198e-02 1.098518387431123e-16
328 1.366666666666666e-09 4.285352522859522e-16 1.098808339194749e-02 2.747020847986874e-02 5.098109234360538e-02 1.098808339194749e-16
329 1.370833333333333e-09 4.286470648807135e-16 1.099095038155676e-02 2.747737595389190e-02 5.099733696546789e-02 1.099095038155676e-16
330 1.374999999999999e-09 4.287576231172984e-16 1.099378520813586e-02 2.748446302033965e-02 5.101339942820557e-02 1.099378520813586e-16
331 1.379166666666666e-09 4.288669410707082e-16 1.099658823258226e-02 2.749147058145565e-02 5.102928177314477e-02 1.099658823258226e-16
332 1.383333333333333e-09 4.289750326579085e-16 1.099935981174124e-02 2.749839952935311e-02 5.104498601876722e-02 1.099935981174124e-16
333 1.387500000000000e-09 4.290819116396585e-16 1.100210029845278e-02 2.750525074613196e-02 5.106051416098003e-02 1.100210029845278e-16
334 1.391666666666666e-09 4.291875916221851e-16 1.100481004159449e-02 2.751202510398623e-02 5.107586817333416e-02 1.100481004159449e-16
335 1.395833333333333e-09 4.292920860589494e-16 1.100748938612691e-02 2.751872346531727e-02 5.109105000729823e-02 1.100748938612691e-16
336 1.400000000000000e-09 4.293954082523192e-16 1.101013867313639e-02 2.752534668284098e-02 5.110606159255457e-02 1.101013867313639e-16
337 1.404166666666666e-09 4.294975713553619e-16 1.101275823988107e-02 2.753189559970269e-02 5.112090483718060e-02 1.101275823988107e-16
338 1.408333333333333e-09 4.295985883735046e-16 1.101534841983345e-02 2.753837104958363e-02 5.113558162790411e-02 1.101534841983345e-16
339 1.412499999999999e-09 4.296984721660632e-16 1.101790954271957e-02 2.754477385679893e-02 5.115009383036238e-02 1.101790954271957e-16
340 1.416666666666666e-09 4.297972354480866e-16 1.102044193456632e-02 2.755110483641581e-02 5.116444328926127e-02 1.102044193456632e-16
341 1.420833333333333e-09 4.298948907918789e-16 1.102294591774049e-02 2.755736479435122e-02 5.117863182871202e-02 1.102294591774049e-16
342 1.425000000000000e-09 4.299914506285635e-16 1.102542181098881e-02 2.756355452747202e-02 5.119266125240518e-02 1.102542181098881e-16
343 1.429166666666666e-09 4.300869272496736e-16 1.102786992947881e-02 2.756967482369703e-02 5.120653334384740e-02 1.102786992947881e-16
344 1.433333333333333e-09 4.301813328088313e-16 1.103029058484183e-02 2.757572646210457e-02 5.122024986655025e-02 1.103029058484183e-16
345 1.437499999999999e-09 4.302746793232550e-16 1.103268408521167e-02 2.758171021302917e-02 5.123381256434843e-02 1.103268408521167e-16
346 1.441666666666666e-09 4.303669786751357e-16 1.103505073525989e-02 2.758762683814973e-02 5.124722316149603e-02 1.103505073525989e-16
347 1.445833333333333e-09 4.304582426134414e-16 1.103739083624209e-02 2.759347709060522e-02 5.126048336297362e-02 1.103739083624209e-16
348 1.450000000000000e-09 4.305484827551306e-16 1.103970468602899e-02 2.759926171507248e-02 5.127359485468080e-02 1.103970468602899e-16
349 1.454166666666666e-09 4.306377105868385e-16 1.104199257914971e-02 2.760498144787427e-02 5.128655930364331e-02 1.104199257914971e-16
350 1.458333333333333e-09 4.307259374662824e-16 1.104425480682775e-02 2.761063701706939e-02 5.129937835822043e-02 1.104425480682775e-16
351 1.462499999999999e-09 4.308131746236349e-16 1.104649165701628e-02 2.761622914254070e-02 5.131205364828614e-02 1.104649165701628e-16
352 1.466666666666666e-09 4.308994331630217e-16 1.104870341443646e-02 2.762175853609114e-02 5.132458678553639e-02 1.104870341443646e-16
353 1.470833333333333e-09 4.309847240640252e-16 1.105089036061603e-02 2.762722590154008e-02 5.133697936355572e-02 1.105089036061603e-16
354 1.475000000000000e-09 4.310690581828493e-16 1.105305277391921e-02 2.763263193479804e-02 5.134923295810219e-02 1.105305277391921e-16
355 1.479166666666666e-09 4.311524462539740e-16 1.105519092958908e-02 2.763797732397269e-02 5.136134912733308e-02 1.105519092958908e-16
356 1.483333333333333e-09 4.312348988913292e-16 1.105730509977767e-02 2.764326274944419e-02 5.137332941189377e-02 1.105730509977767e-16
357 1.487499999999999e-09 4.313164265897580e-16 1.105939555358354e-02 2.764848888395885e-02 5.138517533518422e-02 1.105939555358354e-16
358 1.491666666666666e-09 4.313970397262697e-16 1.106146255708384e-02 2.765365639270960e-02 5.139688840361050e-02 1.106146255708384e-16
359 1.495833333333333e-09 4.314767485614585e-16 1.106350637337073e-02 2.765876593342683e-02 5.140847010663307e-02 1.106350637337073e-16
360 1.499999999999999e-09 4.315555632407672e-16 1.106552726258377e-02 2.766381815645944e-02 5.141992191705894e-02 1.106552726258377e-16
361 1.504166666666666e-09 4.316334937957791e-16 1.106752548194305e-02 2.766881370485763e-02 5.143124529121579e-02 1.106752548194305e-16
362 1.508333333333333e-09 4.317105501454036e-16 1.106950128577958e-02 2.767375321444895e-02 5.144244166907028e-02 1.106950128577958e-16
363 1.512499999999999e-09 4.317867420973164e-16 1.107145492557222e-02 2.767863731393054e-02 5.145351247453153e-02 1.107145492557222e-16
364 1.516666666666666e-09 4.318620793491673e-16 1.107338664997865e-02 2.768346662494663e-02 5.146445911548079e-02 1.107338664997865e-16
365 1.520833333333333e-09 4.319365714896900e-16 1.107529670486385e-02 2.768824176215962e-02 5.147528298409702e-02 1.107529670486385e-16
366 1.524999999999999e-09 4.320102280000098e-16 1.107718533333359e-02 2.769296333333397e-02 5.148598545689761e-02 1.107718533333359e-16
367 1.529166666666666e-09 4.320830582548723e-16 1.107905277576596e-02 2.769763193941489e-02 5.149656789504933e-02 1.107905277576596e-16
368 1.533333333333333e-09 4.321550715239012e-16 1.108089926984362e-02 2.770224817460906e-02 5.150703164443481e-02 1.108089926984362e-16
369 1.537499999999999e-09 4.322262769725420e-16 1.108272505057800e-02 2.770681262644500e-02 5.151737803587099e-02 1.108272505057800e-16
370 1.541666666666666e-09 4.322966836635111e-16 1.108453035034644e-02 2.771132587586610e-02 5.152760838522014e-02 1.108453035034644e-16
371 1.545833333333333e-09 4.323663005577722e-16 1.108631539891724e-02 2.771578849729309e-02 5.153772399366363e-02 1.108631539891724e-16
372 1.549999999999999e-09 4.324351365157855e-16 1.108808042348168e-02 2.772020105870420e-02 5.154772614776119e-02 1.108808042348168e-16
373 1.554166666666666e-09 4.325032002985019e-16 1.108982564867954e-02 2.772456412169884e-02 5.155761611970260e-02 1.108982564867954e-16
374 1.558333333333333e-09 4.325705005686586e-16 1.109155129663227e-02 2.772887824158068e-02 5.156739516736684e-02 1.109155129663227e-16
375 1.562500000000000e-09 4.326370458916562e-16 1.109325758696555e-02 2.773314396741387e-02 5.157706453458488e-02 1.109325758696555e-16
376 1.566666666666666e-09 4.327028447368969e-16 1.109494473684351e-02 2.773736184210878e-02 5.158662545120996e-02 1.109494473684351e-16
377 1.570833333333333e-09 4.327679054786767e-16 1.109661296099171e-02 2.774153240247928e-02 5.159607913335447e-02 1.109661296099171e-16
378 1.574999999999999e-09 4.328322363973480e-16 1.109826247172687e-02 2.774565617931718e-02 5.160542678349360e-02 1.109826247172687e-16
379 1.579166666666666e-09 4.328958456804006e-16 1.109989347898463e-02 2.774973369746158e-02 5.161466959060587e-02 1.109989347898463e-16
380 1.583333333333333e-09 4.329587414233222e-16 1.110150619034160e-02 2.775376547585399e-02 5.162380873035455e-02 1.110150619034159e-16
381 1.587500000000000e-09 4.330209316309525e-16 1.110310081105007e-02 2.775775202762517e-02 5.163284536526161e-02 1.110310081105007e-16
382 1.591666666666666e-09 4.330824242181031e-16 1.110467754405393e-02 2.776169386013482e-02 5.164178064474829e-02 1.110467754405393e-16
383 1.595833333333333e-09 4.331432270109167e-16 1.110623659002351e-02 2.776559147505877e-02 5.165061570542024e-02 1.110623659002351e-16
384 1.599999999999999e-09 4.332033477477388e-16 1.110777814737792e-02 2.776944536844480e-02 5.165935167114514e-02 1.110777814737792e-16
385 1.604166666666666e-09 4.332627940799282e-16 1.110930241230585e-02 2.777325603076463e-02 5.166798965313780e-02 1.110930241230585e-16
386 1.608333333333333e-09 4.333215735731654e-16 1.111080957879911e-02 2.777702394699778e-02 5.167653075023036e-02 1.111080957879911e-16
387 1.612499999999999e-09 4.333796937081719e-16 1.111229983867107e-02 2.778074959667769e-02 5.168497604886484e-02 1.111229983867107e-16
388 1.616666666666666e-09 4.334371618816868e-16 1.111377338158171e-02 2.778443345395429e-02 5.169332662337082e-02 1.111377338158172e-16
389 1.620833333333333e-09 4.334939854075253e-16 1.111523039506475e-02 2.778807598766189e-02 5.170158353599111e-02 1.111523039506475e-16
390 1.624999999999999e-09 4.335501715174577e-16 1.111667106455020e-02 2.779167766137550e-02 5.170974783709666e-02 1.111667106455020e-16
391 1.629166666666666e-09 4.336057273620193e-16 1.111809557338511e-02 2.779523893346278e-02 5.171782056525668e-02 1.111809557338511e-16
392 1.633333333333333e-09 4.336606600115703e-16 1.111950410286078e-02 2.779876025715194e-02 5.172580274743487e-02 1.111950410286078e-16
393 1.637499999999999e-09 4.337149764571908e-16 1.112089683223566e-02 2.780224208058915e-02 5.173369539904864e-02 1.112089683223566e-16
394 1.641666666666666e-09 4.337686836114342e-16 1.112227393875472e-02 2.780568484688681e-02 5.174149952415036e-02 1.112227393875472e-16
395 1.645833333333333e-09 4.338217883093467e-16 1.112363559767556e-02 2.780908899418890e-02 5.174921611551996e-02 1.112363559767556e-16
396 1.649999999999999e-09 4.338742973093017e-16 1.112498198228979e-02 2.781245495572447e-02 5.175684615482774e-02 1.112498198228979e-16
397 1.654166666666666e-09 4.339262172937877e-16 1.112631326394327e-02 2.781578315985819e-02 5.176439061275651e-02 1.112631326394327e-16
398 1.658333333333333e-09 4.339775548703440e-16 1.112762961206010e-02 2.781907403015026e-02 5.177185044906814e-02 1.112762961206011e-16
399 1.662499999999999e-09 4.340283165724242e-16 1.112893119416472e-02 2.782232798541182e-02 5.177922661276650e-02 1.112893119416472e-16
400 1.666666666666666e-09 4.340785088601190e-16 1.113021817590049e-02 2.782554543975123e-02 5.178652004224167e-02 1.113021817590049e-16
401 1.670833333333333e-09 4.341281381210403e-16 1.113149072105232e-02 2.782872680263079e-02 5.179373166538849e-02 1.113149072105232e-16
402 1.674999999999999e-09 4.341772106712027e-16 1.113274899156930e-02 2.783187247892326e-02 5.180086239962862e-02 1.113274899156930e-16
403 1.679166666666666e-09 4.342257327556997e-16 1.113399314758204e-02 2.783498286895511e-02 5.180791315215118e-02 1.113399314758204e-16
404 1.683333333333333e-09 4.342737105495508e-16 1.113522334742438e-02 2.783805836856095e-02 5.181488481992760e-02 1.113522334742438e-16
405 1.687499999999999e-09 4.343211501585042e-16 1.113643974765395e-02 2.784109936913489e-02 5.182177828996314e-02 1.113643974765395e-16
406 1.691666666666666e-09 4.343680576198399e-16 1.113764250307282e-02 2.784410625768205e-02 5.182859443923409e-02 1.113764250307282e-16
407 1.695833333333333e-09 4.344144389030879e-16 1.113883176674584e-02 2.784707941686461e-02 5.183533413491341e-02 1.113883176674584e-16
408 1.700000000000000e-09 4.344602999107885e-16 1.114000769002022e-02 2.785001922505055e-02 5.184199823443746e-02 1.114000769002022e-16
409 1.704166666666666e-09 4.345056464793049e-16 1.114117042254628e-02 2.785292605636570e-02 5.184858758565401e-02 1.114117042254628e-16
410 1.708333333333333e-09 4.345504843794835e-16 1.114232011229445e-02 2.785580028073613e-02 5.185510302691460e-02 1.114232011229445e-16
411 1.712499999999999e-09 4.345948193174292e-16 1.114345690557511e-02 2.785864226393777e-02 5.186154538711177e-02 1.114345690557511e-16
412 1.716666666666666e-09 4.346386569351984e-16 1.114458094705637e-02 2.786145236764092e-02 5.186791548590836e-02 1.114458094705637e-16
413 1.720833333333333e-09 4.346820028116253e-16 1.114569237978527e-02 2.786423094946316e-02 5.187421413373760e-02 1.114569237978527e-16
414 1.724999999999999e-09 4.347248624629172e-16 1.114679134520301e-02 2.786697836300752e-02 5.188044213198806e-02 1.114679134520300e-16
415 1.729166666666666e-09 4.347672413434256e-16 1.114787798316476e-02 2.786969495791190e-02 5.188660027300369e-02 1.114787798316476e-16
416 1.733333333333333e-09 4.348091448462518e-16 1.114895243195517e-02 2.787238107988794e-02 5.189268934028744e-02 1.114895243195517e-16
417 1.737499999999999e-09 4.348505783040635e-16 1.115001482830932e-02 2.787503707077331e-02 5.189871010854546e-02 1.115001482830932e-16
418 1.741666666666666e-09 4.348915469895937e-16 1.115106530742548e-02 2.787766326856370e-02 5.190466334380948e-02 1.115106530742548e-16
419 1.745833333333333e-09 4.349320561165298e-16 1.115210400298794e-02 2.788026000746987e-02 5.191054980348103e-02 1.115210400298795e-16
420 1.749999999999999e-09 4.349721108400319e-16 1.115313104718031e-02 2.788282761795077e-02 5.191637023652028e-02 1.115313104718031e-16
421 1.754166666666666e-09 4.350117162574245e-16 1.115414657070319e-02 2.788536642675799e-02 5.192212538349409e-02 1.115414657070319e-16
422 1.758333333333333e-09 4.350508774088702e-16 1.115515070279154e-02 2.788787675697886e-02 5.192781597656123e-02 1.115515070279154e-16
423 1.762499999999999e-09 4.350895992779337e-16 1.115614357122907e-02 2.789035892807268e-02 5.193344273983137e-02 1.115614357122907e-16
424 1.766666666666666e-09 4.351278867922829e-16 1.115712530236623e-02 2.789281325591557e-02 5.193900638915039e-02 1.115712530236623e-16
425 1.770833333333333e-09 4.351657448244111e-16 1.115809602113875e-02 2.789524005284687e-02 5.194450763243722e-02 1.115809602113875e-16
426 1.774999999999999e-09 4.352031781920193e-16 1.115905585107742e-02 2.789763962769355e-02 5.194994716960238e-02 1.115905585107742e-16
427 1.779166666666666e-09 4.352401916587838e-16 1.116000491432779e-02 2.790001228581948e-02 5.195532569275516e-02 1.116000491432779e-16
428 1.783333333333333e-09 4.352767899350149e-16 1.116094333166705e-02 2.790235832916762e-02 5.196064388624816e-02 1.116094333166705e-16
429 1.787499999999999e-09 4.353129776780791e-16 1.116187122251485e-02 2.790467805628712e-02 5.196590242669939e-02 1.116187122251485e-16
430 1.791666666666666e-09 4.353487594932449e-16 1.116278870495500e-02 2.790697176238750e-02 5.197110198321436e-02 1.116278870495500e-16
431 1.795833333333333e-09 4.353841399339017e-16 1.116369589574107e-02 2.790923973935268e-02 5.197624321732318e-02 1.116369589574107e-16
432 1.799999999999999e-09 4.354191235024922e-16 1.116459291032031e-02 2.791148227580079e-02 5.198132678320625e-02 1.116459291032031e-16
433 1.804166666666666e-09 4.354537146509614e-16 1.116547986284516e-02 2.791369965711291e-02 5.198635332767578e-02 1.116547986284516e-16
434 1.808333333333333e-09 4.354879177813067e-16 1.116635686618735e-02 2.791589216546838e-02 5.199132349029799e-02 1.116635686618735e-16
435 1.812499999999999e-09 4.355217372460851e-16 1.116722403195090e-02 2.791806007987726e-02 5.199623790341519e-02 1.116722403195090e-16
436 1.816666666666666e-09 4.355551773490825e-16 1.116808147048930e-02 2.792020367622324e-02 5.200109719237900e-02 1.116808147048930e-16
437 1.820833333333333e-09 4.355882423457836e-16 1.116892929091753e-02 2.792232322729382e-02 5.200590197543192e-02 1.116892929091753e-16
438 1.824999999999999e-09 4.356209364439060e-16 1.116976760112580e-02 2.792441900281449e-02 5.201065286393304e-02 1.116976760112579e-16
439 1.829166666666666e-09 4.356532638039814e-16 1.117059650779439e-02 2.792649126948599e-02 5.201535046239512e-02 1.117059650779440e-16
440 1.833333333333333e-09 4.356852285399112e-16 1.117141611640798e-02 2.792854029101995e-02 5.201999536851781e-02 1.117141611640798e-16
441 1.837499999999999e-09 4.357168347194032e-16 1.117222653126675e-02 2.793056632816688e-02 5.202458817332466e-02 1.117222653126675e-16
442 1.841666666666666e-09 4.357480863645790e-16 1.117302785550203e-02 2.793256963875507e-02 5.202912946118523e-02 1.117302785550203e-16
443 1.845833333333333e-09 4.357789874523560e-16 1.117382019108605e-02 2.793455047771513e-02 5.203361980997064e-02 1.117382019108605e-16
444 1.849999999999999e-09 4.358095419150874e-16 1.117460363884839e-02 2.793650909712099e-02 5.203805979096090e-02 1.117460363884840e-16
445 1.854166666666666e-09 4.358397536410261e-16 1.117537829848785e-02 2.793844574621963e-02 5.204244996916706e-02 1.117537829848785e-16
446 1.858333333333333e-09 4.358696264748179e-16 1.117614426858508e-02 2.794036067146269e-02 5.204679090316081e-02 1.117614426858508e-16
447 1.862499999999999e-09 4.358991642178921e-16 1.117690164661262e-02 2.794225411653155e-02 5.205108314528181e-02 1.117690164661262e-16
448 1.866666666666666e-09 4.359283706291560e-16 1.117765052895272e-02 2.794412632238180e-02 5.205532724166725e-02 1.117765052895272e-16
449 1.870833333333333e-09 4.359572494252827e-16 1.117839101090469e-02 2.794597752726172e-02 5.205952373240365e-02 1.117839101090469e-16
450 1.874999999999999e-09 4.359858042812622e-16 1.117912318669903e-02 2.794780796674758e-02 5.206367315139352e-02 1.117912318669903e-16
451 1.879166666666666e-09 4.360140388308193e-16 1.117984714950819e-02 2.794961787377047e-02 5.206777602662938e-02 1.117984714950819e-16
452 1.883333333333333e-09 4.360419566669790e-16 1.118056299146100e-02 2.795140747865250e-02 5.207183288020469e-02 1.118056299146100e-16
453 1.887500000000000e-09 4.360695613424128e-16 1.118127080365161e-02 2.795317700912903e-02 5.207584422828062e-02 1.118127080365161e-16
454 1.891666666666666e-09 4.360968563700096e-16 1.118197067615409e-02 2.795492669038523e-02 5.207981058127481e-02 1.118197067615409e-16
455 1.895833333333333e-09 4.361238452231812e-16 1.118266269803029e-02 2.795665674507572e-02 5.208373244389837e-02 1.118266269803029e-16
456 1.899999999999999e-09 4.361505313363757e-16 1.118334695734297e-02 2.795836739335742e-02 5.208761031515951e-02 1.118334695734297e-16
457 1.904166666666666e-09 4.361769181055591e-16 1.118402354116818e-02 2.796005885292046e-02 5.209144468847467e-02 1.118402354116818e-16
458 1.908333333333333e-09 4.362030088885714e-16 1.118469253560440e-02 2.796173133901099e-02 5.209523605177576e-02 1.118469253560440e-16
459 1.912499999999999e-09 4.362288070056129e-16 1.118535402578495e-02 2.796338506446237e-02 5.209898488747688e-02 1.118535402578495e-16
460 1.916666666666666e-09 4.362543157395479e-16 1.118600809588585e-02 2.796502023971461e-02 5.210269167257796e-02 1.118600809588585e-16
461 1.920833333333333e-09 4.362795383365820e-16 1.118665482914313e-02 2.796663707285782e-02 5.210635687876838e-02 1.118665482914313e-16
462 1.924999999999999e-09 4.363044780063471e-16 1.118729430785505e-02 2.796823576963764e-02 5.210998097238247e-02 1.118729430785506e-16
463 1.929166666666666e-09 4.363291379225330e-16 1.118792661339828e-02 2.796981653349571e-02 5.211356441461432e-02 1.118792661339828e-16
464 1.933333333333332e-09 4.363535212232931e-16 1.118855182623829e-02 2.797137956559571e-02 5.211710766141400e-02 1.118855182623829e-16
465 1.937499999999999e-09 4.363776310114513e-16 1.118917002593465e-02 2.797292506483662e-02 5.212061116364306e-02 1.118917002593465e-16
466 1.941666666666666e-09 4.364014703550800e-16 1.118978129115590e-02 2.797445322788975e-02 5.212407536710419e-02 1.118978129115590e-16
467 1.945833333333333e-09 4.364250422878353e-16 1.119038569968809e-02 2.797596424922022e-02 5.212750071259292e-02 1.119038569968809e-16
468 1.949999999999999e-09 4.364483498093678e-16 1.119098332844533e-02 2.797745832111332e-02 5.213088763595691e-02 1.119098332844533e-16
469 1.954166666666666e-09 4.364713958857128e-16 1.119157425347982e-02 2.797893563369954e-02 5.213423656819214e-02 1.119157425347982e-16
470 1.958333333333333e-09 4.364941834494986e-16 1.119215854998714e-02 2.798039637496786e-02 5.213754793539480e-02 1.119215854998714e-16
471 1.962499999999999e-09 4.365167154005824e-16 1.119273629232263e-02 2.798184073080657e-02 5.214082215898336e-02 1.119273629232263e-16
472 1.966666666666666e-09 4.365389946062392e-16 1.119330755400613e-02 2.798326888501534e-02 5.214405965553201e-02 1.119330755400613e-16
473 1.970833333333333e-09 4.365610239015817e-16 1.119387240773287e-02 2.798468101933217e-02 5.214726083702594e-02 1.119387240773286e-16
474 1.974999999999999e-09 4.365828060899502e-16 1.119443092538334e-02 2.798607731345835e-02 5.215042611079127e-02 1.119443092538334e-16
475 1.979166666666666e-09 4.366043439432187e-16 1.119498317803125e-02 2.798745794507813e-02 5.215355587959834e-02 1.119498317803125e-16
476 1.983333333333332e-09 4.366256402021020e-16 1.119552923595133e-02 2.798882308987834e-02 5.215665054170271e-02 1.119552923595133e-16
477 1.987499999999999e-09 4.366466975766937e-16 1.119606916863317e-02 2.799017292158293e-02 5.215971049089672e-02 1.119606916863317e-16
478 1.991666666666666e-09 4.366675187466101e-16 1.119660304478487e-02 2.799150761196219e-02 5.216273611649866e-02 1.119660304478488e-16
479 1.995833333333333e-09 4.366881063614171e-16 1.119713093234403e-02 2.799282733086007e-02 5.216572780357080e-02 1.119713093234403e-16
480 1.999999999999999e-09 4.367084630409806e-16 1.119765289848668e-02 2.799413224621671e-02 5.216868593276425e-02 1.119765289848668e-16
481 2.004166666666666e-09 4.367285913757169e-16 1.119816900963377e-02 2.799542252408442e-02 5.217161088049642e-02 1.119816900963377e-16
482 2.008333333333333e-09 4.367484939270656e-16 1.119867933146322e-02 2.799669832865805e-02 5.217450301894367e-02 1.119867933146322e-16
483 2.012499999999999e-09 4.367681732277176e-16 1.119918392891584e-02 2.799795982228959e-02 5.217736271615604e-02 1.119918392891584e-16
484 2.016666666666666e-09 4.367876317819485e-16 1.119968286620381e-02 2.799920716550952e-02 5.218019033598692e-02 1.119968286620381e-16
485 2.020833333333333e-09 4.368068720658972e-16 1.120017620681788e-02 2.800044051704469e-02 5.218298623827070e-02 1.120017620681787e-16
486 2.024999999999999e-09 4.368258965279278e-16 1.120066401353661e-02 2.800166003384153e-02 5.218575077875981e-02 1.120066401353661e-16
487 2.029166666666666e-09 4.368447075890208e-16 1.120114634843643e-02 2.800286587109108e-02 5.218848430923215e-02 1.120114634843643e-16
488 2.033333333333333e-09 4.368633076429122e-16 1.120162327289519e-02 2.800405818223797e-02 5.219118717753171e-02 1.120162327289519e-16
489 2.037499999999999e-09 4.368816990565287e-16 1.120209484760330e-02 2.800523711900825e-02 5.219385972760184e-02 1.120209484760330e-16
490 2.041666666666666e-09 4.368998841702733e-16 1.120256113257111e-02 2.800640283142778e-02 5.219650229950388e-02 1.120256113257111e-16
491 2.045833333333333e-09 4.369178652982210e-16 1.120302218713387e-02 2.800755546783468e-02 5.219911522950588e-02 1.120302218713387e-16
492 2.049999999999999e-09 4.369356447285933e-16 1.120347806996393e-02 2.800869517490983e-02 5.220169885009374e-02 1.120347806996393e-16
493 2.054166666666666e-09 4.369532247238344e-16 1.120392883907268e-02 2.800982209768170e-02 5.220425349004516e-02 1.120392883907268e-16
494 2.058333333333333e-09 4.369706075210772e-16 1.120437455182249e-02 2.801093637955624e-02 5.220677947440758e-02 1.120437455182249e-16
495 2.062499999999999e-09 4.369877953322762e-16 1.120481526493016e-02 2.801203816232540e-02 5.220927712462016e-02 1.120481526493016e-16
496 2.066666666666666e-09 4.370047903447201e-16 1.120525103448000e-02 2.801312758620001e-02 5.221174675850644e-02 1.120525103448000e-16
497 2.070833333333332e-09 4.370215947210378e-16 1.120568191592405e-02 2.801420478981012e-02 5.221418869030396e-02 1.120568191592405e-16
498 2.074999999999999e-09 4.370382105996203e-16 1.120610796409283e-02 2.801526991023208e-02 5.221660323077153e-02 1.120610796409283e-16
499 2.079166666666666e-09 4.370546400949026e-16 1.120652923320263e-02 2.801632308300658e-02 5.221899068712266e-02 1.120652923320263e-16
500 2.083333333333333e-09 4.370708852976232e-16 1.120694577686213e-02 2.801736444215534e-02 5.222135136319950e-02 1.120694577686213e-16
501 2.087499999999999e-09 4.370869482749877e-16 1.120735764807661e-02 2.801839412019152e-02 5.222368555936919e-02 1.120735764807661e-16
502 2.091666666666666e-09 4.371028310710643e-16 1.120776489925806e-02 2.801941224814515e-02 5.222599357265338e-02 1.120776489925806e-16
503 2.095833333333333e-09 4.371185357070032e-16 1.120816758223085e-02 2.802041895557713e-02 5.222827569677270e-02 1.120816758223085e-16
504 2.099999999999999e-09 4.371340641812810e-16 1.120856574823798e-02 2.802141437059494e-02 5.223053222207635e-02 1.120856574823798e-16
505 2.104166666666666e-09 4.371494184698985e-16 1.120895944794612e-02 2.802239861986529e-02 5.223276343575312e-02 1.120895944794612e-16
506 2.108333333333333e-09 4.371646005268280e-16 1.120934873145713e-02 2.802337182864282e-02 5.223496962169448e-02 1.120934873145713e-16
507 2.112499999999999e-09 4.371796122839403e-16 1.120973364830616e-02 2.802433412076541e-02 5.223715106063877e-02 1.120973364830616e-16
508 2.116666666666666e-09 4.371944556515754e-16 1.121011424747629e-02 2.802528561869073e-02 5.223930803017878e-02 1.121011424747629e-16
509 2.120833333333332e-09 4.372091325185328e-16 1.121049057739828e-02 2.802622644349570e-02 5.224144080479125e-02 1.121049057739828e-16
510 2.124999999999999e-09 4.372236447525172e-16 1.121086268596198e-02 2.802715671490495e-02 5.224354965585911e-02 1.121086268596198e-16
511 2.129166666666666e-09 4.372379942002876e-16 1.121123062052020e-02 2.802807655130049e-02 5.224563485173803e-02 1.121123062052020e-16
512 2.133333333333333e-09 4.372521826878006e-16 1.121159442789232e-02 2.802898606973081e-02 5.224769665776025e-02 1.121159442789232e-16
513 2.137499999999999e-09 4.372662120205937e-16 1.121195415437420e-02 2.802988538593550e-02 5.224973533629735e-02 1.121195415437420e-16
514 2.141666666666666e-09 4.372800839839670e-16 1.121230984574274e-02 2.803077461435686e-02 5.225175114679364e-02 1.121230984574274e-16
515 2.145833333333333e-09 4.372938003431363e-16 1.121266154725990e-02 2.803165386814976e-02 5.225374434570697e-02 1.121266154725991e-16
516 2.149999999999999e-09 4.373073628435592e-16 1.121300930368101e-02 2.803252325920251e-02 5.225571518671958e-02 1.121300930368101e-16
517 2.154166666666666e-09 4.373207732110892e-16 1.121335315925870e-02 2.803338289814674e-02 5.225766392057905e-02 1.121335315925870e-16
518 2.158333333333332e-09 4.373340331522627e-16 1.121369315775033e-02 2.803423289437582e-02 5.225959079528701e-02 1.121369315775033e-16
519 2.162499999999999e-09 4.373471443544017e-16 1.121402934242056e-02 2.803507335605140e-02 5.226149605602137e-02 1.121402934242056e-16
520 2.166666666666666e-09 4.373601084859398e-16 1.121436175604974e-02 2.803590439012435e-02 5.226337994525856e-02 1.121436175604974e-16
521 2.170833333333333e-09 4.373729271966240e-16 1.121469044093908e-02 2.803672610234769e-02 5.226524270269575e-02 1.121469044093908e-16
522 2.174999999999999e-09 4.373856021176534e-16 1.121501543891419e-02 2.803753859728548e-02 5.226708456539515e-02 1.121501543891419e-16
523 2.179166666666666e-09 4.373981348619774e-16 1.121533679133275e-02 2.803834197833189e-02 5.226890576769894e-02 1.121533679133275e-16
524 2.183333333333333e-09 4.374105270243895e-16 1.121565453908691e-02 2.803913634771728e-02 5.227070654139205e-02 1.121565453908691e-16
525 2.187499999999999e-09 4.374227801818623e-16 1.121596872261185e-02 2.803992180652964e-02 5.227248711558383e-02 1.121596872261185e-16
526 2.191666666666666e-09 4.374348958935928e-16 1.121627938188700e-02 2.804069845471749e-02 5.227424771686713e-02 1.121627938188700e-16
527 2.195833333333333e-09 4.374468757013547e-16 1.121658655644499e-02 2.804146639111249e-02 5.227598856927382e-02 1.121658655644500e-16
528 2.199999999999999e-09 4.374587211295978e-16 1.121689028537430e-02 2.804222571343576e-02 5.227770989434518e-02 1.121689028537430e-16
529 2.204166666666666e-09 4.374704336857557e-16 1.121719060732707e-02 2.804297651831768e-02 5.227941191112084e-02 1.121719060732707e-16
530 2.208333333333332e-09 4.374820148601535e-16 1.121748756051676e-02 2.804371890129189e-02 5.228109483616093e-02 1.121748756051676e-16
531 2.212499999999999e-09 4.374934661266165e-16 1.121778118273376e-02 2.804445295683440e-02 5.228275888364590e-02 1.121778118273376e-16
532 2.216666666666666e-09 4.375047889423318e-16 1.121807151134184e-02 2.804517877835460e-02 5.228440426529905e-02 1.121807151134184e-16
533 2.220833333333333e-09 4.375159847481482e-16 1.121835858328585e-02 2.804589645821463e-02 5.228603119050842e-02 1.121835858328585e-16
534 2.224999999999999e-09 4.375270549687435e-16 1.121864243509599e-02 2.804660608773997e-02 5.228763986629361e-02 1.121864243509599e-16
535 2.229166666666666e-09 4.375380010128708e-16 1.121892310289412e-02 2.804730775723531e-02 5.228923049737971e-02 1.121892310289413e-16
536 2.233333333333333e-09 4.375488242734061e-16 1.121920062239503e-02 2.804800155598758e-02 5.229080328615301e-02 1.121920062239503e-16
537 2.237499999999999e-09 4.375595261276467e-16 1.121947502891402e-02 2.804868757228505e-02 5.229235843276078e-02 1.121947502891402e-16
538 2.241666666666666e-09 4.375701079374089e-16 1.121974635736946e-02 2.804936589342365e-02 5.229389613509663e-02 1.121974635736946e-16
539 2.245833333333332e-09 4.375805710492512e-16 1.122001464228849e-02 2.805003660572123e-02 5.229541658881880e-02 1.122001464228849e-16
540 2.249999999999999e-09 4.375909167946440e-16 1.122027991781138e-02 2.805069979452846e-02 5.229691998740960e-02 1.122027991781138e-16
541 2.254166666666666e-09 4.376011464901342e-16 1.122054221769575e-02 2.805135554423938e-02 5.229840652220857e-02 1.122054221769575e-16
542 2.258333333333332e-09 4.376112614374774e-16 1.122080157531993e-02 2.805200393829984e-02 5.229987638237919e-02 1.122080157531994e-16
543 2.262499999999999e-09 4.376212629237925e-16 1.122105802368699e-02 2.805264505921747e-02 5.230132975492372e-02 1.122105802368699e-16
544 2.266666666666666e-09 4.376311522218334e-16 1.122131159543163e-02 2.805327898857907e-02 5.230276682480163e-02 1.122131159543163e-16
545 2.270833333333333e-09 4.376409305900015e-16 1.122156232282055e-02 2.805390580705138e-02 5.230418777489626e-02 1.122156232282055e-16
546 2.274999999999999e-09 4.376505992725720e-16 1.122181023775826e-02 2.805452559439564e-02 5.230559278598521e-02 1.122181023775826e-16
547 2.279166666666666e-09 4.376601594999921e-16 1.122205537179467e-02 2.805513842948668e-02 5.230698203688842e-02 1.122205537179467e-16
548 2.283333333333333e-09 4.376696124887622e-16 1.122229775612211e-02 2.805574439030527e-02 5.230835570438298e-02 1.122229775612211e-16
549 2.287499999999999e-09 4.376789594418324e-16 1.122253742158545e-02 2.805634355396362e-02 5.230971396327725e-02 1.122253742158545e-16
550 2.291666666666666e-09 4.376882015485951e-16 1.122277439868193e-02 2.805693599670482e-02 5.231105698639588e-02 1.122277439868193e-16
551 2.295833333333332e-09 4.376973399851980e-16 1.122300871756918e-02 2.805752179392295e-02 5.231238494464294e-02 1.122300871756918e-16
552 2.299999999999999e-09 4.377063759144449e-16 1.122324040806269e-02 2.805810102015673e-02 5.231369800703140e-02 1.122324040806269e-16
553 2.304166666666666e-09 4.377153104862148e-16 1.122346949964653e-02 2.805867374911633e-02 5.231499634059798e-02 1.122346949964653e-16
554 2.308333333333332e-09 4.377241448374762e-16 1.122369602147375e-02 2.805924005368438e-02 5.231628011058830e-02 1.122369602147375e-16
555 2.312499999999999e-09 4.377328800923906e-16 1.122392000236899e-02 2.805980000592248e-02 5.231754948036055e-02 1.122392000236899e-16
556 2.316666666666666e-09 4.377415173625229e-16 1.122414147083392e-02 2.806035367708480e-02 5.231880461144851e-02 1.122414147083392e-16
557 2.320833333333333e-09 4.377500577470312e-16 1.122436045505208e-02 2.806090113763021e-02 5.232004566354294e-02 1.122436045505208e-16
558 2.324999999999999e-09 4.377585023327060e-16 1.122457698288990e-02 2.806144245722475e-02 5.232127279461006e-02 1.122457698288990e-16
559 2.329166666666666e-09 4.377668521940286e-16 1.122479108189817e-02 2.806197770474542e-02 5.232248616076576e-02 1.122479108189817e-16
560 2.333333333333333e-09 4.377751083936566e-16 1.122500277932453e-02 2.806250694831132e-02 5.232368591643095e-02 1.122500277932453e-16
561 2.337499999999999e-09 4.377832719822454e-16 1.122521210210886e-02 2.806303025527214e-02 5.232487221427611e-02 1.122521210210886e-16
562 2.341666666666666e-09 4.377913439984955e-16 1.122541907688450e-02 2.806354769221125e-02 5.232604520526192e-02 1.122541907688450e-16
563 2.345833333333332e-09 4.377993254696184e-16 1.122562372999021e-02 2.806405932497554e-02 5.232720503863571e-02 1.122562372999022e-16
564 2.349999999999999e-09 4.378072174113416e-16 1.122582608747030e-02 2.806456521867575e-02 5.232835186201273e-02 1.122582608747030e-16
565 2.354166666666666e-09 4.378150208278755e-16 1.122602617507373e-02 2.806506543768433e-02 5.232948582130215e-02 1.122602617507373e-16
566 2.358333333333333e-09 4.378227367122338e-16 1.122622401826241e-02 2.806556004565601e-02 5.233060706081449e-02 1.122622401826241e-16
567 2.362499999999999e-09 4.378303660462679e-16 1.122641964221200e-02 2.806604910553000e-02 5.233171572322452e-02 1.122641964221200e-16
568 2.366666666666666e-09 4.378379098008390e-16 1.122661307181638e-02 2.806653267954096e-02 5.233281194961566e-02 1.122661307181638e-16
569 2.370833333333333e-09 4.378453689359364e-16 1.122680433169068e-02 2.806701082922670e-02 5.233389587949485e-02 1.122680433169068e-16
570 2.374999999999999e-09 4.378527444007538e-16 1.122699344617318e-02 2.806748361543294e-02 5.233496765076658e-02 1.122699344617318e-16
571 2.379166666666666e-09 4.378600371337982e-16 1.122718043932816e-02 2.806795109832040e-02 5.233602739984026e-02 1.122718043932816e-16
572 2.383333333333332e-09 4.378672480630936e-16 1.122736533495112e-02 2.806841333737780e-02 5.233707526154879e-02 1.122736533495112e-16
573 2.387499999999999e-09 4.378743781062444e-16 1.122754815657037e-02 2.806887039142593e-02 5.233811136922992e-02 1.122754815657037e-16
574 2.391666666666666e-09 4.378814281705500e-16 1.122772892745000e-02 2.806932231862501e-02 5.233913585476706e-02 1.122772892745000e-16
575 2.395833333333332e-09 4.378883991531712e-16 1.122790767059413e-02 2.806976917648533e-02 5.234014884850038e-02 1.122790767059413e-16
576 2.399999999999999e-09 4.378952919412138e-16 1.122808440874907e-02 2.807021102187268e-02 5.234115047934162e-02 1.122808440874907e-16
577 2.404166666666666e-09 4.379021074117483e-16 1.122825916440380e-02 2.807064791100951e-02 5.234214087474066e-02 1.122825916440380e-16
578 2.408333333333333e-09 4.379088464320941e-16 1.122843195979728e-02 2.807107989949321e-02 5.234312016074109e-02 1.122843195979728e-16
579 2.412499999999999e-09 4.379155098597402e-16 1.122860281691642e-02 2.807150704229104e-02 5.234408846193588e-02 1.122860281691642e-16
580 2.416666666666666e-09 4.379220985426757e-16 1.122877175750451e-02 2.807192939376127e-02 5.234504590157085e-02 1.122877175750451e-16
581 2.420833333333333e-09 4.379286133193200e-16 1.122893880305949e-02 2.807234700764872e-02 5.234599260147081e-02 1.122893880305949e-16
582 2.424999999999999e-09 4.379350550186761e-16 1.122910397483785e-02 2.807275993709462e-02 5.234692868210605e-02 1.122910397483785e-16
583 2.429166666666666e-09 4.379414244604771e-16 1.122926729385839e-02 2.807316823464597e-02 5.234785426258498e-02 1.122926729385839e-16
584 2.433333333333332e-09 4.379477224552336e-16 1.122942878090343e-02 2.807357195225857e-02 5.234876946069116e-02 1.122942878090343e-16
585 2.437499999999999e-09 4.379539498044000e-16 1.122958845652308e-02 2.807397114130769e-02 5.234967439289071e-02 1.122958845652308e-16
586 2.441666666666666e-09 4.379601073004245e-16 1.122974634103653e-02 2.807436585259132e-02 5.235056917434703e-02 1.122974634103653e-16
587 2.445833333333332e-09 4.379661957268112e-16 1.122990245453362e-02 2.807475613633405e-02 5.235145391888764e-02 1.122990245453362e-16
588 2.449999999999999e-09 4.379722158583693e-16 1.123005681688126e-02 2.807514204220317e-02 5.235232873912982e-02 1.123005681688127e-16
589 2.454166666666666e-09 4.379781684611811e-16 1.123020944772259e-02 2.807552361930649e-02 5.235319374639193e-02 1.123020944772259e-16
590 2.458333333333333e-09 4.379840542927101e-16 1.123036036647975e-02 2.807590091619937e-02 5.235404905076369e-02 1.123036036647975e-16
591 2.462499999999999e-09 4.379898741019129e-16 1.123050959235674e-02 2.807627398089186e-02 5.235489476102478e-02 1.123050959235674e-16
592 2.466666666666666e-09 4.379956286294162e-16 1.123065714434401e-02 2.807664286086001e-02 5.235573098483350e-02 1.123065714434401e-16
593 2.470833333333332e-09 4.380013186074782e-16 1.123080304121739e-02 2.807700760304348e-02 5.235655782860474e-02 1.123080304121739e-16
594 2.474999999999999e-09 4.380069447601553e-16 1.123094730154245e-02 2.807736825385612e-02 5.235737539756912e-02 1.123094730154245e-16
595 2.479166666666666e-09 4.380125078033557e-16 1.123108994367579e-02 2.807772485918947e-02 5.235818379570642e-02 1.123108994367579e-16
596 2.483333333333332e-09 4.380180084450775e-16 1.123123098577122e-02 2.807807746442805e-02 5.235898312592327e-02 1.123123098577122e-16
597 2.487499999999999e-09 4.380234473852165e-16 1.123137044577478e-02 2.807842611443696e-02 5.235977348996414e-02 1.123137044577479e-16
598 2.491666666666666e-09 4.380288253159601e-16 1.123150834143487e-02 2.807877085358719e-02 5.236055498835607e-02 1.123150834143487e-16
599 2.495833333333333e-09 4.380341429216152e-16 1.123164469029782e-02 2.807911172574457e-02 5.236132772056763e-02 1.123164469029783e-16
600 2.499999999999999e-09 4.380394008788075e-16 1.123177950971301e-02 2.807944877428254e-02 5.236209178493125e-02 1.123177950971301e-16
601 2.504166666666666e-09 4.380445998566584e-16 1.123191281683739e-02 2.807978204209349e-02 5.236284727866919e-02 1.123191281683739e-16
602 2.508333333333333e-09 4.380497405168021e-16 1.123204462863595e-02 2.808011157158988e-02 5.236359429791936e-02 1.123204462863595e-16
603 2.512499999999999e-09 4.380548235133298e-16 1.123217496188025e-02 2.808043740470063e-02 5.236433293774274e-02 1.123217496188025e-16
604 2.516666666666666e-09 4.380598494931046e-16 1.123230383315653e-02 2.808075958289133e-02 5.236506329216042e-02 1.123230383315653e-16
605 2.520833333333332e-09 4.380648190956802e-16 1.123243125886359e-02 2.808107814715899e-02 5.236578545406847e-02 1.123243125886359e-16
606 2.524999999999999e-09 4.380697329534566e-16 1.123255725521684e-02 2.808139313804209e-02 5.236649951538225e-02 1.123255725521684e-16
607 2.529166666666666e-09 4.380745916917279e-16 1.123268183824943e-02 2.808170459562359e-02 5.236720556697352e-02 1.123268183824944e-16
608 2.533333333333332e-09 4.380793959287691e-16 1.123280502381459e-02 2.808201255953648e-02 5.236790369865932e-02 1.123280502381459e-16
609 2.537499999999999e-09 4.380841462758857e-16 1.123292682758681e-02 2.808231706896704e-02 5.236859399930560e-02 1.123292682758681e-16
610 2.541666666666666e-09 4.380888433376586e-16 1.123304726506817e-02 2.808261816267042e-02 5.236927655674950e-02 1.123304726506817e-16
611 2.545833333333333e-09 4.380934877117374e-16 1.123316635158301e-02 2.808291587895753e-02 5.236995145784375e-02 1.123316635158301e-16
612 2.549999999999999e-09 4.380980799891618e-16 1.123328410228620e-02 2.808321025571551e-02 5.237061878847525e-02 1.123328410228620e-16
613 2.554166666666666e-09 4.381026207542824e-16 1.123340053216109e-02 2.808350133040272e-02 5.237127863356864e-02 1.123340053216109e-16
614 2.558333333333332e-09 4.381071105849339e-16 1.123351565602395e-02 2.808378914005987e-02 5.237193107707157e-02 1.123351565602395e-16
615 2.562499999999999e-09 4.381115500524351e-16 1.123362948852398e-02 2.808407372130995e-02 5.237257620200653e-02 1.123362948852398e-16
616 2.566666666666666e-09 4.381159397217652e-16 1.123374204414783e-02 2.808435511036957e-02 5.237321409049299e-02 1.123374204414783e-16
617 2.570833333333332e-09 4.381202801514794e-16 1.123385333721742e-02 2.808463334304355e-02 5.237384482365870e-02 1.123385333721742e-16
618 2.574999999999999e-09 4.381245718939382e-16 1.123396338189585e-02 2.808490845473963e-02 5.237446848182455e-02 1.123396338189585e-16
619 2.579166666666666e-09 4.381288154952482e-16 1.123407219218585e-02 2.808518048046463e-02 5.237508514431968e-02 1.123407219218585e-16
620 2.583333333333332e-09 4.381330114954173e-16 1.123417978193378e-02 2.808544945483445e-02 5.237569488962947e-02 1.123417978193378e-16
621 2.587499999999999e-09 4.381371604283875e-16 1.123428616483045e-02 2.808571541207612e-02 5.237629779532523e-02 1.123428616483045e-16
622 2.591666666666666e-09 4.381412628221253e-16 1.123439135441347e-02 2.808597838603368e-02 5.237689393812702e-02 1.123439135441347e-16
623 2.595833333333333e-09 4.381453191986996e-16 1.123449536406922e-02 2.808623841017306e-02 5.237748339390381e-02 1.123449536406922e-16
624 2.599999999999999e-09 4.381493300742131e-16 1.123459820703111e-02 2.808649551757777e-02 5.237806623766224e-02 1.123459820703111e-16
625 2.604166666666666e-09 4.381532959591673e-16 1.123469989638891e-02 2.808674974097227e-02 5.237864254361704e-02 1.123469989638891e-16
626 2.608333333333332e-09 4.381572173581481e-16 1.123480044508072e-02 2.808700111270181e-02 5.237921238502445e-02 1.123480044508072e-16
627 2.612499999999999e-09 4.381610947701992e-16 1.123489986590254e-02 2.808724966475636e-02 5.237977583444860e-02 1.123489986590255e-16
628 2.616666666666666e-09 4.381649286887137e-16 1.123499817150548e-02 2.808749542876371e-02 5.238033296358031e-02 1.123499817150548e-16
629 2.620833333333332e-09 4.381687196015798e-16 1.123509537439948e-02 2.808773843599871e-02 5.238088384331475e-02 1.123509537439948e-16
630 2.624999999999999e-09 4.381724679911584e-16 1.123519148695278e-02 2.808797871738195e-02 5.238142854371804e-02 1.123519148695278e-16
631 2.629166666666666e-09 4.381761743344416e-16 1.123528652139594e-02 2.808821630348985e-02 5.238196713416807e-02 1.123528652139594e-16
632 2.633333333333333e-09 4.381798391031187e-16 1.123538048982356e-02 2.808845122455889e-02 5.238249968314704e-02 1.123538048982356e-16
633 2.637499999999999e-09 4.381834627635368e-16 1.123547340419325e-02 2.808868351048313e-02 5.238302625844523e-02 1.123547340419325e-16
634 2.641666666666666e-09 4.381870457767553e-16 1.123556527632706e-02 2.808891319081765e-02 5.238354692707196e-02 1.123556527632706e-16
635 2.645833333333332e-09 4.381905885987634e-16 1.123565611791701e-02 2.808914029479253e-02 5.238406175528536e-02 1.123565611791701e-16
636 2.649999999999999e-09 4.381940916804162e-16 1.123574594052349e-02 2.808936485130873e-02 5.238457080858487e-02 1.123574594052349e-16
637 2.654166666666666e-09 4.381975554674671e-16 1.123583475557608e-02 2.808958688894021e-02 5.238507415178532e-02 1.123583475557608e-16
638 2.658333333333332e-09 4.382009804006549e-16 1.123592257437577e-02 2.808980643593942e-02 5.238557184888737e-02 1.123592257437577e-16
639 2.662499999999999e-09 4.382043669158730e-16 1.123600940809931e-02 2.809002352024827e-02 5.238606396324404e-02 1.123600940809931e-16
640 2.666666666666666e-09 4.382077154439926e-16 1.123609526779468e-02 2.809023816948671e-02 5.238655055748672e-02 1.123609526779468e-16
641 2.670833333333332e-09 4.382110264111482e-16 1.123618016438842e-02 2.809045041097104e-02 5.238703169351404e-02 1.123618016438842e-16
642 2.674999999999999e-09 4.382143002386989e-16 1.123626410868459e-02 2.809066027171148e-02 5.238750743257330e-02 1.123626410868459e-16
643 2.679166666666666e-09 4.382175373431995e-16 1.123634711136409e-02 2.809086777841023e-02 5.238797783519016e-02 1.123634711136409e-16
644 2.683333333333333e-09 4.382207381366054e-16 1.123642918298988e-02 2.809107295747471e-02 5.238844296123155e-02 1.123642918298988e-16
645 2.687499999999999e-09 4.382239030262137e-16 1.123651033400548e-02 2.809127583501370e-02 5.238890286989085e-02 1.123651033400548e-16
646 2.691666666666666e-09 4.382270324147646e-16 1.123659057473755e-02 2.809147643684389e-02 5.238935761967312e-02 1.123659057473755e-16
647 2.695833333333332e-09 4.382301267004831e-16 1.123666991539700e-02 2.809167478849251e-02 5.238980726844689e-02 1.123666991539700e-16
648 2.699999999999999e-09 4.382331862771112e-16 1.123674836607977e-02 2.809187091519944e-02 5.239025187346636e-02 1.123674836607978e-16
649 2.704166666666666e-09 4.382362115339717e-16 1.123682593676851e-02 2.809206484192127e-02 5.239069149127148e-02 1.123682593676851e-16
650 2.708333333333332e-09 4.382392028560597e-16 1.123690263733487e-02 2.809225659333716e-02 5.239112617781379e-02 1.123690263733487e-16
651 2.712499999999999e-09 4.382421606240166e-16 1.123697847753889e-02 2.809244619384722e-02 5.239155598843053e-02 1.123697847753889e-16
652 2.716666666666666e-09 4.382450852142377e-16 1.123705346703174e-02 2.809263366757934e-02 5.239198097777054e-02 1.123705346703174e-16
653 2.720833333333332e-09 4.382479769988953e-16 1.123712761535629e-02 2.809281903839073e-02 5.239240119994611e-02 1.123712761535629e-16
654 2.724999999999999e-09 4.382508363459544e-16 1.123720093194755e-02 2.809300232986888e-02 5.239281670844410e-02 1.123720093194755e-16
655 2.729166666666666e-09 4.382536636192794e-16 1.123727342613537e-02 2.809318356533843e-02 5.239322755609258e-02 1.123727342613537e-16
656 2.733333333333332e-09 4.382564591786396e-16 1.123734510714461e-02 2.809336276786152e-02 5.239363379522381e-02 1.123734510714461e-16
657 2.737499999999999e-09 4.382592233797498e-16 1.123741598409615e-02 2.809353996024038e-02 5.239403547749645e-02 1.123741598409615e-16
658 2.741666666666666e-09 4.382619565743742e-16 1.123748606600960e-02 2.809371516502399e-02 5.239443265403995e-02 1.123748606600960e-16
659 2.745833333333332e-09 4.382646591103903e-16 1.123755536180488e-02 2.809388840451220e-02 5.239482537540278e-02 1.123755536180488e-16
660 2.749999999999999e-09 4.382673313316004e-16 1.123762388029745e-02 2.809405970074362e-02 5.239521369155239e-02 1.123762388029745e-16
661 2.754166666666666e-09 4.382699735781110e-16 1.123769163020797e-02 2.809422907551994e-02 5.239559765188999e-02 1.123769163020797e-16
662 2.758333333333332e-09 4.382725861861107e-16 1.123775862015669e-02 2.809439655039172e-02 5.239597730528390e-02 1.123775862015669e-16
663 2.762499999999999e-09 4.382751694880944e-16 1.123782485866909e-02 2.809456214667272e-02 5.239635270004362e-02 1.123782485866909e-16
664 2.766666666666666e-09 4.382777238127793e-16 1.123789035417383e-02 2.809472588543457e-02 5.239672388394575e-02 1.123789035417383e-16
665 2.770833333333333e-09 4.382802494852345e-16 1.123795511500601e-02 2.809488778751504e-02 5.239709090424510e-02 1.123795511500601e-16
666 2.774999999999999e-09 4.382827468268287e-16 1.123801914940586e-02 2.809504787351466e-02 5.239745380761541e-02 1.123801914940587e-16
667 2.779166666666665e-09 4.382852161553203e-16 1.123808246552103e-02 2.809520616380259e-02 5.239781264022347e-02 1.123808246552104e-16
668 2.783333333333332e-09 4.382876577849857e-16 1.123814507140989e-02 2.809536267852472e-02 5.239816744776239e-02 1.123814507140989e-16
669 2.787499999999999e-09 4.382900720265101e-16 1.123820697503872e-02 2.809551743759680e-02 5.239851827537378e-02 1.123820697503872e-16
670 2.791666666666666e-09 4.382924591871550e-16 1.123826818428603e-02 2.809567046071507e-02 5.239886516769238e-02 1.123826818428603e-16
671 2.795833333333332e-09 4.382948195706381e-16 1.123832870693944e-02 2.809582176734860e-02 5.239920816887537e-02 1.123832870693944e-16
672 2.799999999999999e-09 4.382971534773388e-16 1.123838855070100e-02 2.809597137675249e-02 5.239954732256200e-02 1.123838855070100e-16
673 2.804166666666666e-09 4.382994612042015e-16 1.123844772318465e-02 2.809611930796164e-02 5.239988267190658e-02 1.123844772318466e-16
674 2.808333333333332e-09 4.383017430449408e-16 1.123850623192156e-02 2.809626557980391e-02 5.240021425957132e-02 1.123850623192156e-16
675 2.812499999999999e-09 4.383039992899119e-16 1.123856408435672e-02 2.809641021089179e-02 5.240054212778539e-02 1.123856408435672e-16
676 2.816666666666666e-09 4.383062302262390e-16 1.123862128785228e-02 2.809655321963071e-02 5.240086631824135e-02 1.123862128785228e-16
677 2.820833333333333e-09 4.383084361378270e-16 1.123867784968787e-02 2.809669462421968e-02 5.240118687219510e-02 1.123867784968787e-16
678 2.824999999999999e-09 4.383106173053378e-16 1.123873377705994e-02 2.809683444264986e-02 5.240150383044364e-02 1.123873377705994e-16
679 2.829166666666666e-09 4.383127740063653e-16 1.123878907708629e-02 2.809697269271573e-02 5.240181723333616e-02 1.123878907708629e-16
680 2.833333333333332e-09 4.383149065153636e-16 1.123884375680420e-02 2.809710939201049e-02 5.240212712074448e-02 1.123884375680420e-16
681 2.837499999999999e-09 4.383170151036554e-16 1.123889782317065e-02 2.809724455792663e-02 5.240243353209263e-02 1.123889782317065e-16
682 2.841666666666666e-09 4.383191000396119e-16 1.123895128306697e-02 2.809737820766743e-02 5.240273650637162e-02 1.123895128306697e-16
683 2.845833333333332e-09 4.383211615884877e-16 1.123900414329456e-02 2.809751035823639e-02 5.240303608214323e-02 1.123900414329456e-16
684 2.849999999999999e-09 4.383232000126720e-16 1.123905641058133e-02 2.809764102645334e-02 5.240333229753617e-02 1.123905641058133e-16
685 2.854166666666666e-09 4.383252155715440e-16 1.123910809157805e-02 2.809777022894513e-02 5.240362519022776e-02 1.123910809157805e-16
686 2.858333333333332e-09 4.383272085215745e-16 1.123915919286089e-02 2.809789798215221e-02 5.240391479750667e-02 1.123915919286089e-16
687 2.862499999999999e-09 4.383291791163849e-16 1.123920972093295e-02 2.809802430233237e-02 5.240420115622488e-02 1.123920972093295e-16
688 2.866666666666666e-09 4.383311276067028e-16 1.123925968222315e-02 2.809814920555788e-02 5.240448430279033e-02 1.123925968222315e-16
689 2.870833333333332e-09 4.383330542405549e-16 1.123930908309115e-02 2.809827270772788e-02 5.240476427327045e-02 1.123930908309115e-16
690 2.874999999999999e-09 4.383349592630456e-16 1.123935792982168e-02 2.809839482455420e-02 5.240504110328493e-02 1.123935792982168e-16
691 2.879166666666666e-09 4.383368429166047e-16 1.123940622863089e-02 2.809851557157722e-02 5.240531482803890e-02 1.123940622863089e-16
692 2.883333333333332e-09 4.383387054409194e-16 1.123945398566460e-02 2.809863496416150e-02 5.240558548238230e-02 1.123945398566460e-16
693 2.887499999999999e-09 4.383405470730010e-16 1.123950120700003e-02 2.809875301750007e-02 5.240585310075419e-02 1.123950120700003e-16
694 2.891666666666666e-09 4.383423680472129e-16 1.123954789864648e-02 2.809886974661622e-02 5.240611771721627e-02 1.123954789864648e-16
695 2.895833333333332e-09 4.383441685952855e-16 1.123959406654578e-02 2.809898516636446e-02 5.240637936540828e-02 1.123959406654578e-16
696 2.899999999999999e-09 4.383459489463033e-16 1.123963971657188e-02 2.809909929142970e-02 5.240663807867390e-02 1.123963971657188e-16
697 2.904166666666666e-09 4.383477093268659e-16 1.123968485453502e-02 2.809921213633756e-02 5.240689388992385e-02 1.123968485453502e-16
698 2.908333333333332e-09 4.383494499609256e-16 1.123972948617758e-02 2.809932371544395e-02 5.240714683168030e-02 1.123972948617758e-16
699 2.912499999999999e-09 4.383511710700578e-16 1.123977361718097e-02 2.809943404295243e-02 5.240739693616186e-02 1.123977361718097e-16
700 2.916666666666665e-09 4.383528728732303e-16 1.123981725315975e-02 2.809954313289938e-02 5.240764423516906e-02 1.123981725315975e-16
701 2.920833333333332e-09 4.383545555870236e-16 1.123986039966727e-02 2.809965099916818e-02 5.240788876019890e-02 1.123986039966727e-16
702 2.924999999999999e-09 4.383562194255786e-16 1.123990306219433e-02 2.809975765548581e-02 5.240813054235247e-02 1.123990306219433e-16
703 2.929166666666666e-09 4.383578646005763e-16 1.123994524616862e-02 2.809986311542156e-02 5.240836961240140e-02 1.123994524616862e-16
704 2.933333333333332e-09 4.383594913213796e-16 1.123998695695845e-02 2.809996739239613e-02 5.240860600076586e-02 1.123998695695845e-16
705 2.937499999999999e-09 4.383610997950139e-16 1.124002819987215e-02 2.810007049968039e-02 5.240883973751803e-02 1.124002819987215e-16
706 2.941666666666666e-09 4.383626902261725e-16 1.124006898015827e-02 2.810017245039568e-02 5.240907085241191e-02 1.124006898015827e-16
707 2.945833333333332e-09 4.383642628172172e-16 1.124010930300557e-02 2.810027325751393e-02 5.240929937486103e-02 1.124010930300557e-16
708 2.949999999999999e-09 4.383658177682441e-16 1.124014917354472e-02 2.810037293386181e-02 5.240952533392360e-02 1.124014917354472e-16
709 2.954166666666666e-09 4.383673552771360e-16 1.124018859684964e-02 2.810047149212411e-02 5.240974875838402e-02 1.124018859684964e-16
710 2.958333333333332e-09 4.383688755395704e-16 1.124022757793770e-02 2.810056894484426e-02 5.240996967665288e-02 1.124022757793770e-16
711 2.962499999999999e-09 4.383703787490061e-16 1.124026612176939e-02 2.810066530442347e-02 5.241018811684103e-02 1.124026612176939e-16
712 2.966666666666666e-09 4.383718650967184e-16 1.124030423324919e-02 2.810076058312298e-02 5.241040410676328e-02 1.124030423324919e-16
713 2.970833333333332e-09 4.383733347718300e-16 1.124034191722641e-02 2.810085479306603e-02 5.241061767387543e-02 1.124034191722641e-16
714 2.974999999999999e-09 4.383747879613678e-16 1.124037917849661e-02 2.810094794624153e-02 5.241082884541124e-02 1.124037917849661e-16
715 2.979166666666666e-09 4.383762248502373e-16 1.124041602180096e-02 2.810104005450239e-02 5.241103764817521e-02 1.124041602180096e-16
716 2.983333333333332e-09 4.383776456213131e-16 1.124045245182854e-02 2.810113112957136e-02 5.241124410876827e-02 1.124045245182854e-16
717 2.987499999999999e-09 4.383790504553535e-16 1.124048847321419e-02 2.810122118303549e-02 5.241144825346572e-02 1.124048847321419e-16
718 2.991666666666666e-09 4.383804395311820e-16 1.124052409054313e-02 2.810131022635782e-02 5.241165010822824e-02 1.124052409054313e-16
719 2.995833333333332e-09 4.383818130255023e-16 1.124055930834621e-02 2.810139827086553e-02 5.241184969876864e-02 1.124055930834621e-16
720 2.999999999999999e-09 4.383831711131528e-16 1.124059413110648e-02 2.810148532776621e-02 5.241204705046289e-02 1.124059413110648e-16
721 3.004166666666665e-09 4.383845139669258e-16 1.124062856325451e-02 2.810157140813627e-02 5.241224218842794e-02 1.124062856325451e-16
722 3.008333333333332e-09 4.383858417576787e-16 1.124066260917125e-02 2.810165652292813e-02 5.241243513751428e-02 1.124066260917125e-16
723 3.012499999999999e-09 4.383871546543781e-16 1.124069627318918e-02 2.810174068297296e-02 5.241262592225043e-02 1.124069627318918e-16
724 3.016666666666666e-09 4.383884528241152e-16 1.124072955959270e-02 2.810182389898174e-02 5.241281456693178e-02 1.124072955959270e-16
725 3.020833333333332e-09 4.383897364321049e-16 1.124076247261808e-02 2.810190618154519e-02 5.241300109553917e-02 1.124076247261808e-16
726 3.024999999999999e-09 4.383910056416809e-16 1.124079501645336e-02 2.810198754113340e-02 5.241318553184982e-02 1.124079501645336e-16
727 3.029166666666666e-09 4.383922606143506e-16 1.124082719523976e-02 2.810206798809940e-02 5.241336789928951e-02 1.124082719523976e-16
728 3.033333333333332e-09 4.383935015098036e-16 1.124085901307189e-02 2.810214753267972e-02 5.241354822110993e-02 1.124085901307189e-16
729 3.037499999999999e-09 4.383947284859116e-16 1.124089047399773e-02 2.810222618499433e-02 5.241372652022985e-02 1.124089047399773e-16
730 3.041666666666666e-09 4.383959416988500e-16 1.124092158202180e-02 2.810230395505449e-02 5.241390281933109e-02 1.124092158202180e-16
731 3.045833333333332e-09 4.383971413030180e-16 1.124095234110303e-02 2.810238085275757e-02 5.241407714085868e-02 1.124095234110303e-16
732 3.049999999999999e-09 4.383983274509936e-16 1.124098275515368e-02 2.810245688788421e-02 5.241424950699857e-02 1.124098275515368e-16
733 3.054166666666665e-09 4.383995002938117e-16 1.124101282804645e-02 2.810253207011614e-02 5.241441993967395e-02 1.124101282804645e-16
734 3.058333333333332e-09 4.384006599806469e-16 1.124104256360633e-02 2.810260640901583e-02 5.241458846060819e-02 1.124104256360633e-16
735 3.062499999999999e-09 4.384018066590754e-16 1.124107196561732e-02 2.810267991404330e-02 5.241475509119529e-02 1.124107196561732e-16
736 3.066666666666666e-09 4.384029404750288e-16 1.124110103782125e-02 2.810275259455313e-02 5.241491985265902e-02 1.124110103782125e-16
737 3.070833333333332e-09 4.384040615727835e-16 1.124112978391753e-02 2.810282445979382e-02 5.241508276595670e-02 1.124112978391753e-16
738 3.074999999999999e-09 4.384051700950587e-16 1.124115820756561e-02 2.810289551891403e-02 5.241524385182725e-02 1.124115820756561e-16
739 3.079166666666666e-09 4.384062661828442e-16 1.124118631238062e-02 2.810296578095155e-02 5.241540313078763e-02 1.124118631238062e-16
740 3.083333333333332e-09 4.384073499756248e-16 1.124121410193910e-02 2.810303525484775e-02 5.241556062308093e-02 1.124121410193910e-16
741 3.087499999999999e-09 4.384084216113368e-16 1.124124157977787e-02 2.810310394944467e-02 5.241571634876512e-02 1.124124157977787e-16
742 3.091666666666665e-09 4.384094812263462e-16 1.124126874939349e-02 2.810317187348373e-02 5.241587032766144e-02 1.124126874939349e-16
743 3.095833333333332e-09 4.384105289555062e-16 1.124129561424375e-02 2.810323903560937e-02 5.241602257934306e-02 1.124129561424375e-16
744 3.099999999999999e-09 4.384115649321195e-16 1.124132217774665e-02 2.810330544436664e-02 5.241617312318711e-02 1.124132217774665e-16
745 3.104166666666666e-09 4.384125892880139e-16 1.124134844328241e-02 2.810337110820602e-02 5.241632197836345e-02 1.124134844328241e-16
746 3.108333333333332e-09 4.384136021535272e-16 1.124137441419301e-02 2.810343603548252e-02 5.241646916381248e-02 1.124137441419301e-16
747 3.112499999999999e-09 4.384146036575966e-16 1.124140009378453e-02 2.810350023446133e-02 5.241661469826362e-02 1.124140009378453e-16
748 3.116666666666666e-09 4.384155939276732e-16 1.124142548532495e-02 2.810356371331239e-02 5.241675860022063e-02 1.124142548532495e-16
749 3.120833333333332e-09 4.384165730897323e-16 1.124145059204442e-02 2.810362648011104e-02 5.241690088802069e-02 1.124145059204442e-16
750 3.124999999999999e-09 4.384175412683430e-16 1.124147541713700e-02 2.810368854284250e-02 5.241704157974934e-02 1.124147541713700e-16
751 3.129166666666666e-09 4.384184985867880e-16 1.124149996376380e-02 2.810374990940949e-02 5.241718069332187e-02 1.124149996376380e-16
752 3.133333333333332e-09 4.384194451668182e-16 1.124152423504662e-02 2.810381058761655e-02 5.241731824643149e-02 1.124152423504662e-16
753 3.137499999999999e-09 4.384203811289423e-16 1.124154823407544e-02 2.810387058518861e-02 5.241745425658650e-02 1.124154823407544e-16
754 3.141666666666665e-09 4.384213065922225e-16 1.124157196390314e-02 2.810392990975786e-02 5.241758874109521e-02 1.124157196390314e-16
755 3.145833333333332e-09 4.384222216744109e-16 1.124159542754900e-02 2.810398856887250e-02 5.241772171708468e-02 1.124159542754900e-16
756 3.149999999999999e-09 4.384231264920104e-16 1.124161862800027e-02 2.810404657000067e-02 5.241785320144141e-02 1.124161862800027e-16
757 3.154166666666666e-09 4.384240211601176e-16 1.124164156820815e-02 2.810410392052036e-02 5.241798321090758e-02 1.124164156820814e-16
758 3.158333333333332e-09 4.384249057926007e-16 1.124166425109233e-02 2.810416062773082e-02 5.241811176205878e-02 1.124166425109233e-16
759 3.162499999999999e-09 4.384257805019987e-16 1.124168667953843e-02 2.810421669884608e-02 5.241823887122272e-02 1.124168667953843e-16
760 3.166666666666666e-09 4.384266453996816e-16 1.124170885640209e-02 2.810427214100523e-02 5.241836455459753e-02 1.124170885640209e-16
761 3.170833333333332e-09 4.384275005956649e-16 1.124173078450423e-02 2.810432696126058e-02 5.241848882816675e-02 1.124173078450423e-16
762 3.174999999999999e-09 4.384283461988112e-16 1.124175246663619e-02 2.810438116659046e-02 5.241861170772142e-02 1.124175246663618e-16
763 3.179166666666665e-09 4.384291823166710e-16 1.124177390555567e-02 2.810443476388917e-02 5.241873320891943e-02 1.124177390555567e-16
764 3.183333333333332e-09 4.384300090556890e-16 1.124179510399203e-02 2.810448775998007e-02 5.241885334722243e-02 1.124179510399203e-16
765 3.187499999999999e-09 4.384308265210282e-16 1.124181606464175e-02 2.810454016160438e-02 5.241897213792934e-02 1.124181606464175e-16
766 3.191666666666665e-09 4.384316348167504e-16 1.124183679017309e-02 2.810459197543272e-02 5.241908959612065e-02 1.124183679017309e-16
767 3.195833333333332e-09 4.384324340456869e-16 1.124185728322274e-02 2.810464320805686e-02 5.241920573677330e-02 1.124185728322274e-16
768 3.199999999999999e-09 4.384332243095132e-16 1.124187754639778e-02 2.810469386599444e-02 5.241932057466065e-02 1.124187754639777e-16
769 3.204166666666666e-09 4.384340057088841e-16 1.124189758227908e-02 2.810474395569770e-02 5.241943412440064e-02 1.124189758227908e-16
770 3.208333333333332e-09 4.384347783431504e-16 1.124191739341411e-02 2.810479348353529e-02 5.241954640042613e-02 1.124191739341411e-16
771 3.212499999999999e-09 4.384355423106524e-16 1.124193698232442e-02 2.810484245581105e-02 5.241965741704797e-02 1.124193698232442e-16
772 3.216666666666666e-09 4.384362977086101e-16 1.124195635150282e-02 2.810489087875706e-02 5.241976718836223e-02 1.124195635150283e-16
773 3.220833333333332e-09 4.384370446331315e-16 1.124197550341363e-02 2.810493875853407e-02 5.241987572836884e-02 1.124197550341363e-16
774 3.224999999999999e-09 4.384377831792851e-16 1.124199444049449e-02 2.810498610123623e-02 5.241998305085307e-02 1.124199444049449e-16
775 3.229166666666665e-09 4.384385134410557e-16 1.124201316515528e-02 2.810503291288819e-02 5.242008916946697e-02 1.124201316515528e-16
776 3.233333333333332e-09 4.384392355113661e-16 1.124203167977862e-02 2.810507919944655e-02 5.242019409775153e-02 1.124203167977862e-16
777 3.237499999999999e-09 4.384399494821286e-16 1.124204998672125e-02 2.810512496680312e-02 5.242029784903688e-02 1.124204998672125e-16
778 3.241666666666666e-09 4.384406554441338e-16 1.124206808831112e-02 2.810517022077781e-02 5.242040043653094e-02 1.124206808831112e-16
779 3.245833333333332e-09 4.384413534872637e-16 1.124208598685292e-02 2.810521496713229e-02 5.242050187328622e-02 1.124208598685292e-16
780 3.249999999999999e-09 4.384420437003680e-16 1.124210368462482e-02 2.810525921156206e-02 5.242060217222574e-02 1.124210368462482e-16
781 3.254166666666666e-09 4.384427261712538e-16 1.124212118387830e-02 2.810530295969576e-02 5.242070134606157e-02 1.124212118387830e-16
782 3.258333333333332e-09 4.384434009866937e-16 1.124213848683830e-02 2.810534621709575e-02 5.242079940747240e-02 1.124213848683830e-16
783 3.262499999999999e-09 4.384440682326505e-16 1.124215559570899e-02 2.810538898927247e-02 5.242089636888909e-02 1.124215559570899e-16
784 3.266666666666665e-09 4.384447279940404e-16 1.124217251266770e-02 2.810543128166926e-02 5.242099224267947e-02 1.124217251266770e-16
785 3.270833333333332e-09 4.384453803547638e-16 1.124218923986574e-02 2.810547309966435e-02 5.242108704106344e-02 1.124218923986574e-16
786 3.274999999999999e-09 4.384460253978649e-16 1.124220577943243e-02 2.810551444858109e-02 5.242118077606097e-02 1.124220577943243e-16
787 3.279166666666665e-09 4.384466632053863e-16 1.124222213347144e-02 2.810555533367861e-02 5.242127345961808e-02 1.124222213347144e-16
788 3.283333333333332e-09 4.384472938585736e-16 1.124223830406599e-02 2.810559576016498e-02 5.242136510353648e-02 1.124223830406599e-16
789 3.287499999999999e-09 4.384479174376002e-16 1.124225429327180e-02 2.810563573317950e-02 5.242145571949195e-02 1.124225429327180e-16
790 3.291666666666666e-09 4.384485340218249e-16 1.124227010312372e-02 2.810567525780929e-02 5.242154531897534e-02 1.124227010312372e-16
791 3.295833333333332e-09 4.384491436897281e-16 1.124228573563405e-02 2.810571433908514e-02 5.242163391339973e-02 1.124228573563405e-16
792 3.299999999999999e-09 4.384497465188856e-16 1.124230119279194e-02 2.810575298197985e-02 5.242172151403759e-02 1.124230119279194e-16
793 3.304166666666666e-09 4.384503425860254e-16 1.124231647656476e-02 2.810579119141189e-02 5.242180813207626e-02 1.124231647656476e-16
794 3.308333333333332e-09 4.384509319670313e-16 1.124233158889824e-02 2.810582897224560e-02 5.242189377849955e-02 1.124233158889824e-16
795 3.312499999999999e-09 4.384515147368370e-16 1.124234653171377e-02 2.810586632928443e-02 5.242197846421353e-02 1.124234653171377e-16
796 3.316666666666665e-09 4.384520909696285e-16 1.124236130691355e-02 2.810590326728388e-02 5.242206219997262e-02 1.124236130691355e-16
797 3.320833333333332e-09 4.384526607387055e-16 1.124237591637707e-02 2.810593979094267e-02 5.242214499647560e-02 1.124237591637707e-16
798 3.324999999999999e-09 4.384532241165994e-16 1.124239036196409e-02 2.810597590491022e-02 5.242222686422891e-02 1.124239036196409e-16
799 3.329166666666665e-09 4.384537811750107e-16 1.124240464551310e-02 2.810601161378274e-02 5.242230781367235e-02 1.124240464551310e-16
800 3.333333333333332e-09 4.384543319848624e-16 1.124241876884263e-02 2.810604692210656e-02 5.242238785508289e-02 1.124241876884263e-16
801 3.337499999999999e-09 4.384548766161584e-16 1.124243273374765e-02 2.810608183436913e-02 5.242246699865237e-02 1.124243273374765e-16
802 3.341666666666666e-09 4.384554151382427e-16 1.124244654200622e-02 2.810611635501556e-02 5.242254525446901e-02 1.124244654200622e-16
803 3.345833333333332e-09 4.384559476196394e-16 1.124246019537537e-02 2.810615048843843e-02 5.242262263247671e-02 1.124246019537537e-16
804 3.349999999999999e-09 4.384564741280708e-16 1.124247369559156e-02 2.810618423897890e-02 5.242269914251946e-02 1.124247369559156e-16
805 3.354166666666666e-09 4.384569947305762e-16 1.124248704437375e-02 2.810621761093438e-02 5.242277479431911e-02 1.124248704437375e-16
806 3.358333333333332e-09 4.384575094934318e-16 1.124250024342133e-02 2.810625060855332e-02 5.242284959754937e-02 1.124250024342133e-16
807 3.362499999999999e-09 4.384580184821091e-16 1.124251329441306e-02 2.810628323603264e-02 5.242292356167679e-02 1.124251329441306e-16
808 3.366666666666665e-09 4.384585217613729e-16 1.124252619900956e-02 2.810631549752391e-02 5.242299669614565e-02 1.124252619900956e-16
809 3.370833333333332e-09 4.384590193952624e-16 1.124253895885288e-02 2.810634739713221e-02 5.242306901026701e-02 1.124253895885288e-16
810 3.374999999999999e-09 4.384595114471541e-16 1.124255157556805e-02 2.810637893892014e-02 5.242314051321501e-02 1.124255157556805e-16
811 3.379166666666665e-09 4.384599979796033e-16 1.124256405075906e-02 2.810641012689765e-02 5.242321121410830e-02 1.124256405075906e-16
812 3.383333333333332e-09 4.384604790545396e-16 1.124257638601384e-02 2.810644096503459e-02 5.242328112193227e-02 1.124257638601384e-16
813 3.387499999999999e-09 4.384609547332147e-16 1.124258858290294e-02 2.810647145725736e-02 5.242335024560572e-02 1.124258858290294e-16
814 3.391666666666666e-09 4.384614250760975e-16 1.124260064297686e-02 2.810650160744215e-02 5.242341859389942e-02 1.124260064297686e-16
815 3.395833333333332e-09 4.384618901431041e-16 1.124261256777190e-02 2.810653141942975e-02 5.242348617551380e-02 1.124261256777190e-16
816 3.399999999999999e-09 4.384623499933301e-16 1.124262435880334e-02 2.810656089700834e-02 5.242355299905679e-02 1.124262435880334e-16
817 3.404166666666665e-09 4.384628046853715e-16 1.124263601757363e-02 2.810659004393408e-02 5.242361907302901e-02 1.124263601757363e-16
818 3.408333333333332e-09 4.384632542770875e-16 1.124264754556635e-02 2.810661886391587e-02 5.242368440584965e-02 1.124264754556635e-16
819 3.412499999999999e-09 4.384636988256570e-16 1.124265894424761e-02 2.810664736061904e-02 5.242374900580465e-02 1.124265894424762e-16
820 3.416666666666665e-09 4.384641383876601e-16 1.124267021506821e-02 2.810667553767052e-02 5.242381288117261e-02 1.124267021506821e-16
821 3.420833333333332e-09 4.384645730189918e-16 1.124268135946133e-02 2.810670339865333e-02 5.242387604001743e-02 1.124268135946133e-16
822 3.424999999999999e-09 4.384650027750017e-16 1.124269237884620e-02 2.810673094711549e-02 5.242393849038453e-02 1.124269237884620e-16
823 3.429166666666666e-09 4.384654277104017e-16 1.124270327462568e-02 2.810675818656421e-02 5.242400024024163e-02 1.124270327462568e-16
824 3.433333333333332e-09 4.384658478792230e-16 1.124271404818520e-02 2.810678512046301e-02 5.242406129744165e-02 1.124271404818520e-16
825 3.437499999999999e-09 4.384662633349242e-16 1.124272470089549e-02 2.810681175223874e-02 5.242412166974511e-02 1.124272470089549e-16
826 3.441666666666666e-09 4.384666741304130e-16 1.124273523411316e-02 2.810683808528289e-02 5.242418136485321e-02 1.124273523411316e-16
827 3.445833333333332e-09 4.384670803179273e-16 1.124274564917763e-02 2.810686412294406e-02 5.242424039035993e-02 1.124274564917763e-16
828 3.449999999999999e-09 4.384674819491887e-16 1.124275594741509e-02 2.810688986853774e-02 5.242429875375921e-02 1.124275594741509e-16
829 3.454166666666665e-09 4.384678790752797e-16 1.124276613013538e-02 2.810691532533845e-02 5.242435646248961e-02 1.124276613013538e-16
830 3.458333333333332e-09 4.384682717467250e-16 1.124277619863398e-02 2.810694049658494e-02 5.242441352388597e-02 1.124277619863397e-16
831 3.462499999999999e-09 4.384686600135376e-16 1.124278615419327e-02 2.810696538548318e-02 5.242446994519804e-02 1.124278615419327e-16
832 3.466666666666665e-09 4.384690439251164e-16 1.124279599807991e-02 2.810698999519978e-02 5.242452573363857e-02 1.124279599807991e-16
833 3.470833333333332e-09 4.384694235302985e-16 1.124280573154612e-02 2.810701432886529e-02 5.242458089629448e-02 1.124280573154612e-16
834 3.474999999999999e-09 4.384697988773736e-16 1.124281535583009e-02 2.810703838957523e-02 5.242463544019352e-02 1.124281535583009e-16
835 3.479166666666666e-09 4.384701700141313e-16 1.124282487215721e-02 2.810706218039304e-02 5.242468937226344e-02 1.124282487215721e-16
836 3.483333333333332e-09 4.384705369878071e-16 1.124283428173864e-02 2.810708570434661e-02 5.242474269936914e-02 1.124283428173865e-16
837 3.487499999999999e-09 4.384708998450693e-16 1.124284358577101e-02 2.810710896442753e-02 5.242479542829776e-02 1.124284358577101e-16
838 3.491666666666665e-09 4.384712586320489e-16 1.124285278543715e-02 2.810713196359289e-02 5.242484756576617e-02 1.124285278543715e-16
839 3.495833333333332e-09 4.384716133945141e-16 1.124286188191062e-02 2.810715470477655e-02 5.242489911837281e-02 1.124286188191062e-16
840 3.499999999999999e-09 4.384719641775701e-16 1.124287087634795e-02 2.810717719086988e-02 5.242495009270867e-02 1.124287087634795e-16
841 3.504166666666665e-09 4.384723110257971e-16 1.124287976989223e-02 2.810719942473059e-02 5.242500049526858e-02 1.124287976989224e-16
842 3.508333333333332e-09 4.384726539833926e-16 1.124288856367673e-02 2.810722140919183e-02 5.242505033244000e-02 1.124288856367674e-16
843 3.512499999999999e-09 4.384729930939577e-16 1.124289725881943e-02 2.810724314704858e-02 5.242509961059932e-02 1.124289725881943e-16
844 3.516666666666665e-09 4.384733284006972e-16 1.124290585642813e-02 2.810726464107034e-02 5.242514833599341e-02 1.124290585642813e-16
845 3.520833333333332e-09 4.384736599462689e-16 1.124291435759664e-02 2.810728589399160e-02 5.242519651483581e-02 1.124291435759664e-16
846 3.524999999999999e-09 4.384739877728211e-16 1.124292276340567e-02 2.810730690851418e-02 5.242524415325125e-02 1.124292276340567e-16
847 3.529166666666666e-09 4.384743119220996e-16 1.124293107492563e-02 2.810732768731408e-02 5.242529125727934e-02 1.124293107492563e-16
848 3.533333333333332e-09 4.384746324353369e-16 1.124293929321377e-02 2.810734823303442e-02 5.242533783293378e-02 1.124293929321377e-16
849 3.537499999999999e-09 4.384749493533351e-16 1.124294741931628e-02 2.810736854829071e-02 5.242538388613947e-02 1.124294741931629e-16
850 3.541666666666665e-09 4.384752627164061e-16 1.124295545426682e-02 2.810738863566706e-02 5.242542942276950e-02 1.124295545426682e-16
851 3.545833333333332e-09 4.384755725644448e-16 1.124296339908833e-02 2.810740849772082e-02 5.242547444861181e-02 1.124296339908833e-16
852 3.549999999999999e-09 4.384758789368746e-16 1.124297125479166e-02 2.810742813697915e-02 5.242551896939886e-02 1.124297125479166e-16
853 3.554166666666665e-09 4.384761818726555e-16 1.124297902237578e-02 2.810744755593946e-02 5.242556299076691e-02 1.124297902237579e-16
854 3.558333333333332e-09 4.384764814103613e-16 1.124298670282978e-02 2.810746675707445e-02 5.242560651834844e-02 1.124298670282978e-16
855 3.562499999999999e-09 4.384767775880731e-16 1.124299429713008e-02 2.810748574282521e-02 5.242564955768721e-02 1.124299429713008e-16
856 3.566666666666666e-09 4.384770704435319e-16 1.124300180624441e-02 2.810750451561102e-02 5.242569211424547e-02 1.124300180624441e-16
857 3.570833333333332e-09 4.384773600139965e-16 1.124300923112812e-02 2.810752307782029e-02 5.242573419344117e-02 1.124300923112812e-16
858 3.574999999999999e-09 4.384776463363217e-16 1.124301657272620e-02 2.810754143181549e-02 5.242577580061072e-02 1.124301657272620e-16
859 3.579166666666665e-09 4.384779294469293e-16 1.124302383197255e-02 2.810755957993137e-02 5.242581694107583e-02 1.124302383197255e-16
860 3.583333333333332e-09 4.384782093818214e-16 1.124303100979029e-02 2.810757752447574e-02 5.242585762006934e-02 1.124303100979029e-16
861 3.587499999999999e-09 4.384784861766659e-16 1.124303810709400e-02 2.810759526773500e-02 5.242589784274639e-02 1.124303810709400e-16
862 3.591666666666665e-09 4.384787598666403e-16 1.124304512478565e-02 2.810761281196412e-02 5.242593761426208e-02 1.124304512478565e-16
863 3.595833333333332e-09 4.384790304865884e-16 1.124305206375868e-02 2.810763015939670e-02 5.242597693963098e-02 1.124305206375868e-16
864 3.599999999999999e-09 4.384792980709470e-16 1.124305892489608e-02 2.810764731224019e-02 5.242601582389715e-02 1.124305892489608e-16
865 3.604166666666665e-09 4.384795626538004e-16 1.124306570907181e-02 2.810766427267952e-02 5.242605427198632e-02 1.124306570907181e-16
866 3.608333333333332e-09 4.384798242687995e-16 1.124307241714870e-02 2.810768104287176e-02 5.242609228878344e-02 1.124307241714871e-16
867 3.612499999999999e-09 4.384800829492131e-16 1.124307904997982e-02 2.810769762494956e-02 5.242612987915130e-02 1.124307904997982e-16
868 3.616666666666666e-09 4.384803387279670e-16 1.124308560840941e-02 2.810771402102353e-02 5.242616704787123e-02 1.124308560840941e-16
869 3.620833333333332e-09 4.384805916375726e-16 1.124309209327109e-02 2.810773023317773e-02 5.242620379964324e-02 1.124309209327109e-16
870 3.624999999999999e-09 4.384808417102813e-16 1.124309850539183e-02 2.810774626347958e-02 5.242624013920052e-02 1.124309850539183e-16
871 3.629166666666665e-09 4.384810889778647e-16 1.124310484558627e-02 2.810776211396569e-02 5.242627607110611e-02 1.124310484558628e-16
872 3.633333333333332e-09 4.384813334718606e-16 1.124311111466309e-02 2.810777778665774e-02 5.242631159996376e-02 1.124311111466309e-16
873 3.637499999999999e-09 4.384815752232937e-16 1.124311731341779e-02 2.810779328354447e-02 5.242634673028833e-02 1.124311731341779e-16
874 3.641666666666665e-09 4.384818142629678e-16 1.124312344264020e-02 2.810780860660051e-02 5.242638146654294e-02 1.124312344264020e-16
875 3.645833333333332e-09 4.384820506212847e-16 1.124312950310986e-02 2.810782375777466e-02 5.242641581317218e-02 1.124312950310986e-16
876 3.649999999999999e-09 4.384822843283241e-16 1.124313549559805e-02 2.810783873899514e-02 5.242644977450593e-02 1.124313549559805e-16
877 3.654166666666665e-09 4.384825154138509e-16 1.124314142086797e-02 2.810785355216994e-02 5.242648335489995e-02 1.124314142086797e-16
878 3.658333333333332e-09 4.384827439072720e-16 1.124314727967364e-02 2.810786819918411e-02 5.242651655863231e-02 1.124314727967364e-16
879 3.662499999999999e-09 4.384829698375995e-16 1.124315307275896e-02 2.810788268189740e-02 5.242654938990705e-02 1.124315307275896e-16
880 3.666666666666666e-09 4.384831932336828e-16 1.124315880086366e-02 2.810789700215916e-02 5.242658185290230e-02 1.124315880086367e-16
881 3.670833333333332e-09 4.384834141238785e-16 1.124316446471483e-02 2.810791116178708e-02 5.242661395175920e-02 1.124316446471483e-16
882 3.674999999999999e-09 4.384836325363195e-16 1.124317006503383e-02 2.810792516258459e-02 5.242664569053748e-02 1.124317006503384e-16
883 3.679166666666665e-09 4.384838484987840e-16 1.124317560253292e-02 2.810793900633231e-02 5.242667707330794e-02 1.124317560253292e-16
884 3.683333333333332e-09 4.384840620387653e-16 1.124318107791706e-02 2.810795269479265e-02 5.242670810406368e-02 1.124318107791706e-16
885 3.687499999999999e-09 4.384842731834363e-16 1.124318649188298e-02 2.810796622970746e-02 5.242673878674230e-02 1.124318649188298e-16
886 3.691666666666665e-09 4.384844819596503e-16 1.124319184511924e-02 2.810797961279810e-02 5.242676912523328e-02 1.124319184511924e-16
887 3.695833333333332e-09 4.384846883940038e-16 1.124319713830779e-02 2.810799284576948e-02 5.242679912342239e-02 1.124319713830779e-16
888 3.699999999999999e-09 4.384848925127701e-16 1.124320237212231e-02 2.810800593030578e-02 5.242682878512513e-02 1.124320237212231e-16
889 3.704166666666666e-09 4.384850943419202e-16 1.124320754722872e-02 2.810801886807181e-02 5.242685811409029e-02 1.124320754722872e-16
890 3.708333333333332e-09 4.384852939070785e-16 1.124321266428406e-02 2.810803166071016e-02 5.242688711409270e-02 1.124321266428406e-16
891 3.712499999999999e-09 4.384854912337170e-16 1.124321772394146e-02 2.810804430985366e-02 5.242691578877386e-02 1.124321772394146e-16
892 3.716666666666665e-09 4.384856863469056e-16 1.124322272684373e-02 2.810805681710934e-02 5.242694414181228e-02 1.124322272684373e-16
893 3.720833333333332e-09 4.384858792714910e-16 1.124322767362797e-02 2.810806918406994e-02 5.242697217681993e-02 1.124322767362797e-16
894 3.724999999999999e-09 4.384860700320139e-16 1.124323256492343e-02 2.810808141230859e-02 5.242699989735321e-02 1.124323256492343e-16
895 3.729166666666665e-09 4.384862586527213e-16 1.124323740135183e-02 2.810809350337957e-02 5.242702730692413e-02 1.124323740135183e-16
896 3.733333333333332e-09 4.384864451576002e-16 1.124324218352821e-02 2.810810545882053e-02 5.242705440906317e-02 1.124324218352821e-16
897 3.737499999999999e-09 4.384866295704688e-16 1.124324691206330e-02 2.810811728015826e-02 5.242708120718615e-02 1.124324691206330e-16
898 3.741666666666665e-09 4.384868119147577e-16 1.124325158755789e-02 2.810812896889473e-02 5.242710770470514e-02 1.124325158755789e-16
899 3.745833333333332e-09 4.384869922136542e-16 1.124325621060652e-02 2.810814052651630e-02 5.242713390499893e-02 1.124325621060652e-16
900 3.749999999999999e-09 4.384871704901196e-16 1.124326078179794e-02 2.810815195449485e-02 5.242715981141299e-02 1.124326078179794e-16
901 3.754166666666666e-09 4.384873467668204e-16 1.124326530171335e-02 2.810816325428336e-02 5.242718542721875e-02 1.124326530171335e-16
902 3.758333333333332e-09 4.384875210661876e-16 1.124326977092789e-02 2.810817442731972e-02 5.242721075568770e-02 1.124326977092789e-16
903 3.762499999999999e-09 4.384876934104045e-16 1.124327419001037e-02 2.810818547502594e-02 5.242723580003209e-02 1.124327419001037e-16
904 3.766666666666666e-09 4.384878638214472e-16 1.124327855952429e-02 2.810819639881072e-02 5.242726056345674e-02 1.124327855952429e-16
905 3.770833333333332e-09 4.384880323209270e-16 1.124328288002377e-02 2.810820720005942e-02 5.242728504910727e-02 1.124328288002377e-16
906 3.774999999999999e-09 4.384881989303286e-16 1.124328715205971e-02 2.810821788014927e-02 5.242730926010715e-02 1.124328715205971e-16
907 3.779166666666665e-09 4.384883636708724e-16 1.124329137617622e-02 2.810822844044054e-02 5.242733319950946e-02 1.124329137617622e-16
908 3.783333333333332e-09 4.384885265635186e-16 1.124329555291073e-02 2.810823888227684e-02 5.242735687038953e-02 1.124329555291073e-16
909 3.787499999999998e-09 4.384886876289209e-16 1.124329968279284e-02 2.810824920698211e-02 5.242738027576347e-02 1.124329968279284e-16
910 3.791666666666665e-09 4.384888468876356e-16 1.124330376634963e-02 2.810825941587408e-02 5.242740341858074e-02 1.124330376634963e-16
911 3.795833333333332e-09 4.384890043599239e-16 1.124330780410061e-02 2.810826951025153e-02 5.242742630180200e-02 1.124330780410061e-16
912 3.799999999999998e-09 4.384891600658120e-16 1.124331179655928e-02 2.810827949139821e-02 5.242744892833968e-02 1.124331179655928e-16
913 3.804166666666665e-09 4.384893140251411e-16 1.124331574423439e-02 2.810828936058597e-02 5.242747130106558e-02 1.124331574423439e-16
914 3.808333333333332e-09 4.384894662574930e-16 1.124331964762803e-02 2.810829911907007e-02 5.242749342284036e-02 1.124331964762802e-16
915 3.812499999999999e-09 4.384896167822356e-16 1.124332350723681e-02 2.810830876809203e-02 5.242751529648029e-02 1.124332350723681e-16
916 3.816666666666665e-09 4.384897656184754e-16 1.124332732355065e-02 2.810831830887663e-02 5.242753692474984e-02 1.124332732355065e-16
917 3.820833333333332e-09 4.384899127852373e-16 1.124333109705737e-02 2.810832774264342e-02 5.242755831041346e-02 1.124333109705737e-16
918 3.824999999999999e-09 4.384900583012104e-16 1.124333482823616e-02 2.810833707059042e-02 5.242757945620966e-02 1.124333482823617e-16
919 3.829166666666665e-09 4.384902021849069e-16 1.124333851756172e-02 2.810834629390429e-02 5.242760036480305e-02 1.124333851756172e-16
920 3.833333333333332e-09 4.384903444546271e-16 1.124334216550326e-02 2.810835541375815e-02 5.242762103886549e-02 1.124334216550326e-16
921 3.837499999999999e-09 4.384904851284832e-16 1.124334577252521e-02 2.810836443131303e-02 5.242764148100239e-02 1.124334577252521e-16
922 3.841666666666665e-09 4.384906242243599e-16 1.124334933908615e-02 2.810837334771538e-02 5.242766169384489e-02 1.124334933908615e-16
923 3.845833333333332e-09 4.384907617599706e-16 1.124335286564027e-02 2.810838216410069e-02 5.242768167996136e-02 1.124335286564027e-16
924 3.849999999999999e-09 4.384908977528715e-16 1.124335635263773e-02 2.810839088159433e-02 5.242770144188679e-02 1.124335635263773e-16
925 3.854166666666666e-09 4.384910322202669e-16 1.124335980051967e-02 2.810839950129916e-02 5.242772098213029e-02 1.124335980051967e-16
926 3.858333333333332e-09 4.384911651793483e-16 1.124336320972688e-02 2.810840802431720e-02 5.242774030320835e-02 1.124336320972688e-16
927 3.862499999999999e-09 4.384912966470071e-16 1.124336658069249e-02 2.810841645173123e-02 5.242775940753759e-02 1.124336658069249e-16
928 3.866666666666665e-09 4.384914266399752e-16 1.124336991384552e-02 2.810842478461380e-02 5.242777829757528e-02 1.124336991384552e-16
929 3.870833333333332e-09 4.384915551748028e-16 1.124337320961033e-02 2.810843302402582e-02 5.242779697571579e-02 1.124337320961033e-16
930 3.874999999999998e-09 4.384916822678182e-16 1.124337646840559e-02 2.810844117101399e-02 5.242781544435721e-02 1.124337646840560e-16
931 3.879166666666665e-09 4.384918079352300e-16 1.124337969064692e-02 2.810844922661731e-02 5.242783370581255e-02 1.124337969064693e-16
932 3.883333333333332e-09 4.384919321929985e-16 1.124338287674355e-02 2.810845719185888e-02 5.242785176245389e-02 1.124338287674355e-16
933 3.887499999999998e-09 4.384920550569464e-16 1.124338602710119e-02 2.810846506775298e-02 5.242786961654617e-02 1.124338602710119e-16
934 3.891666666666665e-09 4.384921765426856e-16 1.124338914212014e-02 2.810847285530036e-02 5.242788727034312e-02 1.124338914212015e-16
935 3.895833333333332e-09 4.384922966656926e-16 1.124339222219725e-02 2.810848055549312e-02 5.242790472612068e-02 1.124339222219725e-16
936 3.899999999999999e-09 4.384924154412882e-16 1.124339526772534e-02 2.810848816931335e-02 5.242792198610301e-02 1.124339526772534e-16
937 3.904166666666665e-09 4.384925328845667e-16 1.124339827909145e-02 2.810849569772864e-02 5.242793905247725e-02 1.124339827909145e-16
938 3.908333333333332e-09 4.384926490104627e-16 1.124340125667853e-02 2.810850314169633e-02 5.242795592741204e-02 1.124340125667853e-16
939 3.912499999999999e-09 4.384927638337363e-16 1.124340420086503e-02 2.810851050216259e-02 5.242797261307600e-02 1.124340420086503e-16
940 3.916666666666665e-09 4.384928773690289e-16 1.124340711202638e-02 2.810851778006596e-02 5.242798911156006e-02 1.124340711202639e-16
941 3.920833333333332e-09 4.384929896307768e-16 1.124340999053274e-02 2.810852497633185e-02 5.242800542497363e-02 1.124340999053274e-16
942 3.924999999999999e-09 4.384931006332936e-16 1.124341283675112e-02 2.810853209187780e-02 5.242802155539286e-02 1.124341283675112e-16
943 3.929166666666665e-09 4.384932103906922e-16 1.124341565104339e-02 2.810853912760847e-02 5.242803750488644e-02 1.124341565104339e-16
944 3.933333333333332e-09 4.384933189169295e-16 1.124341843376742e-02 2.810854608441856e-02 5.242805327546386e-02 1.124341843376743e-16
945 3.937499999999999e-09 4.384934262257662e-16 1.124342118527606e-02 2.810855296319014e-02 5.242806886913098e-02 1.124342118527606e-16
946 3.941666666666666e-09 4.384935323309234e-16 1.124342390592111e-02 2.810855976480279e-02 5.242808428790834e-02 1.124342390592111e-16
947 3.945833333333332e-09 4.384936372458822e-16 1.124342659604826e-02 2.810856649012066e-02 5.242809953370926e-02 1.124342659604826e-16
948 3.949999999999999e-09 4.384937409839740e-16 1.124342925599934e-02 2.810857313999834e-02 5.242811460850623e-02 1.124342925599934e-16
949 3.954166666666666e-09 4.384938435584406e-16 1.124343188611386e-02 2.810857971528466e-02 5.242812951420143e-02 1.124343188611386e-16
950 3.958333333333332e-09 4.384939449822895e-16 1.124343448672537e-02 2.810858621681343e-02 5.242814425269333e-02 1.124343448672537e-16
951 3.962499999999998e-09 4.384940452684940e-16 1.124343705816652e-02 2.810859264541629e-02 5.242815882586562e-02 1.124343705816652e-16
952 3.966666666666665e-09 4.384941444297538e-16 1.124343960076292e-02 2.810859900190730e-02 5.242817323557240e-02 1.124343960076292e-16
953 3.970833333333332e-09 4.384942424787142e-16 1.124344211483883e-02 2.810860528709707e-02 5.242818748363438e-02 1.124344211483883e-16
954 3.974999999999998e-09 4.384943394278096e-16 1.124344460071307e-02 2.810861150178267e-02 5.242820157189457e-02 1.124344460071307e-16
955 3.979166666666665e-09 4.384944352894144e-16 1.124344705870293e-02 2.810861764675733e-02 5.242821550211452e-02 1.124344705870293e-16
956 3.983333333333332e-09 4.384945300757777e-16 1.124344948912251e-02 2.810862372280627e-02 5.242822927607797e-02 1.124344948912251e-16
957 3.987499999999998e-09 4.384946237988717e-16 1.124345189227876e-02 2.810862973069691e-02 5.242824289553537e-02 1.124345189227876e-16
958 3.991666666666665e-09 4.384947164706501e-16 1.124345426847821e-02 2.810863567119552e-02 5.242825636221499e-02 1.124345426847821e-16
959 3.995833333333332e-09 4.384948081028958e-16 1.124345661802297e-02 2.810864154505743e-02 5.242826967783398e-02 1.124345661802297e-16
960 3.999999999999999e-09 4.384948987073070e-16 1.124345894121300e-02 2.810864735303250e-02 5.242828284409465e-02 1.124345894121300e-16
961 4.004166666666665e-09 4.384949882954200e-16 1.124346123834410e-02 2.810865309586026e-02 5.242829586266234e-02 1.124346123834411e-16
962 4.008333333333332e-09 4.384950768786154e-16 1.124346350970809e-02 2.810865877427022e-02 5.242830873520243e-02 1.124346350970809e-16
963 4.012499999999999e-09 4.384951644681629e-16 1.124346575559392e-02 2.810866438898480e-02 5.242832146335059e-02 1.124346575559392e-16
964 4.016666666666665e-09 4.384952510751618e-16 1.124346797628620e-02 2.810866994071550e-02 5.242833404873148e-02 1.124346797628620e-16
965 4.020833333333332e-09 4.384953367106770e-16 1.124347017206864e-02 2.810867543017161e-02 5.242834649294750e-02 1.124347017206864e-16
966 4.024999999999999e-09 4.384954213855854e-16 1.124347234322014e-02 2.810868085805035e-02 5.242835879755298e-02 1.124347234322014e-16
967 4.029166666666666e-09 4.384955051106954e-16 1.124347449001783e-02 2.810868622504458e-02 5.242837096415404e-02 1.124347449001783e-16
968 4.033333333333332e-09 4.384955878966946e-16 1.124347661273576e-02 2.810869153183940e-02 5.242838299427169e-02 1.124347661273576e-16
969 4.037499999999999e-09 4.384956697540316e-16 1.124347871164184e-02 2.810869677910459e-02 5.242839488944542e-02 1.124347871164183e-16
970 4.041666666666666e-09 4.384957506932103e-16 1.124348078700539e-02 2.810870196751348e-02 5.242840665118145e-02 1.124348078700539e-16
971 4.045833333333332e-09 4.384958307244646e-16 1.124348283908884e-02 2.810870709772210e-02 5.242841828100078e-02 1.124348283908884e-16
972 4.049999999999998e-09 4.384959098579897e-16 1.124348486815358e-02 2.810871217038396e-02 5.242842978035039e-02 1.124348486815358e-16
973 4.054166666666665e-09 4.384959881038636e-16 1.124348687445804e-02 2.810871718614510e-02 5.242844115072541e-02 1.124348687445804e-16
974 4.058333333333332e-09 4.384960654720538e-16 1.124348885825779e-02 2.810872214564448e-02 5.242845239355060e-02 1.124348885825779e-16
975 4.062499999999998e-09 4.384961419723843e-16 1.124349081980473e-02 2.810872704951182e-02 5.242846351025446e-02 1.124349081980473e-16
976 4.066666666666665e-09 4.384962176145889e-16 1.124349275934843e-02 2.810873189837108e-02 5.242847450227286e-02 1.124349275934843e-16
977 4.070833333333332e-09 4.384962924082880e-16 1.124349467713559e-02 2.810873669283898e-02 5.242848537100470e-02 1.124349467713559e-16
978 4.074999999999998e-09 4.384963663630263e-16 1.124349657341093e-02 2.810874143352733e-02 5.242849611778595e-02 1.124349657341093e-16
979 4.079166666666665e-09 4.384964394882161e-16 1.124349844841580e-02 2.810874612103950e-02 5.242850674403767e-02 1.124349844841580e-16
980 4.083333333333332e-09 4.384965117931385e-16 1.124350030238817e-02 2.810875075597042e-02 5.242851725108847e-02 1.124350030238817e-16
981 4.087499999999999e-09 4.384965832870010e-16 1.124350213556413e-02 2.810875533891033e-02 5.242852764027427e-02 1.124350213556413e-16
982 4.091666666666665e-09 4.384966539789185e-16 1.124350394817740e-02 2.810875987044350e-02 5.242853791293848e-02 1.124350394817740e-16
983 4.095833333333332e-09 4.384967238778435e-16 1.124350574045753e-02 2.810876435114382e-02 5.242854807035412e-02 1.124350574045753e-16
984 4.099999999999999e-09 4.384967929926970e-16 1.124350751263326e-02 2.810876878158315e-02 5.242855811384238e-02 1.124350751263326e-16
985 4.104166666666665e-09 4.384968613322731e-16 1.124350926493008e-02 2.810877316232520e-02 5.242856804467263e-02 1.124350926493008e-16
986 4.108333333333332e-09 4.384969289053022e-16 1.124351099757185e-02 2.810877749392963e-02 5.242857786411417e-02 1.124351099757185e-16
987 4.112499999999999e-09 4.384969957203757e-16 1.124351271077887e-02 2.810878177694717e-02 5.242858757339940e-02 1.124351271077887e-16
988 4.116666666666665e-09 4.384970617859636e-16 1.124351440476830e-02 2.810878601192075e-02 5.242859717379396e-02 1.124351440476830e-16
989 4.120833333333332e-09 4.384971271104801e-16 1.124351607975590e-02 2.810879019938975e-02 5.242860666649688e-02 1.124351607975590e-16
990 4.124999999999999e-09 4.384971917022631e-16 1.124351773595546e-02 2.810879433988866e-02 5.242861605269241e-02 1.124351773595546e-16
991 4.129166666666666e-09 4.384972555694659e-16 1.124351937357605e-02 2.810879843394013e-02 5.242862533360917e-02 1.124351937357605e-16
992 4.133333333333332e-09 4.384973187202520e-16 1.124352099282698e-02 2.810880248206744e-02 5.242863451041664e-02 1.124352099282697e-16
993 4.137499999999998e-09 4.384973811626520e-16 1.124352259391415e-02 2.810880648478539e-02 5.242864358428793e-02 1.124352259391416e-16
994 4.141666666666665e-09 4.384974429046696e-16 1.124352417704281e-02 2.810881044260703e-02 5.242865255637397e-02 1.124352417704281e-16
995 4.145833333333332e-09 4.384975039541213e-16 1.124352574241337e-02 2.810881435603342e-02 5.242866142782938e-02 1.124352574241337e-16
996 4.149999999999998e-09 4.384975643187665e-16 1.124352729022478e-02 2.810881822556196e-02 5.242867019976442e-02 1.124352729022478e-16
997 4.154166666666665e-09 4.384976240062642e-16 1.124352882067344e-02 2.810882205168360e-02 5.242867887332627e-02 1.124352882067344e-16
998 4.158333333333332e-09 4.384976830242373e-16 1.124353033395480e-02 2.810882583488701e-02 5.242868744955859e-02 1.124353033395480e-16
999 4.162499999999998e-09 4.384977413802190e-16 1.124353183026203e-02 2.810882957565507e-02 5.242869592961229e-02 1.124353183026203e-16
1000 4.166666666666665e-09 4.384977990816247e-16 1.124353330978525e-02 2.810883327446313e-02 5.242870431455317e-02 1.124353330978525e-16
1001 4.170833333333332e-09 4.384978561357979e-16 1.124353477271277e-02 2.810883693178192e-02 5.242871260542118e-02 1.124353477271277e-16
1002 4.174999999999999e-09 4.384979125499579e-16 1.124353621922969e-02 2.810884054807423e-02 5.242872080327838e-02 1.124353621922969e-16
1003 4.179166666666665e-09 4.384979683312997e-16 1.124353764952051e-02 2.810884412380127e-02 5.242872890920171e-02 1.124353764952051e-16
1004 4.183333333333332e-09 4.384980234869558e-16 1.124353906376810e-02 2.810884765942025e-02 5.242873692419040e-02 1.124353906376810e-16
1005 4.187499999999999e-09 4.384980780239288e-16 1.124354046215202e-02 2.810885115538005e-02 5.242874484928431e-02 1.124354046215202e-16
1006 4.191666666666665e-09 4.384981319491475e-16 1.124354184484994e-02 2.810885461212485e-02 5.242875268547526e-02 1.124354184484994e-16
1007 4.195833333333332e-09 4.384981852694587e-16 1.124354321203740e-02 2.810885803009351e-02 5.242876043376245e-02 1.124354321203740e-16
1008 4.199999999999999e-09 4.384982379916818e-16 1.124354456388928e-02 2.810886140972320e-02 5.242876809514141e-02 1.124354456388928e-16
1009 4.204166666666665e-09 4.384982901225095e-16 1.124354590057717e-02 2.810886475144292e-02 5.242877567059648e-02 1.124354590057717e-16
1010 4.208333333333332e-09 4.384983416685694e-16 1.124354722227101e-02 2.810886805567753e-02 5.242878316103067e-02 1.124354722227101e-16
1011 4.212499999999999e-09 4.384983926364224e-16 1.124354852913904e-02 2.810887132284760e-02 5.242879056745801e-02 1.124354852913904e-16
1012 4.216666666666666e-09 4.384984430325714e-16 1.124354982134798e-02 2.810887455336996e-02 5.242879789082214e-02 1.124354982134799e-16
1013 4.220833333333332e-09 4.384984928634142e-16 1.124355109906190e-02 2.810887774765476e-02 5.242880513203717e-02 1.124355109906190e-16
1014 4.224999999999998e-09 4.384985421352673e-16 1.124355236244275e-02 2.810888090610688e-02 5.242881229203199e-02 1.124355236244275e-16
1015 4.229166666666665e-09 4.384985908544461e-16 1.124355361165246e-02 2.810888402913116e-02 5.242881937170958e-02 1.124355361165246e-16
1016 4.233333333333332e-09 4.384986390271462e-16 1.124355484684990e-02 2.810888711712476e-02 5.242882637197661e-02 1.124355484684991e-16
1017 4.237499999999998e-09 4.384986866594767e-16 1.124355606819171e-02 2.810889017047928e-02 5.242883329370647e-02 1.124355606819171e-16
1018 4.241666666666665e-09 4.384987337575467e-16 1.124355727583453e-02 2.810889318958633e-02 5.242884013779472e-02 1.124355727583453e-16
1019 4.245833333333332e-09 4.384987803273129e-16 1.124355846993110e-02 2.810889617482775e-02 5.242884690511847e-02 1.124355846993110e-16
1020 4.249999999999998e-09 4.384988263746845e-16 1.124355965063294e-02 2.810889912658234e-02 5.242885359651405e-02 1.124355965063294e-16
1021 4.254166666666665e-09 4.384988719055288e-16 1.124356081809048e-02 2.810890204522621e-02 5.242886021287335e-02 1.124356081809048e-16
1022 4.258333333333332e-09 4.384989169256161e-16 1.124356197245169e-02 2.810890493112924e-02 5.242886675501058e-02 1.124356197245169e-16
1023 4.262499999999998e-09 4.384989614407355e-16 1.124356311386501e-02 2.810890778466254e-02 5.242887322378053e-02 1.124356311386501e-16
1024 4.266666666666665e-09 4.384990054565380e-16 1.124356424247533e-02 2.810891060618834e-02 5.242887961996042e-02 1.124356424247533e-16
1025 4.270833333333332e-09 4.384990489785707e-16 1.124356535842489e-02 2.810891339606223e-02 5.242888594442729e-02 1.124356535842489e-16
1026 4.274999999999999e-09 4.384990920124444e-16 1.124356646185755e-02 2.810891615464387e-02 5.242889219792501e-02 1.124356646185755e-16
1027 4.279166666666665e-09 4.384991345635869e-16 1.124356755291249e-02 2.810891888228122e-02 5.242889838127514e-02 1.124356755291249e-16
1028 4.283333333333332e-09 4.384991766374140e-16 1.124356863172856e-02 2.810892157932142e-02 5.242890449527333e-02 1.124356863172856e-16
1029 4.287499999999999e-09 4.384992182393081e-16 1.124356969844380e-02 2.810892424610950e-02 5.242891054069306e-02 1.124356969844380e-16
1030 4.291666666666665e-09 4.384992593745370e-16 1.124357075319326e-02 2.810892688298315e-02 5.242891651829296e-02 1.124357075319326e-16
1031 4.295833333333332e-09 4.384993000483741e-16 1.124357179611216e-02 2.810892949028040e-02 5.242892242885017e-02 1.124357179611216e-16
1032 4.299999999999999e-09 4.384993402659458e-16 1.124357282733194e-02 2.810893206832986e-02 5.242892827311969e-02 1.124357282733194e-16
1033 4.304166666666666e-09 4.384993800323915e-16 1.124357384698440e-02 2.810893461746099e-02 5.242893405181943e-02 1.124357384698440e-16
1034 4.308333333333332e-09 4.384994193527758e-16 1.124357485519938e-02 2.810893713799846e-02 5.242893976569324e-02 1.124357485519938e-16
1035 4.312499999999998e-09 4.384994582320980e-16 1.124357585210508e-02 2.810893963026269e-02 5.242894541546279e-02 1.124357585210508e-16
1036 4.316666666666665e-09 4.384994966753131e-16 1.124357683782854e-02 2.810894209457136e-02 5.242895100187931e-02 1.124357683782854e-16
1037 4.320833333333331e-09 4.384995346873344e-16 1.124357781249575e-02 2.810894453123939e-02 5.242895652562744e-02 1.124357781249575e-16
1038 4.324999999999998e-09 4.384995722729551e-16 1.124357877622962e-02 2.810894694057405e-02 5.242896198741773e-02 1.124357877622962e-16
1039 4.329166666666665e-09 4.384996094369379e-16 1.124357972915225e-02 2.810894932288064e-02 5.242896738791627e-02 1.124357972915225e-16
1040 4.333333333333332e-09 4.384996461840503e-16 1.124358067138591e-02 2.810895167846477e-02 5.242897272785588e-02 1.124358067138591e-16
1041 4.337499999999998e-09 4.384996825189558e-16 1.124358160305015e-02 2.810895400762538e-02 5.242897800789894e-02 1.124358160305015e-16
1042 4.341666666666665e-09 4.384997184463299e-16 1.124358252426487e-02 2.810895631066218e-02 5.242898322871901e-02 1.124358252426487e-16
1043 4.345833333333332e-09 4.384997539706729e-16 1.124358343514546e-02 2.810895858786365e-02 5.242898839097483e-02 1.124358343514546e-16
1044 4.349999999999998e-09 4.384997890965390e-16 1.124358433580869e-02 2.810896083952173e-02 5.242899349531771e-02 1.124358433580869e-16
1045 4.354166666666665e-09 4.384998238283870e-16 1.124358522636890e-02 2.810896306592225e-02 5.242899854240268e-02 1.124358522636890e-16
1046 4.358333333333332e-09 4.384998581706551e-16 1.124358610693988e-02 2.810896526734969e-02 5.242900353287737e-02 1.124358610693987e-16
1047 4.362499999999999e-09 4.384998921276865e-16 1.124358697763299e-02 2.810896744408247e-02 5.242900846737463e-02 1.124358697763299e-16
1048 4.366666666666665e-09 4.384999257038169e-16 1.124358783855941e-02 2.810896959639852e-02 5.242901334651987e-02 1.124358783855941e-16
1049 4.370833333333332e-09 4.384999589033013e-16 1.124358868982824e-02 2.810897172457060e-02 5.242901817092369e-02 1.124358868982824e-16
1050 4.374999999999999e-09 4.384999917304081e-16 1.124358953154893e-02 2.810897382887232e-02 5.242902294123747e-02 1.124358953154893e-16
1051 4.379166666666665e-09 4.385000241892915e-16 1.124359036382799e-02 2.810897590956997e-02 5.242902765803110e-02 1.124359036382798e-16
1052 4.383333333333332e-09 4.385000562840607e-16 1.124359118677079e-02 2.810897796692697e-02 5.242903232192259e-02 1.124359118677079e-16
1053 4.387499999999999e-09 4.385000880188190e-16 1.124359200048254e-02 2.810898000120635e-02 5.242903693348557e-02 1.124359200048254e-16
1054 4.391666666666665e-09 4.385001193975890e-16 1.124359280506639e-02 2.810898201266597e-02 5.242904149332698e-02 1.124359280506639e-16
1055 4.395833333333332e-09 4.385001504243854e-16 1.124359360062527e-02 2.810898400156317e-02 5.242904600202039e-02 1.124359360062527e-16
1056 4.399999999999998e-09 4.385001811031914e-16 1.124359438726132e-02 2.810898596815330e-02 5.242905046011723e-02 1.124359438726132e-16
1057 4.404166666666665e-09 4.385002114378569e-16 1.124359516507325e-02 2.810898791268314e-02 5.242905486823556e-02 1.124359516507325e-16
1058 4.408333333333331e-09 4.385002414322559e-16 1.124359593416041e-02 2.810898983540103e-02 5.242905922688603e-02 1.124359593416041e-16
1059 4.412499999999998e-09 4.385002710901853e-16 1.124359669462014e-02 2.810899173655034e-02 5.242906353664230e-02 1.124359669462013e-16
1060 4.416666666666665e-09 4.385003004154191e-16 1.124359744654921e-02 2.810899361637302e-02 5.242906779805944e-02 1.124359744654921e-16
1061 4.420833333333332e-09 4.385003294117262e-16 1.124359819004426e-02 2.810899547511066e-02 5.242907201168517e-02 1.124359819004426e-16
1062 4.424999999999998e-09 4.385003580827586e-16 1.124359892519894e-02 2.810899731299735e-02 5.242907617805243e-02 1.124359892519894e-16
1063 4.429166666666665e-09 4.385003864322202e-16 1.124359965210821e-02 2.810899913027053e-02 5.242908029768301e-02 1.124359965210821e-16
1064 4.433333333333332e-09 4.385004144636716e-16 1.124360037086337e-02 2.810900092715844e-02 5.242908437109128e-02 1.124360037086337e-16
1065 4.437499999999998e-09 4.385004421806761e-16 1.124360108155580e-02 2.810900270388949e-02 5.242908839881018e-02 1.124360108155580e-16
1066 4.441666666666665e-09 4.385004695867849e-16 1.124360178427654e-02 2.810900446069134e-02 5.242909238135041e-02 1.124360178427654e-16
1067 4.445833333333332e-09 4.385004966854876e-16 1.124360247911507e-02 2.810900619778767e-02 5.242909631921894e-02 1.124360247911507e-16
1068 4.449999999999998e-09 4.385005234801874e-16 1.124360316615865e-02 2.810900791539663e-02 5.242910021290802e-02 1.124360316615865e-16
1069 4.454166666666665e-09 4.385005499743196e-16 1.124360384549538e-02 2.810900961373844e-02 5.242910406292833e-02 1.124360384549538e-16
1070 4.458333333333332e-09 4.385005761712911e-16 1.124360451721259e-02 2.810901129303148e-02 5.242910786976097e-02 1.124360451721259e-16
1071 4.462499999999999e-09 4.385006020744001e-16 1.124360518139488e-02 2.810901295348719e-02 5.242911163388701e-02 1.124360518139488e-16
1072 4.466666666666665e-09 4.385006276869614e-16 1.124360583812722e-02 2.810901459531804e-02 5.242911535578756e-02 1.124360583812722e-16
1073 4.470833333333332e-09 4.385006530122129e-16 1.124360648749264e-02 2.810901621873160e-02 5.242911903595115e-02 1.124360648749264e-16
1074 4.474999999999999e-09 4.385006780533466e-16 1.124360712957299e-02 2.810901782393248e-02 5.242912267483293e-02 1.124360712957299e-16
1075 4.479166666666665e-09 4.385007028136083e-16 1.124360776445150e-02 2.810901941112874e-02 5.242912627289551e-02 1.124360776445150e-16
1076 4.483333333333332e-09 4.385007272961380e-16 1.124360839220867e-02 2.810902098052167e-02 5.242912983060890e-02 1.124360839220867e-16
1077 4.487499999999999e-09 4.385007515040597e-16 1.124360901292461e-02 2.810902253231152e-02 5.242913334838756e-02 1.124360901292461e-16
1078 4.491666666666665e-09 4.385007754404345e-16 1.124360962667781e-02 2.810902406669452e-02 5.242913682671631e-02 1.124360962667781e-16
1079 4.495833333333331e-09 4.385007991082652e-16 1.124361023354526e-02 2.810902558386316e-02 5.242914026603551e-02 1.124361023354526e-16
1080 4.499999999999998e-09 4.385008225106583e-16 1.124361083360662e-02 2.810902708401656e-02 5.242914366677446e-02 1.124361083360662e-16
1081 4.504166666666665e-09 4.385008456505689e-16 1.124361142693766e-02 2.810902856734417e-02 5.242914702937724e-02 1.124361142693766e-16
1082 4.508333333333332e-09 4.385008685308771e-16 1.124361201361223e-02 2.810903003403059e-02 5.242915035425096e-02 1.124361201361223e-16
1083 4.512499999999998e-09 4.385008911545274e-16 1.124361259370583e-02 2.810903148426458e-02 5.242915364183597e-02 1.124361259370583e-16
1084 4.516666666666665e-09 4.385009135244097e-16 1.124361316729256e-02 2.810903291823139e-02 5.242915689254308e-02 1.124361316729256e-16
1085 4.520833333333332e-09 4.385009356433752e-16 1.124361373444552e-02 2.810903433611380e-02 5.242916010678677e-02 1.124361373444552e-16
1086 4.524999999999998e-09 4.385009575142209e-16 1.124361429523643e-02 2.810903573809109e-02 5.242916328496670e-02 1.124361429523644e-16
1087 4.529166666666665e-09 4.385009791397244e-16 1.124361484973652e-02 2.810903712434131e-02 5.242916642749739e-02 1.124361484973652e-16
1088 4.533333333333332e-09 4.385010005226842e-16 1.124361539801754e-02 2.810903849504386e-02 5.242916953477109e-02 1.124361539801754e-16
1089 4.537499999999998e-09 4.385010216657542e-16 1.124361594014755e-02 2.810903985036886e-02 5.242917260720598e-02 1.124361594014754e-16
1090 4.541666666666665e-09 4.385010425716951e-16 1.124361647619731e-02 2.810904119049328e-02 5.242917564517215e-02 1.124361647619731e-16
1091 4.545833333333332e-09 4.385010632430908e-16 1.124361700623310e-02 2.810904251558275e-02 5.242917864906189e-02 1.124361700623310e-16
1092 4.549999999999999e-09 4.385010836826497e-16 1.124361753032435e-02 2.810904382581089e-02 5.242918161925265e-02 1.124361753032435e-16
1093 4.554166666666665e-09 4.385011038929110e-16 1.124361804853618e-02 2.810904512134045e-02 5.242918455611820e-02 1.124361804853618e-16
1094 4.558333333333332e-09 4.385011238764815e-16 1.124361856093543e-02 2.810904640233856e-02 5.242918746005087e-02 1.124361856093543e-16
1095 4.562499999999999e-09 4.385011436359017e-16 1.124361906758722e-02 2.810904766896806e-02 5.242919033142068e-02 1.124361906758722e-16
1096 4.566666666666665e-09 4.385011631736763e-16 1.124361956855580e-02 2.810904892138951e-02 5.242919317057181e-02 1.124361956855580e-16
1097 4.570833333333332e-09 4.385011824922884e-16 1.124362006390483e-02 2.810905015976208e-02 5.242919597786324e-02 1.124362006390483e-16
1098 4.574999999999999e-09 4.385012015942042e-16 1.124362055369754e-02 2.810905138424386e-02 5.242919875368356e-02 1.124362055369754e-16
1099 4.579166666666665e-09 4.385012204818641e-16 1.124362103799652e-02 2.810905259499129e-02 5.242920149835842e-02 1.124362103799652e-16
1100 4.583333333333331e-09 4.385012391576245e-16 1.124362151686217e-02 2.810905379215542e-02 5.242920421223199e-02 1.124362151686217e-16
1101 4.587499999999998e-09 4.385012576239177e-16 1.124362199035686e-02 2.810905497589216e-02 5.242920689567435e-02 1.124362199035687e-16
1102 4.591666666666665e-09 4.385012758830714e-16 1.124362245854029e-02 2.810905614635073e-02 5.242920954902227e-02 1.124362245854029e-16
1103 4.595833333333331e-09 4.385012939373808e-16 1.124362292147130e-02 2.810905730367826e-02 5.242921217260880e-02 1.124362292147130e-16
1104 4.599999999999998e-09 4.385013117892027e-16 1.124362337921033e-02 2.810905844802582e-02 5.242921476673741e-02 1.124362337921033e-16
1105 4.604166666666665e-09 4.385013294407431e-16 1.124362383181393e-02 2.810905957953482e-02 5.242921733177818e-02 1.124362383181393e-16
1106 4.608333333333332e-09 4.385013468943328e-16 1.124362427934187e-02 2.810906069835467e-02 5.242921986806787e-02 1.124362427934187e-16
1107 4.612499999999998e-09 4.385013641521353e-16 1.124362472184962e-02 2.810906180462406e-02 5.242922237590256e-02 1.124362472184962e-16
1108 4.616666666666665e-09 4.385013812163273e-16 1.124362515939301e-02 2.810906289848252e-02 5.242922485560049e-02 1.124362515939301e-16
1109 4.620833333333332e-09 4.385013980891408e-16 1.124362559202925e-02 2.810906398007313e-02 5.242922730748362e-02 1.124362559202925e-16
1110 4.624999999999998e-09 4.385014147726670e-16 1.124362601981197e-02 2.810906504952994e-02 5.242922973186655e-02 1.124362601981197e-16
1111 4.629166666666665e-09 4.385014312690659e-16 1.124362644279656e-02 2.810906610699141e-02 5.242923212904530e-02 1.124362644279656e-16
1112 4.633333333333332e-09 4.385014475803923e-16 1.124362686103570e-02 2.810906715258925e-02 5.242923449935295e-02 1.124362686103570e-16
1113 4.637499999999999e-09 4.385014637087637e-16 1.124362727458368e-02 2.810906818645921e-02 5.242923684305226e-02 1.124362727458369e-16
1114 4.641666666666665e-09 4.385014796562267e-16 1.124362768349299e-02 2.810906920873248e-02 5.242923916047999e-02 1.124362768349299e-16
1115 4.645833333333332e-09 4.385014954247837e-16 1.124362808781497e-02 2.810907021953742e-02 5.242924145189148e-02 1.124362808781496e-16
1116 4.649999999999999e-09 4.385015110164784e-16 1.124362848760201e-02 2.810907121900503e-02 5.242924371761244e-02 1.124362848760201e-16
1117 4.654166666666665e-09 4.385015264332514e-16 1.124362888290388e-02 2.810907220725970e-02 5.242924595792778e-02 1.124362888290388e-16
1118 4.658333333333332e-09 4.385015416771025e-16 1.124362927377186e-02 2.810907318442965e-02 5.242924817309657e-02 1.124362927377186e-16
1119 4.662499999999999e-09 4.385015567499647e-16 1.124362966025550e-02 2.810907415063876e-02 5.242925036343336e-02 1.124362966025551e-16
1120 4.666666666666665e-09 4.385015716537572e-16 1.124363004240403e-02 2.810907510601008e-02 5.242925252919724e-02 1.124363004240403e-16
1121 4.670833333333331e-09 4.385015863903862e-16 1.124363042026631e-02 2.810907605066578e-02 5.242925467065831e-02 1.124363042026631e-16
1122 4.674999999999998e-09 4.385016009617323e-16 1.124363079389057e-02 2.810907698472643e-02 5.242925678810158e-02 1.124363079389057e-16
1123 4.679166666666665e-09 4.385016153696018e-16 1.124363116332312e-02 2.810907790830781e-02 5.242925888178976e-02 1.124363116332312e-16
1124 4.683333333333331e-09 4.385016296158898e-16 1.124363152861256e-02 2.810907882153140e-02 5.242926095199674e-02 1.124363152861256e-16
1125 4.687499999999998e-09 4.385016437023795e-16 1.124363188980460e-02 2.810907972451151e-02 5.242926299897413e-02 1.124363188980460e-16
1126 4.691666666666665e-09 4.385016576308410e-16 1.124363224694464e-02 2.810908061736161e-02 5.242926502298102e-02 1.124363224694464e-16
1127 4.695833333333332e-09 4.385016714030521e-16 1.124363260007826e-02 2.810908150019565e-02 5.242926702429865e-02 1.124363260007826e-16
1128 4.699999999999998e-09 4.385016850207766e-16 1.124363294925068e-02 2.810908237312671e-02 5.242926900316757e-02 1.124363294925068e-16
1129 4.704166666666665e-09 4.385016984857760e-16 1.124363329450708e-02 2.810908323626770e-02 5.242927095984312e-02 1.124363329450708e-16
1130 4.708333333333332e-09 4.385017117996955e-16 1.124363363588963e-02 2.810908408972407e-02 5.242927289458068e-02 1.124363363588963e-16
1131 4.712499999999998e-09 4.385017249642725e-16 1.124363397344289e-02 2.810908493360722e-02 5.242927480761338e-02 1.124363397344289e-16
1132 4.716666666666665e-09 4.385017379811816e-16 1.124363430720978e-02 2.810908576802447e-02 5.242927669918916e-02 1.124363430720979e-16
1133 4.720833333333332e-09 4.385017508520673e-16 1.124363463723249e-02 2.810908659308124e-02 5.242927856953380e-02 1.124363463723249e-16
1134 4.724999999999998e-09 4.385017635786065e-16 1.124363496355401e-02 2.810908740888504e-02 5.242928041889889e-02 1.124363496355401e-16
1135 4.729166666666665e-09 4.385017761623990e-16 1.124363528621536e-02 2.810908821553840e-02 5.242928224753243e-02 1.124363528621536e-16
1136 4.733333333333332e-09 4.385017886050304e-16 1.124363560525719e-02 2.810908901314298e-02 5.242928405563425e-02 1.124363560525719e-16
1137 4.737499999999999e-09 4.385018009080831e-16 1.124363592072008e-02 2.810908980180020e-02 5.242928584347818e-02 1.124363592072008e-16
1138 4.741666666666665e-09 4.385018130731087e-16 1.124363623264381e-02 2.810909058160953e-02 5.242928761124561e-02 1.124363623264381e-16
1139 4.745833333333332e-09 4.385018251016599e-16 1.124363654106820e-02 2.810909135267051e-02 5.242928935920295e-02 1.124363654106820e-16
1140 4.749999999999999e-09 4.385018369953144e-16 1.124363684603370e-02 2.810909211508426e-02 5.242929108753153e-02 1.124363684603370e-16
1141 4.754166666666665e-09 4.385018487555822e-16 1.124363714757903e-02 2.810909286894758e-02 5.242929279647193e-02 1.124363714757903e-16
1142 4.758333333333331e-09 4.385018603839098e-16 1.124363744574128e-02 2.810909361435319e-02 5.242929448623877e-02 1.124363744574128e-16
1143 4.762499999999998e-09 4.385018718818234e-16 1.124363774055958e-02 2.810909435139894e-02 5.242929615708002e-02 1.124363774055958e-16
1144 4.766666666666665e-09 4.385018832507589e-16 1.124363803207074e-02 2.810909508017685e-02 5.242929780917331e-02 1.124363803207074e-16
1145 4.770833333333331e-09 4.385018944921573e-16 1.124363832031173e-02 2.810909580077932e-02 5.242929944272955e-02 1.124363832031173e-16
1146 4.774999999999998e-09 4.385019056074539e-16 1.124363860531933e-02 2.810909651329833e-02 5.242930105794863e-02 1.124363860531933e-16
1147 4.779166666666665e-09 4.385019165980672e-16 1.124363888712993e-02 2.810909721782482e-02 5.242930265507844e-02 1.124363888712993e-16
1148 4.783333333333331e-09 4.385019274654345e-16 1.124363916578037e-02 2.810909791445093e-02 5.242930423427818e-02 1.124363916578037e-16
1149 4.787499999999998e-09 4.385019382108656e-16 1.124363944130425e-02 2.810909860326062e-02 5.242930579575505e-02 1.124363944130425e-16
1150 4.791666666666665e-09 4.385019488357698e-16 1.124363971373769e-02 2.810909928434422e-02 5.242930733973112e-02 1.124363971373769e-16
1151 4.795833333333332e-09 4.385019593414795e-16 1.124363998311486e-02 2.810909995778715e-02 5.242930886637660e-02 1.124363998311486e-16
1152 4.799999999999998e-09 4.385019697293208e-16 1.124364024946977e-02 2.810910062367441e-02 5.242931037590614e-02 1.124364024946977e-16
1153 4.804166666666665e-09 4.385019800006656e-16 1.124364051283758e-02 2.810910128209395e-02 5.242931186848997e-02 1.124364051283758e-16
1154 4.808333333333332e-09 4.385019901567947e-16 1.124364077325115e-02 2.810910193312787e-02 5.242931334433534e-02 1.124364077325115e-16
1155 4.812499999999998e-09 4.385020001990139e-16 1.124364103074395e-02 2.810910257685987e-02 5.242931480363470e-02 1.124364103074394e-16
1156 4.816666666666665e-09 4.385020101285769e-16 1.124364128534813e-02 2.810910321337032e-02 5.242931624654715e-02 1.124364128534813e-16
1157 4.820833333333332e-09 4.385020199467448e-16 1.124364153709602e-02 2.810910384274005e-02 5.242931767328734e-02 1.124364153709602e-16
1158 4.824999999999999e-09 4.385020296547708e-16 1.124364178601977e-02 2.810910446504941e-02 5.242931908402184e-02 1.124364178601976e-16
1159 4.829166666666665e-09 4.385020392539398e-16 1.124364203215230e-02 2.810910508038076e-02 5.242932047890976e-02 1.124364203215230e-16
1160 4.833333333333332e-09 4.385020487454226e-16 1.124364227552366e-02 2.810910568880914e-02 5.242932185816943e-02 1.124364227552366e-16
1161 4.837499999999999e-09 4.385020581304325e-16 1.124364251616494e-02 2.810910629041235e-02 5.242932322196739e-02 1.124364251616494e-16
1162 4.841666666666665e-09 4.385020674101594e-16 1.124364275410665e-02 2.810910688526663e-02 5.242932457045168e-02 1.124364275410665e-16
1163 4.845833333333331e-09 4.385020765858028e-16 1.124364298937956e-02 2.810910747344890e-02 5.242932590382583e-02 1.124364298937956e-16
1164 4.849999999999998e-09 4.385020856585087e-16 1.124364322201304e-02 2.810910805503261e-02 5.242932722223788e-02 1.124364322201304e-16
1165 4.854166666666665e-09 4.385020946294564e-16 1.124364345203735e-02 2.810910863009337e-02 5.242932852584693e-02 1.124364345203735e-16
1166 4.858333333333331e-09 4.385021034998040e-16 1.124364367948215e-02 2.810910919870539e-02 5.242932981486028e-02 1.124364367948215e-16
1167 4.862499999999998e-09 4.385021122706348e-16 1.124364390437525e-02 2.810910976093814e-02 5.242933108939632e-02 1.124364390437525e-16
1168 4.866666666666665e-09 4.385021209430628e-16 1.124364412674520e-02 2.810911031686301e-02 5.242933234965488e-02 1.124364412674520e-16
1169 4.870833333333331e-09 4.385021295182266e-16 1.124364434662119e-02 2.810911086655299e-02 5.242933359575810e-02 1.124364434662119e-16
1170 4.874999999999998e-09 4.385021379971920e-16 1.124364456403057e-02 2.810911141007642e-02 5.242933482789842e-02 1.124364456403057e-16
1171 4.879166666666665e-09 4.385021463810744e-16 1.124364477900191e-02 2.810911194750477e-02 5.242933604619056e-02 1.124364477900191e-16
1172 4.883333333333332e-09 4.385021546708767e-16 1.124364499156094e-02 2.810911247890236e-02 5.242933725083804e-02 1.124364499156094e-16
1173 4.887499999999998e-09 4.385021628676944e-16 1.124364520173575e-02 2.810911300433939e-02 5.242933844195562e-02 1.124364520173575e-16
1174 4.891666666666665e-09 4.385021709725731e-16 1.124364540955316e-02 2.810911352388289e-02 5.242933961973200e-02 1.124364540955316e-16
1175 4.895833333333332e-09 4.385021789865538e-16 1.124364561503984e-02 2.810911403759961e-02 5.242934078430786e-02 1.124364561503984e-16
1176 4.899999999999998e-09 4.385021869106569e-16 1.124364581822197e-02 2.810911454555493e-02 5.242934193579787e-02 1.124364581822197e-16
1177 4.904166666666665e-09 4.385021947458527e-16 1.124364601912443e-02 2.810911504781107e-02 5.242934307438338e-02 1.124364601912443e-16
1178 4.908333333333332e-09 4.385022024931436e-16 1.124364621777291e-02 2.810911554443229e-02 5.242934420018285e-02 1.124364621777291e-16
1179 4.912499999999998e-09 4.385022101535674e-16 1.124364641419404e-02 2.810911603548509e-02 5.242934531337017e-02 1.124364641419404e-16
1180 4.916666666666665e-09 4.385022177280529e-16 1.124364660841161e-02 2.810911652102904e-02 5.242934641405637e-02 1.124364660841161e-16
1181 4.920833333333332e-09 4.385022252175417e-16 1.124364680044979e-02 2.810911700112447e-02 5.242934750240430e-02 1.124364680044979e-16
1182 4.924999999999999e-09 4.385022326230395e-16 1.124364699033435e-02 2.810911747583587e-02 5.242934857853609e-02 1.124364699033435e-16
1183 4.929166666666665e-09 4.385022399454599e-16 1.124364717808872e-02 2.810911794522179e-02 5.242934964259233e-02 1.124364717808872e-16
1184 4.933333333333331e-09 4.385022471857620e-16 1.124364736373749e-02 2.810911840934372e-02 5.242935069471368e-02 1.124364736373749e-16
1185 4.937499999999998e-09 4.385022543448584e-16 1.124364754730406e-02 2.810911886826016e-02 5.242935173505558e-02 1.124364754730406e-16
1186 4.941666666666665e-09 4.385022614236310e-16 1.124364772881105e-02 2.810911932202763e-02 5.242935276369942e-02 1.124364772881105e-16
1187 4.945833333333331e-09 4.385022684230213e-16 1.124364790828260e-02 2.810911977070649e-02 5.242935378083023e-02 1.124364790828260e-16
1188 4.949999999999998e-09 4.385022753438615e-16 1.124364808574004e-02 2.810912021435010e-02 5.242935478652577e-02 1.124364808574004e-16
1189 4.954166666666665e-09 4.385022821870982e-16 1.124364826120765e-02 2.810912065301912e-02 5.242935578095993e-02 1.124364826120765e-16
1190 4.958333333333331e-09 4.385022889535596e-16 1.124364843470666e-02 2.810912108676665e-02 5.242935676422894e-02 1.124364843470666e-16
1191 4.962499999999998e-09 4.385022956440919e-16 1.124364860625877e-02 2.810912151564692e-02 5.242935773648456e-02 1.124364860625877e-16
1192 4.966666666666665e-09 4.385023022595725e-16 1.124364877588648e-02 2.810912193971619e-02 5.242935869781187e-02 1.124364877588648e-16
1193 4.970833333333332e-09 4.385023088008620e-16 1.124364894361185e-02 2.810912235902962e-02 5.242935964838112e-02 1.124364894361185e-16
1194 4.974999999999998e-09 4.385023152687853e-16 1.124364910945603e-02 2.810912277364009e-02 5.242936058827002e-02 1.124364910945603e-16
1195 4.979166666666665e-09 4.385023216641713e-16 1.124364927344029e-02 2.810912318360073e-02 5.242936151762292e-02 1.124364927344029e-16
1196 4.983333333333332e-09 4.385023279878161e-16 1.124364943558503e-02 2.810912358896257e-02 5.242936243655451e-02 1.124364943558503e-16
1197 4.987499999999998e-09 4.385023342405420e-16 1.124364959591133e-02 2.810912398977834e-02 5.242936334517955e-02 1.124364959591133e-16
1198 4.991666666666665e-09 4.385023404231156e-16 1.124364975443886e-02 2.810912438609715e-02 5.242936424360532e-02 1.124364975443886e-16
1199 4.995833333333332e-09 4.385023465363450e-16 1.124364991118833e-02 2.810912477797084e-02 5.242936513195028e-02 1.124364991118834e-16
1200 4.999999999999998e-09 4.385023525809964e-16 1.124365006617939e-02 2.810912516544849e-02 5.242936601033284e-02 1.124365006617939e-16
1201 5.004166666666665e-09 4.385023585578456e-16 1.124365021943194e-02 2.810912554857985e-02 5.242936687886399e-02 1.124365021943194e-16
1202 5.008333333333332e-09 4.385023644676563e-16 1.124365037096555e-02 2.810912592741387e-02 5.242936773765481e-02 1.124365037096555e-16
1203 5.012499999999999e-09 4.385023703111761e-16 1.124365052079939e-02 2.810912630199847e-02 5.242936858679780e-02 1.124365052079939e-16
1204 5.016666666666665e-09 4.385023760891431e-16 1.124365066895239e-02 2.810912667238097e-02 5.242936942642616e-02 1.124365066895239e-16
1205 5.020833333333332e-09 4.385023818022591e-16 1.124365081544254e-02 2.810912703860636e-02 5.242937025663614e-02 1.124365081544254e-16
1206 5.024999999999998e-09 4.385023874513056e-16 1.124365096028989e-02 2.810912740072472e-02 5.242937107753875e-02 1.124365096028989e-16
1207 5.029166666666665e-09 4.385023930369894e-16 1.124365110351255e-02 2.810912775878138e-02 5.242937188923390e-02 1.124365110351255e-16
1208 5.033333333333331e-09 4.385023985600270e-16 1.124365124512890e-02 2.810912811282225e-02 5.242937269182893e-02 1.124365124512890e-16
1209 5.037499999999998e-09 4.385024040211276e-16 1.124365138515712e-02 2.810912846289280e-02 5.242937348540155e-02 1.124365138515712e-16
1210 5.041666666666665e-09 4.385024094209393e-16 1.124365152361383e-02 2.810912880903457e-02 5.242937427008497e-02 1.124365152361383e-16
1211 5.045833333333331e-09 4.385024147602007e-16 1.124365166051797e-02 2.810912915129492e-02 5.242937504596063e-02 1.124365166051797e-16
1212 5.049999999999998e-09 4.385024200395727e-16 1.124365179588648e-02 2.810912948971620e-02 5.242937581313215e-02 1.124365179588648e-16
1213 5.054166666666665e-09 4.385024252597231e-16 1.124365192973649e-02 2.810912982434123e-02 5.242937657169573e-02 1.124365192973649e-16
1214 5.058333333333331e-09 4.385024304213201e-16 1.124365206208513e-02 2.810913015521283e-02 5.242937732176240e-02 1.124365206208513e-16
1215 5.062499999999998e-09 4.385024355250165e-16 1.124365219294914e-02 2.810913048237286e-02 5.242937806341359e-02 1.124365219294914e-16
1216 5.066666666666665e-09 4.385024405714944e-16 1.124365232234601e-02 2.810913080586503e-02 5.242937879673071e-02 1.124365232234601e-16
1217 5.070833333333332e-09 4.385024455613669e-16 1.124365245029146e-02 2.810913112572865e-02 5.242937952183585e-02 1.124365245029146e-16
1218 5.074999999999998e-09 4.385024504952246e-16 1.124365257680063e-02 2.810913144200158e-02 5.242938023880679e-02 1.124365257680063e-16
1219 5.079166666666665e-09 4.385024553737630e-16 1.124365270189136e-02 2.810913175472840e-02 5.242938094775079e-02 1.124365270189136e-16
1220 5.083333333333332e-09 4.385024601975806e-16 1.124365282557899e-02 2.810913206394748e-02 5.242938164872341e-02 1.124365282557899e-16
1221 5.087499999999998e-09 4.385024649672709e-16 1.124365294787874e-02 2.810913236969685e-02 5.242938234184306e-02 1.124365294787874e-16
1222 5.091666666666665e-09 4.385024696834622e-16 1.124365306880673e-02 2.810913267201682e-02 5.242938302719111e-02 1.124365306880673e-16
1223 5.095833333333332e-09 4.385024743467552e-16 1.124365318837834e-02 2.810913297094585e-02 5.242938370485645e-02 1.124365318837834e-16
1224 5.099999999999999e-09 4.385024789577459e-16 1.124365330660887e-02 2.810913326652218e-02 5.242938437490195e-02 1.124365330660887e-16
1225 5.104166666666665e-09 4.385024835169858e-16 1.124365342351246e-02 2.810913355878114e-02 5.242938503743124e-02 1.124365342351246e-16
1226 5.108333333333332e-09 4.385024880251111e-16 1.124365353910541e-02 2.810913384776353e-02 5.242938569252945e-02 1.124365353910541e-16
1227 5.112499999999998e-09 4.385024924826627e-16 1.124365365340161e-02 2.810913413350402e-02 5.242938634027427e-02 1.124365365340161e-16
1228 5.116666666666665e-09 4.385024968902120e-16 1.124365376641569e-02 2.810913441603924e-02 5.242938698076563e-02 1.124365376641569e-16
1229 5.120833333333331e-09 4.385025012483174e-16 1.124365387816199e-02 2.810913469540496e-02 5.242938761404056e-02 1.124365387816199e-16
1230 5.124999999999998e-09 4.385025055575333e-16 1.124365398865470e-02 2.810913497163675e-02 5.242938824024334e-02 1.124365398865470e-16
1231 5.129166666666665e-09 4.385025098184042e-16 1.124365409790780e-02 2.810913524476951e-02 5.242938885942583e-02 1.124365409790780e-16
1232 5.133333333333331e-09 4.385025140314978e-16 1.124365420593584e-02 2.810913551483961e-02 5.242938947165830e-02 1.124365420593584e-16
1233 5.137499999999998e-09 4.385025181973107e-16 1.124365431275156e-02 2.810913578187890e-02 5.242939007702591e-02 1.124365431275156e-16
1234 5.141666666666665e-09 4.385025223164131e-16 1.124365441836957e-02 2.810913604592392e-02 5.242939067558785e-02 1.124365441836956e-16
1235 5.145833333333331e-09 4.385025263893450e-16 1.124365452280372e-02 2.810913630700930e-02 5.242939126744404e-02 1.124365452280372e-16
1236 5.149999999999998e-09 4.385025304165598e-16 1.124365462606564e-02 2.810913656516409e-02 5.242939185266480e-02 1.124365462606564e-16
1237 5.154166666666665e-09 4.385025343986308e-16 1.124365472817002e-02 2.810913682042505e-02 5.242939243131305e-02 1.124365472817002e-16
1238 5.158333333333332e-09 4.385025383360020e-16 1.124365482912826e-02 2.810913707282064e-02 5.242939300347760e-02 1.124365482912825e-16
1239 5.162499999999998e-09 4.385025422291971e-16 1.124365492895377e-02 2.810913732238443e-02 5.242939356921763e-02 1.124365492895377e-16
1240 5.166666666666665e-09 4.385025460787257e-16 1.124365502765963e-02 2.810913756914909e-02 5.242939412860721e-02 1.124365502765963e-16
1241 5.170833333333332e-09 4.385025498850947e-16 1.124365512525884e-02 2.810913781314710e-02 5.242939468172771e-02 1.124365512525884e-16
1242 5.174999999999998e-09 4.385025536487384e-16 1.124365522176252e-02 2.810913805440631e-02 5.242939522864948e-02 1.124365522176253e-16
1243 5.179166666666665e-09 4.385025573701770e-16 1.124365531718403e-02 2.810913829296006e-02 5.242939576945021e-02 1.124365531718403e-16
1244 5.183333333333332e-09 4.385025610498701e-16 1.124365541153513e-02 2.810913852883783e-02 5.242939630414103e-02 1.124365541153513e-16
1245 5.187499999999998e-09 4.385025646883146e-16 1.124365550482858e-02 2.810913876207145e-02 5.242939683286254e-02 1.124365550482858e-16
1246 5.191666666666665e-09 4.385025682859002e-16 1.124365559707436e-02 2.810913899268591e-02 5.242939735565916e-02 1.124365559707436e-16
1247 5.195833333333332e-09 4.385025718431575e-16 1.124365568828609e-02 2.810913922071523e-02 5.242939787257160e-02 1.124365568828609e-16
1248 5.199999999999999e-09 4.385025753605056e-16 1.124365577847450e-02 2.810913944618626e-02 5.242939838369978e-02 1.124365577847451e-16
1249 5.204166666666664e-09 4.385025788383707e-16 1.124365586765053e-02 2.810913966912633e-02 5.242939888908810e-02 1.124365586765053e-16
1250 5.208333333333331e-09 4.385025822772415e-16 1.124365595582671e-02 2.810913988956677e-02 5.242939938881798e-02 1.124365595582671e-16
1251 5.212499999999998e-09 4.385025856775536e-16 1.124365604301420e-02 2.810914010753549e-02 5.242939988293754e-02 1.124365604301420e-16
1252 5.216666666666665e-09 4.385025890396989e-16 1.124365612922305e-02 2.810914032305763e-02 5.242940037151710e-02 1.124365612922305e-16
1253 5.220833333333331e-09 4.385025923641460e-16 1.124365621446528e-02 2.810914053616321e-02 5.242940085460844e-02 1.124365621446528e-16
1254 5.224999999999998e-09 4.385025956512991e-16 1.124365629875126e-02 2.810914074687815e-02 5.242940133229300e-02 1.124365629875126e-16
1255 5.229166666666665e-09 4.385025989016080e-16 1.124365638209251e-02 2.810914095523129e-02 5.242940180461518e-02 1.124365638209251e-16
1256 5.233333333333331e-09 4.385026021154286e-16 1.124365646449817e-02 2.810914116124543e-02 5.242940227161570e-02 1.124365646449817e-16
1257 5.237499999999998e-09 4.385026052932227e-16 1.124365654598007e-02 2.810914136495017e-02 5.242940273340555e-02 1.124365654598007e-16
1258 5.241666666666665e-09 4.385026084353422e-16 1.124365662654724e-02 2.810914156636809e-02 5.242940319002549e-02 1.124365662654724e-16
1259 5.245833333333332e-09 4.385026115422424e-16 1.124365670621135e-02 2.810914176552837e-02 5.242940364149397e-02 1.124365670621135e-16
1260 5.249999999999998e-09 4.385026146142705e-16 1.124365678498129e-02 2.810914196245324e-02 5.242940408789617e-02 1.124365678498130e-16
1261 5.254166666666665e-09 4.385026176518529e-16 1.124365686286802e-02 2.810914215717006e-02 5.242940452932082e-02 1.124365686286802e-16
1262 5.258333333333332e-09 4.385026206553329e-16 1.124365693988033e-02 2.810914234970083e-02 5.242940496577170e-02 1.124365693988033e-16
1263 5.262499999999998e-09 4.385026236251388e-16 1.124365701602920e-02 2.810914254007300e-02 5.242940539732650e-02 1.124365701602920e-16
1264 5.266666666666665e-09 4.385026265616458e-16 1.124365709132425e-02 2.810914272831063e-02 5.242940582404442e-02 1.124365709132425e-16
1265 5.270833333333332e-09 4.385026294651919e-16 1.124365716577415e-02 2.810914291443539e-02 5.242940624597358e-02 1.124365716577416e-16
1266 5.274999999999998e-09 4.385026323361806e-16 1.124365723938925e-02 2.810914309847312e-02 5.242940666318429e-02 1.124365723938925e-16
1267 5.279166666666665e-09 4.385026351749757e-16 1.124365731217886e-02 2.810914328044716e-02 5.242940707572095e-02 1.124365731217887e-16
1268 5.283333333333332e-09 4.385026379819275e-16 1.124365738415199e-02 2.810914346037997e-02 5.242940748360949e-02 1.124365738415199e-16
1269 5.287499999999999e-09 4.385026407574028e-16 1.124365745531802e-02 2.810914363829506e-02 5.242940788693872e-02 1.124365745531802e-16
1270 5.291666666666664e-09 4.385026435017177e-16 1.124365752568507e-02 2.810914381421268e-02 5.242940828572343e-02 1.124365752568507e-16
1271 5.295833333333331e-09 4.385026462152380e-16 1.124365759526252e-02 2.810914398815629e-02 5.242940868004134e-02 1.124365759526252e-16
1272 5.299999999999998e-09 4.385026488983253e-16 1.124365766405962e-02 2.810914416014906e-02 5.242940906992946e-02 1.124365766405962e-16
1273 5.304166666666665e-09 4.385026515513396e-16 1.124365773208563e-02 2.810914433021408e-02 5.242940945545441e-02 1.124365773208563e-16
1274 5.308333333333331e-09 4.385026541746003e-16 1.124365779934873e-02 2.810914449837182e-02 5.242940983667168e-02 1.124365779934873e-16
1275 5.312499999999998e-09 4.385026567684471e-16 1.124365786585762e-02 2.810914466464405e-02 5.242941021358500e-02 1.124365786585762e-16
1276 5.316666666666665e-09 4.385026593331693e-16 1.124365793161973e-02 2.810914482904932e-02 5.242941058629797e-02 1.124365793161973e-16
1277 5.320833333333331e-09 4.385026618691496e-16 1.124365799664486e-02 2.810914499161216e-02 5.242941095480320e-02 1.124365799664486e-16
1278 5.324999999999998e-09 4.385026643766560e-16 1.124365806093990e-02 2.810914515234975e-02 5.242941131919320e-02 1.124365806093990e-16
1279 5.329166666666665e-09 4.385026668560322e-16 1.124365812451365e-02 2.810914531128412e-02 5.242941167946057e-02 1.124365812451365e-16
1280 5.333333333333331e-09 4.385026693075626e-16 1.124365818737340e-02 2.810914546843351e-02 5.242941203572744e-02 1.124365818737340e-16
1281 5.337499999999998e-09 4.385026717316352e-16 1.124365824952911e-02 2.810914562382277e-02 5.242941238796791e-02 1.124365824952911e-16
1282 5.341666666666665e-09 4.385026741285338e-16 1.124365831098805e-02 2.810914577747012e-02 5.242941273626706e-02 1.124365831098805e-16
1283 5.345833333333332e-09 4.385026764985340e-16 1.124365837175728e-02 2.810914592939321e-02 5.242941308066564e-02 1.124365837175728e-16
1284 5.349999999999998e-09 4.385026788419670e-16 1.124365843184531e-02 2.810914607961327e-02 5.242941342121546e-02 1.124365843184531e-16
1285 5.354166666666665e-09 4.385026811590837e-16 1.124365849125856e-02 2.810914622814639e-02 5.242941375791649e-02 1.124365849125856e-16
1286 5.358333333333332e-09 4.385026834502132e-16 1.124365855000547e-02 2.810914637501367e-02 5.242941409086868e-02 1.124365855000547e-16
1287 5.362499999999998e-09 4.385026857156251e-16 1.124365860809295e-02 2.810914652023238e-02 5.242941442004981e-02 1.124365860809295e-16
1288 5.366666666666665e-09 4.385026879556279e-16 1.124365866552892e-02 2.810914666382231e-02 5.242941474555980e-02 1.124365866552892e-16
1289 5.370833333333332e-09 4.385026901705152e-16 1.124365872232090e-02 2.810914680580226e-02 5.242941506741346e-02 1.124365872232091e-16
1290 5.374999999999998e-09 4.385026923606122e-16 1.124365877847724e-02 2.810914694619309e-02 5.242941538568850e-02 1.124365877847724e-16
1291 5.379166666666664e-09 4.385026945261163e-16 1.124365883400298e-02 2.810914708500746e-02 5.242941570036640e-02 1.124365883400298e-16
1292 5.383333333333331e-09 4.385026966673169e-16 1.124365888890556e-02 2.810914722226391e-02 5.242941601153231e-02 1.124365888890556e-16
1293 5.387499999999998e-09 4.385026987844857e-16 1.124365894319194e-02 2.810914735797986e-02 5.242941631918621e-02 1.124365894319194e-16
1294 5.391666666666664e-09 4.385027008779103e-16 1.124365899686950e-02 2.810914749217374e-02 5.242941662340212e-02 1.124365899686949e-16
1295 5.395833333333331e-09 4.385027029478765e-16 1.124365904994555e-02 2.810914762486388e-02 5.242941692418744e-02 1.124365904994555e-16
1296 5.399999999999998e-09 4.385027049945965e-16 1.124365910242555e-02 2.810914775606388e-02 5.242941722162360e-02 1.124365910242555e-16
1297 5.404166666666665e-09 4.385027070183375e-16 1.124365915431635e-02 2.810914788579087e-02 5.242941751569577e-02 1.124365915431635e-16
1298 5.408333333333331e-09 4.385027090194096e-16 1.124365920562589e-02 2.810914801406472e-02 5.242941780648538e-02 1.124365920562589e-16
1299 5.412499999999998e-09 4.385027109980031e-16 1.124365925635906e-02 2.810914814089764e-02 5.242941809401834e-02 1.124365925635906e-16
1300 5.416666666666665e-09 4.385027129544162e-16 1.124365930652349e-02 2.810914826630873e-02 5.242941837831314e-02 1.124365930652349e-16
1301 5.420833333333331e-09 4.385027148889098e-16 1.124365935612589e-02 2.810914839031474e-02 5.242941865942533e-02 1.124365935612589e-16
1302 5.424999999999998e-09 4.385027168016713e-16 1.124365940517106e-02 2.810914851292765e-02 5.242941893738446e-02 1.124365940517106e-16
1303 5.429166666666665e-09 4.385027186930096e-16 1.124365945366691e-02 2.810914863416729e-02 5.242941921222017e-02 1.124365945366691e-16
1304 5.433333333333332e-09 4.385027205631242e-16 1.124365950161857e-02 2.810914875404643e-02 5.242941948398056e-02 1.124365950161857e-16
1305 5.437499999999998e-09 4.385027224122423e-16 1.124365954903185e-02 2.810914887257964e-02 5.242941975267674e-02 1.124365954903185e-16
1306 5.441666666666665e-09 4.385027242406105e-16 1.124365959591309e-02 2.810914898978273e-02 5.242942001837161e-02 1.124365959591309e-16
1307 5.445833333333332e-09 4.385027260484505e-16 1.124365964226796e-02 2.810914910566991e-02 5.242942028107258e-02 1.124365964226796e-16
1308 5.449999999999998e-09 4.385027278360404e-16 1.124365968810360e-02 2.810914922025900e-02 5.242942054085738e-02 1.124365968810360e-16
1309 5.454166666666665e-09 4.385027296036026e-16 1.124365973342571e-02 2.810914933356428e-02 5.242942079771487e-02 1.124365973342571e-16
1310 5.458333333333332e-09 4.385027313513261e-16 1.124365977823913e-02 2.810914944559783e-02 5.242942105168578e-02 1.124365977823913e-16
1311 5.462499999999998e-09 4.385027330794259e-16 1.124365982254938e-02 2.810914955637346e-02 5.242942130280343e-02 1.124365982254938e-16
1312 5.466666666666664e-09 4.385027347881331e-16 1.124365986636239e-02 2.810914966590597e-02 5.242942155110852e-02 1.124365986636239e-16
1313 5.470833333333331e-09 4.385027364777037e-16 1.124365990968471e-02 2.810914977421178e-02 5.242942179662323e-02 1.124365990968471e-16
1314 5.474999999999998e-09 4.385027381483311e-16 1.124365995252131e-02 2.810914988130328e-02 5.242942203939570e-02 1.124365995252131e-16
1315 5.479166666666664e-09 4.385027398001830e-16 1.124365999487649e-02 2.810914998719122e-02 5.242942227942592e-02 1.124365999487649e-16
1316 5.483333333333331e-09 4.385027414335282e-16 1.124366003675713e-02 2.810915009189284e-02 5.242942251677680e-02 1.124366003675713e-16
1317 5.487499999999998e-09 4.385027430485706e-16 1.124366007816848e-02 2.810915019542120e-02 5.242942275148534e-02 1.124366007816848e-16
1318 5.491666666666665e-09 4.385027446455031e-16 1.124366011911546e-02 2.810915029778866e-02 5.242942298352566e-02 1.124366011911547e-16
1319 5.495833333333331e-09 4.385027462245228e-16 1.124366015960315e-02 2.810915039900787e-02 5.242942321299025e-02 1.124366015960315e-16
1320 5.499999999999998e-09 4.385027477857599e-16 1.124366019963487e-02 2.810915049908717e-02 5.242942343986803e-02 1.124366019963487e-16
1321 5.504166666666665e-09 4.385027493295429e-16 1.124366023921905e-02 2.810915059804763e-02 5.242942366419229e-02 1.124366023921905e-16
1322 5.508333333333331e-09 4.385027508559840e-16 1.124366027835856e-02 2.810915069589641e-02 5.242942388602225e-02 1.124366027835856e-16
1323 5.512499999999998e-09 4.385027523652879e-16 1.124366031705866e-02 2.810915079264666e-02 5.242942410534681e-02 1.124366031705866e-16
1324 5.516666666666665e-09 4.385027538576940e-16 1.124366035532549e-02 2.810915088831372e-02 5.242942432219927e-02 1.124366035532549e-16
1325 5.520833333333331e-09 4.385027553333432e-16 1.124366039316265e-02 2.810915098290662e-02 5.242942453665367e-02 1.124366039316265e-16
1326 5.524999999999998e-09 4.385027567924577e-16 1.124366043057584e-02 2.810915107643960e-02 5.242942474868034e-02 1.124366043057584e-16
1327 5.529166666666665e-09 4.385027582351823e-16 1.124366046756878e-02 2.810915116892195e-02 5.242942495832006e-02 1.124366046756878e-16
1328 5.533333333333332e-09 4.385027596616966e-16 1.124366050414607e-02 2.810915126036517e-02 5.242942516562461e-02 1.124366050414607e-16
1329 5.537499999999998e-09 4.385027610722313e-16 1.124366054031362e-02 2.810915135078406e-02 5.242942537060139e-02 1.124366054031362e-16
1330 5.541666666666665e-09 4.385027624669683e-16 1.124366057607611e-02 2.810915144019028e-02 5.242942557327259e-02 1.124366057607611e-16
1331 5.545833333333332e-09 4.385027638460432e-16 1.124366061143701e-02 2.810915152859252e-02 5.242942577367155e-02 1.124366061143701e-16
1332 5.549999999999998e-09 4.385027652096761e-16 1.124366064640195e-02 2.810915161600488e-02 5.242942597183897e-02 1.124366064640195e-16
1333 5.554166666666665e-09 4.385027665579988e-16 1.124366068097433e-02 2.810915170243583e-02 5.242942616777854e-02 1.124366068097433e-16
1334 5.558333333333331e-09 4.385027678911688e-16 1.124366071515818e-02 2.810915178789544e-02 5.242942636149764e-02 1.124366071515818e-16
1335 5.562499999999998e-09 4.385027692094131e-16 1.124366074895931e-02 2.810915187239828e-02 5.242942655305551e-02 1.124366074895931e-16
1336 5.566666666666664e-09 4.385027705128497e-16 1.124366078238076e-02 2.810915195595191e-02 5.242942674247437e-02 1.124366078238076e-16
1337 5.570833333333331e-09 4.385027718017047e-16 1.124366081542833e-02 2.810915203857082e-02 5.242942692976901e-02 1.124366081542833e-16
1338 5.574999999999998e-09 4.385027730760943e-16 1.124366084810498e-02 2.810915212026246e-02 5.242942711493939e-02 1.124366084810498e-16
1339 5.579166666666665e-09 4.385027743361910e-16 1.124366088041515e-02 2.810915220103789e-02 5.242942729804476e-02 1.124366088041516e-16
1340 5.583333333333331e-09 4.385027755821515e-16 1.124366091236286e-02 2.810915228090715e-02 5.242942747910365e-02 1.124366091236286e-16
1341 5.587499999999998e-09 4.385027768141305e-16 1.124366094395206e-02 2.810915235988017e-02 5.242942765812340e-02 1.124366094395207e-16
1342 5.591666666666665e-09 4.385027780322660e-16 1.124366097518631e-02 2.810915243796577e-02 5.242942783512256e-02 1.124366097518631e-16
1343 5.595833333333331e-09 4.385027792367663e-16 1.124366100607093e-02 2.810915251517733e-02 5.242942801014922e-02 1.124366100607093e-16
1344 5.599999999999998e-09 4.385027804277381e-16 1.124366103660867e-02 2.810915259152167e-02 5.242942818323670e-02 1.124366103660867e-16
1345 5.604166666666665e-09 4.385027816053441e-16 1.124366106680369e-02 2.810915266700924e-02 5.242942835435537e-02 1.124366106680370e-16
1346 5.608333333333331e-09 4.385027827697397e-16 1.124366109665999e-02 2.810915274164998e-02 5.242942852358666e-02 1.124366109665999e-16
1347 5.612499999999998e-09 4.385027839210918e-16 1.124366112618184e-02 2.810915281545461e-02 5.242942869087507e-02 1.124366112618184e-16
1348 5.616666666666665e-09 4.385027850595247e-16 1.124366115537243e-02 2.810915288843108e-02 5.242942885631311e-02 1.124366115537243e-16
1349 5.620833333333332e-09 4.385027861851565e-16 1.124366118423478e-02 2.810915296058696e-02 5.242942901988227e-02 1.124366118423478e-16
1350 5.624999999999998e-09 4.385027872981879e-16 1.124366121277405e-02 2.810915303193513e-02 5.242942918163804e-02 1.124366121277405e-16
1351 5.629166666666665e-09 4.385027883987340e-16 1.124366124099318e-02 2.810915310248295e-02 5.242942934155829e-02 1.124366124099318e-16
1352 5.633333333333332e-09 4.385027894869539e-16 1.124366126889625e-02 2.810915317224064e-02 5.242942949968734e-02 1.124366126889625e-16
1353 5.637499999999998e-09 4.385027905629638e-16 1.124366129648625e-02 2.810915324121564e-02 5.242942965605486e-02 1.124366129648625e-16
1354 5.641666666666665e-09 4.385027916268907e-16 1.124366132376643e-02 2.810915330941608e-02 5.242942981064972e-02 1.124366132376643e-16
1355 5.645833333333331e-09 4.385027926788997e-16 1.124366135074102e-02 2.810915337685255e-02 5.242942996352742e-02 1.124366135074102e-16
1356 5.649999999999998e-09 4.385027937191056e-16 1.124366137741296e-02 2.810915344353241e-02 5.242943011468429e-02 1.124366137741296e-16
1357 5.654166666666664e-09 4.385027947476548e-16 1.124366140378602e-02 2.810915350946505e-02 5.242943026415361e-02 1.124366140378602e-16
1358 5.658333333333331e-09 4.385027957646402e-16 1.124366142986257e-02 2.810915357465642e-02 5.242943041192800e-02 1.124366142986257e-16
1359 5.662499999999998e-09 4.385027967702258e-16 1.124366145564682e-02 2.810915363911704e-02 5.242943055806295e-02 1.124366145564682e-16
1360 5.666666666666664e-09 4.385027977645194e-16 1.124366148114152e-02 2.810915370285381e-02 5.242943070253998e-02 1.124366148114152e-16
1361 5.670833333333331e-09 4.385027987476649e-16 1.124366150635038e-02 2.810915376587596e-02 5.242943084541089e-02 1.124366150635038e-16
1362 5.674999999999998e-09 4.385027997197838e-16 1.124366153127651e-02 2.810915382819127e-02 5.242943098668306e-02 1.124366153127651e-16
1363 5.679166666666665e-09 4.385028006810005e-16 1.124366155592309e-02 2.810915388980773e-02 5.242943112635652e-02 1.124366155592309e-16
1364 5.683333333333331e-09 4.385028016314126e-16 1.124366158029263e-02 2.810915395073158e-02 5.242943126448306e-02 1.124366158029263e-16
1365 5.687499999999998e-09 4.385028025711793e-16 1.124366160438921e-02 2.810915401097304e-02 5.242943140104790e-02 1.124366160438921e-16
1366 5.691666666666665e-09 4.385028035004024e-16 1.124366162821545e-02 2.810915407053862e-02 5.242943153606951e-02 1.124366162821545e-16
1367 5.695833333333331e-09 4.385028044192156e-16 1.124366165177476e-02 2.810915412943690e-02 5.242943166958495e-02 1.124366165177476e-16
1368 5.699999999999998e-09 4.385028053277269e-16 1.124366167506992e-02 2.810915418767480e-02 5.242943180159786e-02 1.124366167506992e-16
1369 5.704166666666665e-09 4.385028062260695e-16 1.124366169810435e-02 2.810915424526087e-02 5.242943193214158e-02 1.124366169810435e-16
1370 5.708333333333332e-09 4.385028071143179e-16 1.124366172087995e-02 2.810915430219987e-02 5.242943206122722e-02 1.124366172087995e-16
1371 5.712499999999998e-09 4.385028079925998e-16 1.124366174340000e-02 2.810915435849999e-02 5.242943218886214e-02 1.124366174340000e-16
1372 5.716666666666665e-09 4.385028088610375e-16 1.124366176566763e-02 2.810915441416907e-02 5.242943231505011e-02 1.124366176566763e-16
1373 5.720833333333332e-09 4.385028097197243e-16 1.124366178768524e-02 2.810915446921310e-02 5.242943243981327e-02 1.124366178768524e-16
1374 5.724999999999998e-09 4.385028105687518e-16 1.124366180945518e-02 2.810915452363794e-02 5.242943256320716e-02 1.124366180945517e-16
1375 5.729166666666665e-09 4.385028114082713e-16 1.124366183098132e-02 2.810915457745329e-02 5.242943268519477e-02 1.124366183098132e-16
1376 5.733333333333332e-09 4.385028122383556e-16 1.124366185226553e-02 2.810915463066382e-02 5.242943280583529e-02 1.124366185226553e-16
1377 5.737499999999998e-09 4.385028130591666e-16 1.124366187331196e-02 2.810915468327991e-02 5.242943292510655e-02 1.124366187331196e-16
1378 5.741666666666664e-09 4.385028138707705e-16 1.124366189412232e-02 2.810915473530580e-02 5.242943304304554e-02 1.124366189412232e-16
1379 5.745833333333331e-09 4.385028146732469e-16 1.124366191469864e-02 2.810915478674660e-02 5.242943315964856e-02 1.124366191469864e-16
1380 5.749999999999998e-09 4.385028154667130e-16 1.124366193504392e-02 2.810915483760981e-02 5.242943327496003e-02 1.124366193504392e-16
1381 5.754166666666664e-09 4.385028162512685e-16 1.124366195516073e-02 2.810915488790183e-02 5.242943338896885e-02 1.124366195516073e-16
1382 5.758333333333331e-09 4.385028170270389e-16 1.124366197505228e-02 2.810915493763070e-02 5.242943350170828e-02 1.124366197505228e-16
1383 5.762499999999998e-09 4.385028177941023e-16 1.124366199472057e-02 2.810915498680143e-02 5.242943361317469e-02 1.124366199472057e-16
1384 5.766666666666665e-09 4.385028185525915e-16 1.124366201416901e-02 2.810915503542254e-02 5.242943372339393e-02 1.124366201416901e-16
1385 5.770833333333331e-09 4.385028193025375e-16 1.124366203339840e-02 2.810915508349600e-02 5.242943383237341e-02 1.124366203339840e-16
1386 5.774999999999998e-09 4.385028200440748e-16 1.124366205241218e-02 2.810915513103044e-02 5.242943394013164e-02 1.124366205241218e-16
1387 5.779166666666665e-09 4.385028207772727e-16 1.124366207121212e-02 2.810915517803031e-02 5.242943404667976e-02 1.124366207121212e-16
1388 5.783333333333331e-09 4.385028215022697e-16 1.124366208980179e-02 2.810915522450447e-02 5.242943415204732e-02 1.124366208980179e-16
1389 5.787499999999998e-09 4.385028222191556e-16 1.124366210818348e-02 2.810915527045870e-02 5.242943425621955e-02 1.124366210818348e-16
1390 5.791666666666665e-09 4.385028229280008e-16 1.124366212635899e-02 2.810915531589749e-02 5.242943435922975e-02 1.124366212635900e-16
1391 5.795833333333331e-09 4.385028236289126e-16 1.124366214433109e-02 2.810915536082773e-02 5.242943446107420e-02 1.124366214433109e-16
1392 5.799999999999998e-09 4.385028243219332e-16 1.124366216210085e-02 2.810915540525213e-02 5.242943456178254e-02 1.124366216210085e-16
1393 5.804166666666665e-09 4.385028250071769e-16 1.124366217967120e-02 2.810915544917801e-02 5.242943466135474e-02 1.124366217967120e-16
1394 5.808333333333332e-09 4.385028256847387e-16 1.124366219704458e-02 2.810915549261146e-02 5.242943475982412e-02 1.124366219704458e-16
1395 5.812499999999998e-09 4.385028263546846e-16 1.124366221422268e-02 2.810915553555671e-02 5.242943485719437e-02 1.124366221422268e-16
1396 5.816666666666665e-09 4.385028270171108e-16 1.124366223120797e-02 2.810915557801993e-02 5.242943495344701e-02 1.124366223120797e-16
1397 5.820833333333332e-09 4.385028276721330e-16 1.124366224800341e-02 2.810915562000853e-02 5.242943504863753e-02 1.124366224800341e-16
1398 5.824999999999998e-09 4.385028283197934e-16 1.124366226461009e-02 2.810915566152522e-02 5.242943514275113e-02 1.124366226461009e-16
1399 5.829166666666664e-09 4.385028289602108e-16 1.124366228103105e-02 2.810915570257762e-02 5.242943523580634e-02 1.124366228103105e-16
1400 5.833333333333331e-09 4.385028295934466e-16 1.124366229726786e-02 2.810915574316966e-02 5.242943532782162e-02 1.124366229726786e-16
1401 5.837499999999998e-09 4.385028302195751e-16 1.124366231332244e-02 2.810915578330610e-02 5.242943541880809e-02 1.124366231332244e-16
1402 5.841666666666664e-09 4.385028308386937e-16 1.124366232919727e-02 2.810915582299319e-02 5.242943550876947e-02 1.124366232919727e-16
1403 5.845833333333331e-09 4.385028314508575e-16 1.124366234489378e-02 2.810915586223446e-02 5.242943559774274e-02 1.124366234489378e-16
1404 5.849999999999998e-09 4.385028320561591e-16 1.124366236041434e-02 2.810915590103584e-02 5.242943568569092e-02 1.124366236041434e-16
1405 5.854166666666664e-09 4.385028326546511e-16 1.124366237576028e-02 2.810915593940071e-02 5.242943577265097e-02 1.124366237576028e-16
1406 5.858333333333331e-09 4.385028332464443e-16 1.124366239093447e-02 2.810915597733618e-02 5.242943585864517e-02 1.124366239093447e-16
1407 5.862499999999998e-09 4.385028338315907e-16 1.124366240593822e-02 2.810915601484556e-02 5.242943594367343e-02 1.124366240593822e-16
1408 5.866666666666665e-09 4.385028344101727e-16 1.124366242077366e-02 2.810915605193415e-02 5.242943602774693e-02 1.124366242077366e-16
1409 5.870833333333331e-09 4.385028349822399e-16 1.124366243544205e-02 2.810915608860513e-02 5.242943611088043e-02 1.124366243544205e-16
1410 5.874999999999998e-09 4.385028355479100e-16 1.124366244994641e-02 2.810915612486603e-02 5.242943619308873e-02 1.124366244994641e-16
1411 5.879166666666665e-09 4.385028361072506e-16 1.124366246428848e-02 2.810915616072120e-02 5.242943627437556e-02 1.124366246428848e-16
1412 5.883333333333331e-09 4.385028366602883e-16 1.124366247846893e-02 2.810915619617233e-02 5.242943635474830e-02 1.124366247846893e-16
1413 5.887499999999998e-09 4.385028372071245e-16 1.124366249249037e-02 2.810915623122593e-02 5.242943643420327e-02 1.124366249249037e-16
1414 5.891666666666665e-09 4.385028377478434e-16 1.124366250635496e-02 2.810915626588740e-02 5.242943651277746e-02 1.124366250635496e-16
1415 5.895833333333332e-09 4.385028382824865e-16 1.124366252006376e-02 2.810915630015939e-02 5.242943659047086e-02 1.124366252006376e-16
1416 5.899999999999998e-09 4.385028388111364e-16 1.124366253361888e-02 2.810915633404721e-02 5.242943666728719e-02 1.124366253361888e-16
1417 5.904166666666665e-09 4.385028393338644e-16 1.124366254702216e-02 2.810915636755541e-02 5.242943674324125e-02 1.124366254702216e-16
1418 5.908333333333332e-09 4.385028398507039e-16 1.124366256027446e-02 2.810915640068615e-02 5.242943681835523e-02 1.124366256027446e-16
1419 5.912499999999998e-09 4.385028403617820e-16 1.124366257337903e-02 2.810915643344757e-02 5.242943689262546e-02 1.124366257337903e-16
1420 5.916666666666664e-09 4.385028408671101e-16 1.124366258633616e-02 2.810915646584039e-02 5.242943696606301e-02 1.124366258633616e-16
1421 5.920833333333331e-09 4.385028413667883e-16 1.124366259914842e-02 2.810915649787105e-02 5.242943703867160e-02 1.124366259914842e-16
1422 5.924999999999998e-09 4.385028418608898e-16 1.124366261181769e-02 2.810915652954422e-02 5.242943711046971e-02 1.124366261181769e-16
1423 5.929166666666664e-09 4.385028423494177e-16 1.124366262434404e-02 2.810915656086011e-02 5.242943718145367e-02 1.124366262434404e-16
1424 5.933333333333331e-09 4.385028428324719e-16 1.124366263673005e-02 2.810915659182513e-02 5.242943725166047e-02 1.124366263673005e-16
1425 5.937499999999998e-09 4.385028433101052e-16 1.124366264897706e-02 2.810915662244264e-02 5.242943732107532e-02 1.124366264897705e-16
1426 5.941666666666664e-09 4.385028437823731e-16 1.124366266108649e-02 2.810915665271623e-02 5.242943738970562e-02 1.124366266108649e-16
1427 5.945833333333331e-09 4.385028442493274e-16 1.124366267305968e-02 2.810915668264919e-02 5.242943745754764e-02 1.124366267305968e-16
1428 5.949999999999998e-09 4.385028447110432e-16 1.124366268489854e-02 2.810915671224636e-02 5.242943752463473e-02 1.124366268489854e-16
1429 5.954166666666665e-09 4.385028451675735e-16 1.124366269660445e-02 2.810915674151113e-02 5.242943759097424e-02 1.124366269660445e-16
1430 5.958333333333331e-09 4.385028456190016e-16 1.124366270817953e-02 2.810915677044882e-02 5.242943765656623e-02 1.124366270817953e-16
1431 5.962499999999998e-09 4.385028460653555e-16 1.124366271962450e-02 2.810915679906125e-02 5.242943772144396e-02 1.124366271962450e-16
1432 5.966666666666665e-09 4.385028465067004e-16 1.124366273094104e-02 2.810915682735259e-02 5.242943778557414e-02 1.124366273094104e-16
1433 5.970833333333331e-09 4.385028469430874e-16 1.124366274213045e-02 2.810915685532612e-02 5.242943784899008e-02 1.124366274213045e-16
1434 5.974999999999998e-09 4.385028473745834e-16 1.124366275319445e-02 2.810915688298612e-02 5.242943791169547e-02 1.124366275319445e-16
1435 5.979166666666665e-09 4.385028478012571e-16 1.124366276413480e-02 2.810915691033700e-02 5.242943797370884e-02 1.124366276413480e-16
1436 5.983333333333331e-09 4.385028482231320e-16 1.124366277495210e-02 2.810915693738026e-02 5.242943803502275e-02 1.124366277495210e-16
1437 5.987499999999998e-09 4.385028486402571e-16 1.124366278564762e-02 2.810915696411905e-02 5.242943809563724e-02 1.124366278564762e-16
1438 5.991666666666665e-09 4.385028490527428e-16 1.124366279622418e-02 2.810915699056044e-02 5.242943815556706e-02 1.124366279622418e-16
1439 5.995833333333332e-09 4.385028494606043e-16 1.124366280668216e-02 2.810915701670541e-02 5.242943821482705e-02 1.124366280668216e-16
1440 5.999999999999997e-09 4.385028498638853e-16 1.124366281702270e-02 2.810915704255675e-02 5.242943827342093e-02 1.124366281702270e-16
1441 6.004166666666664e-09 4.385028502626494e-16 1.124366282724742e-02 2.810915706811856e-02 5.242943833135978e-02 1.124366282724742e-16
1442 6.008333333333331e-09 4.385028506569313e-16 1.124366283735721e-02 2.810915709339304e-02 5.242943838864728e-02 1.124366283735721e-16
1443 6.012499999999998e-09 4.385028510467861e-16 1.124366284735349e-02 2.810915711838373e-02 5.242943844530197e-02 1.124366284735349e-16
1444 6.016666666666664e-09 4.385028514322718e-16 1.124366285723774e-02 2.810915714309435e-02 5.242943850133492e-02 1.124366285723774e-16
1445 6.020833333333331e-09 4.385028518134269e-16 1.124366286701095e-02 2.810915716752737e-02 5.242943855672024e-02 1.124366286701095e-16
1446 6.024999999999998e-09 4.385028521903069e-16 1.124366287667454e-02 2.810915719168635e-02 5.242943861148015e-02 1.124366287667454e-16
1447 6.029166666666664e-09 4.385028525629716e-16 1.124366288623004e-02 2.810915721557511e-02 5.242943866564792e-02 1.124366288623004e-16
1448 6.033333333333331e-09 4.385028529314559e-16 1.124366289567836e-02 2.810915723919589e-02 5.242943871920878e-02 1.124366289567836e-16
1449 6.037499999999998e-09 4.385028532958080e-16 1.124366290502072e-02 2.810915726255180e-02 5.242943877215533e-02 1.124366290502072e-16
1450 6.041666666666665e-09 4.385028536560797e-16 1.124366291425845e-02 2.810915728564613e-02 5.242943882452086e-02 1.124366291425845e-16
1451 6.045833333333331e-09 4.385028540122862e-16 1.124366292339195e-02 2.810915730847989e-02 5.242943887626093e-02 1.124366292339195e-16
1452 6.049999999999998e-09 4.385028543644992e-16 1.124366293242306e-02 2.810915733105765e-02 5.242943892743851e-02 1.124366293242306e-16
1453 6.054166666666665e-09 4.385028547127689e-16 1.124366294135305e-02 2.810915735338263e-02 5.242943897803509e-02 1.124366294135305e-16
1454 6.058333333333331e-09 4.385028550571120e-16 1.124366295018236e-02 2.810915737545590e-02 5.242943902807283e-02 1.124366295018236e-16
1455 6.062499999999998e-09 4.385028553975966e-16 1.124366295891273e-02 2.810915739728184e-02 5.242943907754437e-02 1.124366295891273e-16
1456 6.066666666666665e-09 4.385028557342641e-16 1.124366296754523e-02 2.810915741886309e-02 5.242943912645710e-02 1.124366296754524e-16
1457 6.070833333333331e-09 4.385028560671726e-16 1.124366297608135e-02 2.810915744020337e-02 5.242943917483692e-02 1.124366297608135e-16
1458 6.074999999999998e-09 4.385028563963423e-16 1.124366298452160e-02 2.810915746130400e-02 5.242943922268013e-02 1.124366298452160e-16
1459 6.079166666666665e-09 4.385028567218159e-16 1.124366299286708e-02 2.810915748216769e-02 5.242943926996822e-02 1.124366299286708e-16
1460 6.083333333333332e-09 4.385028570436280e-16 1.124366300111867e-02 2.810915750279667e-02 5.242943931674192e-02 1.124366300111867e-16
1461 6.087499999999998e-09 4.385028573618476e-16 1.124366300927814e-02 2.810915752319536e-02 5.242943936299011e-02 1.124366300927814e-16
1462 6.091666666666664e-09 4.385028576764984e-16 1.124366301734611e-02 2.810915754336529e-02 5.242943940872019e-02 1.124366301734611e-16
1463 6.095833333333331e-09 4.385028579876331e-16 1.124366302532393e-02 2.810915756330982e-02 5.242943945392849e-02 1.124366302532393e-16
1464 6.099999999999998e-09 4.385028582952524e-16 1.124366303321160e-02 2.810915758302900e-02 5.242943949863346e-02 1.124366303321160e-16
1465 6.104166666666664e-09 4.385028585994131e-16 1.124366304101059e-02 2.810915760252649e-02 5.242943954283884e-02 1.124366304101059e-16
1466 6.108333333333331e-09 4.385028589001618e-16 1.124366304872210e-02 2.810915762180525e-02 5.242943958653352e-02 1.124366304872210e-16
1467 6.112499999999998e-09 4.385028591975099e-16 1.124366305634641e-02 2.810915764086602e-02 5.242943962974339e-02 1.124366305634641e-16
1468 6.116666666666664e-09 4.385028594915448e-16 1.124366306388576e-02 2.810915765971441e-02 5.242943967246478e-02 1.124366306388576e-16
1469 6.120833333333331e-09 4.385028597822735e-16 1.124366307134035e-02 2.810915767835087e-02 5.242943971471616e-02 1.124366307134035e-16
1470 6.124999999999998e-09 4.385028600697386e-16 1.124366307871125e-02 2.810915769677812e-02 5.242943975649756e-02 1.124366307871125e-16
1471 6.129166666666664e-09 4.385028603539829e-16 1.124366308599956e-02 2.810915771499891e-02 5.242943979779415e-02 1.124366308599956e-16
1472 6.133333333333331e-09 4.385028606350470e-16 1.124366309320633e-02 2.810915773301583e-02 5.242943983864296e-02 1.124366309320633e-16
1473 6.137499999999998e-09 4.385028609129549e-16 1.124366310033218e-02 2.810915775083045e-02 5.242943987902178e-02 1.124366310033218e-16
1474 6.141666666666665e-09 4.385028611877500e-16 1.124366310737820e-02 2.810915776844551e-02 5.242943991895650e-02 1.124366310737821e-16
1475 6.145833333333331e-09 4.385028614594524e-16 1.124366311434493e-02 2.810915778586234e-02 5.242943995844343e-02 1.124366311434493e-16
1476 6.149999999999998e-09 4.385028617281142e-16 1.124366312123370e-02 2.810915780308424e-02 5.242943999748997e-02 1.124366312123370e-16
1477 6.154166666666665e-09 4.385028619937470e-16 1.124366312804479e-02 2.810915782011199e-02 5.242944003609243e-02 1.124366312804479e-16
1478 6.158333333333331e-09 4.385028622564312e-16 1.124366313478029e-02 2.810915783695072e-02 5.242944007426929e-02 1.124366313478029e-16
1479 6.162499999999998e-09 4.385028625161695e-16 1.124366314144024e-02 2.810915785360061e-02 5.242944011202798e-02 1.124366314144024e-16
1480 6.166666666666665e-09 4.385028627729916e-16 1.124366314802543e-02 2.810915787006357e-02 5.242944014934627e-02 1.124366314802543e-16
1481 6.170833333333332e-09 4.385028630269455e-16 1.124366315453706e-02 2.810915788634266e-02 5.242944018625748e-02 1.124366315453706e-16
1482 6.174999999999998e-09 4.385028632780425e-16 1.124366316097545e-02 2.810915790243863e-02 5.242944022274682e-02 1.124366316097545e-16
1483 6.179166666666664e-09 4.385028635263180e-16 1.124366316734149e-02 2.810915791835372e-02 5.242944025882167e-02 1.124366316734149e-16
1484 6.183333333333331e-09 4.385028637718131e-16 1.124366317363623e-02 2.810915793409059e-02 5.242944029449314e-02 1.124366317363623e-16
1485 6.187499999999998e-09 4.385028640145576e-16 1.124366317986045e-02 2.810915794965113e-02 5.242944032975013e-02 1.124366317986045e-16
1486 6.191666666666664e-09 4.385028642545934e-16 1.124366318601522e-02 2.810915796503804e-02 5.242944036461852e-02 1.124366318601522e-16
1487 6.195833333333331e-09 4.385028644919198e-16 1.124366319210051e-02 2.810915798025127e-02 5.242944039910945e-02 1.124366319210051e-16
1488 6.199999999999998e-09 4.385028647265732e-16 1.124366319811726e-02 2.810915799529316e-02 5.242944043320070e-02 1.124366319811726e-16
1489 6.204166666666664e-09 4.385028649586066e-16 1.124366320406684e-02 2.810915801016710e-02 5.242944046692188e-02 1.124366320406684e-16
1490 6.208333333333331e-09 4.385028651880420e-16 1.124366320994979e-02 2.810915802487449e-02 5.242944050025077e-02 1.124366320994980e-16
1491 6.212499999999998e-09 4.385028654148993e-16 1.124366321576665e-02 2.810915803941663e-02 5.242944053320588e-02 1.124366321576665e-16
1492 6.216666666666664e-09 4.385028656392250e-16 1.124366322151859e-02 2.810915805379648e-02 5.242944056579094e-02 1.124366322151859e-16
1493 6.220833333333331e-09 4.385028658610400e-16 1.124366322720615e-02 2.810915806801539e-02 5.242944059802811e-02 1.124366322720615e-16
1494 6.224999999999998e-09 4.385028660803710e-16 1.124366323283003e-02 2.810915808207507e-02 5.242944062989521e-02 1.124366323283003e-16
1495 6.229166666666665e-09 4.385028662972328e-16 1.124366323839058e-02 2.810915809597646e-02 5.242944066141444e-02 1.124366323839059e-16
1496 6.233333333333331e-09 4.385028665116520e-16 1.124366324388851e-02 2.810915810972128e-02 5.242944069257840e-02 1.124366324388851e-16
1497 6.237499999999998e-09 4.385028667236636e-16 1.124366324932471e-02 2.810915812331178e-02 5.242944072340189e-02 1.124366324932471e-16
1498 6.241666666666665e-09 4.385028669332895e-16 1.124366325469973e-02 2.810915813674933e-02 5.242944075387012e-02 1.124366325469973e-16
1499 6.245833333333331e-09 4.385028671405862e-16 1.124366326001503e-02 2.810915815003759e-02 5.242944078399417e-02 1.124366326001503e-16
1500 6.249999999999998e-09 4.385028673455564e-16 1.124366326527068e-02 2.810915816317669e-02 5.242944081377777e-02 1.124366326527068e-16
1501 6.254166666666665e-09 4.385028675482230e-16 1.124366327046726e-02 2.810915817616814e-02 5.242944084322457e-02 1.124366327046726e-16
1502 6.258333333333331e-09 4.385028677486064e-16 1.124366327560529e-02 2.810915818901323e-02 5.242944087234942e-02 1.124366327560529e-16
1503 6.262499999999998e-09 4.385028679467384e-16 1.124366328068560e-02 2.810915820171401e-02 5.242944090114860e-02 1.124366328068560e-16
1504 6.266666666666665e-09 4.385028681426501e-16 1.124366328570898e-02 2.810915821427245e-02 5.242944092960732e-02 1.124366328570898e-16
1505 6.270833333333331e-09 4.385028683363668e-16 1.124366329067607e-02 2.810915822669018e-02 5.242944095775887e-02 1.124366329067607e-16
1506 6.274999999999997e-09 4.385028685279145e-16 1.124366329558755e-02 2.810915823896888e-02 5.242944098559216e-02 1.124366329558755e-16
1507 6.279166666666664e-09 4.385028687173144e-16 1.124366330044396e-02 2.810915825110990e-02 5.242944101311089e-02 1.124366330044396e-16
1508 6.283333333333331e-09 4.385028689045867e-16 1.124366330524581e-02 2.810915826311454e-02 5.242944104031875e-02 1.124366330524581e-16
1509 6.287499999999998e-09 4.385028690897480e-16 1.124366330999354e-02 2.810915827498385e-02 5.242944106721947e-02 1.124366330999354e-16
1510 6.291666666666664e-09 4.385028692728429e-16 1.124366331468828e-02 2.810915828672070e-02 5.242944109382781e-02 1.124366331468828e-16
1511 6.295833333333331e-09 4.385028694538834e-16 1.124366331933034e-02 2.810915829832587e-02 5.242944112012529e-02 1.124366331933034e-16
1512 6.299999999999998e-09 4.385028696328893e-16 1.124366332392024e-02 2.810915830980060e-02 5.242944114614521e-02 1.124366332392024e-16
1513 6.304166666666664e-09 4.385028698098757e-16 1.124366332845835e-02 2.810915832114588e-02 5.242944117186168e-02 1.124366332845835e-16
1514 6.308333333333331e-09 4.385028699848827e-16 1.124366333294571e-02 2.810915833236428e-02 5.242944119729320e-02 1.124366333294571e-16
1515 6.312499999999998e-09 4.385028701579262e-16 1.124366333738272e-02 2.810915834345681e-02 5.242944122242494e-02 1.124366333738272e-16
1516 6.316666666666664e-09 4.385028703290259e-16 1.124366334176989e-02 2.810915835442474e-02 5.242944124729763e-02 1.124366334176989e-16
1517 6.320833333333331e-09 4.385028704982158e-16 1.124366334610810e-02 2.810915836527025e-02 5.242944127188538e-02 1.124366334610810e-16
1518 6.324999999999998e-09 4.385028706654898e-16 1.124366335039718e-02 2.810915837599294e-02 5.242944129619555e-02 1.124366335039718e-16
1519 6.329166666666665e-09 4.385028708309033e-16 1.124366335463855e-02 2.810915838659637e-02 5.242944132024299e-02 1.124366335463855e-16
1520 6.333333333333331e-09 4.385028709944391e-16 1.124366335883177e-02 2.810915839707943e-02 5.242944134401657e-02 1.124366335883177e-16
1521 6.337499999999998e-09 4.385028711561636e-16 1.124366336297855e-02 2.810915840744639e-02 5.242944136750519e-02 1.124366336297856e-16
1522 6.341666666666665e-09 4.385028713160703e-16 1.124366336707873e-02 2.810915841769682e-02 5.242944139074956e-02 1.124366336707873e-16
1523 6.345833333333331e-09 4.385028714741759e-16 1.124366337113272e-02 2.810915842783179e-02 5.242944141372378e-02 1.124366337113272e-16
1524 6.349999999999998e-09 4.385028716305108e-16 1.124366337514130e-02 2.810915843785326e-02 5.242944143643894e-02 1.124366337514130e-16
1525 6.354166666666665e-09 4.385028717850964e-16 1.124366337910504e-02 2.810915844776259e-02 5.242944145889505e-02 1.124366337910504e-16
1526 6.358333333333331e-09 4.385028719379521e-16 1.124366338302441e-02 2.810915845756104e-02 5.242944148111430e-02 1.124366338302441e-16
1527 6.362499999999997e-09 4.385028720890874e-16 1.124366338689968e-02 2.810915846724920e-02 5.242944150307451e-02 1.124366338689968e-16
1528 6.366666666666664e-09 4.385028722385460e-16 1.124366339073195e-02 2.810915847682987e-02 5.242944152479789e-02 1.124366339073195e-16
1529 6.370833333333331e-09 4.385028723863250e-16 1.124366339452115e-02 2.810915848630289e-02 5.242944154626220e-02 1.124366339452115e-16
1530 6.374999999999998e-09 4.385028725324345e-16 1.124366339826755e-02 2.810915849566888e-02 5.242944156749336e-02 1.124366339826755e-16
1531 6.379166666666664e-09 4.385028726769049e-16 1.124366340197192e-02 2.810915850492980e-02 5.242944158848398e-02 1.124366340197192e-16
1532 6.383333333333331e-09 4.385028728197351e-16 1.124366340563424e-02 2.810915851408559e-02 5.242944160924515e-02 1.124366340563423e-16
1533 6.387499999999998e-09 4.385028729609754e-16 1.124366340925578e-02 2.810915852313945e-02 5.242944162976577e-02 1.124366340925578e-16
1534 6.391666666666664e-09 4.385028731006289e-16 1.124366341283664e-02 2.810915853209160e-02 5.242944165006435e-02 1.124366341283664e-16
1535 6.395833333333331e-09 4.385028732387283e-16 1.124366341637765e-02 2.810915854094412e-02 5.242944167013348e-02 1.124366341637765e-16
1536 6.399999999999998e-09 4.385028733752730e-16 1.124366341987879e-02 2.810915854969699e-02 5.242944168996946e-02 1.124366341987879e-16
1537 6.404166666666664e-09 4.385028735102748e-16 1.124366342334038e-02 2.810915855835095e-02 5.242944170959450e-02 1.124366342334038e-16
1538 6.408333333333331e-09 4.385028736437772e-16 1.124366342676352e-02 2.810915856690880e-02 5.242944172899380e-02 1.124366342676352e-16
1539 6.412499999999998e-09 4.385028737757853e-16 1.124366343014834e-02 2.810915857537086e-02 5.242944174816365e-02 1.124366343014834e-16
1540 6.416666666666665e-09 4.385028739063032e-16 1.124366343349495e-02 2.810915858373739e-02 5.242944176712996e-02 1.124366343349496e-16
1541 6.420833333333331e-09 4.385028740353553e-16 1.124366343680398e-02 2.810915859200996e-02 5.242944178587793e-02 1.124366343680398e-16
1542 6.424999999999998e-09 4.385028741629495e-16 1.124366344007563e-02 2.810915860018907e-02 5.242944180442976e-02 1.124366344007563e-16
1543 6.429166666666665e-09 4.385028742891080e-16 1.124366344331046e-02 2.810915860827616e-02 5.242944182275953e-02 1.124366344331046e-16
1544 6.433333333333331e-09 4.385028744138530e-16 1.124366344650905e-02 2.810915861627263e-02 5.242944184088578e-02 1.124366344650905e-16
1545 6.437499999999998e-09 4.385028745372029e-16 1.124366344967187e-02 2.810915862417968e-02 5.242944185881217e-02 1.124366344967187e-16
1546 6.441666666666665e-09 4.385028746591661e-16 1.124366345279913e-02 2.810915863199783e-02 5.242944187654244e-02 1.124366345279913e-16
1547 6.445833333333331e-09 4.385028747797596e-16 1.124366345589127e-02 2.810915863972818e-02 5.242944189407286e-02 1.124366345589127e-16
1548 6.449999999999997e-09 4.385028748989998e-16 1.124366345894871e-02 2.810915864737179e-02 5.242944191140714e-02 1.124366345894871e-16
1549 6.454166666666664e-09 4.385028750169049e-16 1.124366346197192e-02 2.810915865492981e-02 5.242944192854528e-02 1.124366346197192e-16
1550 6.458333333333331e-09 4.385028751334856e-16 1.124366346496117e-02 2.810915866240293e-02 5.242944194549099e-02 1.124366346496117e-16
1551 6.462499999999997e-09 4.385028752487648e-16 1.124366346791705e-02 2.810915866979262e-02 5.242944196224426e-02 1.124366346791705e-16
1552 6.466666666666664e-09 4.385028753627840e-16 1.124366347084062e-02 2.810915867710154e-02 5.242944197881618e-02 1.124366347084061e-16
1553 6.470833333333331e-09 4.385028754755025e-16 1.124366347373084e-02 2.810915868432709e-02 5.242944199519568e-02 1.124366347373084e-16
1554 6.474999999999998e-09 4.385028755869365e-16 1.124366347658812e-02 2.810915869147029e-02 5.242944201139014e-02 1.124366347658812e-16
1555 6.479166666666664e-09 4.385028756971587e-16 1.124366347941433e-02 2.810915869853582e-02 5.242944202739584e-02 1.124366347941433e-16
1556 6.483333333333331e-09 4.385028758061331e-16 1.124366348220854e-02 2.810915870552136e-02 5.242944204323503e-02 1.124366348220854e-16
1557 6.487499999999998e-09 4.385028759138720e-16 1.124366348497108e-02 2.810915871242770e-02 5.242944205888918e-02 1.124366348497108e-16
1558 6.491666666666664e-09 4.385028760204106e-16 1.124366348770284e-02 2.810915871925709e-02 5.242944207437308e-02 1.124366348770284e-16
1559 6.495833333333331e-09 4.385028761257541e-16 1.124366349040395e-02 2.810915872600988e-02 5.242944208966455e-02 1.124366349040395e-16
1560 6.499999999999998e-09 4.385028762299000e-16 1.124366349307436e-02 2.810915873268590e-02 5.242944210479689e-02 1.124366349307436e-16
1561 6.504166666666665e-09 4.385028763328939e-16 1.124366349571523e-02 2.810915873928807e-02 5.242944211975529e-02 1.124366349571523e-16
1562 6.508333333333331e-09 4.385028764347180e-16 1.124366349832610e-02 2.810915874581526e-02 5.242944213457307e-02 1.124366349832610e-16
1563 6.512499999999998e-09 4.385028765353979e-16 1.124366350090764e-02 2.810915875226910e-02 5.242944214920951e-02 1.124366350090764e-16
1564 6.516666666666665e-09 4.385028766349836e-16 1.124366350346112e-02 2.810915875865280e-02 5.242944216369792e-02 1.124366350346112e-16
1565 6.520833333333331e-09 4.385028767334279e-16 1.124366350598533e-02 2.810915876496333e-02 5.242944217800129e-02 1.124366350598533e-16
1566 6.524999999999998e-09 4.385028768307726e-16 1.124366350848135e-02 2.810915877120337e-02 5.242944219215295e-02 1.124366350848135e-16
1567 6.529166666666665e-09 4.385028769270237e-16 1.124366351094933e-02 2.810915877737332e-02 5.242944220613065e-02 1.124366351094933e-16
1568 6.533333333333331e-09 4.385028770222010e-16 1.124366351338977e-02 2.810915878347443e-02 5.242944221996033e-02 1.124366351338977e-16
1569 6.537499999999997e-09 4.385028771163055e-16 1.124366351580271e-02 2.810915878950676e-02 5.242944223362717e-02 1.124366351580271e-16
1570 6.541666666666664e-09 4.385028772093527e-16 1.124366351818853e-02 2.810915879547133e-02 5.242944224715338e-02 1.124366351818853e-16
1571 6.545833333333331e-09 4.385028773013644e-16 1.124366352054781e-02 2.810915880136952e-02 5.242944226051308e-02 1.124366352054781e-16
1572 6.549999999999997e-09 4.385028773923355e-16 1.124366352288040e-02 2.810915880720100e-02 5.242944227373212e-02 1.124366352288040e-16
1573 6.554166666666664e-09 4.385028774822799e-16 1.124366352518667e-02 2.810915881296666e-02 5.242944228680315e-02 1.124366352518667e-16
1574 6.558333333333331e-09 4.385028775712194e-16 1.124366352746717e-02 2.810915881866792e-02 5.242944229972616e-02 1.124366352746717e-16
1575 6.562499999999998e-09 4.385028776591579e-16 1.124366352972200e-02 2.810915882430499e-02 5.242944231249371e-02 1.124366352972200e-16
1576 6.566666666666664e-09 4.385028777461153e-16 1.124366353195168e-02 2.810915882987919e-02 5.242944232512806e-02 1.124366353195168e-16
1577 6.570833333333331e-09 4.385028778320998e-16 1.124366353415641e-02 2.810915883539102e-02 5.242944233762176e-02 1.124366353415641e-16
1578 6.574999999999998e-09 4.385028779171200e-16 1.124366353633641e-02 2.810915884084103e-02 5.242944234998594e-02 1.124366353633641e-16
1579 6.579166666666664e-09 4.385028780011740e-16 1.124366353849164e-02 2.810915884622911e-02 5.242944236219840e-02 1.124366353849164e-16
1580 6.583333333333331e-09 4.385028780843042e-16 1.124366354062318e-02 2.810915885155797e-02 5.242944237428872e-02 1.124366354062318e-16
1581 6.587499999999998e-09 4.385028781664970e-16 1.124366354273069e-02 2.810915885682673e-02 5.242944238623843e-02 1.124366354273069e-16
1582 6.591666666666664e-09 4.385028782477746e-16 1.124366354481473e-02 2.810915886203684e-02 5.242944239804381e-02 1.124366354481473e-16
1583 6.595833333333331e-09 4.385028783281407e-16 1.124366354687540e-02 2.810915886718851e-02 5.242944240971594e-02 1.124366354687540e-16
1584 6.599999999999998e-09 4.385028784075857e-16 1.124366354891245e-02 2.810915887228114e-02 5.242944242126227e-02 1.124366354891245e-16
1585 6.604166666666665e-09 4.385028784861693e-16 1.124366355092742e-02 2.810915887731855e-02 5.242944243267536e-02 1.124366355092742e-16
1586 6.608333333333331e-09 4.385028785638564e-16 1.124366355291940e-02 2.810915888229849e-02 5.242944244397375e-02 1.124366355291940e-16
1587 6.612499999999998e-09 4.385028786406662e-16 1.124366355488888e-02 2.810915888722220e-02 5.242944245513519e-02 1.124366355488888e-16
1588 6.616666666666665e-09 4.385028787166082e-16 1.124366355683611e-02 2.810915889209027e-02 5.242944246616339e-02 1.124366355683611e-16
1589 6.620833333333331e-09 4.385028787917010e-16 1.124366355876156e-02 2.810915889690391e-02 5.242944247708058e-02 1.124366355876156e-16
1590 6.624999999999997e-09 4.385028788659523e-16 1.124366356066544e-02 2.810915890166361e-02 5.242944248787566e-02 1.124366356066544e-16
1591 6.629166666666664e-09 4.385028789393570e-16 1.124366356254762e-02 2.810915890636904e-02 5.242944249854489e-02 1.124366356254761e-16
1592 6.633333333333331e-09 4.385028790119465e-16 1.124366356440889e-02 2.810915891102221e-02 5.242944250909571e-02 1.124366356440889e-16
1593 6.637499999999997e-09 4.385028790837416e-16 1.124366356624978e-02 2.810915891562446e-02 5.242944251952441e-02 1.124366356624978e-16
1594 6.641666666666664e-09 4.385028791547365e-16 1.124366356807017e-02 2.810915892017542e-02 5.242944252983468e-02 1.124366356807017e-16
1595 6.645833333333331e-09 4.385028792249230e-16 1.124366356986982e-02 2.810915892467455e-02 5.242944254003023e-02 1.124366356986982e-16
1596 6.649999999999998e-09 4.385028792943121e-16 1.124366357164903e-02 2.810915892912257e-02 5.242944255011475e-02 1.124366357164903e-16
1597 6.654166666666664e-09 4.385028793629416e-16 1.124366357340876e-02 2.810915893352190e-02 5.242944256007716e-02 1.124366357340876e-16
1598 6.658333333333331e-09 4.385028794307679e-16 1.124366357514790e-02 2.810915893786974e-02 5.242944256994334e-02 1.124366357514790e-16
1599 6.662499999999998e-09 4.385028794978628e-16 1.124366357686828e-02 2.810915894217069e-02 5.242944257968738e-02 1.124366357686828e-16
1600 6.666666666666664e-09 4.385028795641959e-16 1.124366357856913e-02 2.810915894642282e-02 5.242944258935003e-02 1.124366357856913e-16
1601 6.670833333333331e-09 4.385028796297885e-16 1.124366358025099e-02 2.810915895062747e-02 5.242944259889055e-02 1.124366358025099e-16
1602 6.674999999999998e-09 4.385028796946484e-16 1.124366358191406e-02 2.810915895478516e-02 5.242944260832004e-02 1.124366358191406e-16
1603 6.679166666666664e-09 4.385028797587842e-16 1.124366358355857e-02 2.810915895889643e-02 5.242944261763111e-02 1.124366358355857e-16
1604 6.683333333333331e-09 4.385028798221647e-16 1.124366358518371e-02 2.810915896295928e-02 5.242944262686076e-02 1.124366358518371e-16
1605 6.687499999999998e-09 4.385028798848737e-16 1.124366358679163e-02 2.810915896697909e-02 5.242944263597200e-02 1.124366358679163e-16
1606 6.691666666666665e-09 4.385028799468728e-16 1.124366358838136e-02 2.810915897095339e-02 5.242944264498330e-02 1.124366358838136e-16
1607 6.695833333333331e-09 4.385028800081607e-16 1.124366358995284e-02 2.810915897488210e-02 5.242944265388730e-02 1.124366358995284e-16
1608 6.699999999999998e-09 4.385028800687633e-16 1.124366359150675e-02 2.810915897876688e-02 5.242944266268026e-02 1.124366359150675e-16
1609 6.704166666666665e-09 4.385028801286651e-16 1.124366359304270e-02 2.810915898260674e-02 5.242944267138072e-02 1.124366359304269e-16
1610 6.708333333333331e-09 4.385028801878873e-16 1.124366359456121e-02 2.810915898640304e-02 5.242944267998865e-02 1.124366359456122e-16
1611 6.712499999999997e-09 4.385028802464784e-16 1.124366359606355e-02 2.810915899015888e-02 5.242944268849294e-02 1.124366359606355e-16
1612 6.716666666666664e-09 4.385028803044176e-16 1.124366359754917e-02 2.810915899387293e-02 5.242944269692695e-02 1.124366359754917e-16
1613 6.720833333333331e-09 4.385028803617094e-16 1.124366359901819e-02 2.810915899754548e-02 5.242944270525361e-02 1.124366359901819e-16
1614 6.724999999999997e-09 4.385028804183356e-16 1.124366360047015e-02 2.810915900117537e-02 5.242944271348037e-02 1.124366360047015e-16
1615 6.729166666666664e-09 4.385028804743537e-16 1.124366360190651e-02 2.810915900476627e-02 5.242944272159980e-02 1.124366360190651e-16
1616 6.733333333333331e-09 4.385028805297118e-16 1.124366360332594e-02 2.810915900831486e-02 5.242944272966742e-02 1.124366360332595e-16
1617 6.737499999999997e-09 4.385028805844577e-16 1.124366360472968e-02 2.810915901182421e-02 5.242944273760921e-02 1.124366360472968e-16
1618 6.741666666666664e-09 4.385028806386138e-16 1.124366360611830e-02 2.810915901529576e-02 5.242944274548439e-02 1.124366360611830e-16
1619 6.745833333333331e-09 4.385028806921413e-16 1.124366360749080e-02 2.810915901872701e-02 5.242944275325596e-02 1.124366360749080e-16
1620 6.749999999999998e-09 4.385028807450681e-16 1.124366360884790e-02 2.810915902211976e-02 5.242944276094610e-02 1.124366360884790e-16
1621 6.754166666666664e-09 4.385028807974138e-16 1.124366361019010e-02 2.810915902547525e-02 5.242944276856223e-02 1.124366361019010e-16
1622 6.758333333333331e-09 4.385028808491630e-16 1.124366361151700e-02 2.810915902879250e-02 5.242944277606734e-02 1.124366361151700e-16
1623 6.762499999999998e-09 4.385028809003515e-16 1.124366361282953e-02 2.810915903207382e-02 5.242944278351323e-02 1.124366361282953e-16
1624 6.766666666666664e-09 4.385028809509582e-16 1.124366361412713e-02 2.810915903531784e-02 5.242944279087402e-02 1.124366361412713e-16
1625 6.770833333333331e-09 4.385028810009986e-16 1.124366361541022e-02 2.810915903852555e-02 5.242944279815707e-02 1.124366361541022e-16
1626 6.774999999999998e-09 4.385028810504705e-16 1.124366361667873e-02 2.810915904169683e-02 5.242944280535502e-02 1.124366361667873e-16
1627 6.779166666666665e-09 4.385028810993819e-16 1.124366361793287e-02 2.810915904483218e-02 5.242944281245675e-02 1.124366361793287e-16
1628 6.783333333333331e-09 4.385028811477337e-16 1.124366361917266e-02 2.810915904793165e-02 5.242944281948075e-02 1.124366361917266e-16
1629 6.787499999999998e-09 4.385028811955670e-16 1.124366362039915e-02 2.810915905099789e-02 5.242944282643817e-02 1.124366362039915e-16
1630 6.791666666666665e-09 4.385028812428476e-16 1.124366362161148e-02 2.810915905402870e-02 5.242944283330674e-02 1.124366362161148e-16
1631 6.795833333333331e-09 4.385028812895967e-16 1.124366362281017e-02 2.810915905702543e-02 5.242944284009761e-02 1.124366362281017e-16
1632 6.799999999999998e-09 4.385028813358276e-16 1.124366362399558e-02 2.810915905998895e-02 5.242944284682185e-02 1.124366362399558e-16
1633 6.804166666666664e-09 4.385028813815326e-16 1.124366362516750e-02 2.810915906291876e-02 5.242944285346099e-02 1.124366362516750e-16
1634 6.808333333333331e-09 4.385028814267418e-16 1.124366362632671e-02 2.810915906581679e-02 5.242944286002981e-02 1.124366362632671e-16
1635 6.812499999999997e-09 4.385028814714409e-16 1.124366362747284e-02 2.810915906868211e-02 5.242944286652462e-02 1.124366362747284e-16
1636 6.816666666666664e-09 4.385028815156456e-16 1.124366362860630e-02 2.810915907151575e-02 5.242944287294170e-02 1.124366362860630e-16
1637 6.820833333333331e-09 4.385028815593430e-16 1.124366362972675e-02 2.810915907431686e-02 5.242944287931067e-02 1.124366362972675e-16
1638 6.824999999999997e-09 4.385028816025628e-16 1.124366363083495e-02 2.810915907708737e-02 5.242944288557604e-02 1.124366363083495e-16
1639 6.829166666666664e-09 4.385028816452854e-16 1.124366363193039e-02 2.810915907982599e-02 5.242944289178589e-02 1.124366363193039e-16
1640 6.833333333333331e-09 4.385028816875356e-16 1.124366363301373e-02 2.810915908253434e-02 5.242944289793280e-02 1.124366363301373e-16
1641 6.837499999999998e-09 4.385028817293165e-16 1.124366363408504e-02 2.810915908521260e-02 5.242944290399835e-02 1.124366363408504e-16
1642 6.841666666666664e-09 4.385028817706313e-16 1.124366363514439e-02 2.810915908786098e-02 5.242944290999355e-02 1.124366363514439e-16
1643 6.845833333333331e-09 4.385028818114631e-16 1.124366363619136e-02 2.810915909047840e-02 5.242944291593325e-02 1.124366363619136e-16
1644 6.849999999999998e-09 4.385028818518485e-16 1.124366363722689e-02 2.810915909306721e-02 5.242944292179892e-02 1.124366363722689e-16
1645 6.854166666666664e-09 4.385028818917636e-16 1.124366363825035e-02 2.810915909562588e-02 5.242944292759798e-02 1.124366363825035e-16
1646 6.858333333333331e-09 4.385028819312408e-16 1.124366363926258e-02 2.810915909815646e-02 5.242944293334154e-02 1.124366363926259e-16
1647 6.862499999999998e-09 4.385028819702623e-16 1.124366364026314e-02 2.810915910065784e-02 5.242944293900736e-02 1.124366364026313e-16
1648 6.866666666666664e-09 4.385028820088285e-16 1.124366364125201e-02 2.810915910313003e-02 5.242944294459919e-02 1.124366364125201e-16
1649 6.870833333333331e-09 4.385028820470016e-16 1.124366364223081e-02 2.810915910557703e-02 5.242944295013550e-02 1.124366364223081e-16
1650 6.874999999999998e-09 4.385028820847352e-16 1.124366364319834e-02 2.810915910799585e-02 5.242944295561630e-02 1.124366364319834e-16
1651 6.879166666666665e-09 4.385028821220392e-16 1.124366364415485e-02 2.810915911038714e-02 5.242944296102679e-02 1.124366364415485e-16
1652 6.883333333333331e-09 4.385028821589227e-16 1.124366364510058e-02 2.810915911275146e-02 5.242944296638548e-02 1.124366364510058e-16
1653 6.887499999999998e-09 4.385028821953857e-16 1.124366364603553e-02 2.810915911508883e-02 5.242944297168493e-02 1.124366364603553e-16
1654 6.891666666666664e-09 4.385028822314508e-16 1.124366364696028e-02 2.810915911740069e-02 5.242944297692149e-02 1.124366364696028e-16
1655 6.895833333333331e-09 4.385028822671076e-16 1.124366364787456e-02 2.810915911968639e-02 5.242944298209882e-02 1.124366364787456e-16
1656 6.899999999999997e-09 4.385028823023761e-16 1.124366364877888e-02 2.810915912194719e-02 5.242944298722436e-02 1.124366364877888e-16
1657 6.904166666666664e-09 4.385028823372441e-16 1.124366364967293e-02 2.810915912418232e-02 5.242944299228327e-02 1.124366364967293e-16
1658 6.908333333333331e-09 4.385028823717337e-16 1.124366365055727e-02 2.810915912639319e-02 5.242944299728299e-02 1.124366365055727e-16
1659 6.912499999999997e-09 4.385028824058204e-16 1.124366365143129e-02 2.810915912857823e-02 5.242944300225309e-02 1.124366365143129e-16
1660 6.916666666666664e-09 4.385028824395229e-16 1.124366365229546e-02 2.810915913073865e-02 5.242944300713806e-02 1.124366365229546e-16
1661 6.920833333333331e-09 4.385028824728416e-16 1.124366365314979e-02 2.810915913287446e-02 5.242944301197493e-02 1.124366365314978e-16
1662 6.924999999999997e-09 4.385028825057911e-16 1.124366365399464e-02 2.810915913498661e-02 5.242944301676739e-02 1.124366365399464e-16
1663 6.929166666666664e-09 4.385028825383826e-16 1.124366365483032e-02 2.810915913707581e-02 5.242944302150804e-02 1.124366365483033e-16
1664 6.933333333333331e-09 4.385028825706046e-16 1.124366365565653e-02 2.810915913914132e-02 5.242944302618949e-02 1.124366365565653e-16
1665 6.937499999999998e-09 4.385028826024584e-16 1.124366365647329e-02 2.810915914118323e-02 5.242944303083021e-02 1.124366365647329e-16
1666 6.941666666666664e-09 4.385028826339571e-16 1.124366365728095e-02 2.810915914320238e-02 5.242944303540065e-02 1.124366365728095e-16
1667 6.945833333333331e-09 4.385028826651037e-16 1.124366365807958e-02 2.810915914519896e-02 5.242944303993773e-02 1.124366365807958e-16
1668 6.949999999999998e-09 4.385028826959013e-16 1.124366365886926e-02 2.810915914717316e-02 5.242944304442675e-02 1.124366365886926e-16
1669 6.954166666666664e-09 4.385028827263561e-16 1.124366365965016e-02 2.810915914912540e-02 5.242944304884174e-02 1.124366365965016e-16
1670 6.958333333333331e-09 4.385028827564567e-16 1.124366366042197e-02 2.810915915105492e-02 5.242944305322341e-02 1.124366366042197e-16
1671 6.962499999999998e-09 4.385028827862349e-16 1.124366366118551e-02 2.810915915296378e-02 5.242944305754959e-02 1.124366366118551e-16
1672 6.966666666666665e-09 4.385028828156786e-16 1.124366366194048e-02 2.810915915485119e-02 5.242944306182765e-02 1.124366366194048e-16
1673 6.970833333333331e-09 4.385028828447831e-16 1.124366366268675e-02 2.810915915671687e-02 5.242944306605759e-02 1.124366366268675e-16
1674 6.974999999999998e-09 4.385028828735904e-16 1.124366366342540e-02 2.810915915856349e-02 5.242944307025053e-02 1.124366366342539e-16
1675 6.979166666666664e-09 4.385028829020660e-16 1.124366366415554e-02 2.810915916038885e-02 5.242944307438795e-02 1.124366366415554e-16
1676 6.983333333333331e-09 4.385028829302330e-16 1.124366366487777e-02 2.810915916219442e-02 5.242944307848469e-02 1.124366366487777e-16
1677 6.987499999999997e-09 4.385028829580733e-16 1.124366366559162e-02 2.810915916397906e-02 5.242944308253330e-02 1.124366366559162e-16
1678 6.991666666666664e-09 4.385028829855837e-16 1.124366366629702e-02 2.810915916574255e-02 5.242944308652640e-02 1.124366366629702e-16
1679 6.995833333333331e-09 4.385028830127817e-16 1.124366366699440e-02 2.810915916748601e-02 5.242944309047139e-02 1.124366366699440e-16
1680 6.999999999999997e-09 4.385028830396791e-16 1.124366366768408e-02 2.810915916921020e-02 5.242944309437938e-02 1.124366366768408e-16
1681 7.004166666666664e-09 4.385028830662971e-16 1.124366366836659e-02 2.810915917091648e-02 5.242944309824667e-02 1.124366366836659e-16
1682 7.008333333333331e-09 4.385028830925865e-16 1.124366366904068e-02 2.810915917260171e-02 5.242944310205843e-02 1.124366366904068e-16
1683 7.012499999999997e-09 4.385028831185845e-16 1.124366366970730e-02 2.810915917426824e-02 5.242944310582948e-02 1.124366366970730e-16
1684 7.016666666666664e-09 4.385028831443057e-16 1.124366367036682e-02 2.810915917591704e-02 5.242944310957464e-02 1.124366367036682e-16
1685 7.020833333333331e-09 4.385028831697337e-16 1.124366367101881e-02 2.810915917754704e-02 5.242944311326798e-02 1.124366367101881e-16
1686 7.024999999999998e-09 4.385028831948753e-16 1.124366367166347e-02 2.810915917915868e-02 5.242944311691691e-02 1.124366367166347e-16
1687 7.029166666666664e-09 4.385028832197464e-16 1.124366367230119e-02 2.810915918075298e-02 5.242944312053623e-02 1.124366367230119e-16
1688 7.033333333333331e-09 4.385028832443533e-16 1.124366367293214e-02 2.810915918233034e-02 5.242944312411486e-02 1.124366367293214e-16
1689 7.037499999999998e-09 4.385028832686823e-16 1.124366367355596e-02 2.810915918388990e-02 5.242944312766017e-02 1.124366367355596e-16
1690 7.041666666666664e-09 4.385028832927300e-16 1.124366367417256e-02 2.810915918543141e-02 5.242944313114628e-02 1.124366367417256e-16
1691 7.045833333333331e-09 4.385028833165032e-16 1.124366367478213e-02 2.810915918695533e-02 5.242944313461017e-02 1.124366367478213e-16
1692 7.049999999999998e-09 4.385028833400173e-16 1.124366367538506e-02 2.810915918846265e-02 5.242944313802595e-02 1.124366367538506e-16
1693 7.054166666666664e-09 4.385028833632636e-16 1.124366367598112e-02 2.810915918995279e-02 5.242944314140103e-02 1.124366367598112e-16
1694 7.058333333333331e-09 4.385028833862373e-16 1.124366367657019e-02 2.810915919142547e-02 5.242944314474651e-02 1.124366367657019e-16
1695 7.062499999999998e-09 4.385028834089692e-16 1.124366367715306e-02 2.810915919288264e-02 5.242944314805866e-02 1.124366367715306e-16
1696 7.066666666666664e-09 4.385028834314511e-16 1.124366367772952e-02 2.810915919432379e-02 5.242944315132272e-02 1.124366367772952e-16
1697 7.070833333333330e-09 4.385028834536687e-16 1.124366367829920e-02 2.810915919574800e-02 5.242944315455347e-02 1.124366367829920e-16
1698 7.074999999999997e-09 4.385028834756370e-16 1.124366367886249e-02 2.810915919715622e-02 5.242944315773980e-02 1.124366367886249e-16
1699 7.079166666666664e-09 4.385028834973567e-16 1.124366367941940e-02 2.810915919854851e-02 5.242944316090023e-02 1.124366367941940e-16
1700 7.083333333333331e-09 4.385028835188530e-16 1.124366367997059e-02 2.810915919992648e-02 5.242944316403108e-02 1.124366367997059e-16
1701 7.087499999999997e-09 4.385028835400930e-16 1.124366368051521e-02 2.810915920128802e-02 5.242944316712859e-02 1.124366368051521e-16
1702 7.091666666666664e-09 4.385028835610955e-16 1.124366368105373e-02 2.810915920263433e-02 5.242944317018170e-02 1.124366368105373e-16
1703 7.095833333333331e-09 4.385028835818652e-16 1.124366368158629e-02 2.810915920396572e-02 5.242944317319782e-02 1.124366368158629e-16
1704 7.099999999999997e-09 4.385028836024015e-16 1.124366368211286e-02 2.810915920528215e-02 5.242944317617691e-02 1.124366368211286e-16
1705 7.104166666666664e-09 4.385028836227124e-16 1.124366368263365e-02 2.810915920658413e-02 5.242944317913011e-02 1.124366368263365e-16
1706 7.108333333333331e-09 4.385028836427931e-16 1.124366368314854e-02 2.810915920787135e-02 5.242944318204999e-02 1.124366368314854e-16
1707 7.112499999999998e-09 4.385028836626548e-16 1.124366368365782e-02 2.810915920914454e-02 5.242944318493287e-02 1.124366368365782e-16
1708 7.116666666666664e-09 4.385028836822861e-16 1.124366368416118e-02 2.810915921040296e-02 5.242944318777505e-02 1.124366368416118e-16
1709 7.120833333333331e-09 4.385028837016958e-16 1.124366368465887e-02 2.810915921164717e-02 5.242944319059872e-02 1.124366368465887e-16
1710 7.124999999999998e-09 4.385028837208919e-16 1.124366368515108e-02 2.810915921287769e-02 5.242944319338907e-02 1.124366368515108e-16
1711 7.129166666666664e-09 4.385028837398897e-16 1.124366368563820e-02 2.810915921409550e-02 5.242944319613872e-02 1.124366368563820e-16
1712 7.133333333333331e-09 4.385028837586541e-16 1.124366368611934e-02 2.810915921529834e-02 5.242944319885878e-02 1.124366368611934e-16
1713 7.137499999999998e-09 4.385028837771867e-16 1.124366368659453e-02 2.810915921648633e-02 5.242944320157143e-02 1.124366368659453e-16
1714 7.141666666666664e-09 4.385028837955187e-16 1.124366368706458e-02 2.810915921766146e-02 5.242944320425446e-02 1.124366368706458e-16
1715 7.145833333333331e-09 4.385028838136237e-16 1.124366368752881e-02 2.810915921882203e-02 5.242944320688569e-02 1.124366368752881e-16
1716 7.149999999999998e-09 4.385028838315793e-16 1.124366368798921e-02 2.810915921997303e-02 5.242944320946511e-02 1.124366368798921e-16
1717 7.154166666666665e-09 4.385028838493233e-16 1.124366368844419e-02 2.810915922111047e-02 5.242944321203340e-02 1.124366368844419e-16
1718 7.158333333333330e-09 4.385028838668565e-16 1.124366368889376e-02 2.810915922223439e-02 5.242944321457212e-02 1.124366368889376e-16
1719 7.162499999999997e-09 4.385028838841971e-16 1.124366368933839e-02 2.810915922334597e-02 5.242944321710714e-02 1.124366368933839e-16
1720 7.166666666666664e-09 4.385028839013267e-16 1.124366368977761e-02 2.810915922444402e-02 5.242944321960514e-02 1.124366368977761e-16
1721 7.170833333333331e-09 4.385028839182806e-16 1.124366369021232e-02 2.810915922553081e-02 5.242944322206613e-02 1.124366369021233e-16
1722 7.174999999999997e-09 4.385028839350370e-16 1.124366369064198e-02 2.810915922660494e-02 5.242944322449752e-02 1.124366369064198e-16
1723 7.179166666666664e-09 4.385028839516175e-16 1.124366369106712e-02 2.810915922766779e-02 5.242944322691041e-02 1.124366369106712e-16
1724 7.183333333333331e-09 4.385028839679963e-16 1.124366369148709e-02 2.810915922871771e-02 5.242944322929369e-02 1.124366369148709e-16
1725 7.187499999999997e-09 4.385028839841808e-16 1.124366369190207e-02 2.810915922975519e-02 5.242944323164737e-02 1.124366369190207e-16
1726 7.191666666666664e-09 4.385028840002063e-16 1.124366369231298e-02 2.810915923078246e-02 5.242944323396403e-02 1.124366369231298e-16
1727 7.195833333333331e-09 4.385028840160548e-16 1.124366369271936e-02 2.810915923179839e-02 5.242944323626218e-02 1.124366369271935e-16
1728 7.199999999999997e-09 4.385028840317292e-16 1.124366369312126e-02 2.810915923280316e-02 5.242944323852703e-02 1.124366369312126e-16
1729 7.204166666666664e-09 4.385028840472137e-16 1.124366369351830e-02 2.810915923379576e-02 5.242944324078821e-02 1.124366369351830e-16
1730 7.208333333333331e-09 4.385028840625205e-16 1.124366369391078e-02 2.810915923477696e-02 5.242944324301234e-02 1.124366369391078e-16
1731 7.212499999999998e-09 4.385028840776749e-16 1.124366369429936e-02 2.810915923574839e-02 5.242944324521058e-02 1.124366369429936e-16
1732 7.216666666666664e-09 4.385028840926555e-16 1.124366369468347e-02 2.810915923670869e-02 5.242944324739032e-02 1.124366369468348e-16
1733 7.220833333333331e-09 4.385028841074603e-16 1.124366369506308e-02 2.810915923765771e-02 5.242944324952935e-02 1.124366369506309e-16
1734 7.224999999999998e-09 4.385028841220941e-16 1.124366369543831e-02 2.810915923859578e-02 5.242944325167209e-02 1.124366369543831e-16
1735 7.229166666666664e-09 4.385028841365620e-16 1.124366369580928e-02 2.810915923952321e-02 5.242944325378151e-02 1.124366369580928e-16
1736 7.233333333333331e-09 4.385028841508561e-16 1.124366369617580e-02 2.810915924043950e-02 5.242944325586132e-02 1.124366369617580e-16
1737 7.237499999999998e-09 4.385028841650096e-16 1.124366369653871e-02 2.810915924134677e-02 5.242944325793004e-02 1.124366369653871e-16
1738 7.241666666666665e-09 4.385028841790232e-16 1.124366369689803e-02 2.810915924224508e-02 5.242944325996175e-02 1.124366369689803e-16
1739 7.245833333333330e-09 4.385028841928797e-16 1.124366369725333e-02 2.810915924313332e-02 5.242944326197865e-02 1.124366369725333e-16
1740 7.249999999999997e-09 4.385028842065656e-16 1.124366369760425e-02 2.810915924401062e-02 5.242944326396595e-02 1.124366369760425e-16
1741 7.254166666666664e-09 4.385028842200827e-16 1.124366369795084e-02 2.810915924487710e-02 5.242944326593845e-02 1.124366369795084e-16
1742 7.258333333333330e-09 4.385028842334601e-16 1.124366369829385e-02 2.810915924573462e-02 5.242944326788134e-02 1.124366369829385e-16
1743 7.262499999999997e-09 4.385028842466907e-16 1.124366369863310e-02 2.810915924658274e-02 5.242944326980573e-02 1.124366369863310e-16
1744 7.266666666666664e-09 4.385028842597675e-16 1.124366369896840e-02 2.810915924742100e-02 5.242944327171160e-02 1.124366369896840e-16
1745 7.270833333333331e-09 4.385028842726846e-16 1.124366369929961e-02 2.810915924824902e-02 5.242944327359527e-02 1.124366369929961e-16
1746 7.274999999999997e-09 4.385028842854545e-16 1.124366369962704e-02 2.810915924906760e-02 5.242944327544936e-02 1.124366369962704e-16
1747 7.279166666666664e-09 4.385028842981067e-16 1.124366369995145e-02 2.810915924987864e-02 5.242944327728492e-02 1.124366369995145e-16
1748 7.283333333333331e-09 4.385028843106052e-16 1.124366370027193e-02 2.810915925067983e-02 5.242944327909829e-02 1.124366370027193e-16
1749 7.287499999999997e-09 4.385028843229774e-16 1.124366370058916e-02 2.810915925147291e-02 5.242944328088205e-02 1.124366370058916e-16
1750 7.291666666666664e-09 4.385028843352088e-16 1.124366370090279e-02 2.810915925225698e-02 5.242944328267691e-02 1.124366370090279e-16
1751 7.295833333333331e-09 4.385028843472987e-16 1.124366370121279e-02 2.810915925303197e-02 5.242944328443847e-02 1.124366370121279e-16
1752 7.299999999999998e-09 4.385028843592370e-16 1.124366370151890e-02 2.810915925379725e-02 5.242944328617411e-02 1.124366370151890e-16
1753 7.304166666666664e-09 4.385028843710548e-16 1.124366370182192e-02 2.810915925455480e-02 5.242944328788385e-02 1.124366370182192e-16
1754 7.308333333333331e-09 4.385028843827359e-16 1.124366370212143e-02 2.810915925530359e-02 5.242944328957140e-02 1.124366370212143e-16
1755 7.312499999999998e-09 4.385028843942858e-16 1.124366370241759e-02 2.810915925604397e-02 5.242944329124043e-02 1.124366370241758e-16
1756 7.316666666666664e-09 4.385028844056975e-16 1.124366370271019e-02 2.810915925677549e-02 5.242944329289836e-02 1.124366370271019e-16
1757 7.320833333333331e-09 4.385028844170014e-16 1.124366370300004e-02 2.810915925750009e-02 5.242944329455260e-02 1.124366370300003e-16
1758 7.324999999999998e-09 4.385028844281586e-16 1.124366370328612e-02 2.810915925821530e-02 5.242944329616612e-02 1.124366370328612e-16
1759 7.329166666666664e-09 4.385028844391955e-16 1.124366370356912e-02 2.810915925892279e-02 5.242944329777965e-02 1.124366370356912e-16
1760 7.333333333333331e-09 4.385028844501135e-16 1.124366370384906e-02 2.810915925962266e-02 5.242944329937835e-02 1.124366370384906e-16
1761 7.337499999999997e-09 4.385028844609028e-16 1.124366370412571e-02 2.810915926031428e-02 5.242944330095117e-02 1.124366370412571e-16
1762 7.341666666666664e-09 4.385028844715752e-16 1.124366370439936e-02 2.810915926099842e-02 5.242944330248699e-02 1.124366370439937e-16
1763 7.345833333333330e-09 4.385028844821339e-16 1.124366370467010e-02 2.810915926167526e-02 5.242944330402279e-02 1.124366370467010e-16
1764 7.349999999999997e-09 4.385028844925726e-16 1.124366370493776e-02 2.810915926234440e-02 5.242944330553269e-02 1.124366370493776e-16
1765 7.354166666666664e-09 4.385028845028915e-16 1.124366370520235e-02 2.810915926300587e-02 5.242944330702780e-02 1.124366370520235e-16
1766 7.358333333333331e-09 4.385028845130726e-16 1.124366370546340e-02 2.810915926365851e-02 5.242944330851550e-02 1.124366370546340e-16
1767 7.362499999999997e-09 4.385028845231714e-16 1.124366370572235e-02 2.810915926430587e-02 5.242944330998469e-02 1.124366370572235e-16
1768 7.366666666666664e-09 4.385028845331536e-16 1.124366370597830e-02 2.810915926494575e-02 5.242944331142799e-02 1.124366370597830e-16
1769 7.370833333333331e-09 4.385028845430243e-16 1.124366370623139e-02 2.810915926557848e-02 5.242944331284908e-02 1.124366370623139e-16
1770 7.374999999999997e-09 4.385028845527662e-16 1.124366370648118e-02 2.810915926620296e-02 5.242944331425906e-02 1.124366370648118e-16
1771 7.379166666666664e-09 4.385028845624121e-16 1.124366370672852e-02 2.810915926682130e-02 5.242944331565424e-02 1.124366370672852e-16
1772 7.383333333333331e-09 4.385028845719586e-16 1.124366370697330e-02 2.810915926743325e-02 5.242944331704201e-02 1.124366370697330e-16
1773 7.387499999999997e-09 4.385028845813927e-16 1.124366370721520e-02 2.810915926803800e-02 5.242944331841499e-02 1.124366370721520e-16
1774 7.391666666666664e-09 4.385028845906948e-16 1.124366370745371e-02 2.810915926863429e-02 5.242944331975835e-02 1.124366370745371e-16
1775 7.395833333333331e-09 4.385028845999106e-16 1.124366370769002e-02 2.810915926922504e-02 5.242944332109433e-02 1.124366370769002e-16
1776 7.399999999999998e-09 4.385028846090319e-16 1.124366370792389e-02 2.810915926980974e-02 5.242944332241179e-02 1.124366370792389e-16
1777 7.404166666666664e-09 4.385028846180575e-16 1.124366370815532e-02 2.810915927038830e-02 5.242944332372926e-02 1.124366370815532e-16
1778 7.408333333333331e-09 4.385028846269756e-16 1.124366370838399e-02 2.810915927095998e-02 5.242944332503192e-02 1.124366370838399e-16
1779 7.412499999999998e-09 4.385028846357949e-16 1.124366370861012e-02 2.810915927152531e-02 5.242944332631978e-02 1.124366370861012e-16
1780 7.416666666666664e-09 4.385028846445111e-16 1.124366370883362e-02 2.810915927208405e-02 5.242944332757064e-02 1.124366370883362e-16
1781 7.420833333333331e-09 4.385028846531320e-16 1.124366370905467e-02 2.810915927263667e-02 5.242944332881407e-02 1.124366370905467e-16
1782 7.424999999999997e-09 4.385028846616518e-16 1.124366370927312e-02 2.810915927318281e-02 5.242944333004272e-02 1.124366370927312e-16
1783 7.429166666666664e-09 4.385028846700665e-16 1.124366370948889e-02 2.810915927372221e-02 5.242944333126397e-02 1.124366370948889e-16
1784 7.433333333333330e-09 4.385028846784058e-16 1.124366370970271e-02 2.810915927425678e-02 5.242944333248892e-02 1.124366370970271e-16
1785 7.437499999999997e-09 4.385028846866274e-16 1.124366370991352e-02 2.810915927478381e-02 5.242944333369166e-02 1.124366370991353e-16
1786 7.441666666666664e-09 4.385028846947587e-16 1.124366371012202e-02 2.810915927530505e-02 5.242944333486479e-02 1.124366371012202e-16
1787 7.445833333333331e-09 4.385028847027956e-16 1.124366371032809e-02 2.810915927582024e-02 5.242944333602682e-02 1.124366371032810e-16
1788 7.449999999999997e-09 4.385028847107646e-16 1.124366371053243e-02 2.810915927633107e-02 5.242944333717775e-02 1.124366371053243e-16
1789 7.454166666666665e-09 4.385028847186334e-16 1.124366371073419e-02 2.810915927683548e-02 5.242944333832129e-02 1.124366371073419e-16
1790 7.458333333333331e-09 4.385028847264287e-16 1.124366371093407e-02 2.810915927733518e-02 5.242944333945742e-02 1.124366371093407e-16
1791 7.462499999999998e-09 4.385028847341045e-16 1.124366371113088e-02 2.810915927782721e-02 5.242944334057503e-02 1.124366371113089e-16
1792 7.466666666666664e-09 4.385028847416942e-16 1.124366371132549e-02 2.810915927831373e-02 5.242944334168896e-02 1.124366371132549e-16
1793 7.470833333333330e-09 4.385028847492202e-16 1.124366371151847e-02 2.810915927879617e-02 5.242944334277327e-02 1.124366371151847e-16
1794 7.474999999999997e-09 4.385028847566815e-16 1.124366371170978e-02 2.810915927927446e-02 5.242944334385389e-02 1.124366371170978e-16
1795 7.479166666666663e-09 4.385028847640310e-16 1.124366371189823e-02 2.810915927974558e-02 5.242944334492341e-02 1.124366371189823e-16
1796 7.483333333333331e-09 4.385028847713076e-16 1.124366371208481e-02 2.810915928021203e-02 5.242944334598183e-02 1.124366371208481e-16
1797 7.487499999999997e-09 4.385028847784796e-16 1.124366371226871e-02 2.810915928067178e-02 5.242944334703283e-02 1.124366371226871e-16
1798 7.491666666666664e-09 4.385028847855801e-16 1.124366371245077e-02 2.810915928112693e-02 5.242944334805795e-02 1.124366371245077e-16
1799 7.495833333333330e-09 4.385028847926019e-16 1.124366371263082e-02 2.810915928157704e-02 5.242944334908674e-02 1.124366371263082e-16
1800 7.499999999999998e-09 4.385028847995304e-16 1.124366371280847e-02 2.810915928202118e-02 5.242944335008966e-02 1.124366371280847e-16
1801 7.504166666666664e-09 4.385028848064099e-16 1.124366371298487e-02 2.810915928246218e-02 5.242944335111106e-02 1.124366371298487e-16
1802 7.508333333333331e-09 4.385028848131790e-16 1.124366371315844e-02 2.810915928289609e-02 5.242944335208805e-02 1.124366371315844e-16
1803 7.512499999999997e-09 4.385028848199009e-16 1.124366371333079e-02 2.810915928332699e-02 5.242944335306134e-02 1.124366371333079e-16
1804 7.516666666666664e-09 4.385028848265499e-16 1.124366371350128e-02 2.810915928375321e-02 5.242944335401615e-02 1.124366371350128e-16
1805 7.520833333333330e-09 4.385028848331191e-16 1.124366371366972e-02 2.810915928417430e-02 5.242944335497832e-02 1.124366371366972e-16
1806 7.524999999999998e-09 4.385028848396237e-16 1.124366371383651e-02 2.810915928459127e-02 5.242944335593683e-02 1.124366371383651e-16
1807 7.529166666666664e-09 4.385028848460212e-16 1.124366371400054e-02 2.810915928500136e-02 5.242944335686201e-02 1.124366371400054e-16
1808 7.533333333333331e-09 4.385028848523663e-16 1.124366371416324e-02 2.810915928540810e-02 5.242944335778720e-02 1.124366371416324e-16
1809 7.537499999999997e-09 4.385028848586436e-16 1.124366371432420e-02 2.810915928581049e-02 5.242944335869018e-02 1.124366371432420e-16
1810 7.541666666666665e-09 4.385028848648642e-16 1.124366371448370e-02 2.810915928620925e-02 5.242944335959687e-02 1.124366371448370e-16
1811 7.545833333333331e-09 4.385028848709957e-16 1.124366371464092e-02 2.810915928660229e-02 5.242944336049985e-02 1.124366371464092e-16
1812 7.549999999999998e-09 4.385028848770673e-16 1.124366371479660e-02 2.810915928699150e-02 5.242944336138432e-02 1.124366371479660e-16
1813 7.554166666666664e-09 4.385028848830740e-16 1.124366371495062e-02 2.810915928737654e-02 5.242944336225770e-02 1.124366371495061e-16
1814 7.558333333333330e-09 4.385028848890065e-16 1.124366371510273e-02 2.810915928775683e-02 5.242944336312366e-02 1.124366371510273e-16
1815 7.562499999999997e-09 4.385028848948730e-16 1.124366371525316e-02 2.810915928813289e-02 5.242944336397854e-02 1.124366371525316e-16
1816 7.566666666666663e-09 4.385028849006625e-16 1.124366371540160e-02 2.810915928850401e-02 5.242944336481119e-02 1.124366371540160e-16
1817 7.570833333333331e-09 4.385028849063841e-16 1.124366371554831e-02 2.810915928887078e-02 5.242944336564016e-02 1.124366371554831e-16
1818 7.574999999999997e-09 4.385028849120578e-16 1.124366371569379e-02 2.810915928923448e-02 5.242944336646545e-02 1.124366371569379e-16
1819 7.579166666666664e-09 4.385028849176603e-16 1.124366371583744e-02 2.810915928959361e-02 5.242944336727220e-02 1.124366371583744e-16
1820 7.583333333333330e-09 4.385028849232214e-16 1.124366371598004e-02 2.810915928995010e-02 5.242944336807157e-02 1.124366371598004e-16
1821 7.587499999999998e-09 4.385028849287048e-16 1.124366371612064e-02 2.810915929030159e-02 5.242944336886722e-02 1.124366371612064e-16
1822 7.591666666666664e-09 4.385028849341202e-16 1.124366371625949e-02 2.810915929064873e-02 5.242944336965178e-02 1.124366371625949e-16
1823 7.595833333333331e-09 4.385028849394727e-16 1.124366371639674e-02 2.810915929099184e-02 5.242944337044374e-02 1.124366371639674e-16
1824 7.599999999999997e-09 4.385028849447746e-16 1.124366371653268e-02 2.810915929133171e-02 5.242944337122088e-02 1.124366371653268e-16
1825 7.604166666666664e-09 4.385028849500226e-16 1.124366371666725e-02 2.810915929166812e-02 5.242944337199065e-02 1.124366371666725e-16
1826 7.608333333333330e-09 4.385028849552110e-16 1.124366371680028e-02 2.810915929200071e-02 5.242944337273079e-02 1.124366371680028e-16
1827 7.612499999999998e-09 4.385028849603241e-16 1.124366371693139e-02 2.810915929232848e-02 5.242944337348204e-02 1.124366371693139e-16
1828 7.616666666666664e-09 4.385028849653917e-16 1.124366371706133e-02 2.810915929265332e-02 5.242944337421109e-02 1.124366371706133e-16
1829 7.620833333333331e-09 4.385028849704036e-16 1.124366371718984e-02 2.810915929297459e-02 5.242944337493274e-02 1.124366371718984e-16
1830 7.624999999999997e-09 4.385028849753401e-16 1.124366371731641e-02 2.810915929329103e-02 5.242944337564700e-02 1.124366371731641e-16
1831 7.629166666666665e-09 4.385028849802292e-16 1.124366371744177e-02 2.810915929360444e-02 5.242944337636122e-02 1.124366371744178e-16
1832 7.633333333333331e-09 4.385028849850581e-16 1.124366371756559e-02 2.810915929391399e-02 5.242944337706807e-02 1.124366371756559e-16
1833 7.637499999999998e-09 4.385028849898424e-16 1.124366371768827e-02 2.810915929422067e-02 5.242944337777121e-02 1.124366371768827e-16
1834 7.641666666666664e-09 4.385028849945653e-16 1.124366371780937e-02 2.810915929452342e-02 5.242944337844106e-02 1.124366371780937e-16
1835 7.645833333333330e-09 4.385028849992378e-16 1.124366371792918e-02 2.810915929482294e-02 5.242944337912569e-02 1.124366371792918e-16
1836 7.649999999999997e-09 4.385028850038458e-16 1.124366371804733e-02 2.810915929511833e-02 5.242944337980662e-02 1.124366371804733e-16
1837 7.654166666666663e-09 4.385028850084127e-16 1.124366371816443e-02 2.810915929541108e-02 5.242944338046536e-02 1.124366371816443e-16
1838 7.658333333333331e-09 4.385028850129287e-16 1.124366371828022e-02 2.810915929570056e-02 5.242944338113519e-02 1.124366371828023e-16
1839 7.662499999999997e-09 4.385028850173789e-16 1.124366371839433e-02 2.810915929598583e-02 5.242944338177542e-02 1.124366371839433e-16
1840 7.666666666666664e-09 4.385028850217869e-16 1.124366371850736e-02 2.810915929626839e-02 5.242944338241564e-02 1.124366371850736e-16
1841 7.670833333333330e-09 4.385028850261550e-16 1.124366371861936e-02 2.810915929654840e-02 5.242944338305218e-02 1.124366371861936e-16
1842 7.674999999999998e-09 4.385028850304753e-16 1.124366371873014e-02 2.810915929682534e-02 5.242944338368499e-02 1.124366371873014e-16
1843 7.679166666666663e-09 4.385028850347493e-16 1.124366371883972e-02 2.810915929709932e-02 5.242944338430672e-02 1.124366371883973e-16
1844 7.683333333333331e-09 4.385028850389643e-16 1.124366371894780e-02 2.810915929736951e-02 5.242944338491364e-02 1.124366371894780e-16
1845 7.687499999999997e-09 4.385028850431625e-16 1.124366371905545e-02 2.810915929763863e-02 5.242944338553167e-02 1.124366371905545e-16
1846 7.691666666666664e-09 4.385028850473070e-16 1.124366371916172e-02 2.810915929790430e-02 5.242944338614230e-02 1.124366371916172e-16
1847 7.695833333333330e-09 4.385028850513963e-16 1.124366371926657e-02 2.810915929816643e-02 5.242944338674182e-02 1.124366371926657e-16
1848 7.699999999999998e-09 4.385028850554436e-16 1.124366371937035e-02 2.810915929842588e-02 5.242944338731172e-02 1.124366371937035e-16
1849 7.704166666666664e-09 4.385028850594399e-16 1.124366371947282e-02 2.810915929868205e-02 5.242944338790385e-02 1.124366371947282e-16
1850 7.708333333333331e-09 4.385028850633912e-16 1.124366371957414e-02 2.810915929893534e-02 5.242944338847377e-02 1.124366371957414e-16
1851 7.712499999999997e-09 4.385028850672997e-16 1.124366371967435e-02 2.810915929918588e-02 5.242944338904367e-02 1.124366371967435e-16
1852 7.716666666666665e-09 4.385028850711516e-16 1.124366371977312e-02 2.810915929943280e-02 5.242944338959878e-02 1.124366371977312e-16
1853 7.720833333333331e-09 4.385028850749643e-16 1.124366371987088e-02 2.810915929967720e-02 5.242944339015391e-02 1.124366371987088e-16
1854 7.724999999999998e-09 4.385028850787428e-16 1.124366371996777e-02 2.810915929991941e-02 5.242944339071271e-02 1.124366371996776e-16
1855 7.729166666666664e-09 4.385028850824768e-16 1.124366372006351e-02 2.810915930015877e-02 5.242944339124562e-02 1.124366372006351e-16
1856 7.733333333333330e-09 4.385028850861752e-16 1.124366372015834e-02 2.810915930039585e-02 5.242944339177853e-02 1.124366372015834e-16
1857 7.737499999999997e-09 4.385028850898180e-16 1.124366372025174e-02 2.810915930062936e-02 5.242944339230773e-02 1.124366372025174e-16
1858 7.741666666666663e-09 4.385028850934310e-16 1.124366372034439e-02 2.810915930086097e-02 5.242944339283323e-02 1.124366372034439e-16
1859 7.745833333333331e-09 4.385028850969876e-16 1.124366372043558e-02 2.810915930108895e-02 5.242944339335506e-02 1.124366372043558e-16
1860 7.749999999999997e-09 4.385028851005171e-16 1.124366372052608e-02 2.810915930131520e-02 5.242944339388055e-02 1.124366372052608e-16
1861 7.754166666666664e-09 4.385028851039888e-16 1.124366372061510e-02 2.810915930153774e-02 5.242944339439495e-02 1.124366372061510e-16
1862 7.758333333333330e-09 4.385028851074414e-16 1.124366372070363e-02 2.810915930175907e-02 5.242944339489825e-02 1.124366372070363e-16
1863 7.762499999999998e-09 4.385028851108606e-16 1.124366372079130e-02 2.810915930197825e-02 5.242944339538675e-02 1.124366372079130e-16
1864 7.766666666666663e-09 4.385028851142279e-16 1.124366372087764e-02 2.810915930219410e-02 5.242944339588635e-02 1.124366372087764e-16
1865 7.770833333333331e-09 4.385028851175645e-16 1.124366372096319e-02 2.810915930240799e-02 5.242944339636004e-02 1.124366372096319e-16
1866 7.774999999999997e-09 4.385028851208530e-16 1.124366372104751e-02 2.810915930261879e-02 5.242944339684114e-02 1.124366372104751e-16
1867 7.779166666666664e-09 4.385028851241037e-16 1.124366372113087e-02 2.810915930282717e-02 5.242944339730374e-02 1.124366372113087e-16
1868 7.783333333333330e-09 4.385028851273284e-16 1.124366372121355e-02 2.810915930303388e-02 5.242944339776633e-02 1.124366372121355e-16
1869 7.787499999999998e-09 4.385028851304990e-16 1.124366372129485e-02 2.810915930323712e-02 5.242944339824002e-02 1.124366372129485e-16
1870 7.791666666666664e-09 4.385028851336368e-16 1.124366372137530e-02 2.810915930343826e-02 5.242944339869892e-02 1.124366372137530e-16
1871 7.795833333333331e-09 4.385028851367711e-16 1.124366372145567e-02 2.810915930363918e-02 5.242944339914301e-02 1.124366372145567e-16
1872 7.799999999999997e-09 4.385028851398528e-16 1.124366372153469e-02 2.810915930383672e-02 5.242944339958710e-02 1.124366372153469e-16
1873 7.804166666666665e-09 4.385028851428996e-16 1.124366372161281e-02 2.810915930403203e-02 5.242944340002748e-02 1.124366372161281e-16
1874 7.808333333333330e-09 4.385028851459161e-16 1.124366372169016e-02 2.810915930422539e-02 5.242944340046787e-02 1.124366372169016e-16
1875 7.812499999999998e-09 4.385028851488856e-16 1.124366372176630e-02 2.810915930441574e-02 5.242944340090086e-02 1.124366372176630e-16
1876 7.816666666666664e-09 4.385028851518284e-16 1.124366372184175e-02 2.810915930460439e-02 5.242944340134125e-02 1.124366372184176e-16
1877 7.820833333333331e-09 4.385028851547333e-16 1.124366372191624e-02 2.810915930479060e-02 5.242944340177423e-02 1.124366372191624e-16
1878 7.824999999999997e-09 4.385028851576126e-16 1.124366372199007e-02 2.810915930497517e-02 5.242944340219242e-02 1.124366372199007e-16
1879 7.829166666666663e-09 4.385028851604474e-16 1.124366372206275e-02 2.810915930515689e-02 5.242944340259950e-02 1.124366372206275e-16
1880 7.833333333333331e-09 4.385028851632791e-16 1.124366372213536e-02 2.810915930533841e-02 5.242944340301028e-02 1.124366372213536e-16
1881 7.837499999999997e-09 4.385028851660539e-16 1.124366372220651e-02 2.810915930551628e-02 5.242944340342477e-02 1.124366372220651e-16
1882 7.841666666666664e-09 4.385028851687924e-16 1.124366372227673e-02 2.810915930569182e-02 5.242944340380964e-02 1.124366372227673e-16
1883 7.845833333333330e-09 4.385028851715265e-16 1.124366372234683e-02 2.810915930586709e-02 5.242944340421673e-02 1.124366372234684e-16
1884 7.849999999999998e-09 4.385028851742146e-16 1.124366372241576e-02 2.810915930603940e-02 5.242944340459790e-02 1.124366372241576e-16
1885 7.854166666666663e-09 4.385028851768851e-16 1.124366372248423e-02 2.810915930621059e-02 5.242944340497908e-02 1.124366372248423e-16
1886 7.858333333333331e-09 4.385028851795314e-16 1.124366372255209e-02 2.810915930638022e-02 5.242944340537135e-02 1.124366372255209e-16
1887 7.862499999999997e-09 4.385028851821005e-16 1.124366372261796e-02 2.810915930654491e-02 5.242944340573773e-02 1.124366372261796e-16
1888 7.866666666666664e-09 4.385028851846799e-16 1.124366372268410e-02 2.810915930671025e-02 5.242944340611151e-02 1.124366372268410e-16
1889 7.870833333333330e-09 4.385028851872264e-16 1.124366372274940e-02 2.810915930687349e-02 5.242944340648897e-02 1.124366372274940e-16
1890 7.874999999999998e-09 4.385028851897383e-16 1.124366372281380e-02 2.810915930703451e-02 5.242944340685535e-02 1.124366372281380e-16
1891 7.879166666666664e-09 4.385028851922283e-16 1.124366372287765e-02 2.810915930719413e-02 5.242944340722173e-02 1.124366372287765e-16
1892 7.883333333333331e-09 4.385028851946882e-16 1.124366372294072e-02 2.810915930735181e-02 5.242944340757701e-02 1.124366372294072e-16
1893 7.887499999999997e-09 4.385028851971214e-16 1.124366372300311e-02 2.810915930750778e-02 5.242944340792858e-02 1.124366372300311e-16
1894 7.891666666666665e-09 4.385028851995252e-16 1.124366372306475e-02 2.810915930766187e-02 5.242944340828383e-02 1.124366372306475e-16
1895 7.895833333333330e-09 4.385028852019013e-16 1.124366372312567e-02 2.810915930781419e-02 5.242944340863540e-02 1.124366372312568e-16
1896 7.899999999999998e-09 4.385028852042579e-16 1.124366372318610e-02 2.810915930796526e-02 5.242944340898328e-02 1.124366372318610e-16
1897 7.904166666666664e-09 4.385028852065672e-16 1.124366372324531e-02 2.810915930811329e-02 5.242944340932745e-02 1.124366372324531e-16
1898 7.908333333333331e-09 4.385028852088653e-16 1.124366372330424e-02 2.810915930826060e-02 5.242944340966422e-02 1.124366372330424e-16
1899 7.912499999999997e-09 4.385028852111358e-16 1.124366372336246e-02 2.810915930840615e-02 5.242944340999729e-02 1.124366372336246e-16
1900 7.916666666666663e-09 4.385028852133820e-16 1.124366372342005e-02 2.810915930855013e-02 5.242944341031185e-02 1.124366372342005e-16
1901 7.920833333333331e-09 4.385028852156233e-16 1.124366372347752e-02 2.810915930869380e-02 5.242944341064491e-02 1.124366372347752e-16
1902 7.924999999999997e-09 4.385028852177986e-16 1.124366372353330e-02 2.810915930883325e-02 5.242944341095208e-02 1.124366372353330e-16
1903 7.929166666666664e-09 4.385028852199807e-16 1.124366372358925e-02 2.810915930897313e-02 5.242944341127034e-02 1.124366372358925e-16
1904 7.933333333333330e-09 4.385028852221233e-16 1.124366372364419e-02 2.810915930911047e-02 5.242944341158861e-02 1.124366372364419e-16
1905 7.937499999999997e-09 4.385028852242449e-16 1.124366372369859e-02 2.810915930924647e-02 5.242944341188466e-02 1.124366372369859e-16
1906 7.941666666666663e-09 4.385028852263427e-16 1.124366372375238e-02 2.810915930938095e-02 5.242944341219183e-02 1.124366372375238e-16
1907 7.945833333333331e-09 4.385028852284182e-16 1.124366372380560e-02 2.810915930951399e-02 5.242944341250270e-02 1.124366372380560e-16
1908 7.949999999999997e-09 4.385028852304522e-16 1.124366372385775e-02 2.810915930964437e-02 5.242944341278764e-02 1.124366372385775e-16
1909 7.954166666666664e-09 4.385028852324905e-16 1.124366372391001e-02 2.810915930977504e-02 5.242944341308741e-02 1.124366372391002e-16
1910 7.958333333333330e-09 4.385028852344972e-16 1.124366372396147e-02 2.810915930990367e-02 5.242944341337606e-02 1.124366372396147e-16
1911 7.962499999999998e-09 4.385028852364707e-16 1.124366372401207e-02 2.810915931003018e-02 5.242944341366472e-02 1.124366372401207e-16
1912 7.966666666666664e-09 4.385028852384473e-16 1.124366372406275e-02 2.810915931015688e-02 5.242944341395338e-02 1.124366372406275e-16
1913 7.970833333333331e-09 4.385028852403835e-16 1.124366372411240e-02 2.810915931028100e-02 5.242944341424574e-02 1.124366372411240e-16
1914 7.974999999999997e-09 4.385028852422973e-16 1.124366372416147e-02 2.810915931040368e-02 5.242944341451219e-02 1.124366372416147e-16
1915 7.979166666666664e-09 4.385028852441796e-16 1.124366372420973e-02 2.810915931052433e-02 5.242944341478604e-02 1.124366372420973e-16
1916 7.983333333333330e-09 4.385028852460704e-16 1.124366372425822e-02 2.810915931064554e-02 5.242944341504880e-02 1.124366372425822e-16
1917 7.987499999999998e-09 4.385028852479243e-16 1.124366372430575e-02 2.810915931076438e-02 5.242944341531525e-02 1.124366372430575e-16
1918 7.991666666666664e-09 4.385028852497455e-16 1.124366372435245e-02 2.810915931088112e-02 5.242944341557431e-02 1.124366372435245e-16
1919 7.995833333333331e-09 4.385028852515712e-16 1.124366372439926e-02 2.810915931099816e-02 5.242944341584076e-02 1.124366372439926e-16
1920 7.999999999999997e-09 4.385028852533459e-16 1.124366372444477e-02 2.810915931111192e-02 5.242944341610351e-02 1.124366372444477e-16
1921 8.004166666666663e-09 4.385028852551224e-16 1.124366372449032e-02 2.810915931122580e-02 5.242944341636256e-02 1.124366372449032e-16
1922 8.008333333333331e-09 4.385028852568790e-16 1.124366372453536e-02 2.810915931133840e-02 5.242944341662902e-02 1.124366372453536e-16
1923 8.012499999999996e-09 4.385028852586248e-16 1.124366372458012e-02 2.810915931145031e-02 5.242944341688807e-02 1.124366372458012e-16
1924 8.016666666666664e-09 4.385028852603304e-16 1.124366372462386e-02 2.810915931155964e-02 5.242944341715453e-02 1.124366372462386e-16
1925 8.020833333333330e-09 4.385028852620223e-16 1.124366372466724e-02 2.810915931166810e-02 5.242944341739508e-02 1.124366372466724e-16
1926 8.024999999999997e-09 4.385028852636815e-16 1.124366372470978e-02 2.810915931177446e-02 5.242944341764302e-02 1.124366372470978e-16
1927 8.029166666666663e-09 4.385028852653480e-16 1.124366372475251e-02 2.810915931188128e-02 5.242944341787987e-02 1.124366372475251e-16
1928 8.033333333333331e-09 4.385028852669721e-16 1.124366372479416e-02 2.810915931198539e-02 5.242944341810561e-02 1.124366372479416e-16
1929 8.037499999999997e-09 4.385028852685899e-16 1.124366372483564e-02 2.810915931208910e-02 5.242944341833135e-02 1.124366372483564e-16
1930 8.041666666666664e-09 4.385028852701865e-16 1.124366372487658e-02 2.810915931219144e-02 5.242944341856450e-02 1.124366372487658e-16
1931 8.045833333333330e-09 4.385028852717588e-16 1.124366372491689e-02 2.810915931229223e-02 5.242944341878285e-02 1.124366372491689e-16
1932 8.049999999999998e-09 4.385028852733294e-16 1.124366372495716e-02 2.810915931239292e-02 5.242944341901601e-02 1.124366372495717e-16
1933 8.054166666666664e-09 4.385028852748673e-16 1.124366372499660e-02 2.810915931249150e-02 5.242944341923434e-02 1.124366372499660e-16
1934 8.058333333333331e-09 4.385028852764028e-16 1.124366372503597e-02 2.810915931258993e-02 5.242944341945269e-02 1.124366372503597e-16
1935 8.062499999999997e-09 4.385028852779162e-16 1.124366372507478e-02 2.810915931268694e-02 5.242944341966733e-02 1.124366372507478e-16
1936 8.066666666666664e-09 4.385028852794250e-16 1.124366372511346e-02 2.810915931278366e-02 5.242944341989307e-02 1.124366372511346e-16
1937 8.070833333333330e-09 4.385028852808992e-16 1.124366372515126e-02 2.810915931287816e-02 5.242944342010031e-02 1.124366372515126e-16
1938 8.074999999999998e-09 4.385028852823661e-16 1.124366372518887e-02 2.810915931297219e-02 5.242944342031496e-02 1.124366372518887e-16
1939 8.079166666666664e-09 4.385028852837969e-16 1.124366372522556e-02 2.810915931306391e-02 5.242944342052960e-02 1.124366372522556e-16
1940 8.083333333333331e-09 4.385028852852151e-16 1.124366372526193e-02 2.810915931315482e-02 5.242944342074055e-02 1.124366372526193e-16
1941 8.087499999999997e-09 4.385028852866228e-16 1.124366372529802e-02 2.810915931324506e-02 5.242944342095148e-02 1.124366372529802e-16
1942 8.091666666666663e-09 4.385028852880232e-16 1.124366372533393e-02 2.810915931333482e-02 5.242944342114763e-02 1.124366372533393e-16
1943 8.095833333333331e-09 4.385028852894084e-16 1.124366372536945e-02 2.810915931342362e-02 5.242944342135487e-02 1.124366372536945e-16
1944 8.099999999999996e-09 4.385028852907895e-16 1.124366372540486e-02 2.810915931351215e-02 5.242944342155471e-02 1.124366372540486e-16
1945 8.104166666666664e-09 4.385028852921448e-16 1.124366372543961e-02 2.810915931359903e-02 5.242944342175084e-02 1.124366372543961e-16
1946 8.108333333333330e-09 4.385028852934713e-16 1.124366372547362e-02 2.810915931368406e-02 5.242944342193959e-02 1.124366372547363e-16
1947 8.112499999999997e-09 4.385028852947943e-16 1.124366372550755e-02 2.810915931376887e-02 5.242944342212462e-02 1.124366372550755e-16
1948 8.116666666666663e-09 4.385028852960937e-16 1.124366372554086e-02 2.810915931385216e-02 5.242944342231706e-02 1.124366372554086e-16
1949 8.120833333333331e-09 4.385028852973851e-16 1.124366372557398e-02 2.810915931393495e-02 5.242944342249099e-02 1.124366372557398e-16
1950 8.124999999999997e-09 4.385028852986694e-16 1.124366372560691e-02 2.810915931401728e-02 5.242944342267972e-02 1.124366372560691e-16
1951 8.129166666666664e-09 4.385028852999505e-16 1.124366372563976e-02 2.810915931409939e-02 5.242944342287217e-02 1.124366372563976e-16
1952 8.133333333333330e-09 4.385028853011957e-16 1.124366372567169e-02 2.810915931417922e-02 5.242944342304981e-02 1.124366372567168e-16
1953 8.137499999999998e-09 4.385028853024265e-16 1.124366372570324e-02 2.810915931425811e-02 5.242944342322374e-02 1.124366372570324e-16
1954 8.141666666666663e-09 4.385028853036408e-16 1.124366372573438e-02 2.810915931433595e-02 5.242944342340877e-02 1.124366372573438e-16
1955 8.145833333333331e-09 4.385028853048566e-16 1.124366372576555e-02 2.810915931441389e-02 5.242944342358642e-02 1.124366372576555e-16
1956 8.149999999999997e-09 4.385028853060452e-16 1.124366372579603e-02 2.810915931449008e-02 5.242944342376406e-02 1.124366372579603e-16
1957 8.154166666666664e-09 4.385028853072343e-16 1.124366372582652e-02 2.810915931456630e-02 5.242944342394167e-02 1.124366372582652e-16
1958 8.158333333333330e-09 4.385028853083993e-16 1.124366372585639e-02 2.810915931464098e-02 5.242944342411562e-02 1.124366372585639e-16
1959 8.162499999999998e-09 4.385028853095548e-16 1.124366372588602e-02 2.810915931471505e-02 5.242944342428215e-02 1.124366372588602e-16
1960 8.166666666666664e-09 4.385028853106938e-16 1.124366372591522e-02 2.810915931478807e-02 5.242944342444870e-02 1.124366372591522e-16
1961 8.170833333333331e-09 4.385028853118361e-16 1.124366372594452e-02 2.810915931486129e-02 5.242944342460412e-02 1.124366372594452e-16
1962 8.174999999999997e-09 4.385028853129374e-16 1.124366372597276e-02 2.810915931493189e-02 5.242944342476695e-02 1.124366372597275e-16
1963 8.179166666666663e-09 4.385028853140463e-16 1.124366372600119e-02 2.810915931500297e-02 5.242944342491869e-02 1.124366372600119e-16
1964 8.183333333333331e-09 4.385028853151494e-16 1.124366372602947e-02 2.810915931507368e-02 5.242944342508522e-02 1.124366372602947e-16
1965 8.187499999999996e-09 4.385028853162406e-16 1.124366372605745e-02 2.810915931514364e-02 5.242944342525176e-02 1.124366372605745e-16
1966 8.191666666666664e-09 4.385028853172931e-16 1.124366372608444e-02 2.810915931521110e-02 5.242944342541458e-02 1.124366372608444e-16
1967 8.195833333333330e-09 4.385028853183482e-16 1.124366372611149e-02 2.810915931527873e-02 5.242944342555891e-02 1.124366372611149e-16
1968 8.199999999999997e-09 4.385028853193929e-16 1.124366372613828e-02 2.810915931534570e-02 5.242944342571065e-02 1.124366372613828e-16
1969 8.204166666666663e-09 4.385028853204297e-16 1.124366372616487e-02 2.810915931541217e-02 5.242944342586237e-02 1.124366372616487e-16
1970 8.208333333333331e-09 4.385028853214498e-16 1.124366372619102e-02 2.810915931547755e-02 5.242944342601041e-02 1.124366372619102e-16
1971 8.212499999999997e-09 4.385028853224607e-16 1.124366372621694e-02 2.810915931554236e-02 5.242944342615474e-02 1.124366372621694e-16
1972 8.216666666666664e-09 4.385028853234435e-16 1.124366372624214e-02 2.810915931560536e-02 5.242944342629906e-02 1.124366372624214e-16
1973 8.220833333333330e-09 4.385028853244343e-16 1.124366372626755e-02 2.810915931566887e-02 5.242944342644338e-02 1.124366372626755e-16
1974 8.224999999999998e-09 4.385028853254194e-16 1.124366372629280e-02 2.810915931573202e-02 5.242944342659141e-02 1.124366372629280e-16
1975 8.229166666666663e-09 4.385028853263682e-16 1.124366372631713e-02 2.810915931579284e-02 5.242944342672465e-02 1.124366372631714e-16
1976 8.233333333333331e-09 4.385028853273236e-16 1.124366372634163e-02 2.810915931585408e-02 5.242944342685787e-02 1.124366372634163e-16
1977 8.237499999999997e-09 4.385028853282684e-16 1.124366372636586e-02 2.810915931591464e-02 5.242944342699851e-02 1.124366372636586e-16
1978 8.241666666666664e-09 4.385028853291899e-16 1.124366372638948e-02 2.810915931597371e-02 5.242944342712432e-02 1.124366372638948e-16
1979 8.245833333333330e-09 4.385028853301173e-16 1.124366372641327e-02 2.810915931603317e-02 5.242944342726496e-02 1.124366372641327e-16
1980 8.249999999999998e-09 4.385028853310362e-16 1.124366372643683e-02 2.810915931609207e-02 5.242944342739449e-02 1.124366372643683e-16
1981 8.254166666666664e-09 4.385028853319448e-16 1.124366372646012e-02 2.810915931615031e-02 5.242944342752771e-02 1.124366372646012e-16
1982 8.258333333333331e-09 4.385028853328344e-16 1.124366372648293e-02 2.810915931620734e-02 5.242944342764983e-02 1.124366372648293e-16
1983 8.262499999999997e-09 4.385028853337184e-16 1.124366372650560e-02 2.810915931626401e-02 5.242944342778307e-02 1.124366372650560e-16
1984 8.266666666666665e-09 4.385028853345949e-16 1.124366372652807e-02 2.810915931632019e-02 5.242944342790518e-02 1.124366372652807e-16
1985 8.270833333333330e-09 4.385028853354502e-16 1.124366372655001e-02 2.810915931637502e-02 5.242944342802731e-02 1.124366372655001e-16
1986 8.274999999999996e-09 4.385028853362921e-16 1.124366372657159e-02 2.810915931642899e-02 5.242944342814943e-02 1.124366372657159e-16
1987 8.279166666666664e-09 4.385028853371161e-16 1.124366372659272e-02 2.810915931648180e-02 5.242944342827156e-02 1.124366372659272e-16
1988 8.283333333333330e-09 4.385028853379592e-16 1.124366372661434e-02 2.810915931653585e-02 5.242944342840850e-02 1.124366372661434e-16
1989 8.287499999999997e-09 4.385028853387749e-16 1.124366372663525e-02 2.810915931658814e-02 5.242944342851211e-02 1.124366372663525e-16
1990 8.291666666666663e-09 4.385028853395773e-16 1.124366372665583e-02 2.810915931663957e-02 5.242944342863053e-02 1.124366372665583e-16
1991 8.295833333333331e-09 4.385028853403829e-16 1.124366372667648e-02 2.810915931669121e-02 5.242944342876006e-02 1.124366372667648e-16
1992 8.299999999999997e-09 4.385028853411584e-16 1.124366372669637e-02 2.810915931674093e-02 5.242944342886738e-02 1.124366372669637e-16
1993 8.304166666666664e-09 4.385028853419454e-16 1.124366372671655e-02 2.810915931679137e-02 5.242944342897469e-02 1.124366372671655e-16
1994 8.308333333333330e-09 4.385028853427319e-16 1.124366372673672e-02 2.810915931684179e-02 5.242944342908201e-02 1.124366372673672e-16
1995 8.312499999999998e-09 4.385028853435282e-16 1.124366372675713e-02 2.810915931689284e-02 5.242944342920044e-02 1.124366372675714e-16
1996 8.316666666666663e-09 4.385028853442804e-16 1.124366372677642e-02 2.810915931694106e-02 5.242944342930406e-02 1.124366372677642e-16
1997 8.320833333333331e-09 4.385028853450222e-16 1.124366372679544e-02 2.810915931698861e-02 5.242944342940768e-02 1.124366372679544e-16
1998 8.324999999999997e-09 4.385028853457536e-16 1.124366372681419e-02 2.810915931703549e-02 5.242944342951870e-02 1.124366372681419e-16
1999 8.329166666666664e-09 4.385028853464938e-16 1.124366372683318e-02 2.810915931708294e-02 5.242944342963713e-02 1.124366372683318e-16
2000 8.333333333333330e-09 4.385028853472104e-16 1.124366372685155e-02 2.810915931712888e-02 5.242944342974074e-02 1.124366372685155e-16
2001 8.337499999999998e-09 4.385028853479293e-16 1.124366372686998e-02 2.810915931717496e-02 5.242944342984437e-02 1.124366372686998e-16
2002 8.341666666666664e-09 4.385028853486322e-16 1.124366372688801e-02 2.810915931722002e-02 5.242944342994060e-02 1.124366372688801e-16
2003 8.345833333333331e-09 4.385028853493391e-16 1.124366372690613e-02 2.810915931726533e-02 5.242944343004052e-02 1.124366372690613e-16
2004 8.349999999999997e-09 4.385028853500280e-16 1.124366372692379e-02 2.810915931730949e-02 5.242944343014042e-02 1.124366372692379e-16
2005 8.354166666666665e-09 4.385028853507162e-16 1.124366372694144e-02 2.810915931735361e-02 5.242944343025145e-02 1.124366372694144e-16
2006 8.358333333333330e-09 4.385028853513958e-16 1.124366372695887e-02 2.810915931739717e-02 5.242944343034767e-02 1.124366372695887e-16
2007 8.362499999999996e-09 4.385028853520679e-16 1.124366372697610e-02 2.810915931744025e-02 5.242944343044389e-02 1.124366372697610e-16
2008 8.366666666666664e-09 4.385028853527307e-16 1.124366372699310e-02 2.810915931748274e-02 5.242944343054010e-02 1.124366372699310e-16
2009 8.370833333333330e-09 4.385028853533925e-16 1.124366372701006e-02 2.810915931752516e-02 5.242944343062523e-02 1.124366372701007e-16
2010 8.374999999999997e-09 4.385028853540368e-16 1.124366372702659e-02 2.810915931756647e-02 5.242944343072144e-02 1.124366372702659e-16
2011 8.379166666666663e-09 4.385028853546762e-16 1.124366372704298e-02 2.810915931760745e-02 5.242944343081397e-02 1.124366372704298e-16
2012 8.383333333333331e-09 4.385028853553082e-16 1.124366372705919e-02 2.810915931764797e-02 5.242944343090278e-02 1.124366372705919e-16
2013 8.387499999999997e-09 4.385028853559368e-16 1.124366372707530e-02 2.810915931768826e-02 5.242944343099159e-02 1.124366372707530e-16
2014 8.391666666666664e-09 4.385028853565694e-16 1.124366372709152e-02 2.810915931772881e-02 5.242944343108043e-02 1.124366372709152e-16
2015 8.395833333333330e-09 4.385028853571837e-16 1.124366372710728e-02 2.810915931776819e-02 5.242944343116553e-02 1.124366372710728e-16
2016 8.399999999999997e-09 4.385028853577761e-16 1.124366372712246e-02 2.810915931780616e-02 5.242944343125806e-02 1.124366372712246e-16
2017 8.404166666666663e-09 4.385028853583677e-16 1.124366372713763e-02 2.810915931784409e-02 5.242944343134318e-02 1.124366372713763e-16
2018 8.408333333333331e-09 4.385028853589442e-16 1.124366372715242e-02 2.810915931788104e-02 5.242944343143568e-02 1.124366372715242e-16
2019 8.412499999999997e-09 4.385028853595282e-16 1.124366372716739e-02 2.810915931791848e-02 5.242944343152082e-02 1.124366372716739e-16
2020 8.416666666666664e-09 4.385028853601222e-16 1.124366372718262e-02 2.810915931795655e-02 5.242944343160963e-02 1.124366372718262e-16
2021 8.420833333333330e-09 4.385028853607106e-16 1.124366372719771e-02 2.810915931799427e-02 5.242944343169845e-02 1.124366372719771e-16
2022 8.424999999999998e-09 4.385028853612745e-16 1.124366372721217e-02 2.810915931803042e-02 5.242944343178725e-02 1.124366372721217e-16
2023 8.429166666666664e-09 4.385028853618253e-16 1.124366372722629e-02 2.810915931806572e-02 5.242944343186867e-02 1.124366372722629e-16
2024 8.433333333333331e-09 4.385028853623935e-16 1.124366372724086e-02 2.810915931810215e-02 5.242944343196489e-02 1.124366372724086e-16
2025 8.437499999999997e-09 4.385028853629509e-16 1.124366372725515e-02 2.810915931813788e-02 5.242944343203890e-02 1.124366372725515e-16
2026 8.441666666666665e-09 4.385028853634841e-16 1.124366372726882e-02 2.810915931817206e-02 5.242944343212773e-02 1.124366372726882e-16
2027 8.445833333333330e-09 4.385028853640360e-16 1.124366372728298e-02 2.810915931820744e-02 5.242944343219434e-02 1.124366372728298e-16
2028 8.449999999999996e-09 4.385028853645666e-16 1.124366372729658e-02 2.810915931824145e-02 5.242944343227576e-02 1.124366372729658e-16
2029 8.454166666666664e-09 4.385028853650712e-16 1.124366372730952e-02 2.810915931827380e-02 5.242944343234978e-02 1.124366372730952e-16
2030 8.458333333333330e-09 4.385028853655933e-16 1.124366372732291e-02 2.810915931830727e-02 5.242944343242009e-02 1.124366372732291e-16
2031 8.462499999999997e-09 4.385028853660970e-16 1.124366372733582e-02 2.810915931833956e-02 5.242944343249411e-02 1.124366372733582e-16
2032 8.466666666666663e-09 4.385028853666020e-16 1.124366372734877e-02 2.810915931837192e-02 5.242944343256811e-02 1.124366372734877e-16
2033 8.470833333333331e-09 4.385028853671011e-16 1.124366372736157e-02 2.810915931840392e-02 5.242944343264953e-02 1.124366372736157e-16
2034 8.474999999999996e-09 4.385028853675901e-16 1.124366372737410e-02 2.810915931843526e-02 5.242944343272356e-02 1.124366372737411e-16
2035 8.479166666666664e-09 4.385028853680758e-16 1.124366372738656e-02 2.810915931846640e-02 5.242944343279387e-02 1.124366372738656e-16
2036 8.483333333333330e-09 4.385028853685588e-16 1.124366372739894e-02 2.810915931849736e-02 5.242944343286048e-02 1.124366372739895e-16
2037 8.487499999999997e-09 4.385028853690326e-16 1.124366372741109e-02 2.810915931852774e-02 5.242944343291969e-02 1.124366372741109e-16
2038 8.491666666666663e-09 4.385028853695048e-16 1.124366372742320e-02 2.810915931855800e-02 5.242944343300480e-02 1.124366372742320e-16
2039 8.495833333333331e-09 4.385028853699748e-16 1.124366372743525e-02 2.810915931858813e-02 5.242944343307143e-02 1.124366372743525e-16
2040 8.499999999999997e-09 4.385028853704459e-16 1.124366372744733e-02 2.810915931861833e-02 5.242944343314913e-02 1.124366372744733e-16
2041 8.504166666666664e-09 4.385028853709027e-16 1.124366372745904e-02 2.810915931864761e-02 5.242944343320095e-02 1.124366372745904e-16
2042 8.508333333333330e-09 4.385028853713478e-16 1.124366372747046e-02 2.810915931867614e-02 5.242944343327127e-02 1.124366372747046e-16
2043 8.512499999999998e-09 4.385028853718001e-16 1.124366372748205e-02 2.810915931870514e-02 5.242944343333786e-02 1.124366372748205e-16
2044 8.516666666666664e-09 4.385028853722342e-16 1.124366372749318e-02 2.810915931873297e-02 5.242944343340818e-02 1.124366372749319e-16
2045 8.520833333333331e-09 4.385028853726847e-16 1.124366372750474e-02 2.810915931876184e-02 5.242944343346000e-02 1.124366372750474e-16
2046 8.524999999999997e-09 4.385028853731036e-16 1.124366372751548e-02 2.810915931878870e-02 5.242944343353401e-02 1.124366372751548e-16
2047 8.529166666666664e-09 4.385028853735244e-16 1.124366372752627e-02 2.810915931881567e-02 5.242944343359323e-02 1.124366372752626e-16
2048 8.533333333333330e-09 4.385028853739349e-16 1.124366372753679e-02 2.810915931884198e-02 5.242944343365243e-02 1.124366372753679e-16
2049 8.537499999999996e-09 4.385028853743419e-16 1.124366372754723e-02 2.810915931886808e-02 5.242944343370795e-02 1.124366372754723e-16
2050 8.541666666666664e-09 4.385028853747586e-16 1.124366372755791e-02 2.810915931889478e-02 5.242944343377456e-02 1.124366372755791e-16
2051 8.545833333333330e-09 4.385028853751657e-16 1.124366372756835e-02 2.810915931892088e-02 5.242944343382638e-02 1.124366372756835e-16
2052 8.549999999999997e-09 4.385028853755485e-16 1.124366372757817e-02 2.810915931894542e-02 5.242944343388558e-02 1.124366372757817e-16
2053 8.554166666666663e-09 4.385028853759338e-16 1.124366372758805e-02 2.810915931897012e-02 5.242944343394480e-02 1.124366372758805e-16
2054 8.558333333333331e-09 4.385028853763376e-16 1.124366372759840e-02 2.810915931899600e-02 5.242944343400772e-02 1.124366372759840e-16
2055 8.562499999999996e-09 4.385028853767056e-16 1.124366372760784e-02 2.810915931901959e-02 5.242944343405583e-02 1.124366372760784e-16
2056 8.566666666666664e-09 4.385028853770743e-16 1.124366372761729e-02 2.810915931904323e-02 5.242944343411503e-02 1.124366372761729e-16
2057 8.570833333333330e-09 4.385028853774529e-16 1.124366372762700e-02 2.810915931906750e-02 5.242944343417053e-02 1.124366372762700e-16
2058 8.574999999999997e-09 4.385028853778270e-16 1.124366372763659e-02 2.810915931909147e-02 5.242944343421864e-02 1.124366372763659e-16
2059 8.579166666666663e-09 4.385028853782071e-16 1.124366372764634e-02 2.810915931911585e-02 5.242944343427047e-02 1.124366372764634e-16
2060 8.583333333333331e-09 4.385028853785697e-16 1.124366372765563e-02 2.810915931913908e-02 5.242944343433708e-02 1.124366372765563e-16
2061 8.587499999999997e-09 4.385028853789394e-16 1.124366372766511e-02 2.810915931916278e-02 5.242944343438889e-02 1.124366372766511e-16
2062 8.591666666666664e-09 4.385028853792953e-16 1.124366372767424e-02 2.810915931918560e-02 5.242944343443700e-02 1.124366372767424e-16
2063 8.595833333333330e-09 4.385028853796383e-16 1.124366372768303e-02 2.810915931920759e-02 5.242944343449250e-02 1.124366372768303e-16
2064 8.599999999999998e-09 4.385028853799870e-16 1.124366372769197e-02 2.810915931922994e-02 5.242944343455542e-02 1.124366372769197e-16
2065 8.604166666666663e-09 4.385028853803406e-16 1.124366372770104e-02 2.810915931925261e-02 5.242944343459242e-02 1.124366372770104e-16
2066 8.608333333333331e-09 4.385028853806840e-16 1.124366372770985e-02 2.810915931927462e-02 5.242944343465163e-02 1.124366372770985e-16
2067 8.612499999999997e-09 4.385028853810104e-16 1.124366372771822e-02 2.810915931929555e-02 5.242944343469234e-02 1.124366372771822e-16
2068 8.616666666666664e-09 4.385028853813388e-16 1.124366372772664e-02 2.810915931931659e-02 5.242944343474785e-02 1.124366372772664e-16
2069 8.620833333333330e-09 4.385028853816658e-16 1.124366372773502e-02 2.810915931933756e-02 5.242944343478857e-02 1.124366372773502e-16
2070 8.624999999999996e-09 4.385028853819976e-16 1.124366372774353e-02 2.810915931935883e-02 5.242944343484038e-02 1.124366372774353e-16
2071 8.629166666666664e-09 4.385028853823139e-16 1.124366372775164e-02 2.810915931937910e-02 5.242944343487369e-02 1.124366372775164e-16
2072 8.633333333333330e-09 4.385028853826236e-16 1.124366372775958e-02 2.810915931939895e-02 5.242944343493289e-02 1.124366372775958e-16
2073 8.637499999999997e-09 4.385028853829201e-16 1.124366372776718e-02 2.810915931941796e-02 5.242944343497730e-02 1.124366372776718e-16
2074 8.641666666666663e-09 4.385028853832333e-16 1.124366372777521e-02 2.810915931943803e-02 5.242944343502171e-02 1.124366372777521e-16
2075 8.645833333333331e-09 4.385028853835458e-16 1.124366372778323e-02 2.810915931945807e-02 5.242944343506612e-02 1.124366372778323e-16
2076 8.649999999999996e-09 4.385028853838656e-16 1.124366372779143e-02 2.810915931947857e-02 5.242944343511422e-02 1.124366372779143e-16
2077 8.654166666666664e-09 4.385028853841575e-16 1.124366372779891e-02 2.810915931949728e-02 5.242944343515493e-02 1.124366372779891e-16
2078 8.658333333333330e-09 4.385028853844377e-16 1.124366372780610e-02 2.810915931951524e-02 5.242944343519935e-02 1.124366372780610e-16
2079 8.662499999999997e-09 4.385028853847192e-16 1.124366372781331e-02 2.810915931953328e-02 5.242944343524375e-02 1.124366372781331e-16
2080 8.666666666666663e-09 4.385028853850164e-16 1.124366372782093e-02 2.810915931955234e-02 5.242944343528817e-02 1.124366372782093e-16
2081 8.670833333333331e-09 4.385028853853082e-16 1.124366372782841e-02 2.810915931957104e-02 5.242944343533257e-02 1.124366372782842e-16
2082 8.674999999999997e-09 4.385028853855923e-16 1.124366372783570e-02 2.810915931958925e-02 5.242944343536957e-02 1.124366372783570e-16
2083 8.679166666666664e-09 4.385028853858682e-16 1.124366372784277e-02 2.810915931960694e-02 5.242944343540659e-02 1.124366372784278e-16
2084 8.683333333333330e-09 4.385028853861398e-16 1.124366372784974e-02 2.810915931962435e-02 5.242944343544730e-02 1.124366372784974e-16
2085 8.687499999999998e-09 4.385028853863878e-16 1.124366372785610e-02 2.810915931964025e-02 5.242944343548060e-02 1.124366372785610e-16
2086 8.691666666666663e-09 4.385028853866555e-16 1.124366372786296e-02 2.810915931965741e-02 5.242944343552502e-02 1.124366372786297e-16
2087 8.695833333333331e-09 4.385028853869096e-16 1.124366372786948e-02 2.810915931967370e-02 5.242944343555462e-02 1.124366372786948e-16
2088 8.699999999999997e-09 4.385028853871827e-16 1.124366372787648e-02 2.810915931969121e-02 5.242944343561012e-02 1.124366372787648e-16
2089 8.704166666666664e-09 4.385028853874393e-16 1.124366372788306e-02 2.810915931970765e-02 5.242944343563233e-02 1.124366372788306e-16
2090 8.708333333333330e-09 4.385028853876962e-16 1.124366372788965e-02 2.810915931972412e-02 5.242944343567305e-02 1.124366372788965e-16
2091 8.712499999999996e-09 4.385028853879356e-16 1.124366372789579e-02 2.810915931973947e-02 5.242944343571005e-02 1.124366372789579e-16
2092 8.716666666666664e-09 4.385028853881700e-16 1.124366372790179e-02 2.810915931975449e-02 5.242944343575445e-02 1.124366372790179e-16
2093 8.720833333333330e-09 4.385028853884214e-16 1.124366372790824e-02 2.810915931977060e-02 5.242944343579146e-02 1.124366372790824e-16
2094 8.724999999999997e-09 4.385028853886488e-16 1.124366372791407e-02 2.810915931978518e-02 5.242944343581367e-02 1.124366372791407e-16
2095 8.729166666666663e-09 4.385028853888623e-16 1.124366372791955e-02 2.810915931979887e-02 5.242944343584327e-02 1.124366372791955e-16
2096 8.733333333333330e-09 4.385028853891052e-16 1.124366372792578e-02 2.810915931981444e-02 5.242944343588398e-02 1.124366372792578e-16
2097 8.737499999999996e-09 4.385028853893388e-16 1.124366372793176e-02 2.810915931982941e-02 5.242944343590619e-02 1.124366372793176e-16
2098 8.741666666666664e-09 4.385028853895547e-16 1.124366372793730e-02 2.810915931984326e-02 5.242944343593949e-02 1.124366372793730e-16
2099 8.745833333333330e-09 4.385028853897773e-16 1.124366372794301e-02 2.810915931985752e-02 5.242944343598390e-02 1.124366372794301e-16
2100 8.749999999999997e-09 4.385028853900110e-16 1.124366372794900e-02 2.810915931987251e-02 5.242944343602092e-02 1.124366372794900e-16
2101 8.754166666666663e-09 4.385028853902532e-16 1.124366372795521e-02 2.810915931988803e-02 5.242944343606162e-02 1.124366372795521e-16
2102 8.758333333333331e-09 4.385028853904806e-16 1.124366372796104e-02 2.810915931990261e-02 5.242944343607642e-02 1.124366372796104e-16
2103 8.762499999999997e-09 4.385028853907013e-16 1.124366372796670e-02 2.810915931991675e-02 5.242944343610973e-02 1.124366372796670e-16
2104 8.766666666666664e-09 4.385028853909233e-16 1.124366372797239e-02 2.810915931993098e-02 5.242944343615414e-02 1.124366372797239e-16
2105 8.770833333333330e-09 4.385028853911440e-16 1.124366372797805e-02 2.810915931994513e-02 5.242944343616524e-02 1.124366372797805e-16
2106 8.774999999999998e-09 4.385028853913561e-16 1.124366372798349e-02 2.810915931995872e-02 5.242944343620225e-02 1.124366372798349e-16
2107 8.779166666666663e-09 4.385028853915865e-16 1.124366372798940e-02 2.810915931997349e-02 5.242944343624666e-02 1.124366372798940e-16
2108 8.783333333333331e-09 4.385028853918122e-16 1.124366372799518e-02 2.810915931998796e-02 5.242944343626516e-02 1.124366372799519e-16
2109 8.787499999999997e-09 4.385028853920229e-16 1.124366372800059e-02 2.810915932000147e-02 5.242944343631326e-02 1.124366372800059e-16
2110 8.791666666666664e-09 4.385028853922176e-16 1.124366372800558e-02 2.810915932001395e-02 5.242944343633548e-02 1.124366372800558e-16
2111 8.795833333333330e-09 4.385028853924026e-16 1.124366372801032e-02 2.810915932002581e-02 5.242944343636138e-02 1.124366372801032e-16
2112 8.799999999999996e-09 4.385028853925893e-16 1.124366372801511e-02 2.810915932003778e-02 5.242944343639839e-02 1.124366372801511e-16
2113 8.804166666666664e-09 4.385028853927903e-16 1.124366372802026e-02 2.810915932005066e-02 5.242944343642059e-02 1.124366372802026e-16
2114 8.808333333333329e-09 4.385028853929736e-16 1.124366372802497e-02 2.810915932006242e-02 5.242944343644650e-02 1.124366372802497e-16
2115 8.812499999999997e-09 4.385028853931578e-16 1.124366372802969e-02 2.810915932007422e-02 5.242944343647610e-02 1.124366372802969e-16
2116 8.816666666666663e-09 4.385028853933372e-16 1.124366372803429e-02 2.810915932008572e-02 5.242944343651311e-02 1.124366372803429e-16
2117 8.820833333333330e-09 4.385028853935249e-16 1.124366372803910e-02 2.810915932009776e-02 5.242944343652791e-02 1.124366372803910e-16
2118 8.824999999999996e-09 4.385028853937074e-16 1.124366372804378e-02 2.810915932010945e-02 5.242944343655011e-02 1.124366372804378e-16
2119 8.829166666666664e-09 4.385028853938768e-16 1.124366372804812e-02 2.810915932012031e-02 5.242944343657972e-02 1.124366372804812e-16
2120 8.833333333333330e-09 4.385028853940504e-16 1.124366372805257e-02 2.810915932013144e-02 5.242944343660933e-02 1.124366372805258e-16
2121 8.837499999999997e-09 4.385028853942097e-16 1.124366372805666e-02 2.810915932014165e-02 5.242944343662414e-02 1.124366372805666e-16
2122 8.841666666666663e-09 4.385028853943743e-16 1.124366372806088e-02 2.810915932015220e-02 5.242944343666114e-02 1.124366372806088e-16
2123 8.845833333333331e-09 4.385028853945394e-16 1.124366372806511e-02 2.810915932016279e-02 5.242944343668703e-02 1.124366372806511e-16
2124 8.849999999999997e-09 4.385028853947170e-16 1.124366372806967e-02 2.810915932017417e-02 5.242944343670925e-02 1.124366372806967e-16
2125 8.854166666666664e-09 4.385028853948762e-16 1.124366372807375e-02 2.810915932018438e-02 5.242944343672775e-02 1.124366372807375e-16
2126 8.858333333333330e-09 4.385028853950303e-16 1.124366372807770e-02 2.810915932019425e-02 5.242944343674995e-02 1.124366372807770e-16
2127 8.862499999999997e-09 4.385028853951854e-16 1.124366372808168e-02 2.810915932020419e-02 5.242944343677586e-02 1.124366372808168e-16
2128 8.866666666666663e-09 4.385028853953473e-16 1.124366372808583e-02 2.810915932021457e-02 5.242944343679806e-02 1.124366372808583e-16
2129 8.870833333333331e-09 4.385028853954959e-16 1.124366372808964e-02 2.810915932022410e-02 5.242944343681657e-02 1.124366372808964e-16
2130 8.874999999999997e-09 4.385028853956485e-16 1.124366372809355e-02 2.810915932023388e-02 5.242944343683877e-02 1.124366372809355e-16
2131 8.879166666666664e-09 4.385028853958101e-16 1.124366372809769e-02 2.810915932024424e-02 5.242944343686468e-02 1.124366372809769e-16
2132 8.883333333333330e-09 4.385028853959681e-16 1.124366372810175e-02 2.810915932025437e-02 5.242944343688689e-02 1.124366372810175e-16
2133 8.887499999999998e-09 4.385028853961128e-16 1.124366372810546e-02 2.810915932026365e-02 5.242944343690539e-02 1.124366372810546e-16
2134 8.891666666666664e-09 4.385028853962588e-16 1.124366372810920e-02 2.810915932027300e-02 5.242944343692759e-02 1.124366372810920e-16
2135 8.895833333333329e-09 4.385028853964194e-16 1.124366372811332e-02 2.810915932028330e-02 5.242944343695350e-02 1.124366372811332e-16
2136 8.899999999999997e-09 4.385028853965759e-16 1.124366372811733e-02 2.810915932029333e-02 5.242944343697940e-02 1.124366372811733e-16
2137 8.904166666666663e-09 4.385028853967118e-16 1.124366372812082e-02 2.810915932030204e-02 5.242944343699421e-02 1.124366372812082e-16
2138 8.908333333333330e-09 4.385028853968417e-16 1.124366372812415e-02 2.810915932031037e-02 5.242944343701641e-02 1.124366372812414e-16
2139 8.912499999999996e-09 4.385028853969885e-16 1.124366372812791e-02 2.810915932031978e-02 5.242944343704232e-02 1.124366372812791e-16
2140 8.916666666666664e-09 4.385028853971346e-16 1.124366372813166e-02 2.810915932032915e-02 5.242944343706823e-02 1.124366372813166e-16
2141 8.920833333333330e-09 4.385028853972732e-16 1.124366372813521e-02 2.810915932033803e-02 5.242944343708302e-02 1.124366372813521e-16
2142 8.924999999999997e-09 4.385028853974047e-16 1.124366372813858e-02 2.810915932034646e-02 5.242944343710524e-02 1.124366372813858e-16
2143 8.929166666666663e-09 4.385028853975189e-16 1.124366372814151e-02 2.810915932035378e-02 5.242944343712373e-02 1.124366372814151e-16
2144 8.933333333333331e-09 4.385028853976366e-16 1.124366372814453e-02 2.810915932036132e-02 5.242944343714594e-02 1.124366372814453e-16
2145 8.937499999999996e-09 4.385028853977585e-16 1.124366372814765e-02 2.810915932036914e-02 5.242944343716074e-02 1.124366372814765e-16
2146 8.941666666666664e-09 4.385028853978951e-16 1.124366372815116e-02 2.810915932037789e-02 5.242944343717554e-02 1.124366372815116e-16
2147 8.945833333333330e-09 4.385028853980111e-16 1.124366372815413e-02 2.810915932038533e-02 5.242944343719775e-02 1.124366372815413e-16
2148 8.949999999999997e-09 4.385028853981203e-16 1.124366372815693e-02 2.810915932039233e-02 5.242944343721995e-02 1.124366372815693e-16
2149 8.954166666666663e-09 4.385028853982218e-16 1.124366372815953e-02 2.810915932039884e-02 5.242944343724217e-02 1.124366372815954e-16
2150 8.958333333333331e-09 4.385028853983478e-16 1.124366372816276e-02 2.810915932040691e-02 5.242944343726066e-02 1.124366372816276e-16
2151 8.962499999999997e-09 4.385028853984694e-16 1.124366372816588e-02 2.810915932041471e-02 5.242944343727547e-02 1.124366372816588e-16
2152 8.966666666666664e-09 4.385028853985860e-16 1.124366372816887e-02 2.810915932042218e-02 5.242944343729396e-02 1.124366372816887e-16
2153 8.970833333333330e-09 4.385028853986934e-16 1.124366372817162e-02 2.810915932042907e-02 5.242944343730507e-02 1.124366372817162e-16
2154 8.974999999999998e-09 4.385028853987923e-16 1.124366372817416e-02 2.810915932043541e-02 5.242944343731987e-02 1.124366372817416e-16
2155 8.979166666666664e-09 4.385028853988785e-16 1.124366372817637e-02 2.810915932044094e-02 5.242944343733837e-02 1.124366372817637e-16
2156 8.983333333333329e-09 4.385028853989768e-16 1.124366372817889e-02 2.810915932044724e-02 5.242944343736428e-02 1.124366372817889e-16
2157 8.987499999999997e-09 4.385028853990913e-16 1.124366372818183e-02 2.810915932045457e-02 5.242944343738278e-02 1.124366372818183e-16
2158 8.991666666666663e-09 4.385028853991961e-16 1.124366372818452e-02 2.810915932046129e-02 5.242944343739019e-02 1.124366372818451e-16
2159 8.995833333333330e-09 4.385028853993033e-16 1.124366372818727e-02 2.810915932046817e-02 5.242944343741240e-02 1.124366372818727e-16
2160 8.999999999999996e-09 4.385028853994119e-16 1.124366372819005e-02 2.810915932047513e-02 5.242944343743090e-02 1.124366372819005e-16
2161 9.004166666666664e-09 4.385028853995210e-16 1.124366372819285e-02 2.810915932048212e-02 5.242944343745310e-02 1.124366372819285e-16
2162 9.008333333333330e-09 4.385028853996328e-16 1.124366372819571e-02 2.810915932048929e-02 5.242944343746791e-02 1.124366372819571e-16
2163 9.012499999999997e-09 4.385028853997271e-16 1.124366372819813e-02 2.810915932049533e-02 5.242944343747531e-02 1.124366372819813e-16
2164 9.016666666666663e-09 4.385028853998182e-16 1.124366372820047e-02 2.810915932050117e-02 5.242944343748641e-02 1.124366372820047e-16
2165 9.020833333333331e-09 4.385028853999074e-16 1.124366372820275e-02 2.810915932050689e-02 5.242944343751230e-02 1.124366372820275e-16
2166 9.024999999999996e-09 4.385028853999999e-16 1.124366372820513e-02 2.810915932051282e-02 5.242944343753080e-02 1.124366372820513e-16
2167 9.029166666666664e-09 4.385028854000946e-16 1.124366372820755e-02 2.810915932051889e-02 5.242944343754191e-02 1.124366372820755e-16
2168 9.033333333333330e-09 4.385028854001993e-16 1.124366372821024e-02 2.810915932052560e-02 5.242944343756042e-02 1.124366372821024e-16
2169 9.037499999999997e-09 4.385028854002920e-16 1.124366372821262e-02 2.810915932053154e-02 5.242944343756412e-02 1.124366372821262e-16
2170 9.041666666666663e-09 4.385028854004003e-16 1.124366372821539e-02 2.810915932053848e-02 5.242944343757892e-02 1.124366372821539e-16
2171 9.045833333333331e-09 4.385028854004795e-16 1.124366372821742e-02 2.810915932054356e-02 5.242944343759372e-02 1.124366372821743e-16
2172 9.049999999999997e-09 4.385028854005705e-16 1.124366372821976e-02 2.810915932054939e-02 5.242944343760483e-02 1.124366372821976e-16
2173 9.054166666666664e-09 4.385028854006618e-16 1.124366372822210e-02 2.810915932055524e-02 5.242944343762334e-02 1.124366372822210e-16
2174 9.058333333333330e-09 4.385028854007500e-16 1.124366372822436e-02 2.810915932056090e-02 5.242944343763073e-02 1.124366372822436e-16
2175 9.062499999999998e-09 4.385028854008248e-16 1.124366372822628e-02 2.810915932056570e-02 5.242944343764554e-02 1.124366372822628e-16
2176 9.066666666666663e-09 4.385028854009091e-16 1.124366372822844e-02 2.810915932057110e-02 5.242944343765294e-02 1.124366372822844e-16
2177 9.070833333333329e-09 4.385028854009958e-16 1.124366372823066e-02 2.810915932057666e-02 5.242944343766034e-02 1.124366372823066e-16
2178 9.074999999999997e-09 4.385028854010840e-16 1.124366372823292e-02 2.810915932058232e-02 5.242944343767144e-02 1.124366372823292e-16
2179 9.079166666666663e-09 4.385028854011723e-16 1.124366372823519e-02 2.810915932058797e-02 5.242944343768995e-02 1.124366372823519e-16
2180 9.083333333333330e-09 4.385028854012587e-16 1.124366372823740e-02 2.810915932059351e-02 5.242944343770475e-02 1.124366372823740e-16
2181 9.087499999999996e-09 4.385028854013432e-16 1.124366372823957e-02 2.810915932059893e-02 5.242944343771956e-02 1.124366372823957e-16
2182 9.091666666666664e-09 4.385028854014230e-16 1.124366372824162e-02 2.810915932060404e-02 5.242944343773435e-02 1.124366372824162e-16
2183 9.095833333333330e-09 4.385028854014998e-16 1.124366372824358e-02 2.810915932060896e-02 5.242944343773805e-02 1.124366372824358e-16
2184 9.099999999999997e-09 4.385028854015904e-16 1.124366372824591e-02 2.810915932061478e-02 5.242944343774916e-02 1.124366372824591e-16
2185 9.104166666666663e-09 4.385028854016861e-16 1.124366372824836e-02 2.810915932062091e-02 5.242944343775656e-02 1.124366372824836e-16
2186 9.108333333333331e-09 4.385028854017627e-16 1.124366372825033e-02 2.810915932062582e-02 5.242944343777506e-02 1.124366372825033e-16
2187 9.112499999999996e-09 4.385028854018456e-16 1.124366372825245e-02 2.810915932063113e-02 5.242944343778987e-02 1.124366372825245e-16
2188 9.116666666666664e-09 4.385028854019199e-16 1.124366372825436e-02 2.810915932063590e-02 5.242944343780837e-02 1.124366372825436e-16
2189 9.120833333333330e-09 4.385028854019997e-16 1.124366372825640e-02 2.810915932064101e-02 5.242944343781207e-02 1.124366372825640e-16
2190 9.124999999999997e-09 4.385028854020656e-16 1.124366372825809e-02 2.810915932064524e-02 5.242944343782688e-02 1.124366372825809e-16
2191 9.129166666666663e-09 4.385028854021374e-16 1.124366372825993e-02 2.810915932064984e-02 5.242944343782688e-02 1.124366372825993e-16
2192 9.133333333333331e-09 4.385028854022105e-16 1.124366372826181e-02 2.810915932065453e-02 5.242944343784168e-02 1.124366372826181e-16
2193 9.137499999999997e-09 4.385028854022781e-16 1.124366372826354e-02 2.810915932065886e-02 5.242944343785279e-02 1.124366372826354e-16
2194 9.141666666666664e-09 4.385028854023469e-16 1.124366372826530e-02 2.810915932066326e-02 5.242944343786018e-02 1.124366372826530e-16
2195 9.145833333333330e-09 4.385028854024108e-16 1.124366372826694e-02 2.810915932066736e-02 5.242944343786018e-02 1.124366372826695e-16
2196 9.149999999999998e-09 4.385028854024686e-16 1.124366372826843e-02 2.810915932067107e-02 5.242944343787129e-02 1.124366372826843e-16
2197 9.154166666666663e-09 4.385028854025254e-16 1.124366372826988e-02 2.810915932067471e-02 5.242944343788609e-02 1.124366372826988e-16
2198 9.158333333333329e-09 4.385028854025855e-16 1.124366372827143e-02 2.810915932067857e-02 5.242944343790830e-02 1.124366372827143e-16
2199 9.162499999999997e-09 4.385028854026479e-16 1.124366372827302e-02 2.810915932068256e-02 5.242944343791200e-02 1.124366372827303e-16
2200 9.166666666666663e-09 4.385028854027058e-16 1.124366372827451e-02 2.810915932068628e-02 5.242944343793050e-02 1.124366372827451e-16
2201 9.170833333333330e-09 4.385028854027525e-16 1.124366372827571e-02 2.810915932068926e-02 5.242944343793049e-02 1.124366372827571e-16
2202 9.174999999999996e-09 4.385028854027993e-16 1.124366372827691e-02 2.810915932069227e-02 5.242944343794530e-02 1.124366372827691e-16
2203 9.179166666666664e-09 4.385028854028462e-16 1.124366372827811e-02 2.810915932069527e-02 5.242944343794159e-02 1.124366372827811e-16
2204 9.183333333333330e-09 4.385028854028948e-16 1.124366372827935e-02 2.810915932069839e-02 5.242944343794901e-02 1.124366372827935e-16
2205 9.187499999999997e-09 4.385028854029399e-16 1.124366372828051e-02 2.810915932070128e-02 5.242944343794900e-02 1.124366372828051e-16
2206 9.191666666666663e-09 4.385028854029814e-16 1.124366372828157e-02 2.810915932070394e-02 5.242944343795271e-02 1.124366372828157e-16
2207 9.195833333333330e-09 4.385028854030332e-16 1.124366372828290e-02 2.810915932070726e-02 5.242944343796751e-02 1.124366372828290e-16
2208 9.199999999999996e-09 4.385028854030804e-16 1.124366372828411e-02 2.810915932071029e-02 5.242944343798230e-02 1.124366372828411e-16
2209 9.204166666666664e-09 4.385028854031307e-16 1.124366372828540e-02 2.810915932071351e-02 5.242944343799341e-02 1.124366372828540e-16
2210 9.208333333333330e-09 4.385028854031748e-16 1.124366372828653e-02 2.810915932071634e-02 5.242944343800451e-02 1.124366372828653e-16
2211 9.212499999999997e-09 4.385028854032313e-16 1.124366372828798e-02 2.810915932071996e-02 5.242944343800451e-02 1.124366372828798e-16
2212 9.216666666666663e-09 4.385028854032881e-16 1.124366372828944e-02 2.810915932072360e-02 5.242944343801561e-02 1.124366372828944e-16
2213 9.220833333333331e-09 4.385028854033509e-16 1.124366372829105e-02 2.810915932072763e-02 5.242944343801562e-02 1.124366372829105e-16
2214 9.224999999999997e-09 4.385028854034012e-16 1.124366372829234e-02 2.810915932073085e-02 5.242944343802301e-02 1.124366372829234e-16
2215 9.229166666666664e-09 4.385028854034506e-16 1.124366372829361e-02 2.810915932073401e-02 5.242944343803413e-02 1.124366372829360e-16
2216 9.233333333333330e-09 4.385028854035069e-16 1.124366372829505e-02 2.810915932073763e-02 5.242944343803782e-02 1.124366372829505e-16
2217 9.237499999999998e-09 4.385028854035641e-16 1.124366372829652e-02 2.810915932074129e-02 5.242944343803413e-02 1.124366372829652e-16
2218 9.241666666666663e-09 4.385028854035957e-16 1.124366372829733e-02 2.810915932074332e-02 5.242944343804152e-02 1.124366372829733e-16
2219 9.245833333333329e-09 4.385028854036455e-16 1.124366372829860e-02 2.810915932074651e-02 5.242944343805633e-02 1.124366372829860e-16
2220 9.249999999999997e-09 4.385028854036882e-16 1.124366372829970e-02 2.810915932074924e-02 5.242944343806372e-02 1.124366372829970e-16
2221 9.254166666666663e-09 4.385028854037295e-16 1.124366372830076e-02 2.810915932075190e-02 5.242944343807482e-02 1.124366372830076e-16
2222 9.258333333333330e-09 4.385028854037706e-16 1.124366372830181e-02 2.810915932075453e-02 5.242944343808222e-02 1.124366372830181e-16
2223 9.262499999999996e-09 4.385028854038052e-16 1.124366372830270e-02 2.810915932075675e-02 5.242944343808593e-02 1.124366372830270e-16
2224 9.266666666666664e-09 4.385028854038512e-16 1.124366372830388e-02 2.810915932075970e-02 5.242944343810072e-02 1.124366372830388e-16
2225 9.270833333333329e-09 4.385028854038853e-16 1.124366372830475e-02 2.810915932076188e-02 5.242944343809332e-02 1.124366372830475e-16
2226 9.274999999999997e-09 4.385028854039253e-16 1.124366372830578e-02 2.810915932076445e-02 5.242944343810813e-02 1.124366372830578e-16
2227 9.279166666666663e-09 4.385028854039786e-16 1.124366372830714e-02 2.810915932076786e-02 5.242944343810443e-02 1.124366372830714e-16
2228 9.283333333333330e-09 4.385028854040203e-16 1.124366372830821e-02 2.810915932077054e-02 5.242944343811183e-02 1.124366372830821e-16
2229 9.287499999999996e-09 4.385028854040609e-16 1.124366372830925e-02 2.810915932077314e-02 5.242944343811552e-02 1.124366372830925e-16
2230 9.291666666666664e-09 4.385028854041030e-16 1.124366372831033e-02 2.810915932077584e-02 5.242944343812293e-02 1.124366372831034e-16
2231 9.295833333333330e-09 4.385028854041543e-16 1.124366372831165e-02 2.810915932077913e-02 5.242944343811552e-02 1.124366372831165e-16
2232 9.299999999999997e-09 4.385028854041917e-16 1.124366372831261e-02 2.810915932078152e-02 5.242944343812293e-02 1.124366372831261e-16
2233 9.304166666666663e-09 4.385028854042287e-16 1.124366372831356e-02 2.810915932078390e-02 5.242944343812293e-02 1.124366372831356e-16
2234 9.308333333333331e-09 4.385028854042613e-16 1.124366372831439e-02 2.810915932078598e-02 5.242944343813032e-02 1.124366372831439e-16
2235 9.312499999999997e-09 4.385028854043024e-16 1.124366372831545e-02 2.810915932078862e-02 5.242944343814514e-02 1.124366372831545e-16
2236 9.316666666666664e-09 4.385028854043307e-16 1.124366372831617e-02 2.810915932079043e-02 5.242944343815254e-02 1.124366372831617e-16
2237 9.320833333333330e-09 4.385028854043632e-16 1.124366372831701e-02 2.810915932079252e-02 5.242944343815994e-02 1.124366372831701e-16
2238 9.324999999999997e-09 4.385028854043910e-16 1.124366372831772e-02 2.810915932079430e-02 5.242944343816364e-02 1.124366372831772e-16
2239 9.329166666666663e-09 4.385028854044236e-16 1.124366372831856e-02 2.810915932079639e-02 5.242944343817475e-02 1.124366372831856e-16
2240 9.333333333333331e-09 4.385028854044472e-16 1.124366372831916e-02 2.810915932079790e-02 5.242944343818955e-02 1.124366372831916e-16
2241 9.337499999999997e-09 4.385028854044754e-16 1.124366372831988e-02 2.810915932079971e-02 5.242944343817844e-02 1.124366372831988e-16
2242 9.341666666666663e-09 4.385028854044948e-16 1.124366372832038e-02 2.810915932080095e-02 5.242944343819696e-02 1.124366372832038e-16
2243 9.345833333333330e-09 4.385028854045184e-16 1.124366372832098e-02 2.810915932080246e-02 5.242944343819696e-02 1.124366372832098e-16
2244 9.349999999999996e-09 4.385028854045412e-16 1.124366372832157e-02 2.810915932080393e-02 5.242944343820436e-02 1.124366372832157e-16
2245 9.354166666666664e-09 4.385028854045678e-16 1.124366372832225e-02 2.810915932080563e-02 5.242944343820066e-02 1.124366372832225e-16
2246 9.358333333333329e-09 4.385028854045858e-16 1.124366372832271e-02 2.810915932080679e-02 5.242944343821176e-02 1.124366372832271e-16
2247 9.362499999999997e-09 4.385028854046086e-16 1.124366372832330e-02 2.810915932080825e-02 5.242944343820436e-02 1.124366372832330e-16
2248 9.366666666666663e-09 4.385028854046222e-16 1.124366372832365e-02 2.810915932080912e-02 5.242944343821176e-02 1.124366372832365e-16
2249 9.370833333333330e-09 4.385028854046463e-16 1.124366372832427e-02 2.810915932081067e-02 5.242944343820806e-02 1.124366372832427e-16
2250 9.374999999999996e-09 4.385028854046635e-16 1.124366372832471e-02 2.810915932081177e-02 5.242944343821176e-02 1.124366372832471e-16
2251 9.379166666666664e-09 4.385028854046887e-16 1.124366372832535e-02 2.810915932081338e-02 5.242944343821176e-02 1.124366372832535e-16
2252 9.383333333333330e-09 4.385028854047083e-16 1.124366372832586e-02 2.810915932081464e-02 5.242944343821176e-02 1.124366372832586e-16
2253 9.387499999999997e-09 4.385028854047320e-16 1.124366372832646e-02 2.810915932081616e-02 5.242944343821176e-02 1.124366372832646e-16
2254 9.391666666666663e-09 4.385028854047510e-16 1.124366372832695e-02 2.810915932081738e-02 5.242944343821176e-02 1.124366372832695e-16
2255 9.395833333333331e-09 4.385028854047745e-16 1.124366372832755e-02 2.810915932081888e-02 5.242944343821176e-02 1.124366372832755e-16
2256 9.399999999999996e-09 4.385028854047954e-16 1.124366372832809e-02 2.810915932082022e-02 5.242944343821546e-02 1.124366372832809e-16
2257 9.404166666666664e-09 4.385028854048196e-16 1.124366372832871e-02 2.810915932082177e-02 5.242944343821546e-02 1.124366372832871e-16
2258 9.408333333333330e-09 4.385028854048477e-16 1.124366372832943e-02 2.810915932082357e-02 5.242944343821546e-02 1.124366372832943e-16
2259 9.412499999999997e-09 4.385028854048710e-16 1.124366372833003e-02 2.810915932082507e-02 5.242944343821546e-02 1.124366372833003e-16
2260 9.416666666666663e-09 4.385028854048915e-16 1.124366372833055e-02 2.810915932082638e-02 5.242944343821546e-02 1.124366372833055e-16
2261 9.420833333333331e-09 4.385028854049059e-16 1.124366372833092e-02 2.810915932082731e-02 5.242944343821916e-02 1.124366372833092e-16
2262 9.424999999999997e-09 4.385028854049252e-16 1.124366372833142e-02 2.810915932082854e-02 5.242944343823396e-02 1.124366372833142e-16
2263 9.429166666666663e-09 4.385028854049413e-16 1.124366372833183e-02 2.810915932082958e-02 5.242944343823396e-02 1.124366372833183e-16
2264 9.433333333333330e-09 4.385028854049605e-16 1.124366372833232e-02 2.810915932083080e-02 5.242944343824136e-02 1.124366372833232e-16
2265 9.437499999999996e-09 4.385028854049768e-16 1.124366372833274e-02 2.810915932083185e-02 5.242944343825616e-02 1.124366372833274e-16
2266 9.441666666666664e-09 4.385028854049876e-16 1.124366372833301e-02 2.810915932083254e-02 5.242944343826727e-02 1.124366372833302e-16
2267 9.445833333333329e-09 4.385028854050018e-16 1.124366372833338e-02 2.810915932083345e-02 5.242944343826356e-02 1.124366372833338e-16
2268 9.449999999999997e-09 4.385028854050157e-16 1.124366372833374e-02 2.810915932083434e-02 5.242944343828577e-02 1.124366372833374e-16
2269 9.454166666666663e-09 4.385028854050285e-16 1.124366372833406e-02 2.810915932083516e-02 5.242944343828206e-02 1.124366372833406e-16
2270 9.458333333333330e-09 4.385028854050420e-16 1.124366372833441e-02 2.810915932083603e-02 5.242944343828206e-02 1.124366372833441e-16
2271 9.462499999999996e-09 4.385028854050534e-16 1.124366372833470e-02 2.810915932083676e-02 5.242944343828577e-02 1.124366372833470e-16
2272 9.466666666666664e-09 4.385028854050661e-16 1.124366372833503e-02 2.810915932083757e-02 5.242944343829686e-02 1.124366372833503e-16
2273 9.470833333333330e-09 4.385028854050779e-16 1.124366372833533e-02 2.810915932083833e-02 5.242944343829316e-02 1.124366372833533e-16
2274 9.474999999999997e-09 4.385028854050966e-16 1.124366372833581e-02 2.810915932083953e-02 5.242944343830058e-02 1.124366372833581e-16
2275 9.479166666666663e-09 4.385028854051128e-16 1.124366372833623e-02 2.810915932084057e-02 5.242944343829316e-02 1.124366372833623e-16
2276 9.483333333333331e-09 4.385028854051339e-16 1.124366372833677e-02 2.810915932084192e-02 5.242944343830058e-02 1.124366372833677e-16
2277 9.487499999999996e-09 4.385028854051517e-16 1.124366372833722e-02 2.810915932084306e-02 5.242944343829316e-02 1.124366372833722e-16
2278 9.491666666666664e-09 4.385028854051738e-16 1.124366372833779e-02 2.810915932084447e-02 5.242944343830058e-02 1.124366372833779e-16
2279 9.495833333333330e-09 4.385028854051933e-16 1.124366372833829e-02 2.810915932084573e-02 5.242944343829316e-02 1.124366372833829e-16
2280 9.499999999999997e-09 4.385028854052115e-16 1.124366372833876e-02 2.810915932084689e-02 5.242944343830427e-02 1.124366372833876e-16
2281 9.504166666666663e-09 4.385028854052214e-16 1.124366372833901e-02 2.810915932084753e-02 5.242944343830058e-02 1.124366372833901e-16
2282 9.508333333333331e-09 4.385028854052351e-16 1.124366372833936e-02 2.810915932084841e-02 5.242944343830427e-02 1.124366372833937e-16
2283 9.512499999999997e-09 4.385028854052451e-16 1.124366372833962e-02 2.810915932084905e-02 5.242944343830058e-02 1.124366372833962e-16
2284 9.516666666666663e-09 4.385028854052601e-16 1.124366372834000e-02 2.810915932085001e-02 5.242944343830427e-02 1.124366372834000e-16
2285 9.520833333333330e-09 4.385028854052705e-16 1.124366372834027e-02 2.810915932085068e-02 5.242944343830058e-02 1.124366372834027e-16
2286 9.524999999999996e-09 4.385028854052892e-16 1.124366372834075e-02 2.810915932085187e-02 5.242944343830427e-02 1.124366372834075e-16
2287 9.529166666666663e-09 4.385028854052980e-16 1.124366372834098e-02 2.810915932085244e-02 5.242944343830058e-02 1.124366372834098e-16
2288 9.533333333333329e-09 4.385028854053105e-16 1.124366372834129e-02 2.810915932085324e-02 5.242944343830427e-02 1.124366372834129e-16
2289 9.537499999999997e-09 4.385028854053213e-16 1.124366372834157e-02 2.810915932085394e-02 5.242944343830058e-02 1.124366372834157e-16
2290 9.541666666666663e-09 4.385028854053352e-16 1.124366372834193e-02 2.810915932085483e-02 5.242944343830427e-02 1.124366372834193e-16
2291 9.545833333333330e-09 4.385028854053401e-16 1.124366372834205e-02 2.810915932085514e-02 5.242944343830058e-02 1.124366372834205e-16
2292 9.549999999999996e-09 4.385028854053473e-16 1.124366372834224e-02 2.810915932085560e-02 5.242944343830427e-02 1.124366372834224e-16
2293 9.554166666666664e-09 4.385028854053536e-16 1.124366372834240e-02 2.810915932085600e-02 5.242944343830058e-02 1.124366372834240e-16
2294 9.558333333333330e-09 4.385028854053637e-16 1.124366372834266e-02 2.810915932085665e-02 5.242944343830427e-02 1.124366372834266e-16
2295 9.562499999999997e-09 4.385028854053653e-16 1.124366372834270e-02 2.810915932085676e-02 5.242944343830058e-02 1.124366372834270e-16
2296 9.566666666666663e-09 4.385028854053723e-16 1.124366372834288e-02 2.810915932085721e-02 5.242944343830427e-02 1.124366372834288e-16
2297 9.570833333333331e-09 4.385028854053761e-16 1.124366372834298e-02 2.810915932085745e-02 5.242944343830058e-02 1.124366372834298e-16
2298 9.574999999999996e-09 4.385028854053819e-16 1.124366372834312e-02 2.810915932085781e-02 5.242944343830427e-02 1.124366372834313e-16
2299 9.579166666666664e-09 4.385028854053794e-16 1.124366372834306e-02 2.810915932085766e-02 5.242944343830058e-02 1.124366372834306e-16
2300 9.583333333333330e-09 4.385028854053839e-16 1.124366372834318e-02 2.810915932085795e-02 5.242944343830427e-02 1.124366372834318e-16
2301 9.587499999999997e-09 4.385028854053817e-16 1.124366372834312e-02 2.810915932085780e-02 5.242944343830058e-02 1.124366372834312e-16
2302 9.591666666666663e-09 4.385028854053909e-16 1.124366372834336e-02 2.810915932085839e-02 5.242944343830427e-02 1.124366372834336e-16
2303 9.595833333333331e-09 4.385028854053895e-16 1.124366372834332e-02 2.810915932085830e-02 5.242944343830058e-02 1.124366372834332e-16
2304 9.599999999999997e-09 4.385028854053985e-16 1.124366372834355e-02 2.810915932085888e-02 5.242944343830797e-02 1.124366372834355e-16
2305 9.604166666666663e-09 4.385028854053970e-16 1.124366372834351e-02 2.810915932085879e-02 5.242944343831907e-02 1.124366372834351e-16
2306 9.608333333333330e-09 4.385028854054020e-16 1.124366372834364e-02 2.810915932085911e-02 5.242944343832648e-02 1.124366372834364e-16
2307 9.612499999999996e-09 4.385028854053954e-16 1.124366372834347e-02 2.810915932085868e-02 5.242944343831907e-02 1.124366372834347e-16
2308 9.616666666666663e-09 4.385028854054035e-16 1.124366372834368e-02 2.810915932085920e-02 5.242944343833388e-02 1.124366372834368e-16
2309 9.620833333333329e-09 4.385028854054044e-16 1.124366372834370e-02 2.810915932085926e-02 5.242944343833757e-02 1.124366372834370e-16
2310 9.624999999999997e-09 4.385028854054145e-16 1.124366372834396e-02 2.810915932085991e-02 5.242944343834128e-02 1.124366372834396e-16
2311 9.629166666666663e-09 4.385028854054152e-16 1.124366372834398e-02 2.810915932085995e-02 5.242944343834497e-02 1.124366372834398e-16
2312 9.633333333333330e-09 4.385028854054237e-16 1.124366372834420e-02 2.810915932086050e-02 5.242944343835238e-02 1.124366372834420e-16
2313 9.637499999999996e-09 4.385028854054233e-16 1.124366372834419e-02 2.810915932086047e-02 5.242944343834868e-02 1.124366372834419e-16
2314 9.641666666666664e-09 4.385028854054323e-16 1.124366372834442e-02 2.810915932086105e-02 5.242944343836348e-02 1.124366372834442e-16
2315 9.645833333333330e-09 4.385028854054327e-16 1.124366372834443e-02 2.810915932086108e-02 5.242944343835608e-02 1.124366372834443e-16
2316 9.649999999999997e-09 4.385028854054448e-16 1.124366372834474e-02 2.810915932086185e-02 5.242944343836719e-02 1.124366372834474e-16
2317 9.654166666666663e-09 4.385028854054456e-16 1.124366372834476e-02 2.810915932086190e-02 5.242944343835979e-02 1.124366372834476e-16
2318 9.658333333333330e-09 4.385028854054584e-16 1.124366372834509e-02 2.810915932086272e-02 5.242944343836719e-02 1.124366372834509e-16
2319 9.662499999999996e-09 4.385028854054564e-16 1.124366372834504e-02 2.810915932086260e-02 5.242944343835979e-02 1.124366372834504e-16
2320 9.666666666666664e-09 4.385028854054712e-16 1.124366372834542e-02 2.810915932086354e-02 5.242944343836719e-02 1.124366372834542e-16
2321 9.670833333333330e-09 4.385028854054702e-16 1.124366372834539e-02 2.810915932086348e-02 5.242944343835979e-02 1.124366372834539e-16
2322 9.674999999999997e-09 4.385028854054865e-16 1.124366372834581e-02 2.810915932086452e-02 5.242944343836719e-02 1.124366372834581e-16
2323 9.679166666666663e-09 4.385028854054842e-16 1.124366372834575e-02 2.810915932086437e-02 5.242944343835979e-02 1.124366372834575e-16
2324 9.683333333333331e-09 4.385028854054955e-16 1.124366372834604e-02 2.810915932086510e-02 5.242944343836719e-02 1.124366372834604e-16
2325 9.687499999999997e-09 4.385028854054947e-16 1.124366372834602e-02 2.810915932086505e-02 5.242944343835979e-02 1.124366372834602e-16
2326 9.691666666666662e-09 4.385028854055023e-16 1.124366372834621e-02 2.810915932086554e-02 5.242944343836719e-02 1.124366372834621e-16
2327 9.695833333333330e-09 4.385028854055022e-16 1.124366372834621e-02 2.810915932086553e-02 5.242944343835979e-02 1.124366372834621e-16
2328 9.699999999999996e-09 4.385028854055173e-16 1.124366372834660e-02 2.810915932086649e-02 5.242944343836719e-02 1.124366372834660e-16
2329 9.704166666666663e-09 4.385028854055162e-16 1.124366372834657e-02 2.810915932086643e-02 5.242944343835979e-02 1.124366372834657e-16
2330 9.708333333333329e-09 4.385028854055253e-16 1.124366372834680e-02 2.810915932086701e-02 5.242944343836719e-02 1.124366372834680e-16
2331 9.712499999999997e-09 4.385028854055234e-16 1.124366372834676e-02 2.810915932086689e-02 5.242944343835979e-02 1.124366372834676e-16
2332 9.716666666666663e-09 4.385028854055321e-16 1.124366372834698e-02 2.810915932086745e-02 5.242944343836719e-02 1.124366372834698e-16
2333 9.720833333333330e-09 4.385028854055342e-16 1.124366372834703e-02 2.810915932086758e-02 5.242944343835979e-02 1.124366372834703e-16
2334 9.724999999999996e-09 4.385028854055493e-16 1.124366372834742e-02 2.810915932086855e-02 5.242944343836719e-02 1.124366372834742e-16
2335 9.729166666666664e-09 4.385028854055547e-16 1.124366372834756e-02 2.810915932086889e-02 5.242944343835979e-02 1.124366372834756e-16
2336 9.733333333333330e-09 4.385028854055617e-16 1.124366372834774e-02 2.810915932086934e-02 5.242944343836719e-02 1.124366372834774e-16
2337 9.737499999999997e-09 4.385028854055584e-16 1.124366372834765e-02 2.810915932086913e-02 5.242944343835979e-02 1.124366372834765e-16
2338 9.741666666666663e-09 4.385028854055669e-16 1.124366372834787e-02 2.810915932086968e-02 5.242944343836719e-02 1.124366372834787e-16
2339 9.745833333333330e-09 4.385028854055645e-16 1.124366372834781e-02 2.810915932086952e-02 5.242944343835979e-02 1.124366372834781e-16
2340 9.749999999999996e-09 4.385028854055741e-16 1.124366372834806e-02 2.810915932087014e-02 5.242944343836719e-02 1.124366372834806e-16
2341 9.754166666666664e-09 4.385028854055756e-16 1.124366372834809e-02 2.810915932087023e-02 5.242944343835979e-02 1.124366372834809e-16
2342 9.758333333333330e-09 4.385028854055899e-16 1.124366372834846e-02 2.810915932087115e-02 5.242944343836719e-02 1.124366372834846e-16
2343 9.762499999999997e-09 4.385028854055914e-16 1.124366372834850e-02 2.810915932087124e-02 5.242944343835979e-02 1.124366372834850e-16
2344 9.766666666666663e-09 4.385028854055997e-16 1.124366372834871e-02 2.810915932087178e-02 5.242944343836719e-02 1.124366372834871e-16
2345 9.770833333333331e-09 4.385028854055998e-16 1.124366372834871e-02 2.810915932087179e-02 5.242944343835979e-02 1.124366372834871e-16
2346 9.774999999999997e-09 4.385028854056098e-16 1.124366372834897e-02 2.810915932087243e-02 5.242944343836719e-02 1.124366372834897e-16
2347 9.779166666666662e-09 4.385028854056078e-16 1.124366372834892e-02 2.810915932087230e-02 5.242944343835979e-02 1.124366372834892e-16
2348 9.783333333333330e-09 4.385028854056152e-16 1.124366372834911e-02 2.810915932087277e-02 5.242944343836719e-02 1.124366372834911e-16
2349 9.787499999999996e-09 4.385028854056163e-16 1.124366372834914e-02 2.810915932087284e-02 5.242944343835979e-02 1.124366372834914e-16
2350 9.791666666666663e-09 4.385028854056266e-16 1.124366372834940e-02 2.810915932087350e-02 5.242944343836719e-02 1.124366372834940e-16
2351 9.795833333333329e-09 4.385028854056281e-16 1.124366372834944e-02 2.810915932087360e-02 5.242944343835979e-02 1.124366372834944e-16
2352 9.799999999999997e-09 4.385028854056344e-16 1.124366372834960e-02 2.810915932087401e-02 5.242944343836719e-02 1.124366372834960e-16
2353 9.804166666666663e-09 4.385028854056348e-16 1.124366372834961e-02 2.810915932087403e-02 5.242944343835979e-02 1.124366372834961e-16
2354 9.808333333333330e-09 4.385028854056459e-16 1.124366372834990e-02 2.810915932087474e-02 5.242944343836719e-02 1.124366372834990e-16
2355 9.812499999999996e-09 4.385028854056461e-16 1.124366372834990e-02 2.810915932087476e-02 5.242944343836348e-02 1.124366372834990e-16
2356 9.816666666666664e-09 4.385028854056516e-16 1.124366372835004e-02 2.810915932087511e-02 5.242944343836719e-02 1.124366372835004e-16
2357 9.820833333333329e-09 4.385028854056524e-16 1.124366372835006e-02 2.810915932087516e-02 5.242944343836348e-02 1.124366372835006e-16
2358 9.824999999999997e-09 4.385028854056622e-16 1.124366372835031e-02 2.810915932087578e-02 5.242944343836719e-02 1.124366372835031e-16
2359 9.829166666666663e-09 4.385028854056650e-16 1.124366372835038e-02 2.810915932087596e-02 5.242944343836348e-02 1.124366372835039e-16
2360 9.833333333333330e-09 4.385028854056782e-16 1.124366372835072e-02 2.810915932087681e-02 5.242944343836719e-02 1.124366372835072e-16
2361 9.837499999999996e-09 4.385028854056837e-16 1.124366372835086e-02 2.810915932087716e-02 5.242944343836348e-02 1.124366372835086e-16
2362 9.841666666666664e-09 4.385028854056988e-16 1.124366372835125e-02 2.810915932087813e-02 5.242944343836719e-02 1.124366372835125e-16
2363 9.845833333333330e-09 4.385028854057040e-16 1.124366372835139e-02 2.810915932087847e-02 5.242944343836348e-02 1.124366372835139e-16
2364 9.849999999999997e-09 4.385028854057199e-16 1.124366372835179e-02 2.810915932087949e-02 5.242944343837089e-02 1.124366372835180e-16
2365 9.854166666666663e-09 4.385028854057287e-16 1.124366372835202e-02 2.810915932088005e-02 5.242944343836719e-02 1.124366372835202e-16
2366 9.858333333333331e-09 4.385028854057458e-16 1.124366372835246e-02 2.810915932088115e-02 5.242944343837089e-02 1.124366372835246e-16
2367 9.862499999999996e-09 4.385028854057534e-16 1.124366372835265e-02 2.810915932088163e-02 5.242944343837459e-02 1.124366372835265e-16
2368 9.866666666666662e-09 4.385028854057695e-16 1.124366372835307e-02 2.810915932088267e-02 5.242944343837828e-02 1.124366372835307e-16
2369 9.870833333333330e-09 4.385028854057745e-16 1.124366372835319e-02 2.810915932088298e-02 5.242944343838198e-02 1.124366372835319e-16
2370 9.874999999999996e-09 4.385028854057899e-16 1.124366372835359e-02 2.810915932088397e-02 5.242944343838939e-02 1.124366372835359e-16
2371 9.879166666666663e-09 4.385028854057927e-16 1.124366372835366e-02 2.810915932088415e-02 5.242944343838198e-02 1.124366372835366e-16
2372 9.883333333333329e-09 4.385028854058063e-16 1.124366372835401e-02 2.810915932088503e-02 5.242944343839308e-02 1.124366372835401e-16
2373 9.887499999999997e-09 4.385028854058110e-16 1.124366372835413e-02 2.810915932088532e-02 5.242944343838569e-02 1.124366372835413e-16
2374 9.891666666666663e-09 4.385028854058234e-16 1.124366372835445e-02 2.810915932088612e-02 5.242944343839308e-02 1.124366372835445e-16
2375 9.895833333333330e-09 4.385028854058295e-16 1.124366372835461e-02 2.810915932088651e-02 5.242944343838569e-02 1.124366372835461e-16
2376 9.899999999999996e-09 4.385028854058413e-16 1.124366372835491e-02 2.810915932088727e-02 5.242944343839308e-02 1.124366372835491e-16
2377 9.904166666666664e-09 4.385028854058481e-16 1.124366372835508e-02 2.810915932088770e-02 5.242944343838569e-02 1.124366372835508e-16
2378 9.908333333333329e-09 4.385028854058618e-16 1.124366372835543e-02 2.810915932088858e-02 5.242944343839308e-02 1.124366372835543e-16
2379 9.912499999999997e-09 4.385028854058646e-16 1.124366372835550e-02 2.810915932088876e-02 5.242944343838569e-02 1.124366372835550e-16
2380 9.916666666666663e-09 4.385028854058738e-16 1.124366372835574e-02 2.810915932088935e-02 5.242944343839308e-02 1.124366372835574e-16
2381 9.920833333333330e-09 4.385028854058802e-16 1.124366372835590e-02 2.810915932088976e-02 5.242944343838569e-02 1.124366372835590e-16
2382 9.924999999999996e-09 4.385028854058923e-16 1.124366372835621e-02 2.810915932089053e-02 5.242944343839308e-02 1.124366372835621e-16
2383 9.929166666666664e-09 4.385028854058996e-16 1.124366372835640e-02 2.810915932089100e-02 5.242944343838569e-02 1.124366372835640e-16
2384 9.933333333333330e-09 4.385028854059122e-16 1.124366372835672e-02 2.810915932089181e-02 5.242944343839308e-02 1.124366372835673e-16
2385 9.937499999999997e-09 4.385028854059212e-16 1.124366372835696e-02 2.810915932089239e-02 5.242944343838569e-02 1.124366372835695e-16
2386 9.941666666666663e-09 4.385028854059290e-16 1.124366372835716e-02 2.810915932089289e-02 5.242944343840048e-02 1.124366372835715e-16
2387 9.945833333333331e-09 4.385028854059385e-16 1.124366372835740e-02 2.810915932089349e-02 5.242944343840789e-02 1.124366372835740e-16
2388 9.949999999999996e-09 4.385028854059472e-16 1.124366372835762e-02 2.810915932089405e-02 5.242944343841529e-02 1.124366372835762e-16
2389 9.954166666666664e-09 4.385028854059561e-16 1.124366372835785e-02 2.810915932089462e-02 5.242944343840789e-02 1.124366372835785e-16
2390 9.958333333333330e-09 4.385028854059653e-16 1.124366372835809e-02 2.810915932089522e-02 5.242944343841159e-02 1.124366372835809e-16
2391 9.962499999999996e-09 4.385028854059683e-16 1.124366372835816e-02 2.810915932089541e-02 5.242944343841529e-02 1.124366372835816e-16
2392 9.966666666666663e-09 4.385028854059773e-16 1.124366372835839e-02 2.810915932089599e-02 5.242944343841899e-02 1.124366372835839e-16
2393 9.970833333333329e-09 4.385028854059850e-16 1.124366372835859e-02 2.810915932089648e-02 5.242944343842639e-02 1.124366372835859e-16
2394 9.974999999999997e-09 4.385028854059964e-16 1.124366372835888e-02 2.810915932089721e-02 5.242944343842639e-02 1.124366372835888e-16
2395 9.979166666666663e-09 4.385028854060040e-16 1.124366372835908e-02 2.810915932089770e-02 5.242944343843009e-02 1.124366372835908e-16
2396 9.983333333333330e-09 4.385028854060125e-16 1.124366372835930e-02 2.810915932089824e-02 5.242944343843379e-02 1.124366372835929e-16
2397 9.987499999999996e-09 4.385028854060203e-16 1.124366372835950e-02 2.810915932089874e-02 5.242944343843380e-02 1.124366372835949e-16
2398 9.991666666666663e-09 4.385028854060249e-16 1.124366372835961e-02 2.810915932089903e-02 5.242944343844120e-02 1.124366372835961e-16
2399 9.995833333333329e-09 4.385028854060293e-16 1.124366372835973e-02 2.810915932089932e-02 5.242944343843380e-02 1.124366372835973e-16
2400 9.999999999999997e-09 4.385028854060403e-16 1.124366372836001e-02 2.810915932090002e-02 5.242944343844489e-02 1.124366372836001e-16
2401 1.000416666666666e-08 4.385028854060494e-16 1.124366372836024e-02 2.810915932090061e-02 5.242944343843749e-02 1.124366372836024e-16
2402 1.000833333333333e-08 4.385028854060569e-16 1.124366372836044e-02 2.810915932090109e-02 5.242944343844489e-02 1.124366372836044e-16
2403 1.001250000000000e-08 4.385028854060644e-16 1.124366372836063e-02 2.810915932090157e-02 5.242944343843749e-02 1.124366372836063e-16
2404 1.001666666666666e-08 4.385028854060775e-16 1.124366372836096e-02 2.810915932090241e-02 5.242944343844489e-02 1.124366372836096e-16
2405 1.002083333333333e-08 4.385028854060897e-16 1.124366372836127e-02 2.810915932090319e-02 5.242944343843749e-02 1.124366372836127e-16
2406 1.002500000000000e-08 4.385028854061031e-16 1.124366372836162e-02 2.810915932090405e-02 5.242944343845229e-02 1.124366372836162e-16
2407 1.002916666666666e-08 4.385028854061120e-16 1.124366372836185e-02 2.810915932090462e-02 5.242944343844489e-02 1.124366372836185e-16
2408 1.003333333333333e-08 4.385028854061208e-16 1.124366372836207e-02 2.810915932090519e-02 5.242944343845229e-02 1.124366372836207e-16
2409 1.003750000000000e-08 4.385028854061291e-16 1.124366372836228e-02 2.810915932090572e-02 5.242944343844489e-02 1.124366372836228e-16
2410 1.004166666666666e-08 4.385028854061411e-16 1.124366372836259e-02 2.810915932090648e-02 5.242944343845229e-02 1.124366372836259e-16
2411 1.004583333333333e-08 4.385028854061539e-16 1.124366372836292e-02 2.810915932090730e-02 5.242944343845230e-02 1.124366372836292e-16
2412 1.005000000000000e-08 4.385028854061666e-16 1.124366372836325e-02 2.810915932090812e-02 5.242944343845600e-02 1.124366372836325e-16
2413 1.005416666666666e-08 4.385028854061738e-16 1.124366372836343e-02 2.810915932090858e-02 5.242944343845230e-02 1.124366372836343e-16
2414 1.005833333333333e-08 4.385028854061832e-16 1.124366372836367e-02 2.810915932090918e-02 5.242944343845600e-02 1.124366372836367e-16
2415 1.006250000000000e-08 4.385028854061886e-16 1.124366372836381e-02 2.810915932090953e-02 5.242944343845230e-02 1.124366372836381e-16
2416 1.006666666666666e-08 4.385028854061933e-16 1.124366372836393e-02 2.810915932090983e-02 5.242944343845600e-02 1.124366372836393e-16
2417 1.007083333333333e-08 4.385028854061986e-16 1.124366372836407e-02 2.810915932091017e-02 5.242944343845230e-02 1.124366372836407e-16
2418 1.007500000000000e-08 4.385028854062045e-16 1.124366372836422e-02 2.810915932091055e-02 5.242944343845600e-02 1.124366372836422e-16
2419 1.007916666666666e-08 4.385028854062055e-16 1.124366372836424e-02 2.810915932091061e-02 5.242944343845230e-02 1.124366372836424e-16
2420 1.008333333333333e-08 4.385028854062101e-16 1.124366372836436e-02 2.810915932091091e-02 5.242944343845600e-02 1.124366372836436e-16
2421 1.008750000000000e-08 4.385028854062163e-16 1.124366372836452e-02 2.810915932091131e-02 5.242944343845230e-02 1.124366372836452e-16
2422 1.009166666666666e-08 4.385028854062207e-16 1.124366372836463e-02 2.810915932091158e-02 5.242944343845600e-02 1.124366372836463e-16
2423 1.009583333333333e-08 4.385028854062196e-16 1.124366372836461e-02 2.810915932091151e-02 5.242944343845230e-02 1.124366372836461e-16
2424 1.010000000000000e-08 4.385028854062246e-16 1.124366372836473e-02 2.810915932091183e-02 5.242944343845600e-02 1.124366372836473e-16
2425 1.010416666666666e-08 4.385028854062240e-16 1.124366372836472e-02 2.810915932091180e-02 5.242944343845230e-02 1.124366372836472e-16
2426 1.010833333333333e-08 4.385028854062236e-16 1.124366372836471e-02 2.810915932091177e-02 5.242944343845600e-02 1.124366372836471e-16
2427 1.011250000000000e-08 4.385028854062230e-16 1.124366372836469e-02 2.810915932091174e-02 5.242944343845230e-02 1.124366372836469e-16
2428 1.011666666666666e-08 4.385028854062251e-16 1.124366372836475e-02 2.810915932091186e-02 5.242944343845600e-02 1.124366372836475e-16
2429 1.012083333333333e-08 4.385028854062249e-16 1.124366372836474e-02 2.810915932091185e-02 5.242944343845230e-02 1.124366372836474e-16
2430 1.012500000000000e-08 4.385028854062275e-16 1.124366372836481e-02 2.810915932091202e-02 5.242944343845600e-02 1.124366372836481e-16
2431 1.012916666666666e-08 4.385028854062256e-16 1.124366372836476e-02 2.810915932091190e-02 5.242944343845230e-02 1.124366372836476e-16
2432 1.013333333333333e-08 4.385028854062266e-16 1.124366372836478e-02 2.810915932091197e-02 5.242944343845600e-02 1.124366372836478e-16
2433 1.013750000000000e-08 4.385028854062269e-16 1.124366372836479e-02 2.810915932091198e-02 5.242944343845230e-02 1.124366372836479e-16
2434 1.014166666666666e-08 4.385028854062251e-16 1.124366372836475e-02 2.810915932091186e-02 5.242944343845600e-02 1.124366372836475e-16
2435 1.014583333333333e-08 4.385028854062236e-16 1.124366372836471e-02 2.810915932091177e-02 5.242944343845230e-02 1.124366372836471e-16
2436 1.015000000000000e-08 4.385028854062269e-16 1.124366372836479e-02 2.810915932091198e-02 5.242944343845600e-02 1.124366372836479e-16
2437 1.015416666666666e-08 4.385028854062264e-16 1.124366372836478e-02 2.810915932091195e-02 5.242944343845230e-02 1.124366372836478e-16
2438 1.015833333333333e-08 4.385028854062260e-16 1.124366372836477e-02 2.810915932091193e-02 5.242944343845600e-02 1.124366372836477e-16
2439 1.016250000000000e-08 4.385028854062247e-16 1.124366372836474e-02 2.810915932091184e-02 5.242944343845230e-02 1.124366372836474e-16
2440 1.016666666666666e-08 4.385028854062264e-16 1.124366372836478e-02 2.810915932091195e-02 5.242944343845600e-02 1.124366372836478e-16
2441 1.017083333333333e-08 4.385028854062269e-16 1.124366372836479e-02 2.810915932091198e-02 5.242944343845230e-02 1.124366372836479e-16
2442 1.017500000000000e-08 4.385028854062280e-16 1.124366372836482e-02 2.810915932091206e-02 5.242944343845600e-02 1.124366372836482e-16
2443 1.017916666666666e-08 4.385028854062260e-16 1.124366372836477e-02 2.810915932091193e-02 5.242944343845230e-02 1.124366372836477e-16
2444 1.018333333333333e-08 4.385028854062266e-16 1.124366372836478e-02 2.810915932091197e-02 5.242944343845600e-02 1.124366372836478e-16
2445 1.018750000000000e-08 4.385028854062262e-16 1.124366372836477e-02 2.810915932091194e-02 5.242944343845230e-02 1.124366372836477e-16
2446 1.019166666666666e-08 4.385028854062253e-16 1.124366372836475e-02 2.810915932091188e-02 5.242944343845600e-02 1.124366372836475e-16
2447 1.019583333333333e-08 4.385028854062236e-16 1.124366372836471e-02 2.810915932091177e-02 5.242944343845230e-02 1.124366372836471e-16
2448 1.020000000000000e-08 4.385028854062274e-16 1.124366372836481e-02 2.810915932091201e-02 5.242944343845600e-02 1.124366372836481e-16
2449 1.020416666666666e-08 4.385028854062272e-16 1.124366372836480e-02 2.810915932091200e-02 5.242944343845230e-02 1.124366372836480e-16
2450 1.020833333333333e-08 4.385028854062258e-16 1.124366372836477e-02 2.810915932091192e-02 5.242944343845600e-02 1.124366372836476e-16
2451 1.021250000000000e-08 4.385028854062247e-16 1.124366372836474e-02 2.810915932091184e-02 5.242944343845230e-02 1.124366372836474e-16
2452 1.021666666666666e-08 4.385028854062260e-16 1.124366372836477e-02 2.810915932091193e-02 5.242944343845600e-02 1.124366372836477e-16
2453 1.022083333333333e-08 4.385028854062262e-16 1.124366372836477e-02 2.810915932091194e-02 5.242944343845230e-02 1.124366372836477e-16
2454 1.022500000000000e-08 4.385028854062282e-16 1.124366372836483e-02 2.810915932091207e-02 5.242944343845600e-02 1.124366372836483e-16
2455 1.022916666666666e-08 4.385028854062260e-16 1.124366372836477e-02 2.810915932091193e-02 5.242944343845230e-02 1.124366372836477e-16
2456 1.023333333333333e-08 4.385028854062269e-16 1.124366372836479e-02 2.810915932091198e-02 5.242944343845600e-02 1.124366372836479e-16
2457 1.023750000000000e-08 4.385028854062269e-16 1.124366372836479e-02 2.810915932091198e-02 5.242944343845230e-02 1.124366372836479e-16
2458 1.024166666666666e-08 4.385028854062251e-16 1.124366372836475e-02 2.810915932091186e-02 5.242944343845600e-02 1.124366372836475e-16
2459 1.024583333333333e-08 4.385028854062236e-16 1.124366372836471e-02 2.810915932091177e-02 5.242944343845230e-02 1.124366372836471e-16
2460 1.025000000000000e-08 4.385028854062269e-16 1.124366372836479e-02 2.810915932091198e-02 5.242944343845600e-02 1.124366372836479e-16
2461 1.025416666666666e-08 4.385028854062264e-16 1.124366372836478e-02 2.810915932091195e-02 5.242944343845230e-02 1.124366372836478e-16
2462 1.025833333333333e-08 4.385028854062260e-16 1.124366372836477e-02 2.810915932091193e-02 5.242944343845600e-02 1.124366372836477e-16
2463 1.026250000000000e-08 4.385028854062247e-16 1.124366372836474e-02 2.810915932091184e-02 5.242944343845230e-02 1.124366372836474e-16
2464 1.026666666666666e-08 4.385028854062264e-16 1.124366372836478e-02 2.810915932091195e-02 5.242944343845600e-02 1.124366372836478e-16
2465 1.027083333333333e-08 4.385028854062269e-16 1.124366372836479e-02 2.810915932091198e-02 5.242944343845230e-02 1.124366372836479e-16
2466 1.027500000000000e-08 4.385028854062280e-16 1.124366372836482e-02 2.810915932091206e-02 5.242944343845600e-02 1.124366372836482e-16
2467 1.027916666666666e-08 4.385028854062260e-16 1.124366372836477e-02 2.810915932091193e-02 5.242944343845230e-02 1.124366372836477e-16
2468 1.028333333333333e-08 4.385028854062266e-16 1.124366372836478e-02 2.810915932091197e-02 5.242944343845600e-02 1.124366372836478e-16
2469 1.028750000000000e-08 4.385028854062262e-16 1.124366372836477e-02 2.810915932091194e-02 5.242944343845230e-02 1.124366372836477e-16
2470 1.029166666666666e-08 4.385028854062253e-16 1.124366372836475e-02 2.810915932091188e-02 5.242944343845600e-02 1.124366372836475e-16
2471 1.029583333333333e-08 4.385028854062236e-16 1.124366372836471e-02 2.810915932091177e-02 5.242944343845230e-02 1.124366372836471e-16
2472 1.030000000000000e-08 4.385028854062274e-16 1.124366372836481e-02 2.810915932091201e-02 5.242944343845600e-02 1.124366372836481e-16
2473 1.030416666666666e-08 4.385028854062272e-16 1.124366372836480e-02 2.810915932091200e-02 5.242944343845230e-02 1.124366372836480e-16
2474 1.030833333333333e-08 4.385028854062258e-16 1.124366372836477e-02 2.810915932091192e-02 5.242944343845600e-02 1.124366372836476e-16
2475 1.031250000000000e-08 4.385028854062247e-16 1.124366372836474e-02 2.810915932091184e-02 5.242944343845230e-02 1.124366372836474e-16
2476 1.031666666666666e-08 4.385028854062260e-16 1.124366372836477e-02 2.810915932091193e-02 5.242944343845600e-02 1.124366372836477e-16
2477 1.032083333333333e-08 4.385028854062262e-16 1.124366372836477e-02 2.810915932091194e-02 5.242944343845230e-02 1.124366372836477e-16
2478 1.032500000000000e-08 4.385028854062282e-16 1.124366372836483e-02 2.810915932091207e-02 5.242944343845600e-02 1.124366372836483e-16
2479 1.032916666666666e-08 4.385028854062260e-16 1.124366372836477e-02 2.810915932091193e-02 5.242944343845230e-02 1.124366372836477e-16
2480 1.033333333333333e-08 4.385028854062269e-16 1.124366372836479e-02 2.810915932091198e-02 5.242944343845600e-02 1.124366372836479e-16
2481 1.033750000000000e-08 4.385028854062269e-16 1.124366372836479e-02 2.810915932091198e-02 5.242944343845230e-02 1.124366372836479e-16
2482 1.034166666666666e-08 4.385028854062251e-16 1.124366372836475e-02 2.810915932091186e-02 5.242944343845600e-02 1.124366372836475e-16
2483 1.034583333333333e-08 4.385028854062236e-16 1.124366372836471e-02 2.810915932091177e-02 5.242944343845230e-02 1.124366372836471e-16
2484 1.035000000000000e-08 4.385028854062269e-16 1.124366372836479e-02 2.810915932091198e-02 5.242944343845600e-02 1.124366372836479e-16
2485 1.035416666666666e-08 4.385028854062264e-16 1.124366372836478e-02 2.810915932091195e-02 5.242944343845230e-02 1.124366372836478e-16
2486 1.035833333333333e-08 4.385028854062260e-16 1.124366372836477e-02 2.810915932091193e-02 5.242944343845600e-02 1.124366372836477e-16
2487 1.036250000000000e-08 4.385028854062247e-16 1.124366372836474e-02 2.810915932091184e-02 5.242944343845230e-02 1.124366372836474e-16
2488 1.036666666666666e-08 4.385028854062264e-16 1.124366372836478e-02 2.810915932091195e-02 5.242944343845600e-02 1.124366372836478e-16
2489 1.037083333333333e-08 4.385028854062269e-16 1.124366372836479e-02 2.810915932091198e-02 5.242944343845230e-02 1.124366372836479e-16
2490 1.037500000000000e-08 4.385028854062280e-16 1.124366372836482e-02 2.810915932091206e-02 5.242944343845600e-02 1.124366372836482e-16
2491 1.037916666666666e-08 4.385028854062260e-16 1.124366372836477e-02 2.810915932091193e-02 5.242944343845230e-02 1.124366372836477e-16
2492 1.038333333333333e-08 4.385028854062266e-16 1.124366372836478e-02 2.810915932091197e-02 5.242944343845600e-02 1.124366372836478e-16
2493 1.038750000000000e-08 4.385028854062262e-16 1.124366372836477e-02 2.810915932091194e-02 5.242944343845230e-02 1.124366372836477e-16
2494 1.039166666666666e-08 4.385028854062253e-16 1.124366372836475e-02 2.810915932091188e-02 5.242944343845600e-02 1.124366372836475e-16
2495 1.039583333333333e-08 4.385028854062236e-16 1.124366372836471e-02 2.810915932091177e-02 5.242944343845230e-02 1.124366372836471e-16
2496 1.040000000000000e-08 4.385028854062274e-16 1.124366372836481e-02 2.810915932091201e-02 5.242944343845600e-02 1.124366372836481e-16
2497 1.040416666666666e-08 4.385028854062272e-16 1.124366372836480e-02 2.810915932091200e-02 5.242944343845230e-02 1.124366372836480e-16
2498 1.040833333333333e-08 4.385028854062258e-16 1.124366372836477e-02 2.810915932091192e-02 5.242944343845600e-02 1.124366372836476e-16
2499 1.041250000000000e-08 4.385028854062247e-16 1.124366372836474e-02 2.810915932091184e-02 5.242944343845230e-02 1.124366372836474e-16
2500 1.041666666666666e-08 4.385028854062260e-16 1.124366372836477e-02 2.810915932091193e-02 5.242944343845600e-02 1.124366372836477e-16
2501 1.042083333333333e-08 4.385028854062262e-16 1.124366372836477e-02 2.810915932091194e-02 5.242944343845230e-02 1.124366372836477e-16
2502 1.042500000000000e-08 4.385028854062282e-16 1.124366372836483e-02 2.810915932091207e-02 5.242944343845600e-02 1.124366372836483e-16
2503 1.042916666666666e-08 4.385028854062260e-16 1.124366372836477e-02 2.810915932091193e-02 5.242944343845230e-02 1.124366372836477e-16
2504 1.043333333333333e-08 4.385028854062269e-16 1.124366372836479e-02 2.810915932091198e-02 5.242944343845600e-02 1.124366372836479e-16
2505 1.043750000000000e-08 4.385028854062269e-16 1.124366372836479e-02 2.810915932091198e-02 5.242944343845230e-02 1.124366372836479e-16
2506 1.044166666666666e-08 4.385028854062251e-16 1.124366372836475e-02 2.810915932091186e-02 5.242944343845600e-02 1.124366372836475e-16
2507 1.044583333333333e-08 4.385028854062236e-16 1.124366372836471e-02 2.810915932091177e-02 5.242944343845230e-02 1.124366372836471e-16
2508 1.045000000000000e-08 4.385028854062269e-16 1.124366372836479e-02 2.810915932091198e-02 5.242944343845600e-02 1.124366372836479e-16
2509 1.045416666666666e-08 4.385028854062264e-16 1.124366372836478e-02 2.810915932091195e-02 5.242944343845230e-02 1.124366372836478e-16
2510 1.045833333333333e-08 4.385028854062260e-16 1.124366372836477e-02 2.810915932091193e-02 5.242944343845600e-02 1.124366372836477e-16
2511 1.046250000000000e-08 4.385028854062247e-16 1.124366372836474e-02 2.810915932091184e-02 5.242944343845230e-02 1.124366372836474e-16
2512 1.046666666666666e-08 4.385028854062264e-16 1.124366372836478e-02 2.810915932091195e-02 5.242944343845600e-02 1.124366372836478e-16
2513 1.047083333333333e-08 4.385028854062269e-16 1.124366372836479e-02 2.810915932091198e-02 5.242944343845230e-02 1.124366372836479e-16
2514 1.047500000000000e-08 4.385028854062280e-16 1.124366372836482e-02 2.810915932091206e-02 5.242944343845600e-02 1.124366372836482e-16
2515 1.047916666666666e-08 4.385028854062260e-16 1.124366372836477e-02 2.810915932091193e-02 5.242944343845230e-02 1.124366372836477e-16
2516 1.048333333333333e-08 4.385028854062266e-16 1.124366372836478e-02 2.810915932091197e-02 5.242944343845600e-02 1.124366372836478e-16
2517 1.048750000000000e-08 4.385028854062262e-16 1.124366372836477e-02 2.810915932091194e-02 5.242944343845230e-02 1.124366372836477e-16
2518 1.049166666666666e-08 4.385028854062253e-16 1.124366372836475e-02 2.810915932091188e-02 5.242944343845600e-02 1.124366372836475e-16
2519 1.049583333333333e-08 4.385028854062236e-16 1.124366372836471e-02 2.810915932091177e-02 5.242944343845230e-02 1.124366372836471e-16
2520 1.050000000000000e-08 4.385028854062274e-16 1.124366372836481e-02 2.810915932091201e-02 5.242944343845600e-02 1.124366372836481e-16
2521 1.050416666666666e-08 4.385028854062272e-16 1.124366372836480e-02 2.810915932091200e-02 5.242944343845230e-02 1.124366372836480e-16
2522 1.050833333333333e-08 4.385028854062258e-16 1.124366372836477e-02 2.810915932091192e-02 5.242944343845600e-02 1.124366372836476e-16
2523 1.051250000000000e-08 4.385028854062247e-16 1.124366372836474e-02 2.810915932091184e-02 5.242944343845230e-02 1.124366372836474e-16
2524 1.051666666666666e-08 4.385028854062260e-16 1.124366372836477e-02 2.810915932091193e-02 5.242944343845600e-02 1.124366372836477e-16
2525 1.052083333333333e-08 4.385028854062262e-16 1.124366372836477e-02 2.810915932091194e-02 5.242944343845230e-02 1.124366372836477e-16
2526 1.052500000000000e-08 4.385028854062282e-16 1.124366372836483e-02 2.810915932091207e-02 5.242944343845600e-02 1.124366372836483e-16
2527 1.052916666666666e-08 4.385028854062260e-16 1.124366372836477e-02 2.810915932091193e-02 5.242944343845230e-02 1.124366372836477e-16
2528 1.053333333333333e-08 4.385028854062269e-16 1.124366372836479e-02 2.810915932091198e-02 5.242944343845600e-02 1.124366372836479e-16
2529 1.053750000000000e-08 4.385028854062269e-16 1.124366372836479e-02 2.810915932091198e-02 5.242944343845230e-02 1.124366372836479e-16
2530 1.054166666666666e-08 4.385028854062251e-16 1.124366372836475e-02 2.810915932091186e-02 5.242944343845600e-02 1.124366372836475e-16
2531 1.054583333333333e-08 4.385028854062236e-16 1.124366372836471e-02 2.810915932091177e-02 5.242944343845230e-02 1.124366372836471e-16
2532 1.055000000000000e-08 4.385028854062269e-16 1.124366372836479e-02 2.810915932091198e-02 5.242944343845600e-02 1.124366372836479e-16
2533 1.055416666666666e-08 4.385028854062264e-16 1.124366372836478e-02 2.810915932091195e-02 5.242944343845230e-02 1.124366372836478e-16
2534 1.055833333333333e-08 4.385028854062260e-16 1.124366372836477e-02 2.810915932091193e-02 5.242944343845600e-02 1.124366372836477e-16
2535 1.056250000000000e-08 4.385028854062247e-16 1.124366372836474e-02 2.810915932091184e-02 5.242944343845230e-02 1.124366372836474e-16
2536 1.056666666666666e-08 4.385028854062264e-16 1.124366372836478e-02 2.810915932091195e-02 5.242944343845600e-02 1.124366372836478e-16
2537 1.057083333333333e-08 4.385028854062269e-16 1.124366372836479e-02 2.810915932091198e-02 5.242944343845230e-02 1.124366372836479e-16
2538 1.057500000000000e-08 4.385028854062280e-16 1.124366372836482e-02 2.810915932091206e-02 5.242944343845600e-02 1.124366372836482e-16
2539 1.057916666666666e-08 4.385028854062260e-16 1.124366372836477e-02 2.810915932091193e-02 5.242944343845230e-02 1.124366372836477e-16
2540 1.058333333333333e-08 4.385028854062266e-16 1.124366372836478e-02 2.810915932091197e-02 5.242944343845600e-02 1.124366372836478e-16
2541 1.058750000000000e-08 4.385028854062262e-16 1.124366372836477e-02 2.810915932091194e-02 5.242944343845230e-02 1.124366372836477e-16
2542 1.059166666666666e-08 4.385028854062253e-16 1.124366372836475e-02 2.810915932091188e-02 5.242944343845600e-02 1.124366372836475e-16
2543 1.059583333333333e-08 4.385028854062236e-16 1.124366372836471e-02 2.810915932091177e-02 5.242944343845230e-02 1.124366372836471e-16
2544 1.060000000000000e-08 4.385028854062274e-16 1.124366372836481e-02 2.810915932091201e-02 5.242944343845600e-02 1.124366372836481e-16
2545 1.060416666666666e-08 4.385028854062272e-16 1.124366372836480e-02 2.810915932091200e-02 5.242944343845230e-02 1.124366372836480e-16
2546 1.060833333333333e-08 4.385028854062258e-16 1.124366372836477e-02 2.810915932091192e-02 5.242944343845600e-02 1.124366372836476e-16
2547 1.061250000000000e-08 4.385028854062247e-16 1.124366372836474e-02 2.810915932091184e-02 5.242944343845230e-02 1.124366372836474e-16
2548 1.061666666666666e-08 4.385028854062260e-16 1.124366372836477e-02 2.810915932091193e-02 5.242944343845600e-02 1.124366372836477e-16
2549 1.062083333333333e-08 4.385028854062262e-16 1.124366372836477e-02 2.810915932091194e-02 5.242944343845230e-02 1.124366372836477e-16
2550 1.062500000000000e-08 4.385028854062282e-16 1.124366372836483e-02 2.810915932091207e-02 5.242944343845600e-02 1.124366372836483e-16
2551 1.062916666666666e-08 4.385028854062260e-16 1.124366372836477e-02 2.810915932091193e-02 5.242944343845230e-02 1.124366372836477e-16
2552 1.063333333333333e-08 4.385028854062269e-16 1.124366372836479e-02 2.810915932091198e-02 5.242944343845600e-02 1.124366372836479e-16
2553 1.063750000000000e-08 4.385028854062269e-16 1.124366372836479e-02 2.810915932091198e-02 5.242944343845230e-02 1.124366372836479e-16
2554 1.064166666666666e-08 4.385028854062251e-16 1.124366372836475e-02 2.810915932091186e-02 5.242944343845600e-02 1.124366372836475e-16
2555 1.064583333333333e-08 4.385028854062236e-16 1.124366372836471e-02 2.810915932091177e-02 5.242944343845230e-02 1.124366372836471e-16
2556 1.065000000000000e-08 4.385028854062269e-16 1.124366372836479e-02 2.810915932091198e-02 5.242944343845600e-02 1.124366372836479e-16
2557 1.065416666666666e-08 4.385028854062264e-16 1.124366372836478e-02 2.810915932091195e-02 5.242944343845230e-02 1.124366372836478e-16
2558 1.065833333333333e-08 4.385028854062260e-16 1.124366372836477e-02 2.810915932091193e-02 5.242944343845600e-02 1.124366372836477e-16
2559 1.066250000000000e-08 4.385028854062247e-16 1.124366372836474e-02 2.810915932091184e-02 5.242944343845230e-02 1.124366372836474e-16
2560 1.066666666666666e-08 4.385028854062264e-16 1.124366372836478e-02 2.810915932091195e-02 5.242944343845600e-02 1.124366372836478e-16
2561 1.067083333333333e-08 4.385028854062269e-16 1.124366372836479e-02 2.810915932091198e-02 5.242944343845230e-02 1.124366372836479e-16
2562 1.067500000000000e-08 4.385028854062280e-16 1.124366372836482e-02 2.810915932091206e-02 5.242944343845600e-02 1.124366372836482e-16
2563 1.067916666666666e-08 4.385028854062260e-16 1.124366372836477e-02 2.810915932091193e-02 5.242944343845230e-02 1.124366372836477e-16
2564 1.068333333333333e-08 4.385028854062266e-16 1.124366372836478e-02 2.810915932091197e-02 5.242944343845600e-02 1.124366372836478e-16
2565 1.068750000000000e-08 4.385028854062262e-16 1.124366372836477e-02 2.810915932091194e-02 5.242944343845230e-02 1.124366372836477e-16
2566 1.069166666666666e-08 4.385028854062253e-16 1.124366372836475e-02 2.810915932091188e-02 5.242944343845600e-02 1.124366372836475e-16
2567 1.069583333333333e-08 4.385028854062236e-16 1.124366372836471e-02 2.810915932091177e-02 5.242944343845230e-02 1.124366372836471e-16
2568 1.070000000000000e-08 4.385028854062274e-16 1.124366372836481e-02 2.810915932091201e-02 5.242944343845600e-02 1.124366372836481e-16
2569 1.070416666666666e-08 4.385028854062272e-16 1.124366372836480e-02 2.810915932091200e-02 5.242944343845230e-02 1.124366372836480e-16
2570 1.070833333333333e-08 4.385028854062258e-16 1.124366372836477e-02 2.810915932091192e-02 5.242944343845600e-02 1.124366372836476e-16
2571 1.071250000000000e-08 4.385028854062247e-16 1.124366372836474e-02 2.810915932091184e-02 5.242944343845230e-02 1.124366372836474e-16
2572 1.071666666666666e-08 4.385028854062260e-16 1.124366372836477e-02 2.810915932091193e-02 5.242944343845600e-02 1.124366372836477e-16
2573 1.072083333333333e-08 4.385028854062262e-16 1.124366372836477e-02 2.810915932091194e-02 5.242944343845230e-02 1.124366372836477e-16
2574 1.072500000000000e-08 4.385028854062282e-16 1.124366372836483e-02 2.810915932091207e-02 5.242944343845600e-02 1.124366372836483e-16
2575 1.072916666666666e-08 4.385028854062260e-16 1.124366372836477e-02 2.810915932091193e-02 5.242944343845230e-02 1.124366372836477e-16
2576 1.073333333333333e-08 4.385028854062269e-16 1.124366372836479e-02 2.810915932091198e-02 5.242944343845600e-02 1.124366372836479e-16
2577 1.073750000000000e-08 4.385028854062269e-16 1.124366372836479e-02 2.810915932091198e-02 5.242944343845230e-02 1.124366372836479e-16
2578 1.074166666666666e-08 4.385028854062251e-16 1.124366372836475e-02 2.810915932091186e-02 5.242944343845600e-02 1.124366372836475e-16
2579 1.074583333333333e-08 4.385028854062236e-16 1.124366372836471e-02 2.810915932091177e-02 5.242944343845230e-02 1.124366372836471e-16
2580 1.075000000000000e-08 4.385028854062269e-16 1.124366372836479e-02 2.810915932091198e-02 5.242944343845600e-02 1.124366372836479e-16
2581 1.075416666666666e-08 4.385028854062264e-16 1.124366372836478e-02 2.810915932091195e-02 5.242944343845230e-02 1.124366372836478e-16
2582 1.075833333333333e-08 4.385028854062260e-16 1.124366372836477e-02 2.810915932091193e-02 5.242944343845600e-02 1.124366372836477e-16
2583 1.076250000000000e-08 4.385028854062247e-16 1.124366372836474e-02 2.810915932091184e-02 5.242944343845230e-02 1.124366372836474e-16
2584 1.076666666666666e-08 4.385028854062264e-16 1.124366372836478e-02 2.810915932091195e-02 5.242944343845600e-02 1.124366372836478e-16
2585 1.077083333333333e-08 4.385028854062269e-16 1.124366372836479e-02 2.810915932091198e-02 5.242944343845230e-02 1.124366372836479e-16
2586 1.077500000000000e-08 4.385028854062280e-16 1.124366372836482e-02 2.810915932091206e-02 5.242944343845600e-02 1.124366372836482e-16
2587 1.077916666666666e-08 4.385028854062260e-16 1.124366372836477e-02 2.810915932091193e-02 5.242944343845230e-02 1.124366372836477e-16
2588 1.078333333333333e-08 4.385028854062266e-16 1.124366372836478e-02 2.810915932091197e-02 5.242944343845600e-02 1.124366372836478e-16
2589 1.078750000000000e-08 4.385028854062262e-16 1.124366372836477e-02 2.810915932091194e-02 5.242944343845230e-02 1.124366372836477e-16
2590 1.079166666666666e-08 4.385028854062253e-16 1.124366372836475e-02 2.810915932091188e-02 5.242944343845600e-02 1.124366372836475e-16
2591 1.079583333333333e-08 4.385028854062236e-16 1.124366372836471e-02 2.810915932091177e-02 5.242944343845230e-02 1.124366372836471e-16
2592 1.080000000000000e-08 4.385028854062274e-16 1.124366372836481e-02 2.810915932091201e-02 5.242944343845600e-02 1.124366372836481e-16
2593 1.080416666666666e-08 4.385028854062272e-16 1.124366372836480e-02 2.810915932091200e-02 5.242944343845230e-02 1.124366372836480e-16
2594 1.080833333333333e-08 4.385028854062258e-16 1.124366372836477e-02 2.810915932091192e-02 5.242944343845600e-02 1.124366372836476e-16
2595 1.081250000000000e-08 4.385028854062247e-16 1.124366372836474e-02 2.810915932091184e-02 5.242944343845230e-02 1.124366372836474e-16
2596 1.081666666666666e-08 4.385028854062260e-16 1.124366372836477e-02 2.810915932091193e-02 5.242944343845600e-02 1.124366372836477e-16
2597 1.082083333333333e-08 4.385028854062262e-16 1.124366372836477e-02 2.810915932091194e-02 5.242944343845230e-02 1.124366372836477e-16
2598 1.082500000000000e-08 4.385028854062282e-16 1.124366372836483e-02 2.810915932091207e-02 5.242944343845600e-02 1.124366372836483e-16
2599 1.082916666666666e-08 4.385028854062260e-16 1.124366372836477e-02 2.810915932091193e-02 5.242944343845230e-02 1.124366372836477e-16
2600 1.083333333333333e-08 4.385028854062269e-16 1.124366372836479e-02 2.810915932091198e-02 5.242944343845600e-02 1.124366372836479e-16
2601 1.083750000000000e-08 4.385028854062269e-16 1.124366372836479e-02 2.810915932091198e-02 5.242944343845230e-02 1.124366372836479e-16
2602 1.084166666666666e-08 4.385028854062251e-16 1.124366372836475e-02 2.810915932091186e-02 5.242944343845600e-02 1.124366372836475e-16
2603 1.084583333333333e-08 4.385028854062236e-16 1.124366372836471e-02 2.810915932091177e-02 5.242944343845230e-02 1.124366372836471e-16
2604 1.085000000000000e-08 4.385028854062269e-16 1.124366372836479e-02 2.810915932091198e-02 5.242944343845600e-02 1.124366372836479e-16
2605 1.085416666666666e-08 4.385028854062264e-16 1.124366372836478e-02 2.810915932091195e-02 5.242944343845230e-02 1.124366372836478e-16
2606 1.085833333333333e-08 4.385028854062260e-16 1.124366372836477e-02 2.810915932091193e-02 5.242944343845600e-02 1.124366372836477e-16
2607 1.086250000000000e-08 4.385028854062247e-16 1.124366372836474e-02 2.810915932091184e-02 5.242944343845230e-02 1.124366372836474e-16
2608 1.086666666666666e-08 4.385028854062264e-16 1.124366372836478e-02 2.810915932091195e-02 5.242944343845600e-02 1.124366372836478e-16
2609 1.087083333333333e-08 4.385028854062269e-16 1.124366372836479e-02 2.810915932091198e-02 5.242944343845230e-02 1.124366372836479e-16
2610 1.087500000000000e-08 4.385028854062280e-16 1.124366372836482e-02 2.810915932091206e-02 5.242944343845600e-02 1.124366372836482e-16
2611 1.087916666666666e-08 4.385028854062260e-16 1.124366372836477e-02 2.810915932091193e-02 5.242944343845230e-02 1.124366372836477e-16
2612 1.088333333333333e-08 4.385028854062266e-16 1.124366372836478e-02 2.810915932091197e-02 5.242944343845600e-02 1.124366372836478e-16
2613 1.088750000000000e-08 4.385028854062262e-16 1.124366372836477e-02 2.810915932091194e-02 5.242944343845230e-02 1.124366372836477e-16
2614 1.089166666666666e-08 4.385028854062253e-16 1.124366372836475e-02 2.810915932091188e-02 5.242944343845600e-02 1.124366372836475e-16
2615 1.089583333333333e-08 4.385028854062236e-16 1.124366372836471e-02 2.810915932091177e-02 5.242944343845230e-02 1.124366372836471e-16
2616 1.090000000000000e-08 4.385028854062274e-16 1.124366372836481e-02 2.810915932091201e-02 5.242944343845600e-02 1.124366372836481e-16
2617 1.090416666666666e-08 4.385028854062272e-16 1.124366372836480e-02 2.810915932091200e-02 5.242944343845230e-02 1.124366372836480e-16
2618 1.090833333333333e-08 4.385028854062258e-16 1.124366372836477e-02 2.810915932091192e-02 5.242944343845600e-02 1.124366372836476e-16
2619 1.091250000000000e-08 4.385028854062247e-16 1.124366372836474e-02 2.810915932091184e-02 5.242944343845230e-02 1.124366372836474e-16
2620 1.091666666666666e-08 4.385028854062260e-16 1.124366372836477e-02 2.810915932091193e-02 5.242944343845600e-02 1.124366372836477e-16
2621 1.092083333333333e-08 4.385028854062262e-16 1.124366372836477e-02 2.810915932091194e-02 5.242944343845230e-02 1.124366372836477e-16
2622 1.092500000000000e-08 4.385028854062282e-16 1.124366372836483e-02 2.810915932091207e-02 5.242944343845600e-02 1.124366372836483e-16
2623 1.092916666666666e-08 4.385028854062260e-16 1.124366372836477e-02 2.810915932091193e-02 5.242944343845230e-02 1.124366372836477e-16
2624 1.093333333333333e-08 4.385028854062269e-16 1.124366372836479e-02 2.810915932091198e-02 5.242944343845600e-02 1.124366372836479e-16
2625 1.093750000000000e-08 4.385028854062269e-16 1.124366372836479e-02 2.810915932091198e-02 5.242944343845230e-02 1.124366372836479e-16
2626 1.094166666666666e-08 4.385028854062251e-16 1.124366372836475e-02 2.810915932091186e-02 5.242944343845600e-02 1.124366372836475e-16
2627 1.094583333333333e-08 4.385028854062236e-16 1.124366372836471e-02 2.810915932091177e-02 5.242944343845230e-02 1.124366372836471e-16
2628 1.095000000000000e-08 4.385028854062269e-16 1.124366372836479e-02 2.810915932091198e-02 5.242944343845600e-02 1.124366372836479e-16
2629 1.095416666666666e-08 4.385028854062264e-16 1.124366372836478e-02 2.810915932091195e-02 5.242944343845230e-02 1.124366372836478e-16
2630 1.095833333333333e-08 4.385028854062260e-16 1.124366372836477e-02 2.810915932091193e-02 5.242944343845600e-02 1.124366372836477e-16
2631 1.096250000000000e-08 4.385028854062247e-16 1.124366372836474e-02 2.810915932091184e-02 5.242944343845230e-02 1.124366372836474e-16
2632 1.096666666666666e-08 4.385028854062264e-16 1.124366372836478e-02 2.810915932091195e-02 5.242944343845600e-02 1.124366372836478e-16
2633 1.097083333333333e-08 4.385028854062269e-16 1.124366372836479e-02 2.810915932091198e-02 5.242944343845230e-02 1.124366372836479e-16
2634 1.097500000000000e-08 4.385028854062280e-16 1.124366372836482e-02 2.810915932091206e-02 5.242944343845600e-02 1.124366372836482e-16
2635 1.097916666666666e-08 4.385028854062260e-16 1.124366372836477e-02 2.810915932091193e-02 5.242944343845230e-02 1.124366372836477e-16
2636 1.098333333333333e-08 4.385028854062266e-16 1.124366372836478e-02 2.810915932091197e-02 5.242944343845600e-02 1.124366372836478e-16
2637 1.098750000000000e-08 4.385028854062262e-16 1.124366372836477e-02 2.810915932091194e-02 5.242944343845230e-02 1.124366372836477e-16
2638 1.099166666666666e-08 4.385028854062253e-16 1.124366372836475e-02 2.810915932091188e-02 5.242944343845600e-02 1.124366372836475e-16
2639 1.099583333333333e-08 4.385028854062236e-16 1.124366372836471e-02 2.810915932091177e-02 5.242944343845230e-02 1.124366372836471e-16
2640 1.100000000000000e-08 4.385028854062274e-16 1.124366372836481e-02 2.810915932091201e-02 5.242944343845600e-02 1.124366372836481e-16
2641 1.100416666666666e-08 4.385028854062272e-16 1.124366372836480e-02 2.810915932091200e-02 5.242944343845230e-02 1.124366372836480e-16
2642 1.100833333333333e-08 4.385028854062258e-16 1.124366372836477e-02 2.810915932091192e-02 5.242944343845600e-02 1.124366372836476e-16
2643 1.101250000000000e-08 4.385028854062247e-16 1.124366372836474e-02 2.810915932091184e-02 5.242944343845230e-02 1.124366372836474e-16
2644 1.101666666666666e-08 4.385028854062260e-16 1.124366372836477e-02 2.810915932091193e-02 5.242944343845600e-02 1.124366372836477e-16
2645 1.102083333333333e-08 4.385028854062262e-16 1.124366372836477e-02 2.810915932091194e-02 5.242944343845230e-02 1.124366372836477e-16
2646 1.102500000000000e-08 4.385028854062282e-16 1.124366372836483e-02 2.810915932091207e-02 5.242944343845600e-02 1.124366372836483e-16
2647 1.102916666666666e-08 4.385028854062260e-16 1.124366372836477e-02 2.810915932091193e-02 5.242944343845230e-02 1.124366372836477e-16
2648 1.103333333333333e-08 4.385028854062269e-16 1.124366372836479e-02 2.810915932091198e-02 5.242944343845600e-02 1.124366372836479e-16
2649 1.103750000000000e-08 4.385028854062269e-16 1.124366372836479e-02 2.810915932091198e-02 5.242944343845230e-02 1.124366372836479e-16
2650 1.104166666666666e-08 4.385028854062251e-16 1.124366372836475e-02 2.810915932091186e-02 5.242944343845600e-02 1.124366372836475e-16
2651 1.104583333333333e-08 4.385028854062236e-16 1.124366372836471e-02 2.810915932091177e-02 5.242944343845230e-02 1.124366372836471e-16
2652 1.105000000000000e-08 4.385028854062269e-16 1.124366372836479e-02 2.810915932091198e-02 5.242944343845600e-02 1.124366372836479e-16
2653 1.105416666666666e-08 4.385028854062264e-16 1.124366372836478e-02 2.810915932091195e-02 5.242944343845230e-02 1.124366372836478e-16
2654 1.105833333333333e-08 4.385028854062260e-16 1.124366372836477e-02 2.810915932091193e-02 5.242944343845600e-02 1.124366372836477e-16
2655 1.106250000000000e-08 4.385028854062247e-16 1.124366372836474e-02 2.810915932091184e-02 5.242944343845230e-02 1.124366372836474e-16
2656 1.106666666666666e-08 4.385028854062264e-16 1.124366372836478e-02 2.810915932091195e-02 5.242944343845600e-02 1.124366372836478e-16
2657 1.107083333333333e-08 4.385028854062269e-16 1.124366372836479e-02 2.810915932091198e-02 5.242944343845230e-02 1.124366372836479e-16
2658 1.107500000000000e-08 4.385028854062280e-16 1.124366372836482e-02 2.810915932091206e-02 5.242944343845600e-02 1.124366372836482e-16
2659 1.107916666666666e-08 4.385028854062260e-16 1.124366372836477e-02 2.810915932091193e-02 5.242944343845230e-02 1.124366372836477e-16
2660 1.108333333333333e-08 4.385028854062266e-16 1.124366372836478e-02 2.810915932091197e-02 5.242944343845600e-02 1.124366372836478e-16
2661 1.108750000000000e-08 4.385028854062262e-16 1.124366372836477e-02 2.810915932091194e-02 5.242944343845230e-02 1.124366372836477e-16
2662 1.109166666666666e-08 4.385028854062253e-16 1.124366372836475e-02 2.810915932091188e-02 5.242944343845600e-02 1.124366372836475e-16
2663 1.109583333333333e-08 4.385028854062236e-16 1.124366372836471e-02 2.810915932091177e-02 5.242944343845230e-02 1.124366372836471e-16
2664 1.110000000000000e-08 4.385028854062274e-16 1.124366372836481e-02 2.810915932091201e-02 5.242944343845600e-02 1.124366372836481e-16
2665 1.110416666666666e-08 4.385028854062272e-16 1.124366372836480e-02 2.810915932091200e-02 5.242944343845230e-02 1.124366372836480e-16
2666 1.110833333333333e-08 4.385028854062258e-16 1.124366372836477e-02 2.810915932091192e-02 5.242944343845600e-02 1.124366372836476e-16
2667 1.111250000000000e-08 4.385028854062247e-16 1.124366372836474e-02 2.810915932091184e-02 5.242944343845230e-02 1.124366372836474e-16
2668 1.111666666666666e-08 4.385028854062260e-16 1.124366372836477e-02 2.810915932091193e-02 5.242944343845600e-02 1.124366372836477e-16
2669 1.112083333333333e-08 4.385028854062262e-16 1.124366372836477e-02 2.810915932091194e-02 5.242944343845230e-02 1.124366372836477e-16
2670 1.112500000000000e-08 4.385028854062282e-16 1.124366372836483e-02 2.810915932091207e-02 5.242944343845600e-02 1.124366372836483e-16
2671 1.112916666666666e-08 4.385028854062260e-16 1.124366372836477e-02 2.810915932091193e-02 5.242944343845230e-02 1.124366372836477e-16
2672 1.113333333333333e-08 4.385028854062269e-16 1.124366372836479e-02 2.810915932091198e-02 5.242944343845600e-02 1.124366372836479e-16
2673 1.113750000000000e-08 4.385028854062269e-16 1.124366372836479e-02 2.810915932091198e-02 5.242944343845230e-02 1.124366372836479e-16
2674 1.114166666666666e-08 4.385028854062251e-16 1.124366372836475e-02 2.810915932091186e-02 5.242944343845600e-02 1.124366372836475e-16
2675 1.114583333333333e-08 4.385028854062236e-16 1.124366372836471e-02 2.810915932091177e-02 5.242944343845230e-02 1.124366372836471e-16
2676 1.115000000000000e-08 4.385028854062269e-16 1.124366372836479e-02 2.810915932091198e-02 5.242944343845600e-02 1.124366372836479e-16
2677 1.115416666666666e-08 4.385028854062264e-16 1.124366372836478e-02 2.810915932091195e-02 5.242944343845230e-02 1.124366372836478e-16
2678 1.115833333333333e-08 4.385028854062260e-16 1.124366372836477e-02 2.810915932091193e-02 5.242944343845600e-02 1.124366372836477e-16
2679 1.116250000000000e-08 4.385028854062247e-16 1.124366372836474e-02 2.810915932091184e-02 5.242944343845230e-02 1.124366372836474e-16
2680 1.116666666666666e-08 4.385028854062264e-16 1.124366372836478e-02 2.810915932091195e-02 5.242944343845600e-02 1.124366372836478e-16
2681 1.117083333333333e-08 4.385028854062269e-16 1.124366372836479e-02 2.810915932091198e-02 5.242944343845230e-02 1.124366372836479e-16
2682 1.117500000000000e-08 4.385028854062280e-16 1.124366372836482e-02 2.810915932091206e-02 5.242944343845600e-02 1.124366372836482e-16
2683 1.117916666666666e-08 4.385028854062260e-16 1.124366372836477e-02 2.810915932091193e-02 5.242944343845230e-02 1.124366372836477e-16
2684 1.118333333333333e-08 4.385028854062266e-16 1.124366372836478e-02 2.810915932091197e-02 5.242944343845600e-02 1.124366372836478e-16
2685 1.118750000000000e-08 4.385028854062262e-16 1.124366372836477e-02 2.810915932091194e-02 5.242944343845230e-02 1.124366372836477e-16
2686 1.119166666666666e-08 4.385028854062253e-16 1.124366372836475e-02 2.810915932091188e-02 5.242944343845600e-02 1.124366372836475e-16
2687 1.119583333333333e-08 4.385028854062236e-16 1.124366372836471e-02 2.810915932091177e-02 5.242944343845230e-02 1.124366372836471e-16
2688 1.120000000000000e-08 4.385028854062274e-16 1.124366372836481e-02 2.810915932091201e-02 5.242944343845600e-02 1.124366372836481e-16
2689 1.120416666666666e-08 4.385028854062272e-16 1.124366372836480e-02 2.810915932091200e-02 5.242944343845230e-02 1.124366372836480e-16
2690 1.120833333333333e-08 4.385028854062258e-16 1.124366372836477e-02 2.810915932091192e-02 5.242944343845600e-02 1.124366372836476e-16
2691 1.121250000000000e-08 4.385028854062247e-16 1.124366372836474e-02 2.810915932091184e-02 5.242944343845230e-02 1.124366372836474e-16
2692 1.121666666666666e-08 4.385028854062260e-16 1.124366372836477e-02 2.810915932091193e-02 5.242944343845600e-02 1.124366372836477e-16
2693 1.122083333333333e-08 4.385028854062262e-16 1.124366372836477e-02 2.810915932091194e-02 5.242944343845230e-02 1.124366372836477e-16
2694 1.122500000000000e-08 4.385028854062282e-16 1.124366372836483e-02 2.810915932091207e-02 5.242944343845600e-02 1.124366372836483e-16
2695 1.122916666666666e-08 4.385028854062260e-16 1.124366372836477e-02 2.810915932091193e-02 5.242944343845230e-02 1.124366372836477e-16
2696 1.123333333333333e-08 4.385028854062269e-16 1.124366372836479e-02 2.810915932091198e-02 5.242944343845600e-02 1.124366372836479e-16
2697 1.123750000000000e-08 4.385028854062269e-16 1.124366372836479e-02 2.810915932091198e-02 5.242944343845230e-02 1.124366372836479e-16
2698 1.124166666666666e-08 4.385028854062251e-16 1.124366372836475e-02 2.810915932091186e-02 5.242944343845600e-02 1.124366372836475e-16
2699 1.124583333333333e-08 4.385028854062236e-16 1.124366372836471e-02 2.810915932091177e-02 5.242944343845230e-02 1.124366372836471e-16
2700 1.125000000000000e-08 4.385028854062269e-16 1.124366372836479e-02 2.810915932091198e-02 5.242944343845600e-02 1.124366372836479e-16
2701 1.125416666666666e-08 4.385028854062264e-16 1.124366372836478e-02 2.810915932091195e-02 5.242944343845230e-02 1.124366372836478e-16
2702 1.125833333333333e-08 4.385028854062260e-16 1.124366372836477e-02 2.810915932091193e-02 5.242944343845600e-02 1.124366372836477e-16
2703 1.126250000000000e-08 4.385028854062247e-16 1.124366372836474e-02 2.810915932091184e-02 5.242944343845230e-02 1.124366372836474e-16
2704 1.126666666666666e-08 4.385028854062264e-16 1.124366372836478e-02 2.810915932091195e-02 5.242944343845600e-02 1.124366372836478e-16
2705 1.127083333333333e-08 4.385028854062269e-16 1.124366372836479e-02 2.810915932091198e-02 5.242944343845230e-02 1.124366372836479e-16
2706 1.127500000000000e-08 4.385028854062280e-16 1.124366372836482e-02 2.810915932091206e-02 5.242944343845600e-02 1.124366372836482e-16
2707 1.127916666666666e-08 4.385028854062260e-16 1.124366372836477e-02 2.810915932091193e-02 5.242944343845230e-02 1.124366372836477e-16
2708 1.128333333333333e-08 4.385028854062266e-16 1.124366372836478e-02 2.810915932091197e-02 5.242944343845600e-02 1.124366372836478e-16
2709 1.128750000000000e-08 4.385028854062262e-16 1.124366372836477e-02 2.810915932091194e-02 5.242944343845230e-02 1.124366372836477e-16
2710 1.129166666666666e-08 4.385028854062253e-16 1.124366372836475e-02 2.810915932091188e-02 5.242944343845600e-02 1.124366372836475e-16
2711 1.129583333333333e-08 4.385028854062236e-16 1.124366372836471e-02 2.810915932091177e-02 5.242944343845230e-02 1.124366372836471e-16
2712 1.130000000000000e-08 4.385028854062274e-16 1.124366372836481e-02 2.810915932091201e-02 5.242944343845600e-02 1.124366372836481e-16
2713 1.130416666666666e-08 4.385028854062272e-16 1.124366372836480e-02 2.810915932091200e-02 5.242944343845230e-02 1.124366372836480e-16
2714 1.130833333333333e-08 4.385028854062258e-16 1.124366372836477e-02 2.810915932091192e-02 5.242944343845600e-02 1.124366372836476e-16
2715 1.131250000000000e-08 4.385028854062247e-16 1.124366372836474e-02 2.810915932091184e-02 5.242944343845230e-02 1.124366372836474e-16
2716 1.131666666666666e-08 4.385028854062260e-16 1.124366372836477e-02 2.810915932091193e-02 5.242944343845600e-02 1.124366372836477e-16
2717 1.132083333333333e-08 4.385028854062262e-16 1.124366372836477e-02 2.810915932091194e-02 5.242944343845230e-02 1.124366372836477e-16
2718 1.132500000000000e-08 4.385028854062282e-16 1.124366372836483e-02 2.810915932091207e-02 5.242944343845600e-02 1.124366372836483e-16
2719 1.132916666666666e-08 4.385028854062260e-16 1.124366372836477e-02 2.810915932091193e-02 5.242944343845230e-02 1.124366372836477e-16
2720 1.133333333333333e-08 4.385028854062269e-16 1.124366372836479e-02 2.810915932091198e-02 5.242944343845600e-02 1.124366372836479e-16
2721 1.133750000000000e-08 4.385028854062269e-16 1.124366372836479e-02 2.810915932091198e-02 5.242944343845230e-02 1.124366372836479e-16
2722 1.134166666666666e-08 4.385028854062251e-16 1.124366372836475e-02 2.810915932091186e-02 5.242944343845600e-02 1.124366372836475e-16
2723 1.134583333333333e-08 4.385028854062236e-16 1.124366372836471e-02 2.810915932091177e-02 5.242944343845230e-02 1.124366372836471e-16
2724 1.135000000000000e-08 4.385028854062269e-16 1.124366372836479e-02 2.810915932091198e-02 5.242944343845600e-02 1.124366372836479e-16
2725 1.135416666666666e-08 4.385028854062264e-16 1.124366372836478e-02 2.810915932091195e-02 5.242944343845230e-02 1.124366372836478e-16
2726 1.135833333333333e-08 4.385028854062260e-16 1.124366372836477e-02 2.810915932091193e-02 5.242944343845600e-02 1.124366372836477e-16
2727 1.136250000000000e-08 4.385028854062247e-16 1.124366372836474e-02 2.810915932091184e-02 5.242944343845230e-02 1.124366372836474e-16
2728 1.136666666666666e-08 4.385028854062264e-16 1.124366372836478e-02 2.810915932091195e-02 5.242944343845600e-02 1.124366372836478e-16
2729 1.137083333333333e-08 4.385028854062269e-16 1.124366372836479e-02 2.810915932091198e-02 5.242944343845230e-02 1.124366372836479e-16
2730 1.137500000000000e-08 4.385028854062280e-16 1.124366372836482e-02 2.810915932091206e-02 5.242944343845600e-02 1.124366372836482e-16
2731 1.137916666666666e-08 4.385028854062260e-16 1.124366372836477e-02 2.810915932091193e-02 5.242944343845230e-02 1.124366372836477e-16
2732 1.138333333333333e-08 4.385028854062266e-16 1.124366372836478e-02 2.810915932091197e-02 5.242944343845600e-02 1.124366372836478e-16
2733 1.138750000000000e-08 4.385028854062262e-16 1.124366372836477e-02 2.810915932091194e-02 5.242944343845230e-02 1.124366372836477e-16
2734 1.139166666666666e-08 4.385028854062253e-16 1.124366372836475e-02 2.810915932091188e-02 5.242944343845600e-02 1.124366372836475e-16
2735 1.139583333333333e-08 4.385028854062236e-16 1.124366372836471e-02 2.810915932091177e-02 5.242944343845230e-02 1.124366372836471e-16
2736 1.140000000000000e-08 4.385028854062274e-16 1.124366372836481e-02 2.810915932091201e-02 5.242944343845600e-02 1.124366372836481e-16
2737 1.140416666666666e-08 4.385028854062272e-16 1.124366372836480e-02 2.810915932091200e-02 5.242944343845230e-02 1.124366372836480e-16
2738 1.140833333333333e-08 4.385028854062258e-16 1.124366372836477e-02 2.810915932091192e-02 5.242944343845600e-02 1.124366372836476e-16
2739 1.141250000000000e-08 4.385028854062247e-16 1.124366372836474e-02 2.810915932091184e-02 5.242944343845230e-02 1.124366372836474e-16
2740 1.141666666666666e-08 4.385028854062260e-16 1.124366372836477e-02 2.810915932091193e-02 5.242944343845600e-02 1.124366372836477e-16
2741 1.142083333333333e-08 4.385028854062262e-16 1.124366372836477e-02 2.810915932091194e-02 5.242944343845230e-02 1.124366372836477e-16
2742 1.142500000000000e-08 4.385028854062282e-16 1.124366372836483e-02 2.810915932091207e-02 5.242944343845600e-02 1.124366372836483e-16
2743 1.142916666666666e-08 4.385028854062260e-16 1.124366372836477e-02 2.810915932091193e-02 5.242944343845230e-02 1.124366372836477e-16
2744 1.143333333333333e-08 4.385028854062269e-16 1.124366372836479e-02 2.810915932091198e-02 5.242944343845600e-02 1.124366372836479e-16
2745 1.143750000000000e-08 4.385028854062269e-16 1.124366372836479e-02 2.810915932091198e-02 5.242944343845230e-02 1.124366372836479e-16
2746 1.144166666666666e-08 4.385028854062251e-16 1.124366372836475e-02 2.810915932091186e-02 5.242944343845600e-02 1.124366372836475e-16
2747 1.144583333333333e-08 4.385028854062236e-16 1.124366372836471e-02 2.810915932091177e-02 5.242944343845230e-02 1.124366372836471e-16
2748 1.145000000000000e-08 4.385028854062269e-16 1.124366372836479e-02 2.810915932091198e-02 5.242944343845600e-02 1.124366372836479e-16
2749 1.145416666666666e-08 4.385028854062264e-16 1.124366372836478e-02 2.810915932091195e-02 5.242944343845230e-02 1.124366372836478e-16
2750 1.145833333333333e-08 4.385028854062260e-16 1.124366372836477e-02 2.810915932091193e-02 5.242944343845600e-02 1.124366372836477e-16
2751 1.146250000000000e-08 4.385028854062247e-16 1.124366372836474e-02 2.810915932091184e-02 5.242944343845230e-02 1.124366372836474e-16
2752 1.146666666666666e-08 4.385028854062264e-16 1.124366372836478e-02 2.810915932091195e-02 5.242944343845600e-02 1.124366372836478e-16
2753 1.147083333333333e-08 4.385028854062269e-16 1.124366372836479e-02 2.810915932091198e-02 5.242944343845230e-02 1.124366372836479e-16
2754 1.147500000000000e-08 4.385028854062280e-16 1.124366372836482e-02 2.810915932091206e-02 5.242944343845600e-02 1.124366372836482e-16
2755 1.147916666666666e-08 4.385028854062260e-16 1.124366372836477e-02 2.810915932091193e-02 5.242944343845230e-02 1.124366372836477e-16
2756 1.148333333333333e-08 4.385028854062266e-16 1.124366372836478e-02 2.810915932091197e-02 5.242944343845600e-02 1.124366372836478e-16
2757 1.148750000000000e-08 4.385028854062262e-16 1.124366372836477e-02 2.810915932091194e-02 5.242944343845230e-02 1.124366372836477e-16
2758 1.149166666666666e-08 4.385028854062253e-16 1.124366372836475e-02 2.810915932091188e-02 5.242944343845600e-02 1.124366372836475e-16
2759 1.149583333333333e-08 4.385028854062236e-16 1.124366372836471e-02 2.810915932091177e-02 5.242944343845230e-02 1.124366372836471e-16
2760 1.150000000000000e-08 4.385028854062274e-16 1.124366372836481e-02 2.810915932091201e-02 5.242944343845600e-02 1.124366372836481e-16
2761 1.150416666666666e-08 4.385028854062272e-16 1.124366372836480e-02 2.810915932091200e-02 5.242944343845230e-02 1.124366372836480e-16
2762 1.150833333333333e-08 4.385028854062258e-16 1.124366372836477e-02 2.810915932091192e-02 5.242944343845600e-02 1.124366372836476e-16
2763 1.151250000000000e-08 4.385028854062247e-16 1.124366372836474e-02 2.810915932091184e-02 5.242944343845230e-02 1.124366372836474e-16
2764 1.151666666666666e-08 4.385028854062260e-16 1.124366372836477e-02 2.810915932091193e-02 5.242944343845600e-02 1.124366372836477e-16
2765 1.152083333333333e-08 4.385028854062262e-16 1.124366372836477e-02 2.810915932091194e-02 5.242944343845230e-02 1.124366372836477e-16
2766 1.152500000000000e-08 4.385028854062282e-16 1.124366372836483e-02 2.810915932091207e-02 5.242944343845600e-02 1.124366372836483e-16
2767 1.152916666666666e-08 4.385028854062260e-16 1.124366372836477e-02 2.810915932091193e-02 5.242944343845230e-02 1.124366372836477e-16
2768 1.153333333333333e-08 4.385028854062269e-16 1.124366372836479e-02 2.810915932091198e-02 5.242944343845600e-02 1.124366372836479e-16
2769 1.153750000000000e-08 4.385028854062269e-16 1.124366372836479e-02 2.810915932091198e-02 5.242944343845230e-02 1.124366372836479e-16
2770 1.154166666666666e-08 4.385028854062251e-16 1.124366372836475e-02 2.810915932091186e-02 5.242944343845600e-02 1.124366372836475e-16
2771 1.154583333333333e-08 4.385028854062236e-16 1.124366372836471e-02 2.810915932091177e-02 5.242944343845230e-02 1.124366372836471e-16
2772 1.155000000000000e-08 4.385028854062269e-16 1.124366372836479e-02 2.810915932091198e-02 5.242944343845600e-02 1.124366372836479e-16
2773 1.155416666666666e-08 4.385028854062264e-16 1.124366372836478e-02 2.810915932091195e-02 5.242944343845230e-02 1.124366372836478e-16
2774 1.155833333333333e-08 4.385028854062260e-16 1.124366372836477e-02 2.810915932091193e-02 5.242944343845600e-02 1.124366372836477e-16
2775 1.156250000000000e-08 4.385028854062247e-16 1.124366372836474e-02 2.810915932091184e-02 5.242944343845230e-02 1.124366372836474e-16
2776 1.156666666666666e-08 4.385028854062264e-16 1.124366372836478e-02 2.810915932091195e-02 5.242944343845600e-02 1.124366372836478e-16
2777 1.157083333333333e-08 4.385028854062269e-16 1.124366372836479e-02 2.810915932091198e-02 5.242944343845230e-02 1.124366372836479e-16
2778 1.157500000000000e-08 4.385028854062280e-16 1.124366372836482e-02 2.810915932091206e-02 5.242944343845600e-02 1.124366372836482e-16
2779 1.157916666666666e-08 4.385028854062260e-16 1.124366372836477e-02 2.810915932091193e-02 5.242944343845230e-02 1.124366372836477e-16
2780 1.158333333333333e-08 4.385028854062266e-16 1.124366372836478e-02 2.810915932091197e-02 5.242944343845600e-02 1.124366372836478e-16
2781 1.158750000000000e-08 4.385028854062262e-16 1.124366372836477e-02 2.810915932091194e-02 5.242944343845230e-02 1.124366372836477e-16
2782 1.159166666666666e-08 4.385028854062253e-16 1.124366372836475e-02 2.810915932091188e-02 5.242944343845600e-02 1.124366372836475e-16
2783 1.159583333333333e-08 4.385028854062236e-16 1.124366372836471e-02 2.810915932091177e-02 5.242944343845230e-02 1.124366372836471e-16
2784 1.160000000000000e-08 4.385028854062274e-16 1.124366372836481e-02 2.810915932091201e-02 5.242944343845600e-02 1.124366372836481e-16
2785 1.160416666666666e-08 4.385028854062272e-16 1.124366372836480e-02 2.810915932091200e-02 5.242944343845230e-02 1.124366372836480e-16
2786 1.160833333333333e-08 4.385028854062258e-16 1.124366372836477e-02 2.810915932091192e-02 5.242944343845600e-02 1.124366372836476e-16
2787 1.161250000000000e-08 4.385028854062247e-16 1.124366372836474e-02 2.810915932091184e-02 5.242944343845230e-02 1.124366372836474e-16
2788 1.161666666666666e-08 4.385028854062260e-16 1.124366372836477e-02 2.810915932091193e-02 5.242944343845600e-02 1.124366372836477e-16
2789 1.162083333333333e-08 4.385028854062262e-16 1.124366372836477e-02 2.810915932091194e-02 5.242944343845230e-02 1.124366372836477e-16
2790 1.162500000000000e-08 4.385028854062282e-16 1.124366372836483e-02 2.810915932091207e-02 5.242944343845600e-02 1.124366372836483e-16
2791 1.162916666666666e-08 4.385028854062260e-16 1.124366372836477e-02 2.810915932091193e-02 5.242944343845230e-02 1.124366372836477e-16
2792 1.163333333333333e-08 4.385028854062269e-16 1.124366372836479e-02 2.810915932091198e-02 5.242944343845600e-02 1.124366372836479e-16
2793 1.163750000000000e-08 4.385028854062269e-16 1.124366372836479e-02 2.810915932091198e-02 5.242944343845230e-02 1.124366372836479e-16
2794 1.164166666666666e-08 4.385028854062251e-16 1.124366372836475e-02 2.810915932091186e-02 5.242944343845600e-02 1.124366372836475e-16
2795 1.164583333333333e-08 4.385028854062236e-16 1.124366372836471e-02 2.810915932091177e-02 5.242944343845230e-02 1.124366372836471e-16
2796 1.165000000000000e-08 4.385028854062269e-16 1.124366372836479e-02 2.810915932091198e-02 5.242944343845600e-02 1.124366372836479e-16
2797 1.165416666666666e-08 4.385028854062264e-16 1.124366372836478e-02 2.810915932091195e-02 5.242944343845230e-02 1.124366372836478e-16
2798 1.165833333333333e-08 4.385028854062260e-16 1.124366372836477e-02 2.810915932091193e-02 5.242944343845600e-02 1.124366372836477e-16
2799 1.166250000000000e-08 4.385028854062247e-16 1.124366372836474e-02 2.810915932091184e-02 5.242944343845230e-02 1.124366372836474e-16
2800 1.166666666666666e-08 4.385028854062264e-16 1.124366372836478e-02 2.810915932091195e-02 5.242944343845600e-02 1.124366372836478e-16
2801 1.167083333333333e-08 4.385028854062269e-16 1.124366372836479e-02 2.810915932091198e-02 5.242944343845230e-02 1.124366372836479e-16
2802 1.167500000000000e-08 4.385028854062280e-16 1.124366372836482e-02 2.810915932091206e-02 5.242944343845600e-02 1.124366372836482e-16
2803 1.167916666666666e-08 4.385028854062260e-16 1.124366372836477e-02 2.810915932091193e-02 5.242944343845230e-02 1.124366372836477e-16
2804 1.168333333333333e-08 4.385028854062266e-16 1.124366372836478e-02 2.810915932091197e-02 5.242944343845600e-02 1.124366372836478e-16
2805 1.168750000000000e-08 4.385028854062262e-16 1.124366372836477e-02 2.810915932091194e-02 5.242944343845230e-02 1.124366372836477e-16
2806 1.169166666666666e-08 4.385028854062253e-16 1.124366372836475e-02 2.810915932091188e-02 5.242944343845600e-02 1.124366372836475e-16
2807 1.169583333333333e-08 4.385028854062236e-16 1.124366372836471e-02 2.810915932091177e-02 5.242944343845230e-02 1.124366372836471e-16
2808 1.170000000000000e-08 4.385028854062274e-16 1.124366372836481e-02 2.810915932091201e-02 5.242944343845600e-02 1.124366372836481e-16
2809 1.170416666666666e-08 4.385028854062272e-16 1.124366372836480e-02 2.810915932091200e-02 5.242944343845230e-02 1.124366372836480e-16
2810 1.170833333333333e-08 4.385028854062258e-16 1.124366372836477e-02 2.810915932091192e-02 5.242944343845600e-02 1.124366372836476e-16
2811 1.171250000000000e-08 4.385028854062247e-16 1.124366372836474e-02 2.810915932091184e-02 5.242944343845230e-02 1.124366372836474e-16
2812 1.171666666666666e-08 4.385028854062260e-16 1.124366372836477e-02 2.810915932091193e-02 5.242944343845600e-02 1.124366372836477e-16
2813 1.172083333333333e-08 4.385028854062262e-16 1.124366372836477e-02 2.810915932091194e-02 5.242944343845230e-02 1.124366372836477e-16
2814 1.172500000000000e-08 4.385028854062282e-16 1.124366372836483e-02 2.810915932091207e-02 5.242944343845600e-02 1.124366372836483e-16
2815 1.172916666666666e-08 4.385028854062260e-16 1.124366372836477e-02 2.810915932091193e-02 5.242944343845230e-02 1.124366372836477e-16
2816 1.173333333333333e-08 4.385028854062269e-16 1.124366372836479e-02 2.810915932091198e-02 5.242944343845600e-02 1.124366372836479e-16
2817 1.173750000000000e-08 4.385028854062269e-16 1.124366372836479e-02 2.810915932091198e-02 5.242944343845230e-02 1.124366372836479e-16
2818 1.174166666666666e-08 4.385028854062251e-16 1.124366372836475e-02 2.810915932091186e-02 5.242944343845600e-02 1.124366372836475e-16
2819 1.174583333333333e-08 4.385028854062236e-16 1.124366372836471e-02 2.810915932091177e-02 5.242944343845230e-02 1.124366372836471e-16
2820 1.175000000000000e-08 4.385028854062269e-16 1.124366372836479e-02 2.810915932091198e-02 5.242944343845600e-02 1.124366372836479e-16
2821 1.175416666666666e-08 4.385028854062264e-16 1.124366372836478e-02 2.810915932091195e-02 5.242944343845230e-02 1.124366372836478e-16
2822 1.175833333333333e-08 4.385028854062260e-16 1.124366372836477e-02 2.810915932091193e-02 5.242944343845600e-02 1.124366372836477e-16
2823 1.176250000000000e-08 4.385028854062247e-16 1.124366372836474e-02 2.810915932091184e-02 5.242944343845230e-02 1.124366372836474e-16
2824 1.176666666666666e-08 4.385028854062264e-16 1.124366372836478e-02 2.810915932091195e-02 5.242944343845600e-02 1.124366372836478e-16
2825 1.177083333333333e-08 4.385028854062269e-16 1.124366372836479e-02 2.810915932091198e-02 5.242944343845230e-02 1.124366372836479e-16
2826 1.177500000000000e-08 4.385028854062280e-16 1.124366372836482e-02 2.810915932091206e-02 5.242944343845600e-02 1.124366372836482e-16
2827 1.177916666666666e-08 4.385028854062260e-16 1.124366372836477e-02 2.810915932091193e-02 5.242944343845230e-02 1.124366372836477e-16
2828 1.178333333333333e-08 4.385028854062266e-16 1.124366372836478e-02 2.810915932091197e-02 5.242944343845600e-02 1.124366372836478e-16
2829 1.178750000000000e-08 4.385028854062262e-16 1.124366372836477e-02 2.810915932091194e-02 5.242944343845230e-02 1.124366372836477e-16
2830 1.179166666666666e-08 4.385028854062253e-16 1.124366372836475e-02 2.810915932091188e-02 5.242944343845600e-02 1.124366372836475e-16
2831 1.179583333333333e-08 4.385028854062236e-16 1.124366372836471e-02 2.810915932091177e-02 5.242944343845230e-02 1.124366372836471e-16
2832 1.180000000000000e-08 4.385028854062274e-16 1.124366372836481e-02 2.810915932091201e-02 5.242944343845600e-02 1.124366372836481e-16
2833 1.180416666666666e-08 4.385028854062272e-16 1.124366372836480e-02 2.810915932091200e-02 5.242944343845230e-02 1.124366372836480e-16
2834 1.180833333333333e-08 4.385028854062258e-16 1.124366372836477e-02 2.810915932091192e-02 5.242944343845600e-02 1.124366372836476e-16
2835 1.181250000000000e-08 4.385028854062247e-16 1.124366372836474e-02 2.810915932091184e-02 5.242944343845230e-02 1.124366372836474e-16
2836 1.181666666666666e-08 4.385028854062260e-16 1.124366372836477e-02 2.810915932091193e-02 5.242944343845600e-02 1.124366372836477e-16
2837 1.182083333333333e-08 4.385028854062262e-16 1.124366372836477e-02 2.810915932091194e-02 5.242944343845230e-02 1.124366372836477e-16
2838 1.182500000000000e-08 4.385028854062282e-16 1.124366372836483e-02 2.810915932091207e-02 5.242944343845600e-02 1.124366372836483e-16
2839 1.182916666666666e-08 4.385028854062260e-16 1.124366372836477e-02 2.810915932091193e-02 5.242944343845230e-02 1.124366372836477e-16
2840 1.183333333333333e-08 4.385028854062269e-16 1.124366372836479e-02 2.810915932091198e-02 5.242944343845600e-02 1.124366372836479e-16
2841 1.183750000000000e-08 4.385028854062269e-16 1.124366372836479e-02 2.810915932091198e-02 5.242944343845230e-02 1.124366372836479e-16
2842 1.184166666666666e-08 4.385028854062251e-16 1.124366372836475e-02 2.810915932091186e-02 5.242944343845600e-02 1.124366372836475e-16
2843 1.184583333333333e-08 4.385028854062236e-16 1.124366372836471e-02 2.810915932091177e-02 5.242944343845230e-02 1.124366372836471e-16
2844 1.185000000000000e-08 4.385028854062269e-16 1.124366372836479e-02 2.810915932091198e-02 5.242944343845600e-02 1.124366372836479e-16
2845 1.185416666666666e-08 4.385028854062264e-16 1.124366372836478e-02 2.810915932091195e-02 5.242944343845230e-02 1.124366372836478e-16
2846 1.185833333333333e-08 4.385028854062260e-16 1.124366372836477e-02 2.810915932091193e-02 5.242944343845600e-02 1.124366372836477e-16
2847 1.186250000000000e-08 4.385028854062247e-16 1.124366372836474e-02 2.810915932091184e-02 5.242944343845230e-02 1.124366372836474e-16
2848 1.186666666666666e-08 4.385028854062264e-16 1.124366372836478e-02 2.810915932091195e-02 5.242944343845600e-02 1.124366372836478e-16
2849 1.187083333333333e-08 4.385028854062269e-16 1.124366372836479e-02 2.810915932091198e-02 5.242944343845230e-02 1.124366372836479e-16
2850 1.187500000000000e-08 4.385028854062280e-16 1.124366372836482e-02 2.810915932091206e-02 5.242944343845600e-02 1.124366372836482e-16
2851 1.187916666666666e-08 4.385028854062260e-16 1.124366372836477e-02 2.810915932091193e-02 5.242944343845230e-02 1.124366372836477e-16
2852 1.188333333333333e-08 4.385028854062266e-16 1.124366372836478e-02 2.810915932091197e-02 5.242944343845600e-02 1.124366372836478e-16
2853 1.188750000000000e-08 4.385028854062262e-16 1.124366372836477e-02 2.810915932091194e-02 5.242944343845230e-02 1.124366372836477e-16
2854 1.189166666666666e-08 4.385028854062253e-16 1.124366372836475e-02 2.810915932091188e-02 5.242944343845600e-02 1.124366372836475e-16
2855 1.189583333333333e-08 4.385028854062236e-16 1.124366372836471e-02 2.810915932091177e-02 5.242944343845230e-02 1.124366372836471e-16
2856 1.190000000000000e-08 4.385028854062274e-16 1.124366372836481e-02 2.810915932091201e-02 5.242944343845600e-02 1.124366372836481e-16
2857 1.190416666666666e-08 4.385028854062272e-16 1.124366372836480e-02 2.810915932091200e-02 5.242944343845230e-02 1.124366372836480e-16
2858 1.190833333333333e-08 4.385028854062258e-16 1.124366372836477e-02 2.810915932091192e-02 5.242944343845600e-02 1.124366372836476e-16
2859 1.191250000000000e-08 4.385028854062247e-16 1.124366372836474e-02 2.810915932091184e-02 5.242944343845230e-02 1.124366372836474e-16
2860 1.191666666666666e-08 4.385028854062260e-16 1.124366372836477e-02 2.810915932091193e-02 5.242944343845600e-02 1.124366372836477e-16
2861 1.192083333333333e-08 4.385028854062262e-16 1.124366372836477e-02 2.810915932091194e-02 5.242944343845230e-02 1.124366372836477e-16
2862 1.192500000000000e-08 4.385028854062282e-16 1.124366372836483e-02 2.810915932091207e-02 5.242944343845600e-02 1.124366372836483e-16
2863 1.192916666666666e-08 4.385028854062260e-16 1.124366372836477e-02 2.810915932091193e-02 5.242944343845230e-02 1.124366372836477e-16
2864 1.193333333333333e-08 4.385028854062269e-16 1.124366372836479e-02 2.810915932091198e-02 5.242944343845600e-02 1.124366372836479e-16
2865 1.193750000000000e-08 4.385028854062269e-16 1.124366372836479e-02 2.810915932091198e-02 5.242944343845230e-02 1.124366372836479e-16
2866 1.194166666666666e-08 4.385028854062251e-16 1.124366372836475e-02 2.810915932091186e-02 5.242944343845600e-02 1.124366372836475e-16
2867 1.194583333333333e-08 4.385028854062236e-16 1.124366372836471e-02 2.810915932091177e-02 5.242944343845230e-02 1.124366372836471e-16
2868 1.195000000000000e-08 4.385028854062269e-16 1.124366372836479e-02 2.810915932091198e-02 5.242944343845600e-02 1.124366372836479e-16
2869 1.195416666666666e-08 4.385028854062264e-16 1.124366372836478e-02 2.810915932091195e-02 5.242944343845230e-02 1.124366372836478e-16
2870 1.195833333333333e-08 4.385028854062260e-16 1.124366372836477e-02 2.810915932091193e-02 5.242944343845600e-02 1.124366372836477e-16
2871 1.196250000000000e-08 4.385028854062247e-16 1.124366372836474e-02 2.810915932091184e-02 5.242944343845230e-02 1.124366372836474e-16
2872 1.196666666666666e-08 4.385028854062264e-16 1.124366372836478e-02 2.810915932091195e-02 5.242944343845600e-02 1.124366372836478e-16
2873 1.197083333333333e-08 4.385028854062269e-16 1.124366372836479e-02 2.810915932091198e-02 5.242944343845230e-02 1.124366372836479e-16
2874 1.197500000000000e-08 4.385028854062280e-16 1.124366372836482e-02 2.810915932091206e-02 5.242944343845600e-02 1.124366372836482e-16
2875 1.197916666666666e-08 4.385028854062260e-16 1.124366372836477e-02 2.810915932091193e-02 5.242944343845230e-02 1.124366372836477e-16
2876 1.198333333333333e-08 4.385028854062266e-16 1.124366372836478e-02 2.810915932091197e-02 5.242944343845600e-02 1.124366372836478e-16
2877 1.198750000000000e-08 4.385028854062262e-16 1.124366372836477e-02 2.810915932091194e-02 5.242944343845230e-02 1.124366372836477e-16
2878 1.199166666666666e-08 4.385028854062253e-16 1.124366372836475e-02 2.810915932091188e-02 5.242944343845600e-02 1.124366372836475e-16
2879 1.199583333333333e-08 4.385028854062236e-16 1.124366372836471e-02 2.810915932091177e-02 5.242944343845230e-02 1.124366372836471e-16
2880 1.199999999999999e-08 4.385028854062274e-16 1.124366372836481e-02 2.810915932091201e-02 5.242944343845600e-02 1.124366372836481e-16
2881 1.200416666666666e-08 4.385028854062272e-16 1.124366372836480e-02 2.810915932091200e-02 5.242944343845230e-02 1.124366372836480e-16
2882 1.200833333333333e-08 4.385028854062258e-16 1.124366372836477e-02 2.810915932091192e-02 5.242944343845600e-02 1.124366372836476e-16
2883 1.201250000000000e-08 4.385028854062247e-16 1.124366372836474e-02 2.810915932091184e-02 5.242944343845230e-02 1.124366372836474e-16
2884 1.201666666666666e-08 4.385028854062260e-16 1.124366372836477e-02 2.810915932091193e-02 5.242944343845600e-02 1.124366372836477e-16
2885 1.202083333333333e-08 4.385028854062262e-16 1.124366372836477e-02 2.810915932091194e-02 5.242944343845230e-02 1.124366372836477e-16
2886 1.202500000000000e-08 4.385028854062282e-16 1.124366372836483e-02 2.810915932091207e-02 5.242944343845600e-02 1.124366372836483e-16
2887 1.202916666666666e-08 4.385028854062260e-16 1.124366372836477e-02 2.810915932091193e-02 5.242944343845230e-02 1.124366372836477e-16
2888 1.203333333333333e-08 4.385028854062269e-16 1.124366372836479e-02 2.810915932091198e-02 5.242944343845600e-02 1.124366372836479e-16
2889 1.203750000000000e-08 4.385028854062269e-16 1.124366372836479e-02 2.810915932091198e-02 5.242944343845230e-02 1.124366372836479e-16
2890 1.204166666666666e-08 4.385028854062251e-16 1.124366372836475e-02 2.810915932091186e-02 5.242944343845600e-02 1.124366372836475e-16
2891 1.204583333333333e-08 4.385028854062236e-16 1.124366372836471e-02 2.810915932091177e-02 5.242944343845230e-02 1.124366372836471e-16
2892 1.205000000000000e-08 4.385028854062269e-16 1.124366372836479e-02 2.810915932091198e-02 5.242944343845600e-02 1.124366372836479e-16
2893 1.205416666666666e-08 4.385028854062264e-16 1.124366372836478e-02 2.810915932091195e-02 5.242944343845230e-02 1.124366372836478e-16
2894 1.205833333333333e-08 4.385028854062260e-16 1.124366372836477e-02 2.810915932091193e-02 5.242944343845600e-02 1.124366372836477e-16
2895 1.206250000000000e-08 4.385028854062247e-16 1.124366372836474e-02 2.810915932091184e-02 5.242944343845230e-02 1.124366372836474e-16
2896 1.206666666666666e-08 4.385028854062264e-16 1.124366372836478e-02 2.810915932091195e-02 5.242944343845600e-02 1.124366372836478e-16
2897 1.207083333333333e-08 4.385028854062269e-16 1.124366372836479e-02 2.810915932091198e-02 5.242944343845230e-02 1.124366372836479e-16
2898 1.207500000000000e-08 4.385028854062280e-16 1.124366372836482e-02 2.810915932091206e-02 5.242944343845600e-02 1.124366372836482e-16
2899 1.207916666666666e-08 4.385028854062260e-16 1.124366372836477e-02 2.810915932091193e-02 5.242944343845230e-02 1.124366372836477e-16
2900 1.208333333333333e-08 4.385028854062266e-16 1.124366372836478e-02 2.810915932091197e-02 5.242944343845600e-02 1.124366372836478e-16
2901 1.208750000000000e-08 4.385028854062262e-16 1.124366372836477e-02 2.810915932091194e-02 5.242944343845230e-02 1.124366372836477e-16
2902 1.209166666666666e-08 4.385028854062253e-16 1.124366372836475e-02 2.810915932091188e-02 5.242944343845600e-02 1.124366372836475e-16
2903 1.209583333333333e-08 4.385028854062236e-16 1.124366372836471e-02 2.810915932091177e-02 5.242944343845230e-02 1.124366372836471e-16
2904 1.210000000000000e-08 4.385028854062274e-16 1.124366372836481e-02 2.810915932091201e-02 5.242944343845600e-02 1.124366372836481e-16
2905 1.210416666666666e-08 4.385028854062272e-16 1.124366372836480e-02 2.810915932091200e-02 5.242944343845230e-02 1.124366372836480e-16
2906 1.210833333333333e-08 4.385028854062258e-16 1.124366372836477e-02 2.810915932091192e-02 5.242944343845600e-02 1.124366372836476e-16
2907 1.211250000000000e-08 4.385028854062247e-16 1.124366372836474e-02 2.810915932091184e-02 5.242944343845230e-02 1.124366372836474e-16
2908 1.211666666666666e-08 4.385028854062260e-16 1.124366372836477e-02 2.810915932091193e-02 5.242944343845600e-02 1.124366372836477e-16
2909 1.212083333333333e-08 4.385028854062262e-16 1.124366372836477e-02 2.810915932091194e-02 5.242944343845230e-02 1.124366372836477e-16
2910 1.212500000000000e-08 4.385028854062282e-16 1.124366372836483e-02 2.810915932091207e-02 5.242944343845600e-02 1.124366372836483e-16
2911 1.212916666666666e-08 4.385028854062260e-16 1.124366372836477e-02 2.810915932091193e-02 5.242944343845230e-02 1.124366372836477e-16
2912 1.213333333333333e-08 4.385028854062269e-16 1.124366372836479e-02 2.810915932091198e-02 5.242944343845600e-02 1.124366372836479e-16
2913 1.213750000000000e-08 4.385028854062269e-16 1.124366372836479e-02 2.810915932091198e-02 5.242944343845230e-02 1.124366372836479e-16
2914 1.214166666666666e-08 4.385028854062251e-16 1.124366372836475e-02 2.810915932091186e-02 5.242944343845600e-02 1.124366372836475e-16
2915 1.214583333333333e-08 4.385028854062236e-16 1.124366372836471e-02 2.810915932091177e-02 5.242944343845230e-02 1.124366372836471e-16
2916 1.215000000000000e-08 4.385028854062269e-16 1.124366372836479e-02 2.810915932091198e-02 5.242944343845600e-02 1.124366372836479e-16
2917 1.215416666666666e-08 4.385028854062264e-16 1.124366372836478e-02 2.810915932091195e-02 5.242944343845230e-02 1.124366372836478e-16
2918 1.215833333333333e-08 4.385028854062260e-16 1.124366372836477e-02 2.810915932091193e-02 5.242944343845600e-02 1.124366372836477e-16
2919 1.216250000000000e-08 4.385028854062247e-16 1.124366372836474e-02 2.810915932091184e-02 5.242944343845230e-02 1.124366372836474e-16
2920 1.216666666666666e-08 4.385028854062264e-16 1.124366372836478e-02 2.810915932091195e-02 5.242944343845600e-02 1.124366372836478e-16
2921 1.217083333333333e-08 4.385028854062269e-16 1.124366372836479e-02 2.810915932091198e-02 5.242944343845230e-02 1.124366372836479e-16
2922 1.217500000000000e-08 4.385028854062280e-16 1.124366372836482e-02 2.810915932091206e-02 5.242944343845600e-02 1.124366372836482e-16
2923 1.217916666666666e-08 4.385028854062260e-16 1.124366372836477e-02 2.810915932091193e-02 5.242944343845230e-02 1.124366372836477e-16
2924 1.218333333333333e-08 4.385028854062266e-16 1.124366372836478e-02 2.810915932091197e-02 5.242944343845600e-02 1.124366372836478e-16
2925 1.218750000000000e-08 4.385028854062262e-16 1.124366372836477e-02 2.810915932091194e-02 5.242944343845230e-02 1.124366372836477e-16
2926 1.219166666666666e-08 4.385028854062253e-16 1.124366372836475e-02 2.810915932091188e-02 5.242944343845600e-02 1.124366372836475e-16
2927 1.219583333333333e-08 4.385028854062236e-16 1.124366372836471e-02 2.810915932091177e-02 5.242944343845230e-02 1.124366372836471e-16
2928 1.220000000000000e-08 4.385028854062274e-16 1.124366372836481e-02 2.810915932091201e-02 5.242944343845600e-02 1.124366372836481e-16
2929 1.220416666666666e-08 4.385028854062272e-16 1.124366372836480e-02 2.810915932091200e-02 5.242944343845230e-02 1.124366372836480e-16
2930 1.220833333333333e-08 4.385028854062258e-16 1.124366372836477e-02 2.810915932091192e-02 5.242944343845600e-02 1.124366372836476e-16
2931 1.221250000000000e-08 4.385028854062247e-16 1.124366372836474e-02 2.810915932091184e-02 5.242944343845230e-02 1.124366372836474e-16
2932 1.221666666666666e-08 4.385028854062260e-16 1.124366372836477e-02 2.810915932091193e-02 5.242944343845600e-02 1.124366372836477e-16
2933 1.222083333333333e-08 4.385028854062262e-16 1.124366372836477e-02 2.810915932091194e-02 5.242944343845230e-02 1.124366372836477e-16
2934 1.222500000000000e-08 4.385028854062282e-16 1.124366372836483e-02 2.810915932091207e-02 5.242944343845600e-02 1.124366372836483e-16
2935 1.222916666666666e-08 4.385028854062260e-16 1.124366372836477e-02 2.810915932091193e-02 5.242944343845230e-02 1.124366372836477e-16
2936 1.223333333333333e-08 4.385028854062269e-16 1.124366372836479e-02 2.810915932091198e-02 5.242944343845600e-02 1.124366372836479e-16
2937 1.223750000000000e-08 4.385028854062269e-16 1.124366372836479e-02 2.810915932091198e-02 5.242944343845230e-02 1.124366372836479e-16
2938 1.224166666666666e-08 4.385028854062251e-16 1.124366372836475e-02 2.810915932091186e-02 5.242944343845600e-02 1.124366372836475e-16
2939 1.224583333333333e-08 4.385028854062236e-16 1.124366372836471e-02 2.810915932091177e-02 5.242944343845230e-02 1.124366372836471e-16
2940 1.225000000000000e-08 4.385028854062269e-16 1.124366372836479e-02 2.810915932091198e-02 5.242944343845600e-02 1.124366372836479e-16
2941 1.225416666666666e-08 4.385028854062264e-16 1.124366372836478e-02 2.810915932091195e-02 5.242944343845230e-02 1.124366372836478e-16
2942 1.225833333333333e-08 4.385028854062260e-16 1.124366372836477e-02 2.810915932091193e-02 5.242944343845600e-02 1.124366372836477e-16
2943 1.226250000000000e-08 4.385028854062247e-16 1.124366372836474e-02 2.810915932091184e-02 5.242944343845230e-02 1.124366372836474e-16
2944 1.226666666666666e-08 4.385028854062264e-16 1.124366372836478e-02 2.810915932091195e-02 5.242944343845600e-02 1.124366372836478e-16
2945 1.227083333333333e-08 4.385028854062269e-16 1.124366372836479e-02 2.810915932091198e-02 5.242944343845230e-02 1.124366372836479e-16
2946 1.227500000000000e-08 4.385028854062280e-16 1.124366372836482e-02 2.810915932091206e-02 5.242944343845600e-02 1.124366372836482e-16
2947 1.227916666666666e-08 4.385028854062260e-16 1.124366372836477e-02 2.810915932091193e-02 5.242944343845230e-02 1.124366372836477e-16
2948 1.228333333333333e-08 4.385028854062266e-16 1.124366372836478e-02 2.810915932091197e-02 5.242944343845600e-02 1.124366372836478e-16
2949 1.228750000000000e-08 4.385028854062262e-16 1.124366372836477e-02 2.810915932091194e-02 5.242944343845230e-02 1.124366372836477e-16
2950 1.229166666666666e-08 4.385028854062253e-16 1.124366372836475e-02 2.810915932091188e-02 5.242944343845600e-02 1.124366372836475e-16
2951 1.229583333333333e-08 4.385028854062236e-16 1.124366372836471e-02 2.810915932091177e-02 5.242944343845230e-02 1.124366372836471e-16
2952 1.230000000000000e-08 4.385028854062274e-16 1.124366372836481e-02 2.810915932091201e-02 5.242944343845600e-02 1.124366372836481e-16
2953 1.230416666666666e-08 4.385028854062272e-16 1.124366372836480e-02 2.810915932091200e-02 5.242944343845230e-02 1.124366372836480e-16
2954 1.230833333333333e-08 4.385028854062258e-16 1.124366372836477e-02 2.810915932091192e-02 5.242944343845600e-02 1.124366372836476e-16
2955 1.231250000000000e-08 4.385028854062247e-16 1.124366372836474e-02 2.810915932091184e-02 5.242944343845230e-02 1.124366372836474e-16
2956 1.231666666666666e-08 4.385028854062260e-16 1.124366372836477e-02 2.810915932091193e-02 5.242944343845600e-02 1.124366372836477e-16
2957 1.232083333333333e-08 4.385028854062262e-16 1.124366372836477e-02 2.810915932091194e-02 5.242944343845230e-02 1.124366372836477e-16
2958 1.232500000000000e-08 4.385028854062282e-16 1.124366372836483e-02 2.810915932091207e-02 5.242944343845600e-02 1.124366372836483e-16
2959 1.232916666666666e-08 4.385028854062260e-16 1.124366372836477e-02 2.810915932091193e-02 5.242944343845230e-02 1.124366372836477e-16
2960 1.233333333333333e-08 4.385028854062269e-16 1.124366372836479e-02 2.810915932091198e-02 5.242944343845600e-02 1.124366372836479e-16
2961 1.233750000000000e-08 4.385028854062269e-16 1.124366372836479e-02 2.810915932091198e-02 5.242944343845230e-02 1.124366372836479e-16
2962 1.234166666666666e-08 4.385028854062251e-16 1.124366372836475e-02 2.810915932091186e-02 5.242944343845600e-02 1.124366372836475e-16
2963 1.234583333333333e-08 4.385028854062236e-16 1.124366372836471e-02 2.810915932091177e-02 5.242944343845230e-02 1.124366372836471e-16
2964 1.235000000000000e-08 4.385028854062269e-16 1.124366372836479e-02 2.810915932091198e-02 5.242944343845600e-02 1.124366372836479e-16
2965 1.235416666666666e-08 4.385028854062264e-16 1.124366372836478e-02 2.810915932091195e-02 5.242944343845230e-02 1.124366372836478e-16
2966 1.235833333333333e-08 4.385028854062260e-16 1.124366372836477e-02 2.810915932091193e-02 5.242944343845600e-02 1.124366372836477e-16
2967 1.236250000000000e-08 4.385028854062247e-16 1.124366372836474e-02 2.810915932091184e-02 5.242944343845230e-02 1.124366372836474e-16
2968 1.236666666666666e-08 4.385028854062264e-16 1.124366372836478e-02 2.810915932091195e-02 5.242944343845600e-02 1.124366372836478e-16
2969 1.237083333333333e-08 4.385028854062269e-16 1.124366372836479e-02 2.810915932091198e-02 5.242944343845230e-02 1.124366372836479e-16
2970 1.237500000000000e-08 4.385028854062280e-16 1.124366372836482e-02 2.810915932091206e-02 5.242944343845600e-02 1.124366372836482e-16
2971 1.237916666666666e-08 4.385028854062260e-16 1.124366372836477e-02 2.810915932091193e-02 5.242944343845230e-02 1.124366372836477e-16
2972 1.238333333333333e-08 4.385028854062266e-16 1.124366372836478e-02 2.810915932091197e-02 5.242944343845600e-02 1.124366372836478e-16
2973 1.238750000000000e-08 4.385028854062262e-16 1.124366372836477e-02 2.810915932091194e-02 5.242944343845230e-02 1.124366372836477e-16
2974 1.239166666666666e-08 4.385028854062253e-16 1.124366372836475e-02 2.810915932091188e-02 5.242944343845600e-02 1.124366372836475e-16
2975 1.239583333333333e-08 4.385028854062236e-16 1.124366372836471e-02 2.810915932091177e-02 5.242944343845230e-02 1.124366372836471e-16
2976 1.240000000000000e-08 4.385028854062274e-16 1.124366372836481e-02 2.810915932091201e-02 5.242944343845600e-02 1.124366372836481e-16
2977 1.240416666666666e-08 4.385028854062272e-16 1.124366372836480e-02 2.810915932091200e-02 5.242944343845230e-02 1.124366372836480e-16
2978 1.240833333333333e-08 4.385028854062258e-16 1.124366372836477e-02 2.810915932091192e-02 5.242944343845600e-02 1.124366372836476e-16
2979 1.241250000000000e-08 4.385028854062247e-16 1.124366372836474e-02 2.810915932091184e-02 5.242944343845230e-02 1.124366372836474e-16
2980 1.241666666666666e-08 4.385028854062260e-16 1.124366372836477e-02 2.810915932091193e-02 5.242944343845600e-02 1.124366372836477e-16
2981 1.242083333333333e-08 4.385028854062262e-16 1.124366372836477e-02 2.810915932091194e-02 5.242944343845230e-02 1.124366372836477e-16
2982 1.242500000000000e-08 4.385028854062282e-16 1.124366372836483e-02 2.810915932091207e-02 5.242944343845600e-02 1.124366372836483e-16
2983 1.242916666666666e-08 4.385028854062260e-16 1.124366372836477e-02 2.810915932091193e-02 5.242944343845230e-02 1.124366372836477e-16
2984 1.243333333333333e-08 4.385028854062269e-16 1.124366372836479e-02 2.810915932091198e-02 5.242944343845600e-02 1.124366372836479e-16
2985 1.243750000000000e-08 4.385028854062269e-16 1.124366372836479e-02 2.810915932091198e-02 5.242944343845230e-02 1.124366372836479e-16
2986 1.244166666666666e-08 4.385028854062251e-16 1.124366372836475e-02 2.810915932091186e-02 5.242944343845600e-02 1.124366372836475e-16
2987 1.244583333333333e-08 4.385028854062236e-16 1.124366372836471e-02 2.810915932091177e-02 5.242944343845230e-02 1.124366372836471e-16
2988 1.245000000000000e-08 4.385028854062269e-16 1.124366372836479e-02 2.810915932091198e-02 5.242944343845600e-02 1.124366372836479e-16
2989 1.245416666666666e-08 4.385028854062264e-16 1.124366372836478e-02 2.810915932091195e-02 5.242944343845230e-02 1.124366372836478e-16
2990 1.245833333333333e-08 4.385028854062260e-16 1.124366372836477e-02 2.810915932091193e-02 5.242944343845600e-02 1.124366372836477e-16
2991 1.246249999999999e-08 4.385028854062247e-16 1.124366372836474e-02 2.810915932091184e-02 5.242944343845230e-02 1.124366372836474e-16
2992 1.246666666666666e-08 4.385028854062264e-16 1.124366372836478e-02 2.810915932091195e-02 5.242944343845600e-02 1.124366372836478e-16
2993 1.247083333333333e-08 4.385028854062269e-16 1.124366372836479e-02 2.810915932091198e-02 5.242944343845230e-02 1.124366372836479e-16
2994 1.247500000000000e-08 4.385028854062280e-16 1.124366372836482e-02 2.810915932091206e-02 5.242944343845600e-02 1.124366372836482e-16
2995 1.247916666666666e-08 4.385028854062260e-16 1.124366372836477e-02 2.810915932091193e-02 5.242944343845230e-02 1.124366372836477e-16
2996 1.248333333333333e-08 4.385028854062266e-16 1.124366372836478e-02 2.810915932091197e-02 5.242944343845600e-02 1.124366372836478e-16
2997 1.248750000000000e-08 4.385028854062262e-16 1.124366372836477e-02 2.810915932091194e-02 5.242944343845230e-02 1.124366372836477e-16
2998 1.249166666666666e-08 4.385028854062253e-16 1.124366372836475e-02 2.810915932091188e-02 5.242944343845600e-02 1.124366372836475e-16
2999 1.249583333333333e-08 4.385028854062236e-16 1.124366372836471e-02 2.810915932091177e-02 5.242944343845230e-02 1.124366372836471e-16
3000 1.250000000000000e-08 4.385028854062274e-16 1.124366372836481e-02 2.810915932091201e-02 5.242944343845600e-02 1.124366372836481e-16
3001 1.250416666666666e-08 4.385028854062272e-16 1.124366372836480e-02 2.810915932091200e-02 5.242944343845230e-02 1.124366372836480e-16
3002 1.250833333333333e-08 4.385028854062258e-16 1.124366372836477e-02 2.810915932091192e-02 5.242944343845600e-02 1.124366372836476e-16
3003 1.251250000000000e-08 4.385028854062247e-16 1.124366372836474e-02 2.810915932091184e-02 5.242944343845230e-02 1.124366372836474e-16
3004 1.251666666666666e-08 4.385028854062260e-16 1.124366372836477e-02 2.810915932091193e-02 5.242944343845600e-02 1.124366372836477e-16
3005 1.252083333333333e-08 4.385028854062262e-16 1.124366372836477e-02 2.810915932091194e-02 5.242944343845230e-02 1.124366372836477e-16
3006 1.252500000000000e-08 4.385028854062282e-16 1.124366372836483e-02 2.810915932091207e-02 5.242944343845600e-02 1.124366372836483e-16
3007 1.252916666666666e-08 4.385028854062260e-16 1.124366372836477e-02 2.810915932091193e-02 5.242944343845230e-02 1.124366372836477e-16
3008 1.253333333333333e-08 4.385028854062269e-16 1.124366372836479e-02 2.810915932091198e-02 5.242944343845600e-02 1.124366372836479e-16
3009 1.253750000000000e-08 4.385028854062269e-16 1.124366372836479e-02 2.810915932091198e-02 5.242944343845230e-02 1.124366372836479e-16
3010 1.254166666666666e-08 4.385028854062251e-16 1.124366372836475e-02 2.810915932091186e-02 5.242944343845600e-02 1.124366372836475e-16
3011 1.254583333333333e-08 4.385028854062236e-16 1.124366372836471e-02 2.810915932091177e-02 5.242944343845230e-02 1.124366372836471e-16
3012 1.254999999999999e-08 4.385028854062269e-16 1.124366372836479e-02 2.810915932091198e-02 5.242944343845600e-02 1.124366372836479e-16
3013 1.255416666666666e-08 4.385028854062264e-16 1.124366372836478e-02 2.810915932091195e-02 5.242944343845230e-02 1.124366372836478e-16
3014 1.255833333333333e-08 4.385028854062260e-16 1.124366372836477e-02 2.810915932091193e-02 5.242944343845600e-02 1.124366372836477e-16
3015 1.256250000000000e-08 4.385028854062247e-16 1.124366372836474e-02 2.810915932091184e-02 5.242944343845230e-02 1.124366372836474e-16
3016 1.256666666666666e-08 4.385028854062264e-16 1.124366372836478e-02 2.810915932091195e-02 5.242944343845600e-02 1.124366372836478e-16
3017 1.257083333333333e-08 4.385028854062269e-16 1.124366372836479e-02 2.810915932091198e-02 5.242944343845230e-02 1.124366372836479e-16
3018 1.257500000000000e-08 4.385028854062280e-16 1.124366372836482e-02 2.810915932091206e-02 5.242944343845600e-02 1.124366372836482e-16
3019 1.257916666666666e-08 4.385028854062260e-16 1.124366372836477e-02 2.810915932091193e-02 5.242944343845230e-02 1.124366372836477e-16
3020 1.258333333333333e-08 4.385028854062266e-16 1.124366372836478e-02 2.810915932091197e-02 5.242944343845600e-02 1.124366372836478e-16
3021 1.258750000000000e-08 4.385028854062262e-16 1.124366372836477e-02 2.810915932091194e-02 5.242944343845230e-02 1.124366372836477e-16
3022 1.259166666666666e-08 4.385028854062253e-16 1.124366372836475e-02 2.810915932091188e-02 5.242944343845600e-02 1.124366372836475e-16
3023 1.259583333333333e-08 4.385028854062236e-16 1.124366372836471e-02 2.810915932091177e-02 5.242944343845230e-02 1.124366372836471e-16
3024 1.260000000000000e-08 4.385028854062274e-16 1.124366372836481e-02 2.810915932091201e-02 5.242944343845600e-02 1.124366372836481e-16
3025 1.260416666666666e-08 4.385028854062272e-16 1.124366372836480e-02 2.810915932091200e-02 5.242944343845230e-02 1.124366372836480e-16
3026 1.260833333333333e-08 4.385028854062258e-16 1.124366372836477e-02 2.810915932091192e-02 5.242944343845600e-02 1.124366372836476e-16
3027 1.261250000000000e-08 4.385028854062247e-16 1.124366372836474e-02 2.810915932091184e-02 5.242944343845230e-02 1.124366372836474e-16
3028 1.261666666666666e-08 4.385028854062260e-16 1.124366372836477e-02 2.810915932091193e-02 5.242944343845600e-02 1.124366372836477e-16
3029 1.262083333333333e-08 4.385028854062262e-16 1.124366372836477e-02 2.810915932091194e-02 5.242944343845230e-02 1.124366372836477e-16
3030 1.262500000000000e-08 4.385028854062282e-16 1.124366372836483e-02 2.810915932091207e-02 5.242944343845600e-02 1.124366372836483e-16
3031 1.262916666666666e-08 4.385028854062260e-16 1.124366372836477e-02 2.810915932091193e-02 5.242944343845230e-02 1.124366372836477e-16
3032 1.263333333333333e-08 4.385028854062269e-16 1.124366372836479e-02 2.810915932091198e-02 5.242944343845600e-02 1.124366372836479e-16
3033 1.263749999999999e-08 4.385028854062269e-16 1.124366372836479e-02 2.810915932091198e-02 5.242944343845230e-02 1.124366372836479e-16
3034 1.264166666666666e-08 4.385028854062251e-16 1.124366372836475e-02 2.810915932091186e-02 5.242944343845600e-02 1.124366372836475e-16
3035 1.264583333333333e-08 4.385028854062236e-16 1.124366372836471e-02 2.810915932091177e-02 5.242944343845230e-02 1.124366372836471e-16
3036 1.265000000000000e-08 4.385028854062269e-16 1.124366372836479e-02 2.810915932091198e-02 5.242944343845600e-02 1.124366372836479e-16
3037 1.265416666666666e-08 4.385028854062264e-16 1.124366372836478e-02 2.810915932091195e-02 5.242944343845230e-02 1.124366372836478e-16
3038 1.265833333333333e-08 4.385028854062260e-16 1.124366372836477e-02 2.810915932091193e-02 5.242944343845600e-02 1.124366372836477e-16
3039 1.266250000000000e-08 4.385028854062247e-16 1.124366372836474e-02 2.810915932091184e-02 5.242944343845230e-02 1.124366372836474e-16
3040 1.266666666666666e-08 4.385028854062264e-16 1.124366372836478e-02 2.810915932091195e-02 5.242944343845600e-02 1.124366372836478e-16
3041 1.267083333333333e-08 4.385028854062269e-16 1.124366372836479e-02 2.810915932091198e-02 5.242944343845230e-02 1.124366372836479e-16
3042 1.267500000000000e-08 4.385028854062280e-16 1.124366372836482e-02 2.810915932091206e-02 5.242944343845600e-02 1.124366372836482e-16
3043 1.267916666666666e-08 4.385028854062260e-16 1.124366372836477e-02 2.810915932091193e-02 5.242944343845230e-02 1.124366372836477e-16
3044 1.268333333333333e-08 4.385028854062266e-16 1.124366372836478e-02 2.810915932091197e-02 5.242944343845600e-02 1.124366372836478e-16
3045 1.268750000000000e-08 4.385028854062262e-16 1.124366372836477e-02 2.810915932091194e-02 5.242944343845230e-02 1.124366372836477e-16
3046 1.269166666666666e-08 4.385028854062253e-16 1.124366372836475e-02 2.810915932091188e-02 5.242944343845600e-02 1.124366372836475e-16
3047 1.269583333333333e-08 4.385028854062236e-16 1.124366372836471e-02 2.810915932091177e-02 5.242944343845230e-02 1.124366372836471e-16
3048 1.270000000000000e-08 4.385028854062274e-16 1.124366372836481e-02 2.810915932091201e-02 5.242944343845600e-02 1.124366372836481e-16
3049 1.270416666666666e-08 4.385028854062272e-16 1.124366372836480e-02 2.810915932091200e-02 5.242944343845230e-02 1.124366372836480e-16
3050 1.270833333333333e-08 4.385028854062258e-16 1.124366372836477e-02 2.810915932091192e-02 5.242944343845600e-02 1.124366372836476e-16
3051 1.271250000000000e-08 4.385028854062247e-16 1.124366372836474e-02 2.810915932091184e-02 5.242944343845230e-02 1.124366372836474e-16
3052 1.271666666666666e-08 4.385028854062260e-16 1.124366372836477e-02 2.810915932091193e-02 5.242944343845600e-02 1.124366372836477e-16
3053 1.272083333333333e-08 4.385028854062262e-16 1.124366372836477e-02 2.810915932091194e-02 5.242944343845230e-02 1.124366372836477e-16
3054 1.272499999999999e-08 4.385028854062282e-16 1.124366372836483e-02 2.810915932091207e-02 5.242944343845600e-02 1.124366372836483e-16
3055 1.272916666666666e-08 4.385028854062260e-16 1.124366372836477e-02 2.810915932091193e-02 5.242944343845230e-02 1.124366372836477e-16
3056 1.273333333333333e-08 4.385028854062269e-16 1.124366372836479e-02 2.810915932091198e-02 5.242944343845600e-02 1.124366372836479e-16
3057 1.273750000000000e-08 4.385028854062269e-16 1.124366372836479e-02 2.810915932091198e-02 5.242944343845230e-02 1.124366372836479e-16
3058 1.274166666666666e-08 4.385028854062251e-16 1.124366372836475e-02 2.810915932091186e-02 5.242944343845600e-02 1.124366372836475e-16
3059 1.274583333333333e-08 4.385028854062236e-16 1.124366372836471e-02 2.810915932091177e-02 5.242944343845230e-02 1.124366372836471e-16
3060 1.275000000000000e-08 4.385028854062269e-16 1.124366372836479e-02 2.810915932091198e-02 5.242944343845600e-02 1.124366372836479e-16
3061 1.275416666666666e-08 4.385028854062264e-16 1.124366372836478e-02 2.810915932091195e-02 5.242944343845230e-02 1.124366372836478e-16
3062 1.275833333333333e-08 4.385028854062260e-16 1.124366372836477e-02 2.810915932091193e-02 5.242944343845600e-02 1.124366372836477e-16
3063 1.276250000000000e-08 4.385028854062247e-16 1.124366372836474e-02 2.810915932091184e-02 5.242944343845230e-02 1.124366372836474e-16
3064 1.276666666666666e-08 4.385028854062264e-16 1.124366372836478e-02 2.810915932091195e-02 5.242944343845600e-02 1.124366372836478e-16
3065 1.277083333333333e-08 4.385028854062269e-16 1.124366372836479e-02 2.810915932091198e-02 5.242944343845230e-02 1.124366372836479e-16
3066 1.277500000000000e-08 4.385028854062280e-16 1.124366372836482e-02 2.810915932091206e-02 5.242944343845600e-02 1.124366372836482e-16
3067 1.277916666666666e-08 4.385028854062260e-16 1.124366372836477e-02 2.810915932091193e-02 5.242944343845230e-02 1.124366372836477e-16
3068 1.278333333333333e-08 4.385028854062266e-16 1.124366372836478e-02 2.810915932091197e-02 5.242944343845600e-02 1.124366372836478e-16
3069 1.278750000000000e-08 4.385028854062262e-16 1.124366372836477e-02 2.810915932091194e-02 5.242944343845230e-02 1.124366372836477e-16
3070 1.279166666666666e-08 4.385028854062253e-16 1.124366372836475e-02 2.810915932091188e-02 5.242944343845600e-02 1.124366372836475e-16
3071 1.279583333333333e-08 4.385028854062236e-16 1.124366372836471e-02 2.810915932091177e-02 5.242944343845230e-02 1.124366372836471e-16
3072 1.280000000000000e-08 4.385028854062274e-16 1.124366372836481e-02 2.810915932091201e-02 5.242944343845600e-02 1.124366372836481e-16
3073 1.280416666666666e-08 4.385028854062272e-16 1.124366372836480e-02 2.810915932091200e-02 5.242944343845230e-02 1.124366372836480e-16
3074 1.280833333333333e-08 4.385028854062258e-16 1.124366372836477e-02 2.810915932091192e-02 5.242944343845600e-02 1.124366372836476e-16
3075 1.281249999999999e-08 4.385028854062247e-16 1.124366372836474e-02 2.810915932091184e-02 5.242944343845230e-02 1.124366372836474e-16
3076 1.281666666666666e-08 4.385028854062260e-16 1.124366372836477e-02 2.810915932091193e-02 5.242944343845600e-02 1.124366372836477e-16
3077 1.282083333333333e-08 4.385028854062262e-16 1.124366372836477e-02 2.810915932091194e-02 5.242944343845230e-02 1.124366372836477e-16
3078 1.282500000000000e-08 4.385028854062282e-16 1.124366372836483e-02 2.810915932091207e-02 5.242944343845600e-02 1.124366372836483e-16
3079 1.282916666666666e-08 4.385028854062260e-16 1.124366372836477e-02 2.810915932091193e-02 5.242944343845230e-02 1.124366372836477e-16
3080 1.283333333333333e-08 4.385028854062269e-16 1.124366372836479e-02 2.810915932091198e-02 5.242944343845600e-02 1.124366372836479e-16
3081 1.283750000000000e-08 4.385028854062269e-16 1.124366372836479e-02 2.810915932091198e-02 5.242944343845230e-02 1.124366372836479e-16
3082 1.284166666666666e-08 4.385028854062251e-16 1.124366372836475e-02 2.810915932091186e-02 5.242944343845600e-02 1.124366372836475e-16
3083 1.284583333333333e-08 4.385028854062236e-16 1.124366372836471e-02 2.810915932091177e-02 5.242944343845230e-02 1.124366372836471e-16
3084 1.285000000000000e-08 4.385028854062269e-16 1.124366372836479e-02 2.810915932091198e-02 5.242944343845600e-02 1.124366372836479e-16
3085 1.285416666666666e-08 4.385028854062264e-16 1.124366372836478e-02 2.810915932091195e-02 5.242944343845230e-02 1.124366372836478e-16
3086 1.285833333333333e-08 4.385028854062260e-16 1.124366372836477e-02 2.810915932091193e-02 5.242944343845600e-02 1.124366372836477e-16
3087 1.286250000000000e-08 4.385028854062247e-16 1.124366372836474e-02 2.810915932091184e-02 5.242944343845230e-02 1.124366372836474e-16
3088 1.286666666666666e-08 4.385028854062264e-16 1.124366372836478e-02 2.810915932091195e-02 5.242944343845600e-02 1.124366372836478e-16
3089 1.287083333333333e-08 4.385028854062269e-16 1.124366372836479e-02 2.810915932091198e-02 5.242944343845230e-02 1.124366372836479e-16
3090 1.287500000000000e-08 4.385028854062280e-16 1.124366372836482e-02 2.810915932091206e-02 5.242944343845600e-02 1.124366372836482e-16
3091 1.287916666666666e-08 4.385028854062260e-16 1.124366372836477e-02 2.810915932091193e-02 5.242944343845230e-02 1.124366372836477e-16
3092 1.288333333333333e-08 4.385028854062266e-16 1.124366372836478e-02 2.810915932091197e-02 5.242944343845600e-02 1.124366372836478e-16
3093 1.288750000000000e-08 4.385028854062262e-16 1.124366372836477e-02 2.810915932091194e-02 5.242944343845230e-02 1.124366372836477e-16
3094 1.289166666666666e-08 4.385028854062253e-16 1.124366372836475e-02 2.810915932091188e-02 5.242944343845600e-02 1.124366372836475e-16
3095 1.289583333333333e-08 4.385028854062236e-16 1.124366372836471e-02 2.810915932091177e-02 5.242944343845230e-02 1.124366372836471e-16
3096 1.289999999999999e-08 4.385028854062274e-16 1.124366372836481e-02 2.810915932091201e-02 5.242944343845600e-02 1.124366372836481e-16
3097 1.290416666666666e-08 4.385028854062272e-16 1.124366372836480e-02 2.810915932091200e-02 5.242944343845230e-02 1.124366372836480e-16
3098 1.290833333333333e-08 4.385028854062258e-16 1.124366372836477e-02 2.810915932091192e-02 5.242944343845600e-02 1.124366372836476e-16
3099 1.291250000000000e-08 4.385028854062247e-16 1.124366372836474e-02 2.810915932091184e-02 5.242944343845230e-02 1.124366372836474e-16
3100 1.291666666666666e-08 4.385028854062260e-16 1.124366372836477e-02 2.810915932091193e-02 5.242944343845600e-02 1.124366372836477e-16
3101 1.292083333333333e-08 4.385028854062262e-16 1.124366372836477e-02 2.810915932091194e-02 5.242944343845230e-02 1.124366372836477e-16
3102 1.292499999999999e-08 4.385028854062282e-16 1.124366372836483e-02 2.810915932091207e-02 5.242944343845600e-02 1.124366372836483e-16
3103 1.292916666666666e-08 4.385028854062260e-16 1.124366372836477e-02 2.810915932091193e-02 5.242944343845230e-02 1.124366372836477e-16
3104 1.293333333333333e-08 4.385028854062269e-16 1.124366372836479e-02 2.810915932091198e-02 5.242944343845600e-02 1.124366372836479e-16
3105 1.293750000000000e-08 4.385028854062269e-16 1.124366372836479e-02 2.810915932091198e-02 5.242944343845230e-02 1.124366372836479e-16
3106 1.294166666666666e-08 4.385028854062251e-16 1.124366372836475e-02 2.810915932091186e-02 5.242944343845600e-02 1.124366372836475e-16
3107 1.294583333333333e-08 4.385028854062236e-16 1.124366372836471e-02 2.810915932091177e-02 5.242944343845230e-02 1.124366372836471e-16
3108 1.295000000000000e-08 4.385028854062269e-16 1.124366372836479e-02 2.810915932091198e-02 5.242944343845600e-02 1.124366372836479e-16
3109 1.295416666666666e-08 4.385028854062264e-16 1.124366372836478e-02 2.810915932091195e-02 5.242944343845230e-02 1.124366372836478e-16
3110 1.295833333333333e-08 4.385028854062260e-16 1.124366372836477e-02 2.810915932091193e-02 5.242944343845600e-02 1.124366372836477e-16
3111 1.296250000000000e-08 4.385028854062247e-16 1.124366372836474e-02 2.810915932091184e-02 5.242944343845230e-02 1.124366372836474e-16
3112 1.296666666666666e-08 4.385028854062264e-16 1.124366372836478e-02 2.810915932091195e-02 5.242944343845600e-02 1.124366372836478e-16
3113 1.297083333333333e-08 4.385028854062269e-16 1.124366372836479e-02 2.810915932091198e-02 5.242944343845230e-02 1.124366372836479e-16
3114 1.297500000000000e-08 4.385028854062280e-16 1.124366372836482e-02 2.810915932091206e-02 5.242944343845600e-02 1.124366372836482e-16
3115 1.297916666666666e-08 4.385028854062260e-16 1.124366372836477e-02 2.810915932091193e-02 5.242944343845230e-02 1.124366372836477e-16
3116 1.298333333333333e-08 4.385028854062266e-16 1.124366372836478e-02 2.810915932091197e-02 5.242944343845600e-02 1.124366372836478e-16
3117 1.298749999999999e-08 4.385028854062262e-16 1.124366372836477e-02 2.810915932091194e-02 5.242944343845230e-02 1.124366372836477e-16
3118 1.299166666666666e-08 4.385028854062253e-16 1.124366372836475e-02 2.810915932091188e-02 5.242944343845600e-02 1.124366372836475e-16
3119 1.299583333333333e-08 4.385028854062236e-16 1.124366372836471e-02 2.810915932091177e-02 5.242944343845230e-02 1.124366372836471e-16
3120 1.300000000000000e-08 4.385028854062274e-16 1.124366372836481e-02 2.810915932091201e-02 5.242944343845600e-02 1.124366372836481e-16
3121 1.300416666666666e-08 4.385028854062272e-16 1.124366372836480e-02 2.810915932091200e-02 5.242944343845230e-02 1.124366372836480e-16
3122 1.300833333333333e-08 4.385028854062258e-16 1.124366372836477e-02 2.810915932091192e-02 5.242944343845600e-02 1.124366372836476e-16
3123 1.301249999999999e-08 4.385028854062247e-16 1.124366372836474e-02 2.810915932091184e-02 5.242944343845230e-02 1.124366372836474e-16
3124 1.301666666666666e-08 4.385028854062260e-16 1.124366372836477e-02 2.810915932091193e-02 5.242944343845600e-02 1.124366372836477e-16
3125 1.302083333333333e-08 4.385028854062262e-16 1.124366372836477e-02 2.810915932091194e-02 5.242944343845230e-02 1.124366372836477e-16
3126 1.302500000000000e-08 4.385028854062282e-16 1.124366372836483e-02 2.810915932091207e-02 5.242944343845600e-02 1.124366372836483e-16
3127 1.302916666666666e-08 4.385028854062260e-16 1.124366372836477e-02 2.810915932091193e-02 5.242944343845230e-02 1.124366372836477e-16
3128 1.303333333333333e-08 4.385028854062269e-16 1.124366372836479e-02 2.810915932091198e-02 5.242944343845600e-02 1.124366372836479e-16
3129 1.303750000000000e-08 4.385028854062269e-16 1.124366372836479e-02 2.810915932091198e-02 5.242944343845230e-02 1.124366372836479e-16
3130 1.304166666666666e-08 4.385028854062251e-16 1.124366372836475e-02 2.810915932091186e-02 5.242944343845600e-02 1.124366372836475e-16
3131 1.304583333333333e-08 4.385028854062236e-16 1.124366372836471e-02 2.810915932091177e-02 5.242944343845230e-02 1.124366372836471e-16
3132 1.305000000000000e-08 4.385028854062269e-16 1.124366372836479e-02 2.810915932091198e-02 5.242944343845600e-02 1.124366372836479e-16
3133 1.305416666666666e-08 4.385028854062264e-16 1.124366372836478e-02 2.810915932091195e-02 5.242944343845230e-02 1.124366372836478e-16
3134 1.305833333333333e-08 4.385028854062260e-16 1.124366372836477e-02 2.810915932091193e-02 5.242944343845600e-02 1.124366372836477e-16
3135 1.306250000000000e-08 4.385028854062247e-16 1.124366372836474e-02 2.810915932091184e-02 5.242944343845230e-02 1.124366372836474e-16
3136 1.306666666666666e-08 4.385028854062264e-16 1.124366372836478e-02 2.810915932091195e-02 5.242944343845600e-02 1.124366372836478e-16
3137 1.307083333333333e-08 4.385028854062269e-16 1.124366372836479e-02 2.810915932091198e-02 5.242944343845230e-02 1.124366372836479e-16
3138 1.307499999999999e-08 4.385028854062280e-16 1.124366372836482e-02 2.810915932091206e-02 5.242944343845600e-02 1.124366372836482e-16
3139 1.307916666666666e-08 4.385028854062260e-16 1.124366372836477e-02 2.810915932091193e-02 5.242944343845230e-02 1.124366372836477e-16
3140 1.308333333333333e-08 4.385028854062266e-16 1.124366372836478e-02 2.810915932091197e-02 5.242944343845600e-02 1.124366372836478e-16
3141 1.308750000000000e-08 4.385028854062262e-16 1.124366372836477e-02 2.810915932091194e-02 5.242944343845230e-02 1.124366372836477e-16
3142 1.309166666666666e-08 4.385028854062253e-16 1.124366372836475e-02 2.810915932091188e-02 5.242944343845600e-02 1.124366372836475e-16
3143 1.309583333333333e-08 4.385028854062236e-16 1.124366372836471e-02 2.810915932091177e-02 5.242944343845230e-02 1.124366372836471e-16
3144 1.309999999999999e-08 4.385028854062274e-16 1.124366372836481e-02 2.810915932091201e-02 5.242944343845600e-02 1.124366372836481e-16
3145 1.310416666666666e-08 4.385028854062272e-16 1.124366372836480e-02 2.810915932091200e-02 5.242944343845230e-02 1.124366372836480e-16
3146 1.310833333333333e-08 4.385028854062258e-16 1.124366372836477e-02 2.810915932091192e-02 5.242944343845600e-02 1.124366372836476e-16
3147 1.311250000000000e-08 4.385028854062247e-16 1.124366372836474e-02 2.810915932091184e-02 5.242944343845230e-02 1.124366372836474e-16
3148 1.311666666666666e-08 4.385028854062260e-16 1.124366372836477e-02 2.810915932091193e-02 5.242944343845600e-02 1.124366372836477e-16
3149 1.312083333333333e-08 4.385028854062262e-16 1.124366372836477e-02 2.810915932091194e-02 5.242944343845230e-02 1.124366372836477e-16
3150 1.312500000000000e-08 4.385028854062282e-16 1.124366372836483e-02 2.810915932091207e-02 5.242944343845600e-02 1.124366372836483e-16
3151 1.312916666666666e-08 4.385028854062260e-16 1.124366372836477e-02 2.810915932091193e-02 5.242944343845230e-02 1.124366372836477e-16
3152 1.313333333333333e-08 4.385028854062269e-16 1.124366372836479e-02 2.810915932091198e-02 5.242944343845600e-02 1.124366372836479e-16
3153 1.313750000000000e-08 4.385028854062269e-16 1.124366372836479e-02 2.810915932091198e-02 5.242944343845230e-02 1.124366372836479e-16
3154 1.314166666666666e-08 4.385028854062251e-16 1.124366372836475e-02 2.810915932091186e-02 5.242944343845600e-02 1.124366372836475e-16
3155 1.314583333333333e-08 4.385028854062236e-16 1.124366372836471e-02 2.810915932091177e-02 5.242944343845230e-02 1.124366372836471e-16
3156 1.315000000000000e-08 4.385028854062269e-16 1.124366372836479e-02 2.810915932091198e-02 5.242944343845600e-02 1.124366372836479e-16
3157 1.315416666666666e-08 4.385028854062264e-16 1.124366372836478e-02 2.810915932091195e-02 5.242944343845230e-02 1.124366372836478e-16
3158 1.315833333333333e-08 4.385028854062260e-16 1.124366372836477e-02 2.810915932091193e-02 5.242944343845600e-02 1.124366372836477e-16
3159 1.316249999999999e-08 4.385028854062247e-16 1.124366372836474e-02 2.810915932091184e-02 5.242944343845230e-02 1.124366372836474e-16
3160 1.316666666666666e-08 4.385028854062264e-16 1.124366372836478e-02 2.810915932091195e-02 5.242944343845600e-02 1.124366372836478e-16
3161 1.317083333333333e-08 4.385028854062269e-16 1.124366372836479e-02 2.810915932091198e-02 5.242944343845230e-02 1.124366372836479e-16
3162 1.317500000000000e-08 4.385028854062280e-16 1.124366372836482e-02 2.810915932091206e-02 5.242944343845600e-02 1.124366372836482e-16
3163 1.317916666666666e-08 4.385028854062260e-16 1.124366372836477e-02 2.810915932091193e-02 5.242944343845230e-02 1.124366372836477e-16
3164 1.318333333333333e-08 4.385028854062266e-16 1.124366372836478e-02 2.810915932091197e-02 5.242944343845600e-02 1.124366372836478e-16
3165 1.318749999999999e-08 4.385028854062262e-16 1.124366372836477e-02 2.810915932091194e-02 5.242944343845230e-02 1.124366372836477e-16
3166 1.319166666666666e-08 4.385028854062253e-16 1.124366372836475e-02 2.810915932091188e-02 5.242944343845600e-02 1.124366372836475e-16
3167 1.319583333333333e-08 4.385028854062236e-16 1.124366372836471e-02 2.810915932091177e-02 5.242944343845230e-02 1.124366372836471e-16
3168 1.320000000000000e-08 4.385028854062274e-16 1.124366372836481e-02 2.810915932091201e-02 5.242944343845600e-02 1.124366372836481e-16
3169 1.320416666666666e-08 4.385028854062272e-16 1.124366372836480e-02 2.810915932091200e-02 5.242944343845230e-02 1.124366372836480e-16
3170 1.320833333333333e-08 4.385028854062258e-16 1.124366372836477e-02 2.810915932091192e-02 5.242944343845600e-02 1.124366372836476e-16
3171 1.321250000000000e-08 4.385028854062247e-16 1.124366372836474e-02 2.810915932091184e-02 5.242944343845230e-02 1.124366372836474e-16
3172 1.321666666666666e-08 4.385028854062260e-16 1.124366372836477e-02 2.810915932091193e-02 5.242944343845600e-02 1.124366372836477e-16
3173 1.322083333333333e-08 4.385028854062262e-16 1.124366372836477e-02 2.810915932091194e-02 5.242944343845230e-02 1.124366372836477e-16
3174 1.322500000000000e-08 4.385028854062282e-16 1.124366372836483e-02 2.810915932091207e-02 5.242944343845600e-02 1.124366372836483e-16
3175 1.322916666666666e-08 4.385028854062260e-16 1.124366372836477e-02 2.810915932091193e-02 5.242944343845230e-02 1.124366372836477e-16
3176 1.323333333333333e-08 4.385028854062269e-16 1.124366372836479e-02 2.810915932091198e-02 5.242944343845600e-02 1.124366372836479e-16
3177 1.323750000000000e-08 4.385028854062269e-16 1.124366372836479e-02 2.810915932091198e-02 5.242944343845230e-02 1.124366372836479e-16
3178 1.324166666666666e-08 4.385028854062251e-16 1.124366372836475e-02 2.810915932091186e-02 5.242944343845600e-02 1.124366372836475e-16
3179 1.324583333333333e-08 4.385028854062236e-16 1.124366372836471e-02 2.810915932091177e-02 5.242944343845230e-02 1.124366372836471e-16
3180 1.324999999999999e-08 4.385028854062269e-16 1.124366372836479e-02 2.810915932091198e-02 5.242944343845600e-02 1.124366372836479e-16
3181 1.325416666666666e-08 4.385028854062264e-16 1.124366372836478e-02 2.810915932091195e-02 5.242944343845230e-02 1.124366372836478e-16
3182 1.325833333333333e-08 4.385028854062260e-16 1.124366372836477e-02 2.810915932091193e-02 5.242944343845600e-02 1.124366372836477e-16
3183 1.326250000000000e-08 4.385028854062247e-16 1.124366372836474e-02 2.810915932091184e-02 5.242944343845230e-02 1.124366372836474e-16
3184 1.326666666666666e-08 4.385028854062264e-16 1.124366372836478e-02 2.810915932091195e-02 5.242944343845600e-02 1.124366372836478e-16
3185 1.327083333333333e-08 4.385028854062269e-16 1.124366372836479e-02 2.810915932091198e-02 5.242944343845230e-02 1.124366372836479e-16
3186 1.327499999999999e-08 4.385028854062280e-16 1.124366372836482e-02 2.810915932091206e-02 5.242944343845600e-02 1.124366372836482e-16
3187 1.327916666666666e-08 4.385028854062260e-16 1.124366372836477e-02 2.810915932091193e-02 5.242944343845230e-02 1.124366372836477e-16
3188 1.328333333333333e-08 4.385028854062266e-16 1.124366372836478e-02 2.810915932091197e-02 5.242944343845600e-02 1.124366372836478e-16
3189 1.328750000000000e-08 4.385028854062262e-16 1.124366372836477e-02 2.810915932091194e-02 5.242944343845230e-02 1.124366372836477e-16
3190 1.329166666666666e-08 4.385028854062253e-16 1.124366372836475e-02 2.810915932091188e-02 5.242944343845600e-02 1.124366372836475e-16
3191 1.329583333333333e-08 4.385028854062236e-16 1.124366372836471e-02 2.810915932091177e-02 5.242944343845230e-02 1.124366372836471e-16
3192 1.330000000000000e-08 4.385028854062274e-16 1.124366372836481e-02 2.810915932091201e-02 5.242944343845600e-02 1.124366372836481e-16
3193 1.330416666666666e-08 4.385028854062272e-16 1.124366372836480e-02 2.810915932091200e-02 5.242944343845230e-02 1.124366372836480e-16
3194 1.330833333333333e-08 4.385028854062258e-16 1.124366372836477e-02 2.810915932091192e-02 5.242944343845600e-02 1.124366372836476e-16
3195 1.331250000000000e-08 4.385028854062247e-16 1.124366372836474e-02 2.810915932091184e-02 5.242944343845230e-02 1.124366372836474e-16
3196 1.331666666666666e-08 4.385028854062260e-16 1.124366372836477e-02 2.810915932091193e-02 5.242944343845600e-02 1.124366372836477e-16
3197 1.332083333333333e-08 4.385028854062262e-16 1.124366372836477e-02 2.810915932091194e-02 5.242944343845230e-02 1.124366372836477e-16
3198 1.332500000000000e-08 4.385028854062282e-16 1.124366372836483e-02 2.810915932091207e-02 5.242944343845600e-02 1.124366372836483e-16
3199 1.332916666666666e-08 4.385028854062260e-16 1.124366372836477e-02 2.810915932091193e-02 5.242944343845230e-02 1.124366372836477e-16
3200 1.333333333333333e-08 4.385028854062269e-16 1.124366372836479e-02 2.810915932091198e-02 5.242944343845600e-02 1.124366372836479e-16
3201 1.333749999999999e-08 4.385028854062269e-16 1.124366372836479e-02 2.810915932091198e-02 5.242944343845230e-02 1.124366372836479e-16
3202 1.334166666666666e-08 4.385028854062251e-16 1.124366372836475e-02 2.810915932091186e-02 5.242944343845600e-02 1.124366372836475e-16
3203 1.334583333333333e-08 4.385028854062236e-16 1.124366372836471e-02 2.810915932091177e-02 5.242944343845230e-02 1.124366372836471e-16
3204 1.335000000000000e-08 4.385028854062269e-16 1.124366372836479e-02 2.810915932091198e-02 5.242944343845600e-02 1.124366372836479e-16
3205 1.335416666666666e-08 4.385028854062264e-16 1.124366372836478e-02 2.810915932091195e-02 5.242944343845230e-02 1.124366372836478e-16
3206 1.335833333333333e-08 4.385028854062260e-16 1.124366372836477e-02 2.810915932091193e-02 5.242944343845600e-02 1.124366372836477e-16
3207 1.336249999999999e-08 4.385028854062247e-16 1.124366372836474e-02 2.810915932091184e-02 5.242944343845230e-02 1.124366372836474e-16
3208 1.336666666666666e-08 4.385028854062264e-16 1.124366372836478e-02 2.810915932091195e-02 5.242944343845600e-02 1.124366372836478e-16
3209 1.337083333333333e-08 4.385028854062269e-16 1.124366372836479e-02 2.810915932091198e-02 5.242944343845230e-02 1.124366372836479e-16
3210 1.337500000000000e-08 4.385028854062280e-16 1.124366372836482e-02 2.810915932091206e-02 5.242944343845600e-02 1.124366372836482e-16
3211 1.337916666666666e-08 4.385028854062260e-16 1.124366372836477e-02 2.810915932091193e-02 5.242944343845230e-02 1.124366372836477e-16
3212 1.338333333333333e-08 4.385028854062266e-16 1.124366372836478e-02 2.810915932091197e-02 5.242944343845600e-02 1.124366372836478e-16
3213 1.338749999999999e-08 4.385028854062262e-16 1.124366372836477e-02 2.810915932091194e-02 5.242944343845230e-02 1.124366372836477e-16
3214 1.339166666666666e-08 4.385028854062253e-16 1.124366372836475e-02 2.810915932091188e-02 5.242944343845600e-02 1.124366372836475e-16
3215 1.339583333333333e-08 4.385028854062236e-16 1.124366372836471e-02 2.810915932091177e-02 5.242944343845230e-02 1.124366372836471e-16
3216 1.340000000000000e-08 4.385028854062274e-16 1.124366372836481e-02 2.810915932091201e-02 5.242944343845600e-02 1.124366372836481e-16
3217 1.340416666666666e-08 4.385028854062272e-16 1.124366372836480e-02 2.810915932091200e-02 5.242944343845230e-02 1.124366372836480e-16
3218 1.340833333333333e-08 4.385028854062258e-16 1.124366372836477e-02 2.810915932091192e-02 5.242944343845600e-02 1.124366372836476e-16
3219 1.341250000000000e-08 4.385028854062247e-16 1.124366372836474e-02 2.810915932091184e-02 5.242944343845230e-02 1.124366372836474e-16
3220 1.341666666666666e-08 4.385028854062260e-16 1.124366372836477e-02 2.810915932091193e-02 5.242944343845600e-02 1.124366372836477e-16
3221 1.342083333333333e-08 4.385028854062262e-16 1.124366372836477e-02 2.810915932091194e-02 5.242944343845230e-02 1.124366372836477e-16
3222 1.342499999999999e-08 4.385028854062282e-16 1.124366372836483e-02 2.810915932091207e-02 5.242944343845600e-02 1.124366372836483e-16
3223 1.342916666666666e-08 4.385028854062260e-16 1.124366372836477e-02 2.810915932091193e-02 5.242944343845230e-02 1.124366372836477e-16
3224 1.343333333333333e-08 4.385028854062269e-16 1.124366372836479e-02 2.810915932091198e-02 5.242944343845600e-02 1.124366372836479e-16
3225 1.343750000000000e-08 4.385028854062269e-16 1.124366372836479e-02 2.810915932091198e-02 5.242944343845230e-02 1.124366372836479e-16
3226 1.344166666666666e-08 4.385028854062251e-16 1.124366372836475e-02 2.810915932091186e-02 5.242944343845600e-02 1.124366372836475e-16
3227 1.344583333333333e-08 4.385028854062236e-16 1.124366372836471e-02 2.810915932091177e-02 5.242944343845230e-02 1.124366372836471e-16
3228 1.344999999999999e-08 4.385028854062269e-16 1.124366372836479e-02 2.810915932091198e-02 5.242944343845600e-02 1.124366372836479e-16
3229 1.345416666666666e-08 4.385028854062264e-16 1.124366372836478e-02 2.810915932091195e-02 5.242944343845230e-02 1.124366372836478e-16
3230 1.345833333333333e-08 4.385028854062260e-16 1.124366372836477e-02 2.810915932091193e-02 5.242944343845600e-02 1.124366372836477e-16
3231 1.346250000000000e-08 4.385028854062247e-16 1.124366372836474e-02 2.810915932091184e-02 5.242944343845230e-02 1.124366372836474e-16
3232 1.346666666666666e-08 4.385028854062264e-16 1.124366372836478e-02 2.810915932091195e-02 5.242944343845600e-02 1.124366372836478e-16
3233 1.347083333333333e-08 4.385028854062269e-16 1.124366372836479e-02 2.810915932091198e-02 5.242944343845230e-02 1.124366372836479e-16
3234 1.347499999999999e-08 4.385028854062280e-16 1.124366372836482e-02 2.810915932091206e-02 5.242944343845600e-02 1.124366372836482e-16
3235 1.347916666666666e-08 4.385028854062260e-16 1.124366372836477e-02 2.810915932091193e-02 5.242944343845230e-02 1.124366372836477e-16
3236 1.348333333333333e-08 4.385028854062266e-16 1.124366372836478e-02 2.810915932091197e-02 5.242944343845600e-02 1.124366372836478e-16
3237 1.348750000000000e-08 4.385028854062262e-16 1.124366372836477e-02 2.810915932091194e-02 5.242944343845230e-02 1.124366372836477e-16
3238 1.349166666666666e-08 4.385028854062253e-16 1.124366372836475e-02 2.810915932091188e-02 5.242944343845600e-02 1.124366372836475e-16
3239 1.349583333333333e-08 4.385028854062236e-16 1.124366372836471e-02 2.810915932091177e-02 5.242944343845230e-02 1.124366372836471e-16
3240 1.350000000000000e-08 4.385028854062274e-16 1.124366372836481e-02 2.810915932091201e-02 5.242944343845600e-02 1.124366372836481e-16
3241 1.350416666666666e-08 4.385028854062272e-16 1.124366372836480e-02 2.810915932091200e-02 5.242944343845230e-02 1.124366372836480e-16
3242 1.350833333333333e-08 4.385028854062258e-16 1.124366372836477e-02 2.810915932091192e-02 5.242944343845600e-02 1.124366372836476e-16
3243 1.351249999999999e-08 4.385028854062247e-16 1.124366372836474e-02 2.810915932091184e-02 5.242944343845230e-02 1.124366372836474e-16
3244 1.351666666666666e-08 4.385028854062260e-16 1.124366372836477e-02 2.810915932091193e-02 5.242944343845600e-02 1.124366372836477e-16
3245 1.352083333333333e-08 4.385028854062262e-16 1.124366372836477e-02 2.810915932091194e-02 5.242944343845230e-02 1.124366372836477e-16
3246 1.352500000000000e-08 4.385028854062282e-16 1.124366372836483e-02 2.810915932091207e-02 5.242944343845600e-02 1.124366372836483e-16
3247 1.352916666666666e-08 4.385028854062260e-16 1.124366372836477e-02 2.810915932091193e-02 5.242944343845230e-02 1.124366372836477e-16
3248 1.353333333333333e-08 4.385028854062269e-16 1.124366372836479e-02 2.810915932091198e-02 5.242944343845600e-02 1.124366372836479e-16
3249 1.353749999999999e-08 4.385028854062269e-16 1.124366372836479e-02 2.810915932091198e-02 5.242944343845230e-02 1.124366372836479e-16
3250 1.354166666666666e-08 4.385028854062251e-16 1.124366372836475e-02 2.810915932091186e-02 5.242944343845600e-02 1.124366372836475e-16
3251 1.354583333333333e-08 4.385028854062236e-16 1.124366372836471e-02 2.810915932091177e-02 5.242944343845230e-02 1.124366372836471e-16
3252 1.355000000000000e-08 4.385028854062269e-16 1.124366372836479e-02 2.810915932091198e-02 5.242944343845600e-02 1.124366372836479e-16
3253 1.355416666666666e-08 4.385028854062264e-16 1.124366372836478e-02 2.810915932091195e-02 5.242944343845230e-02 1.124366372836478e-16
3254 1.355833333333333e-08 4.385028854062260e-16 1.124366372836477e-02 2.810915932091193e-02 5.242944343845600e-02 1.124366372836477e-16
3255 1.356249999999999e-08 4.385028854062247e-16 1.124366372836474e-02 2.810915932091184e-02 5.242944343845230e-02 1.124366372836474e-16
3256 1.356666666666666e-08 4.385028854062264e-16 1.124366372836478e-02 2.810915932091195e-02 5.242944343845600e-02 1.124366372836478e-16
3257 1.357083333333333e-08 4.385028854062269e-16 1.124366372836479e-02 2.810915932091198e-02 5.242944343845230e-02 1.124366372836479e-16
3258 1.357500000000000e-08 4.385028854062280e-16 1.124366372836482e-02 2.810915932091206e-02 5.242944343845600e-02 1.124366372836482e-16
3259 1.357916666666666e-08 4.385028854062260e-16 1.124366372836477e-02 2.810915932091193e-02 5.242944343845230e-02 1.124366372836477e-16
3260 1.358333333333333e-08 4.385028854062266e-16 1.124366372836478e-02 2.810915932091197e-02 5.242944343845600e-02 1.124366372836478e-16
3261 1.358750000000000e-08 4.385028854062262e-16 1.124366372836477e-02 2.810915932091194e-02 5.242944343845230e-02 1.124366372836477e-16
3262 1.359166666666666e-08 4.385028854062253e-16 1.124366372836475e-02 2.810915932091188e-02 5.242944343845600e-02 1.124366372836475e-16
3263 1.359583333333333e-08 4.385028854062236e-16 1.124366372836471e-02 2.810915932091177e-02 5.242944343845230e-02 1.124366372836471e-16
3264 1.360000000000000e-08 4.385028854062274e-16 1.124366372836481e-02 2.810915932091201e-02 5.242944343845600e-02 1.124366372836481e-16
3265 1.360416666666666e-08 4.385028854062272e-16 1.124366372836480e-02 2.810915932091200e-02 5.242944343845230e-02 1.124366372836480e-16
3266 1.360833333333333e-08 4.385028854062258e-16 1.124366372836477e-02 2.810915932091192e-02 5.242944343845600e-02 1.124366372836476e-16
3267 1.361250000000000e-08 4.385028854062247e-16 1.124366372836474e-02 2.810915932091184e-02 5.242944343845230e-02 1.124366372836474e-16
3268 1.361666666666666e-08 4.385028854062260e-16 1.124366372836477e-02 2.810915932091193e-02 5.242944343845600e-02 1.124366372836477e-16
3269 1.362083333333333e-08 4.385028854062262e-16 1.124366372836477e-02 2.810915932091194e-02 5.242944343845230e-02 1.124366372836477e-16
3270 1.362499999999999e-08 4.385028854062282e-16 1.124366372836483e-02 2.810915932091207e-02 5.242944343845600e-02 1.124366372836483e-16
3271 1.362916666666666e-08 4.385028854062260e-16 1.124366372836477e-02 2.810915932091193e-02 5.242944343845230e-02 1.124366372836477e-16
3272 1.363333333333333e-08 4.385028854062269e-16 1.124366372836479e-02 2.810915932091198e-02 5.242944343845600e-02 1.124366372836479e-16
3273 1.363750000000000e-08 4.385028854062269e-16 1.124366372836479e-02 2.810915932091198e-02 5.242944343845230e-02 1.124366372836479e-16
3274 1.364166666666666e-08 4.385028854062251e-16 1.124366372836475e-02 2.810915932091186e-02 5.242944343845600e-02 1.124366372836475e-16
3275 1.364583333333333e-08 4.385028854062236e-16 1.124366372836471e-02 2.810915932091177e-02 5.242944343845230e-02 1.124366372836471e-16
3276 1.364999999999999e-08 4.385028854062269e-16 1.124366372836479e-02 2.810915932091198e-02 5.242944343845600e-02 1.124366372836479e-16
3277 1.365416666666666e-08 4.385028854062264e-16 1.124366372836478e-02 2.810915932091195e-02 5.242944343845230e-02 1.124366372836478e-16
3278 1.365833333333333e-08 4.385028854062260e-16 1.124366372836477e-02 2.810915932091193e-02 5.242944343845600e-02 1.124366372836477e-16
3279 1.366250000000000e-08 4.385028854062247e-16 1.124366372836474e-02 2.810915932091184e-02 5.242944343845230e-02 1.124366372836474e-16
3280 1.366666666666666e-08 4.385028854062264e-16 1.124366372836478e-02 2.810915932091195e-02 5.242944343845600e-02 1.124366372836478e-16
3281 1.367083333333333e-08 4.385028854062269e-16 1.124366372836479e-02 2.810915932091198e-02 5.242944343845230e-02 1.124366372836479e-16
3282 1.367500000000000e-08 4.385028854062280e-16 1.124366372836482e-02 2.810915932091206e-02 5.242944343845600e-02 1.124366372836482e-16
3283 1.367916666666666e-08 4.385028854062260e-16 1.124366372836477e-02 2.810915932091193e-02 5.242944343845230e-02 1.124366372836477e-16
3284 1.368333333333333e-08 4.385028854062266e-16 1.124366372836478e-02 2.810915932091197e-02 5.242944343845600e-02 1.124366372836478e-16
3285 1.368750000000000e-08 4.385028854062262e-16 1.124366372836477e-02 2.810915932091194e-02 5.242944343845230e-02 1.124366372836477e-16
3286 1.369166666666666e-08 4.385028854062253e-16 1.124366372836475e-02 2.810915932091188e-02 5.242944343845600e-02 1.124366372836475e-16
3287 1.369583333333333e-08 4.385028854062236e-16 1.124366372836471e-02 2.810915932091177e-02 5.242944343845230e-02 1.124366372836471e-16
3288 1.370000000000000e-08 4.385028854062274e-16 1.124366372836481e-02 2.810915932091201e-02 5.242944343845600e-02 1.124366372836481e-16
3289 1.370416666666666e-08 4.385028854062272e-16 1.124366372836480e-02 2.810915932091200e-02 5.242944343845230e-02 1.124366372836480e-16
3290 1.370833333333333e-08 4.385028854062258e-16 1.124366372836477e-02 2.810915932091192e-02 5.242944343845600e-02 1.124366372836476e-16
3291 1.371249999999999e-08 4.385028854062247e-16 1.124366372836474e-02 2.810915932091184e-02 5.242944343845230e-02 1.124366372836474e-16
3292 1.371666666666666e-08 4.385028854062260e-16 1.124366372836477e-02 2.810915932091193e-02 5.242944343845600e-02 1.124366372836477e-16
3293 1.372083333333333e-08 4.385028854062262e-16 1.124366372836477e-02 2.810915932091194e-02 5.242944343845230e-02 1.124366372836477e-16
3294 1.372500000000000e-08 4.385028854062282e-16 1.124366372836483e-02 2.810915932091207e-02 5.242944343845600e-02 1.124366372836483e-16
3295 1.372916666666666e-08 4.385028854062260e-16 1.124366372836477e-02 2.810915932091193e-02 5.242944343845230e-02 1.124366372836477e-16
3296 1.373333333333333e-08 4.385028854062269e-16 1.124366372836479e-02 2.810915932091198e-02 5.242944343845600e-02 1.124366372836479e-16
3297 1.373749999999999e-08 4.385028854062269e-16 1.124366372836479e-02 2.810915932091198e-02 5.242944343845230e-02 1.124366372836479e-16
3298 1.374166666666666e-08 4.385028854062251e-16 1.124366372836475e-02 2.810915932091186e-02 5.242944343845600e-02 1.124366372836475e-16
3299 1.374583333333333e-08 4.385028854062236e-16 1.124366372836471e-02 2.810915932091177e-02 5.242944343845230e-02 1.124366372836471e-16
3300 1.375000000000000e-08 4.385028854062269e-16 1.124366372836479e-02 2.810915932091198e-02 5.242944343845600e-02 1.124366372836479e-16
3301 1.375416666666666e-08 4.385028854062264e-16 1.124366372836478e-02 2.810915932091195e-02 5.242944343845230e-02 1.124366372836478e-16
3302 1.375833333333333e-08 4.385028854062260e-16 1.124366372836477e-02 2.810915932091193e-02 5.242944343845600e-02 1.124366372836477e-16
3303 1.376250000000000e-08 4.385028854062247e-16 1.124366372836474e-02 2.810915932091184e-02 5.242944343845230e-02 1.124366372836474e-16
3304 1.376666666666666e-08 4.385028854062264e-16 1.124366372836478e-02 2.810915932091195e-02 5.242944343845600e-02 1.124366372836478e-16
3305 1.377083333333333e-08 4.385028854062269e-16 1.124366372836479e-02 2.810915932091198e-02 5.242944343845230e-02 1.124366372836479e-16
3306 1.377500000000000e-08 4.385028854062280e-16 1.124366372836482e-02 2.810915932091206e-02 5.242944343845600e-02 1.124366372836482e-16
3307 1.377916666666666e-08 4.385028854062260e-16 1.124366372836477e-02 2.810915932091193e-02 5.242944343845230e-02 1.124366372836477e-16
3308 1.378333333333333e-08 4.385028854062266e-16 1.124366372836478e-02 2.810915932091197e-02 5.242944343845600e-02 1.124366372836478e-16
3309 1.378750000000000e-08 4.385028854062262e-16 1.124366372836477e-02 2.810915932091194e-02 5.242944343845230e-02 1.124366372836477e-16
3310 1.379166666666666e-08 4.385028854062253e-16 1.124366372836475e-02 2.810915932091188e-02 5.242944343845600e-02 1.124366372836475e-16
3311 1.379583333333333e-08 4.385028854062236e-16 1.124366372836471e-02 2.810915932091177e-02 5.242944343845230e-02 1.124366372836471e-16
3312 1.379999999999999e-08 4.385028854062274e-16 1.124366372836481e-02 2.810915932091201e-02 5.242944343845600e-02 1.124366372836481e-16
3313 1.380416666666666e-08 4.385028854062272e-16 1.124366372836480e-02 2.810915932091200e-02 5.242944343845230e-02 1.124366372836480e-16
3314 1.380833333333333e-08 4.385028854062258e-16 1.124366372836477e-02 2.810915932091192e-02 5.242944343845600e-02 1.124366372836476e-16
3315 1.381250000000000e-08 4.385028854062247e-16 1.124366372836474e-02 2.810915932091184e-02 5.242944343845230e-02 1.124366372836474e-16
3316 1.381666666666666e-08 4.385028854062260e-16 1.124366372836477e-02 2.810915932091193e-02 5.242944343845600e-02 1.124366372836477e-16
3317 1.382083333333333e-08 4.385028854062262e-16 1.124366372836477e-02 2.810915932091194e-02 5.242944343845230e-02 1.124366372836477e-16
3318 1.382499999999999e-08 4.385028854062282e-16 1.124366372836483e-02 2.810915932091207e-02 5.242944343845600e-02 1.124366372836483e-16
3319 1.382916666666666e-08 4.385028854062260e-16 1.124366372836477e-02 2.810915932091193e-02 5.242944343845230e-02 1.124366372836477e-16
3320 1.383333333333333e-08 4.385028854062269e-16 1.124366372836479e-02 2.810915932091198e-02 5.242944343845600e-02 1.124366372836479e-16
3321 1.383750000000000e-08 4.385028854062269e-16 1.124366372836479e-02 2.810915932091198e-02 5.242944343845230e-02 1.124366372836479e-16
3322 1.384166666666666e-08 4.385028854062251e-16 1.124366372836475e-02 2.810915932091186e-02 5.242944343845600e-02 1.124366372836475e-16
3323 1.384583333333333e-08 4.385028854062236e-16 1.124366372836471e-02 2.810915932091177e-02 5.242944343845230e-02 1.124366372836471e-16
3324 1.384999999999999e-08 4.385028854062269e-16 1.124366372836479e-02 2.810915932091198e-02 5.242944343845600e-02 1.124366372836479e-16
3325 1.385416666666666e-08 4.385028854062264e-16 1.124366372836478e-02 2.810915932091195e-02 5.242944343845230e-02 1.124366372836478e-16
3326 1.385833333333333e-08 4.385028854062260e-16 1.124366372836477e-02 2.810915932091193e-02 5.242944343845600e-02 1.124366372836477e-16
3327 1.386250000000000e-08 4.385028854062247e-16 1.124366372836474e-02 2.810915932091184e-02 5.242944343845230e-02 1.124366372836474e-16
3328 1.386666666666666e-08 4.385028854062264e-16 1.124366372836478e-02 2.810915932091195e-02 5.242944343845600e-02 1.124366372836478e-16
3329 1.387083333333333e-08 4.385028854062269e-16 1.124366372836479e-02 2.810915932091198e-02 5.242944343845230e-02 1.124366372836479e-16
3330 1.387500000000000e-08 4.385028854062280e-16 1.124366372836482e-02 2.810915932091206e-02 5.242944343845600e-02 1.124366372836482e-16
3331 1.387916666666666e-08 4.385028854062260e-16 1.124366372836477e-02 2.810915932091193e-02 5.242944343845230e-02 1.124366372836477e-16
3332 1.388333333333333e-08 4.385028854062266e-16 1.124366372836478e-02 2.810915932091197e-02 5.242944343845600e-02 1.124366372836478e-16
3333 1.388749999999999e-08 4.385028854062262e-16 1.124366372836477e-02 2.810915932091194e-02 5.242944343845230e-02 1.124366372836477e-16
3334 1.389166666666666e-08 4.385028854062253e-16 1.124366372836475e-02 2.810915932091188e-02 5.242944343845600e-02 1.124366372836475e-16
3335 1.389583333333333e-08 4.385028854062236e-16 1.124366372836471e-02 2.810915932091177e-02 5.242944343845230e-02 1.124366372836471e-16
3336 1.390000000000000e-08 4.385028854062274e-16 1.124366372836481e-02 2.810915932091201e-02 5.242944343845600e-02 1.124366372836481e-16
3337 1.390416666666666e-08 4.385028854062272e-16 1.124366372836480e-02 2.810915932091200e-02 5.242944343845230e-02 1.124366372836480e-16
3338 1.390833333333333e-08 4.385028854062258e-16 1.124366372836477e-02 2.810915932091192e-02 5.242944343845600e-02 1.124366372836476e-16
3339 1.391249999999999e-08 4.385028854062247e-16 1.124366372836474e-02 2.810915932091184e-02 5.242944343845230e-02 1.124366372836474e-16
3340 1.391666666666666e-08 4.385028854062260e-16 1.124366372836477e-02 2.810915932091193e-02 5.242944343845600e-02 1.124366372836477e-16
3341 1.392083333333333e-08 4.385028854062262e-16 1.124366372836477e-02 2.810915932091194e-02 5.242944343845230e-02 1.124366372836477e-16
3342 1.392500000000000e-08 4.385028854062282e-16 1.124366372836483e-02 2.810915932091207e-02 5.242944343845600e-02 1.124366372836483e-16
3343 1.392916666666666e-08 4.385028854062260e-16 1.124366372836477e-02 2.810915932091193e-02 5.242944343845230e-02 1.124366372836477e-16
3344 1.393333333333333e-08 4.385028854062269e-16 1.124366372836479e-02 2.810915932091198e-02 5.242944343845600e-02 1.124366372836479e-16
3345 1.393749999999999e-08 4.385028854062269e-16 1.124366372836479e-02 2.810915932091198e-02 5.242944343845230e-02 1.124366372836479e-16
3346 1.394166666666666e-08 4.385028854062251e-16 1.124366372836475e-02 2.810915932091186e-02 5.242944343845600e-02 1.124366372836475e-16
3347 1.394583333333333e-08 4.385028854062236e-16 1.124366372836471e-02 2.810915932091177e-02 5.242944343845230e-02 1.124366372836471e-16
3348 1.395000000000000e-08 4.385028854062269e-16 1.124366372836479e-02 2.810915932091198e-02 5.242944343845600e-02 1.124366372836479e-16
3349 1.395416666666666e-08 4.385028854062264e-16 1.124366372836478e-02 2.810915932091195e-02 5.242944343845230e-02 1.124366372836478e-16
3350 1.395833333333333e-08 4.385028854062260e-16 1.124366372836477e-02 2.810915932091193e-02 5.242944343845600e-02 1.124366372836477e-16
3351 1.396250000000000e-08 4.385028854062247e-16 1.124366372836474e-02 2.810915932091184e-02 5.242944343845230e-02 1.124366372836474e-16
3352 1.396666666666666e-08 4.385028854062264e-16 1.124366372836478e-02 2.810915932091195e-02 5.242944343845600e-02 1.124366372836478e-16
3353 1.397083333333333e-08 4.385028854062269e-16 1.124366372836479e-02 2.810915932091198e-02 5.242944343845230e-02 1.124366372836479e-16
3354 1.397499999999999e-08 4.385028854062280e-16 1.124366372836482e-02 2.810915932091206e-02 5.242944343845600e-02 1.124366372836482e-16
3355 1.397916666666666e-08 4.385028854062260e-16 1.124366372836477e-02 2.810915932091193e-02 5.242944343845230e-02 1.124366372836477e-16
3356 1.398333333333333e-08 4.385028854062266e-16 1.124366372836478e-02 2.810915932091197e-02 5.242944343845600e-02 1.124366372836478e-16
3357 1.398750000000000e-08 4.385028854062262e-16 1.124366372836477e-02 2.810915932091194e-02 5.242944343845230e-02 1.124366372836477e-16
3358 1.399166666666666e-08 4.385028854062253e-16 1.124366372836475e-02 2.810915932091188e-02 5.242944343845600e-02 1.124366372836475e-16
3359 1.399583333333333e-08 4.385028854062236e-16 1.124366372836471e-02 2.810915932091177e-02 5.242944343845230e-02 1.124366372836471e-16
3360 1.399999999999999e-08 4.385028854062274e-16 1.124366372836481e-02 2.810915932091201e-02 5.242944343845600e-02 1.124366372836481e-16
3361 1.400416666666666e-08 4.385028854062272e-16 1.124366372836480e-02 2.810915932091200e-02 5.242944343845230e-02 1.124366372836480e-16
3362 1.400833333333333e-08 4.385028854062258e-16 1.124366372836477e-02 2.810915932091192e-02 5.242944343845600e-02 1.124366372836476e-16
3363 1.401250000000000e-08 4.385028854062247e-16 1.124366372836474e-02 2.810915932091184e-02 5.242944343845230e-02 1.124366372836474e-16
3364 1.401666666666666e-08 4.385028854062260e-16 1.124366372836477e-02 2.810915932091193e-02 5.242944343845600e-02 1.124366372836477e-16
3365 1.402083333333333e-08 4.385028854062262e-16 1.124366372836477e-02 2.810915932091194e-02 5.242944343845230e-02 1.124366372836477e-16
3366 1.402499999999999e-08 4.385028854062282e-16 1.124366372836483e-02 2.810915932091207e-02 5.242944343845600e-02 1.124366372836483e-16
3367 1.402916666666666e-08 4.385028854062260e-16 1.124366372836477e-02 2.810915932091193e-02 5.242944343845230e-02 1.124366372836477e-16
3368 1.403333333333333e-08 4.385028854062269e-16 1.124366372836479e-02 2.810915932091198e-02 5.242944343845600e-02 1.124366372836479e-16
3369 1.403750000000000e-08 4.385028854062269e-16 1.124366372836479e-02 2.810915932091198e-02 5.242944343845230e-02 1.124366372836479e-16
3370 1.404166666666666e-08 4.385028854062251e-16 1.124366372836475e-02 2.810915932091186e-02 5.242944343845600e-02 1.124366372836475e-16
3371 1.404583333333333e-08 4.385028854062236e-16 1.124366372836471e-02 2.810915932091177e-02 5.242944343845230e-02 1.124366372836471e-16
3372 1.405000000000000e-08 4.385028854062269e-16 1.124366372836479e-02 2.810915932091198e-02 5.242944343845600e-02 1.124366372836479e-16
3373 1.405416666666666e-08 4.385028854062264e-16 1.124366372836478e-02 2.810915932091195e-02 5.242944343845230e-02 1.124366372836478e-16
3374 1.405833333333333e-08 4.385028854062260e-16 1.124366372836477e-02 2.810915932091193e-02 5.242944343845600e-02 1.124366372836477e-16
3375 1.406249999999999e-08 4.385028854062247e-16 1.124366372836474e-02 2.810915932091184e-02 5.242944343845230e-02 1.124366372836474e-16
3376 1.406666666666666e-08 4.385028854062264e-16 1.124366372836478e-02 2.810915932091195e-02 5.242944343845600e-02 1.124366372836478e-16
3377 1.407083333333333e-08 4.385028854062269e-16 1.124366372836479e-02 2.810915932091198e-02 5.242944343845230e-02 1.124366372836479e-16
3378 1.407500000000000e-08 4.385028854062280e-16 1.124366372836482e-02 2.810915932091206e-02 5.242944343845600e-02 1.124366372836482e-16
3379 1.407916666666666e-08 4.385028854062260e-16 1.124366372836477e-02 2.810915932091193e-02 5.242944343845230e-02 1.124366372836477e-16
3380 1.408333333333333e-08 4.385028854062266e-16 1.124366372836478e-02 2.810915932091197e-02 5.242944343845600e-02 1.124366372836478e-16
3381 1.408749999999999e-08 4.385028854062262e-16 1.124366372836477e-02 2.810915932091194e-02 5.242944343845230e-02 1.124366372836477e-16
3382 1.409166666666666e-08 4.385028854062253e-16 1.124366372836475e-02 2.810915932091188e-02 5.242944343845600e-02 1.124366372836475e-16
3383 1.409583333333333e-08 4.385028854062236e-16 1.124366372836471e-02 2.810915932091177e-02 5.242944343845230e-02 1.124366372836471e-16
3384 1.410000000000000e-08 4.385028854062274e-16 1.124366372836481e-02 2.810915932091201e-02 5.242944343845600e-02 1.124366372836481e-16
3385 1.410416666666666e-08 4.385028854062272e-16 1.124366372836480e-02 2.810915932091200e-02 5.242944343845230e-02 1.124366372836480e-16
3386 1.410833333333333e-08 4.385028854062258e-16 1.124366372836477e-02 2.810915932091192e-02 5.242944343845600e-02 1.124366372836476e-16
3387 1.411249999999999e-08 4.385028854062247e-16 1.124366372836474e-02 2.810915932091184e-02 5.242944343845230e-02 1.124366372836474e-16
3388 1.411666666666666e-08 4.385028854062260e-16 1.124366372836477e-02 2.810915932091193e-02 5.242944343845600e-02 1.124366372836477e-16
3389 1.412083333333333e-08 4.385028854062262e-16 1.124366372836477e-02 2.810915932091194e-02 5.242944343845230e-02 1.124366372836477e-16
3390 1.412500000000000e-08 4.385028854062282e-16 1.124366372836483e-02 2.810915932091207e-02 5.242944343845600e-02 1.124366372836483e-16
3391 1.412916666666666e-08 4.385028854062260e-16 1.124366372836477e-02 2.810915932091193e-02 5.242944343845230e-02 1.124366372836477e-16
3392 1.413333333333333e-08 4.385028854062269e-16 1.124366372836479e-02 2.810915932091198e-02 5.242944343845600e-02 1.124366372836479e-16
3393 1.413750000000000e-08 4.385028854062269e-16 1.124366372836479e-02 2.810915932091198e-02 5.242944343845230e-02 1.124366372836479e-16
3394 1.414166666666666e-08 4.385028854062251e-16 1.124366372836475e-02 2.810915932091186e-02 5.242944343845600e-02 1.124366372836475e-16
3395 1.414583333333333e-08 4.385028854062236e-16 1.124366372836471e-02 2.810915932091177e-02 5.242944343845230e-02 1.124366372836471e-16
3396 1.414999999999999e-08 4.385028854062269e-16 1.124366372836479e-02 2.810915932091198e-02 5.242944343845600e-02 1.124366372836479e-16
3397 1.415416666666666e-08 4.385028854062264e-16 1.124366372836478e-02 2.810915932091195e-02 5.242944343845230e-02 1.124366372836478e-16
3398 1.415833333333333e-08 4.385028854062260e-16 1.124366372836477e-02 2.810915932091193e-02 5.242944343845600e-02 1.124366372836477e-16
3399 1.416250000000000e-08 4.385028854062247e-16 1.124366372836474e-02 2.810915932091184e-02 5.242944343845230e-02 1.124366372836474e-16
3400 1.416666666666666e-08 4.385028854062264e-16 1.124366372836478e-02 2.810915932091195e-02 5.242944343845600e-02 1.124366372836478e-16
3401 1.417083333333333e-08 4.385028854062269e-16 1.124366372836479e-02 2.810915932091198e-02 5.242944343845230e-02 1.124366372836479e-16
3402 1.417499999999999e-08 4.385028854062280e-16 1.124366372836482e-02 2.810915932091206e-02 5.242944343845600e-02 1.124366372836482e-16
3403 1.417916666666666e-08 4.385028854062260e-16 1.124366372836477e-02 2.810915932091193e-02 5.242944343845230e-02 1.124366372836477e-16
3404 1.418333333333333e-08 4.385028854062266e-16 1.124366372836478e-02 2.810915932091197e-02 5.242944343845600e-02 1.124366372836478e-16
3405 1.418750000000000e-08 4.385028854062262e-16 1.124366372836477e-02 2.810915932091194e-02 5.242944343845230e-02 1.124366372836477e-16
3406 1.419166666666666e-08 4.385028854062253e-16 1.124366372836475e-02 2.810915932091188e-02 5.242944343845600e-02 1.124366372836475e-16
3407 1.419583333333333e-08 4.385028854062236e-16 1.124366372836471e-02 2.810915932091177e-02 5.242944343845230e-02 1.124366372836471e-16
3408 1.419999999999999e-08 4.385028854062274e-16 1.124366372836481e-02 2.810915932091201e-02 5.242944343845600e-02 1.124366372836481e-16
3409 1.420416666666666e-08 4.385028854062272e-16 1.124366372836480e-02 2.810915932091200e-02 5.242944343845230e-02 1.124366372836480e-16
3410 1.420833333333333e-08 4.385028854062258e-16 1.124366372836477e-02 2.810915932091192e-02 5.242944343845600e-02 1.124366372836476e-16
3411 1.421250000000000e-08 4.385028854062247e-16 1.124366372836474e-02 2.810915932091184e-02 5.242944343845230e-02 1.124366372836474e-16
3412 1.421666666666666e-08 4.385028854062260e-16 1.124366372836477e-02 2.810915932091193e-02 5.242944343845600e-02 1.124366372836477e-16
3413 1.422083333333333e-08 4.385028854062262e-16 1.124366372836477e-02 2.810915932091194e-02 5.242944343845230e-02 1.124366372836477e-16
3414 1.422500000000000e-08 4.385028854062282e-16 1.124366372836483e-02 2.810915932091207e-02 5.242944343845600e-02 1.124366372836483e-16
3415 1.422916666666666e-08 4.385028854062260e-16 1.124366372836477e-02 2.810915932091193e-02 5.242944343845230e-02 1.124366372836477e-16
3416 1.423333333333333e-08 4.385028854062269e-16 1.124366372836479e-02 2.810915932091198e-02 5.242944343845600e-02 1.124366372836479e-16
3417 1.423749999999999e-08 4.385028854062269e-16 1.124366372836479e-02 2.810915932091198e-02 5.242944343845230e-02 1.124366372836479e-16
3418 1.424166666666666e-08 4.385028854062251e-16 1.124366372836475e-02 2.810915932091186e-02 5.242944343845600e-02 1.124366372836475e-16
3419 1.424583333333333e-08 4.385028854062236e-16 1.124366372836471e-02 2.810915932091177e-02 5.242944343845230e-02 1.124366372836471e-16
3420 1.425000000000000e-08 4.385028854062269e-16 1.124366372836479e-02 2.810915932091198e-02 5.242944343845600e-02 1.124366372836479e-16
3421 1.425416666666666e-08 4.385028854062264e-16 1.124366372836478e-02 2.810915932091195e-02 5.242944343845230e-02 1.124366372836478e-16
3422 1.425833333333333e-08 4.385028854062260e-16 1.124366372836477e-02 2.810915932091193e-02 5.242944343845600e-02 1.124366372836477e-16
3423 1.426249999999999e-08 4.385028854062247e-16 1.124366372836474e-02 2.810915932091184e-02 5.242944343845230e-02 1.124366372836474e-16
3424 1.426666666666666e-08 4.385028854062264e-16 1.124366372836478e-02 2.810915932091195e-02 5.242944343845600e-02 1.124366372836478e-16
3425 1.427083333333333e-08 4.385028854062269e-16 1.124366372836479e-02 2.810915932091198e-02 5.242944343845230e-02 1.124366372836479e-16
3426 1.427500000000000e-08 4.385028854062280e-16 1.124366372836482e-02 2.810915932091206e-02 5.242944343845600e-02 1.124366372836482e-16
3427 1.427916666666666e-08 4.385028854062260e-16 1.124366372836477e-02 2.810915932091193e-02 5.242944343845230e-02 1.124366372836477e-16
3428 1.428333333333333e-08 4.385028854062266e-16 1.124366372836478e-02 2.810915932091197e-02 5.242944343845600e-02 1.124366372836478e-16
3429 1.428749999999999e-08 4.385028854062262e-16 1.124366372836477e-02 2.810915932091194e-02 5.242944343845230e-02 1.124366372836477e-16
3430 1.429166666666666e-08 4.385028854062253e-16 1.124366372836475e-02 2.810915932091188e-02 5.242944343845600e-02 1.124366372836475e-16
3431 1.429583333333333e-08 4.385028854062236e-16 1.124366372836471e-02 2.810915932091177e-02 5.242944343845230e-02 1.124366372836471e-16
3432 1.430000000000000e-08 4.385028854062274e-16 1.124366372836481e-02 2.810915932091201e-02 5.242944343845600e-02 1.124366372836481e-16
3433 1.430416666666666e-08 4.385028854062272e-16 1.124366372836480e-02 2.810915932091200e-02 5.242944343845230e-02 1.124366372836480e-16
3434 1.430833333333333e-08 4.385028854062258e-16 1.124366372836477e-02 2.810915932091192e-02 5.242944343845600e-02 1.124366372836476e-16
3435 1.431249999999999e-08 4.385028854062247e-16 1.124366372836474e-02 2.810915932091184e-02 5.242944343845230e-02 1.124366372836474e-16
3436 1.431666666666666e-08 4.385028854062260e-16 1.124366372836477e-02 2.810915932091193e-02 5.242944343845600e-02 1.124366372836477e-16
3437 1.432083333333333e-08 4.385028854062262e-16 1.124366372836477e-02 2.810915932091194e-02 5.242944343845230e-02 1.124366372836477e-16
3438 1.432499999999999e-08 4.385028854062282e-16 1.124366372836483e-02 2.810915932091207e-02 5.242944343845600e-02 1.124366372836483e-16
3439 1.432916666666666e-08 4.385028854062260e-16 1.124366372836477e-02 2.810915932091193e-02 5.242944343845230e-02 1.124366372836477e-16
3440 1.433333333333333e-08 4.385028854062269e-16 1.124366372836479e-02 2.810915932091198e-02 5.242944343845600e-02 1.124366372836479e-16
3441 1.433750000000000e-08 4.385028854062269e-16 1.124366372836479e-02 2.810915932091198e-02 5.242944343845230e-02 1.124366372836479e-16
3442 1.434166666666666e-08 4.385028854062251e-16 1.124366372836475e-02 2.810915932091186e-02 5.242944343845600e-02 1.124366372836475e-16
3443 1.434583333333333e-08 4.385028854062236e-16 1.124366372836471e-02 2.810915932091177e-02 5.242944343845230e-02 1.124366372836471e-16
3444 1.434999999999999e-08 4.385028854062269e-16 1.124366372836479e-02 2.810915932091198e-02 5.242944343845600e-02 1.124366372836479e-16
3445 1.435416666666666e-08 4.385028854062264e-16 1.124366372836478e-02 2.810915932091195e-02 5.242944343845230e-02 1.124366372836478e-16
3446 1.435833333333333e-08 4.385028854062260e-16 1.124366372836477e-02 2.810915932091193e-02 5.242944343845600e-02 1.124366372836477e-16
3447 1.436250000000000e-08 4.385028854062247e-16 1.124366372836474e-02 2.810915932091184e-02 5.242944343845230e-02 1.124366372836474e-16
3448 1.436666666666666e-08 4.385028854062264e-16 1.124366372836478e-02 2.810915932091195e-02 5.242944343845600e-02 1.124366372836478e-16
3449 1.437083333333333e-08 4.385028854062269e-16 1.124366372836479e-02 2.810915932091198e-02 5.242944343845230e-02 1.124366372836479e-16
3450 1.437499999999999e-08 4.385028854062280e-16 1.124366372836482e-02 2.810915932091206e-02 5.242944343845600e-02 1.124366372836482e-16
3451 1.437916666666666e-08 4.385028854062260e-16 1.124366372836477e-02 2.810915932091193e-02 5.242944343845230e-02 1.124366372836477e-16
3452 1.438333333333333e-08 4.385028854062266e-16 1.124366372836478e-02 2.810915932091197e-02 5.242944343845600e-02 1.124366372836478e-16
3453 1.438750000000000e-08 4.385028854062262e-16 1.124366372836477e-02 2.810915932091194e-02 5.242944343845230e-02 1.124366372836477e-16
3454 1.439166666666666e-08 4.385028854062253e-16 1.124366372836475e-02 2.810915932091188e-02 5.242944343845600e-02 1.124366372836475e-16
3455 1.439583333333333e-08 4.385028854062236e-16 1.124366372836471e-02 2.810915932091177e-02 5.242944343845230e-02 1.124366372836471e-16
3456 1.439999999999999e-08 4.385028854062274e-16 1.124366372836481e-02 2.810915932091201e-02 5.242944343845600e-02 1.124366372836481e-16
3457 1.440416666666666e-08 4.385028854062272e-16 1.124366372836480e-02 2.810915932091200e-02 5.242944343845230e-02 1.124366372836480e-16
3458 1.440833333333333e-08 4.385028854062258e-16 1.124366372836477e-02 2.810915932091192e-02 5.242944343845600e-02 1.124366372836476e-16
3459 1.441249999999999e-08 4.385028854062247e-16 1.124366372836474e-02 2.810915932091184e-02 5.242944343845230e-02 1.124366372836474e-16
3460 1.441666666666666e-08 4.385028854062260e-16 1.124366372836477e-02 2.810915932091193e-02 5.242944343845600e-02 1.124366372836477e-16
3461 1.442083333333333e-08 4.385028854062262e-16 1.124366372836477e-02 2.810915932091194e-02 5.242944343845230e-02 1.124366372836477e-16
3462 1.442500000000000e-08 4.385028854062282e-16 1.124366372836483e-02 2.810915932091207e-02 5.242944343845600e-02 1.124366372836483e-16
3463 1.442916666666666e-08 4.385028854062260e-16 1.124366372836477e-02 2.810915932091193e-02 5.242944343845230e-02 1.124366372836477e-16
3464 1.443333333333333e-08 4.385028854062269e-16 1.124366372836479e-02 2.810915932091198e-02 5.242944343845600e-02 1.124366372836479e-16
3465 1.443749999999999e-08 4.385028854062269e-16 1.124366372836479e-02 2.810915932091198e-02 5.242944343845230e-02 1.124366372836479e-16
3466 1.444166666666666e-08 4.385028854062251e-16 1.124366372836475e-02 2.810915932091186e-02 5.242944343845600e-02 1.124366372836475e-16
3467 1.444583333333333e-08 4.385028854062236e-16 1.124366372836471e-02 2.810915932091177e-02 5.242944343845230e-02 1.124366372836471e-16
3468 1.445000000000000e-08 4.385028854062269e-16 1.124366372836479e-02 2.810915932091198e-02 5.242944343845600e-02 1.124366372836479e-16
3469 1.445416666666666e-08 4.385028854062264e-16 1.124366372836478e-02 2.810915932091195e-02 5.242944343845230e-02 1.124366372836478e-16
3470 1.445833333333333e-08 4.385028854062260e-16 1.124366372836477e-02 2.810915932091193e-02 5.242944343845600e-02 1.124366372836477e-16
3471 1.446249999999999e-08 4.385028854062247e-16 1.124366372836474e-02 2.810915932091184e-02 5.242944343845230e-02 1.124366372836474e-16
3472 1.446666666666666e-08 4.385028854062264e-16 1.124366372836478e-02 2.810915932091195e-02 5.242944343845600e-02 1.124366372836478e-16
3473 1.447083333333333e-08 4.385028854062269e-16 1.124366372836479e-02 2.810915932091198e-02 5.242944343845230e-02 1.124366372836479e-16
3474 1.447500000000000e-08 4.385028854062280e-16 1.124366372836482e-02 2.810915932091206e-02 5.242944343845600e-02 1.124366372836482e-16
3475 1.447916666666666e-08 4.385028854062260e-16 1.124366372836477e-02 2.810915932091193e-02 5.242944343845230e-02 1.124366372836477e-16
3476 1.448333333333333e-08 4.385028854062266e-16 1.124366372836478e-02 2.810915932091197e-02 5.242944343845600e-02 1.124366372836478e-16
3477 1.448749999999999e-08 4.385028854062262e-16 1.124366372836477e-02 2.810915932091194e-02 5.242944343845230e-02 1.124366372836477e-16
3478 1.449166666666666e-08 4.385028854062253e-16 1.124366372836475e-02 2.810915932091188e-02 5.242944343845600e-02 1.124366372836475e-16
3479 1.449583333333333e-08 4.385028854062236e-16 1.124366372836471e-02 2.810915932091177e-02 5.242944343845230e-02 1.124366372836471e-16
3480 1.449999999999999e-08 4.385028854062274e-16 1.124366372836481e-02 2.810915932091201e-02 5.242944343845600e-02 1.124366372836481e-16
3481 1.450416666666666e-08 4.385028854062272e-16 1.124366372836480e-02 2.810915932091200e-02 5.242944343845230e-02 1.124366372836480e-16
3482 1.450833333333333e-08 4.385028854062258e-16 1.124366372836477e-02 2.810915932091192e-02 5.242944343845600e-02 1.124366372836476e-16
3483 1.451250000000000e-08 4.385028854062247e-16 1.124366372836474e-02 2.810915932091184e-02 5.242944343845230e-02 1.124366372836474e-16
3484 1.451666666666666e-08 4.385028854062260e-16 1.124366372836477e-02 2.810915932091193e-02 5.242944343845600e-02 1.124366372836477e-16
3485 1.452083333333333e-08 4.385028854062262e-16 1.124366372836477e-02 2.810915932091194e-02 5.242944343845230e-02 1.124366372836477e-16
3486 1.452499999999999e-08 4.385028854062282e-16 1.124366372836483e-02 2.810915932091207e-02 5.242944343845600e-02 1.124366372836483e-16
3487 1.452916666666666e-08 4.385028854062260e-16 1.124366372836477e-02 2.810915932091193e-02 5.242944343845230e-02 1.124366372836477e-16
3488 1.453333333333333e-08 4.385028854062269e-16 1.124366372836479e-02 2.810915932091198e-02 5.242944343845600e-02 1.124366372836479e-16
3489 1.453750000000000e-08 4.385028854062269e-16 1.124366372836479e-02 2.810915932091198e-02 5.242944343845230e-02 1.124366372836479e-16
3490 1.454166666666666e-08 4.385028854062251e-16 1.124366372836475e-02 2.810915932091186e-02 5.242944343845600e-02 1.124366372836475e-16
3491 1.454583333333333e-08 4.385028854062236e-16 1.124366372836471e-02 2.810915932091177e-02 5.242944343845230e-02 1.124366372836471e-16
3492 1.454999999999999e-08 4.385028854062269e-16 1.124366372836479e-02 2.810915932091198e-02 5.242944343845600e-02 1.124366372836479e-16
3493 1.455416666666666e-08 4.385028854062264e-16 1.124366372836478e-02 2.810915932091195e-02 5.242944343845230e-02 1.124366372836478e-16
3494 1.455833333333333e-08 4.385028854062260e-16 1.124366372836477e-02 2.810915932091193e-02 5.242944343845600e-02 1.124366372836477e-16
3495 1.456250000000000e-08 4.385028854062247e-16 1.124366372836474e-02 2.810915932091184e-02 5.242944343845230e-02 1.124366372836474e-16
3496 1.456666666666666e-08 4.385028854062264e-16 1.124366372836478e-02 2.810915932091195e-02 5.242944343845600e-02 1.124366372836478e-16
3497 1.457083333333333e-08 4.385028854062269e-16 1.124366372836479e-02 2.810915932091198e-02 5.242944343845230e-02 1.124366372836479e-16
3498 1.457499999999999e-08 4.385028854062280e-16 1.124366372836482e-02 2.810915932091206e-02 5.242944343845600e-02 1.124366372836482e-16
3499 1.457916666666666e-08 4.385028854062260e-16 1.124366372836477e-02 2.810915932091193e-02 5.242944343845230e-02 1.124366372836477e-16
3500 1.458333333333333e-08 4.385028854062266e-16 1.124366372836478e-02 2.810915932091197e-02 5.242944343845600e-02 1.124366372836478e-16
3501 1.458749999999999e-08 4.385028854062262e-16 1.124366372836477e-02 2.810915932091194e-02 5.242944343845230e-02 1.124366372836477e-16
3502 1.459166666666666e-08 4.385028854062253e-16 1.124366372836475e-02 2.810915932091188e-02 5.242944343845600e-02 1.124366372836475e-16
3503 1.459583333333333e-08 4.385028854062236e-16 1.124366372836471e-02 2.810915932091177e-02 5.242944343845230e-02 1.124366372836471e-16
3504 1.460000000000000e-08 4.385028854062274e-16 1.124366372836481e-02 2.810915932091201e-02 5.242944343845600e-02 1.124366372836481e-16
3505 1.460416666666666e-08 4.385028854062272e-16 1.124366372836480e-02 2.810915932091200e-02 5.242944343845230e-02 1.124366372836480e-16
3506 1.460833333333333e-08 4.385028854062258e-16 1.124366372836477e-02 2.810915932091192e-02 5.242944343845600e-02 1.124366372836476e-16
3507 1.461249999999999e-08 4.385028854062247e-16 1.124366372836474e-02 2.810915932091184e-02 5.242944343845230e-02 1.124366372836474e-16
3508 1.461666666666666e-08 4.385028854062260e-16 1.124366372836477e-02 2.810915932091193e-02 5.242944343845600e-02 1.124366372836477e-16
3509 1.462083333333333e-08 4.385028854062262e-16 1.124366372836477e-02 2.810915932091194e-02 5.242944343845230e-02 1.124366372836477e-16
3510 1.462500000000000e-08 4.385028854062282e-16 1.124366372836483e-02 2.810915932091207e-02 5.242944343845600e-02 1.124366372836483e-16
3511 1.462916666666666e-08 4.385028854062260e-16 1.124366372836477e-02 2.810915932091193e-02 5.242944343845230e-02 1.124366372836477e-16
3512 1.463333333333333e-08 4.385028854062269e-16 1.124366372836479e-02 2.810915932091198e-02 5.242944343845600e-02 1.124366372836479e-16
3513 1.463749999999999e-08 4.385028854062269e-16 1.124366372836479e-02 2.810915932091198e-02 5.242944343845230e-02 1.124366372836479e-16
3514 1.464166666666666e-08 4.385028854062251e-16 1.124366372836475e-02 2.810915932091186e-02 5.242944343845600e-02 1.124366372836475e-16
3515 1.464583333333333e-08 4.385028854062236e-16 1.124366372836471e-02 2.810915932091177e-02 5.242944343845230e-02 1.124366372836471e-16
3516 1.465000000000000e-08 4.385028854062269e-16 1.124366372836479e-02 2.810915932091198e-02 5.242944343845600e-02 1.124366372836479e-16
3517 1.465416666666666e-08 4.385028854062264e-16 1.124366372836478e-02 2.810915932091195e-02 5.242944343845230e-02 1.124366372836478e-16
3518 1.465833333333333e-08 4.385028854062260e-16 1.124366372836477e-02 2.810915932091193e-02 5.242944343845600e-02 1.124366372836477e-16
3519 1.466249999999999e-08 4.385028854062247e-16 1.124366372836474e-02 2.810915932091184e-02 5.242944343845230e-02 1.124366372836474e-16
3520 1.466666666666666e-08 4.385028854062264e-16 1.124366372836478e-02 2.810915932091195e-02 5.242944343845600e-02 1.124366372836478e-16
3521 1.467083333333333e-08 4.385028854062269e-16 1.124366372836479e-02 2.810915932091198e-02 5.242944343845230e-02 1.124366372836479e-16
3522 1.467499999999999e-08 4.385028854062280e-16 1.124366372836482e-02 2.810915932091206e-02 5.242944343845600e-02 1.124366372836482e-16
3523 1.467916666666666e-08 4.385028854062260e-16 1.124366372836477e-02 2.810915932091193e-02 5.242944343845230e-02 1.124366372836477e-16
3524 1.468333333333333e-08 4.385028854062266e-16 1.124366372836478e-02 2.810915932091197e-02 5.242944343845600e-02 1.124366372836478e-16
3525 1.468750000000000e-08 4.385028854062262e-16 1.124366372836477e-02 2.810915932091194e-02 5.242944343845230e-02 1.124366372836477e-16
3526 1.469166666666666e-08 4.385028854062253e-16 1.124366372836475e-02 2.810915932091188e-02 5.242944343845600e-02 1.124366372836475e-16
3527 1.469583333333333e-08 4.385028854062236e-16 1.124366372836471e-02 2.810915932091177e-02 5.242944343845230e-02 1.124366372836471e-16
3528 1.469999999999999e-08 4.385028854062274e-16 1.124366372836481e-02 2.810915932091201e-02 5.242944343845600e-02 1.124366372836481e-16
3529 1.470416666666666e-08 4.385028854062272e-16 1.124366372836480e-02 2.810915932091200e-02 5.242944343845230e-02 1.124366372836480e-16
3530 1.470833333333333e-08 4.385028854062258e-16 1.124366372836477e-02 2.810915932091192e-02 5.242944343845600e-02 1.124366372836476e-16
3531 1.471250000000000e-08 4.385028854062247e-16 1.124366372836474e-02 2.810915932091184e-02 5.242944343845230e-02 1.124366372836474e-16
3532 1.471666666666666e-08 4.385028854062260e-16 1.124366372836477e-02 2.810915932091193e-02 5.242944343845600e-02 1.124366372836477e-16
3533 1.472083333333333e-08 4.385028854062262e-16 1.124366372836477e-02 2.810915932091194e-02 5.242944343845230e-02 1.124366372836477e-16
3534 1.472499999999999e-08 4.385028854062282e-16 1.124366372836483e-02 2.810915932091207e-02 5.242944343845600e-02 1.124366372836483e-16
3535 1.472916666666666e-08 4.385028854062260e-16 1.124366372836477e-02 2.810915932091193e-02 5.242944343845230e-02 1.124366372836477e-16
3536 1.473333333333333e-08 4.385028854062269e-16 1.124366372836479e-02 2.810915932091198e-02 5.242944343845600e-02 1.124366372836479e-16
3537 1.473750000000000e-08 4.385028854062269e-16 1.124366372836479e-02 2.810915932091198e-02 5.242944343845230e-02 1.124366372836479e-16
3538 1.474166666666666e-08 4.385028854062251e-16 1.124366372836475e-02 2.810915932091186e-02 5.242944343845600e-02 1.124366372836475e-16
3539 1.474583333333333e-08 4.385028854062236e-16 1.124366372836471e-02 2.810915932091177e-02 5.242944343845230e-02 1.124366372836471e-16
3540 1.474999999999999e-08 4.385028854062269e-16 1.124366372836479e-02 2.810915932091198e-02 5.242944343845600e-02 1.124366372836479e-16
3541 1.475416666666666e-08 4.385028854062264e-16 1.124366372836478e-02 2.810915932091195e-02 5.242944343845230e-02 1.124366372836478e-16
3542 1.475833333333333e-08 4.385028854062260e-16 1.124366372836477e-02 2.810915932091193e-02 5.242944343845600e-02 1.124366372836477e-16
3543 1.476249999999999e-08 4.385028854062247e-16 1.124366372836474e-02 2.810915932091184e-02 5.242944343845230e-02 1.124366372836474e-16
3544 1.476666666666666e-08 4.385028854062264e-16 1.124366372836478e-02 2.810915932091195e-02 5.242944343845600e-02 1.124366372836478e-16
3545 1.477083333333333e-08 4.385028854062269e-16 1.124366372836479e-02 2.810915932091198e-02 5.242944343845230e-02 1.124366372836479e-16
3546 1.477499999999999e-08 4.385028854062280e-16 1.124366372836482e-02 2.810915932091206e-02 5.242944343845600e-02 1.124366372836482e-16
3547 1.477916666666666e-08 4.385028854062260e-16 1.124366372836477e-02 2.810915932091193e-02 5.242944343845230e-02 1.124366372836477e-16
3548 1.478333333333333e-08 4.385028854062266e-16 1.124366372836478e-02 2.810915932091197e-02 5.242944343845600e-02 1.124366372836478e-16
3549 1.478749999999999e-08 4.385028854062262e-16 1.124366372836477e-02 2.810915932091194e-02 5.242944343845230e-02 1.124366372836477e-16
3550 1.479166666666666e-08 4.385028854062253e-16 1.124366372836475e-02 2.810915932091188e-02 5.242944343845600e-02 1.124366372836475e-16
3551 1.479583333333333e-08 4.385028854062236e-16 1.124366372836471e-02 2.810915932091177e-02 5.242944343845230e-02 1.124366372836471e-16
3552 1.480000000000000e-08 4.385028854062274e-16 1.124366372836481e-02 2.810915932091201e-02 5.242944343845600e-02 1.124366372836481e-16
3553 1.480416666666666e-08 4.385028854062272e-16 1.124366372836480e-02 2.810915932091200e-02 5.242944343845230e-02 1.124366372836480e-16
3554 1.480833333333333e-08 4.385028854062258e-16 1.124366372836477e-02 2.810915932091192e-02 5.242944343845600e-02 1.124366372836476e-16
3555 1.481249999999999e-08 4.385028854062247e-16 1.124366372836474e-02 2.810915932091184e-02 5.242944343845230e-02 1.124366372836474e-16
3556 1.481666666666666e-08 4.385028854062260e-16 1.124366372836477e-02 2.810915932091193e-02 5.242944343845600e-02 1.124366372836477e-16
3557 1.482083333333333e-08 4.385028854062262e-16 1.124366372836477e-02 2.810915932091194e-02 5.242944343845230e-02 1.124366372836477e-16
3558 1.482500000000000e-08 4.385028854062282e-16 1.124366372836483e-02 2.810915932091207e-02 5.242944343845600e-02 1.124366372836483e-16
3559 1.482916666666666e-08 4.385028854062260e-16 1.124366372836477e-02 2.810915932091193e-02 5.242944343845230e-02 1.124366372836477e-16
3560 1.483333333333333e-08 4.385028854062269e-16 1.124366372836479e-02 2.810915932091198e-02 5.242944343845600e-02 1.124366372836479e-16
3561 1.483749999999999e-08 4.385028854062269e-16 1.124366372836479e-02 2.810915932091198e-02 5.242944343845230e-02 1.124366372836479e-16
3562 1.484166666666666e-08 4.385028854062251e-16 1.124366372836475e-02 2.810915932091186e-02 5.242944343845600e-02 1.124366372836475e-16
3563 1.484583333333333e-08 4.385028854062236e-16 1.124366372836471e-02 2.810915932091177e-02 5.242944343845230e-02 1.124366372836471e-16
3564 1.484999999999999e-08 4.385028854062269e-16 1.124366372836479e-02 2.810915932091198e-02 5.242944343845600e-02 1.124366372836479e-16
3565 1.485416666666666e-08 4.385028854062264e-16 1.124366372836478e-02 2.810915932091195e-02 5.242944343845230e-02 1.124366372836478e-16
3566 1.485833333333333e-08 4.385028854062260e-16 1.124366372836477e-02 2.810915932091193e-02 5.242944343845600e-02 1.124366372836477e-16
3567 1.486249999999999e-08 4.385028854062247e-16 1.124366372836474e-02 2.810915932091184e-02 5.242944343845230e-02 1.124366372836474e-16
3568 1.486666666666666e-08 4.385028854062264e-16 1.124366372836478e-02 2.810915932091195e-02 5.242944343845600e-02 1.124366372836478e-16
3569 1.487083333333333e-08 4.385028854062269e-16 1.124366372836479e-02 2.810915932091198e-02 5.242944343845230e-02 1.124366372836479e-16
3570 1.487499999999999e-08 4.385028854062280e-16 1.124366372836482e-02 2.810915932091206e-02 5.242944343845600e-02 1.124366372836482e-16
3571 1.487916666666666e-08 4.385028854062260e-16 1.124366372836477e-02 2.810915932091193e-02 5.242944343845230e-02 1.124366372836477e-16
3572 1.488333333333333e-08 4.385028854062266e-16 1.124366372836478e-02 2.810915932091197e-02 5.242944343845600e-02 1.124366372836478e-16
3573 1.488750000000000e-08 4.385028854062262e-16 1.124366372836477e-02 2.810915932091194e-02 5.242944343845230e-02 1.124366372836477e-16
3574 1.489166666666666e-08 4.385028854062253e-16 1.124366372836475e-02 2.810915932091188e-02 5.242944343845600e-02 1.124366372836475e-16
3575 1.489583333333333e-08 4.385028854062236e-16 1.124366372836471e-02 2.810915932091177e-02 5.242944343845230e-02 1.124366372836471e-16
3576 1.489999999999999e-08 4.385028854062274e-16 1.124366372836481e-02 2.810915932091201e-02 5.242944343845600e-02 1.124366372836481e-16
3577 1.490416666666666e-08 4.385028854062272e-16 1.124366372836480e-02 2.810915932091200e-02 5.242944343845230e-02 1.124366372836480e-16
3578 1.490833333333333e-08 4.385028854062258e-16 1.124366372836477e-02 2.810915932091192e-02 5.242944343845600e-02 1.124366372836476e-16
3579 1.491250000000000e-08 4.385028854062247e-16 1.124366372836474e-02 2.810915932091184e-02 5.242944343845230e-02 1.124366372836474e-16
3580 1.491666666666666e-08 4.385028854062260e-16 1.124366372836477e-02 2.810915932091193e-02 5.242944343845600e-02 1.124366372836477e-16
3581 1.492083333333333e-08 4.385028854062262e-16 1.124366372836477e-02 2.810915932091194e-02 5.242944343845230e-02 1.124366372836477e-16
3582 1.492500000000000e-08 4.385028854062282e-16 1.124366372836483e-02 2.810915932091207e-02 5.242944343845600e-02 1.124366372836483e-16
3583 1.492916666666666e-08 4.385028854062260e-16 1.124366372836477e-02 2.810915932091193e-02 5.242944343845230e-02 1.124366372836477e-16
3584 1.493333333333333e-08 4.385028854062269e-16 1.124366372836479e-02 2.810915932091198e-02 5.242944343845600e-02 1.124366372836479e-16
3585 1.493749999999999e-08 4.385028854062269e-16 1.124366372836479e-02 2.810915932091198e-02 5.242944343845230e-02 1.124366372836479e-16
3586 1.494166666666666e-08 4.385028854062251e-16 1.124366372836475e-02 2.810915932091186e-02 5.242944343845600e-02 1.124366372836475e-16
3587 1.494583333333333e-08 4.385028854062236e-16 1.124366372836471e-02 2.810915932091177e-02 5.242944343845230e-02 1.124366372836471e-16
3588 1.494999999999999e-08 4.385028854062269e-16 1.124366372836479e-02 2.810915932091198e-02 5.242944343845600e-02 1.124366372836479e-16
3589 1.495416666666666e-08 4.385028854062264e-16 1.124366372836478e-02 2.810915932091195e-02 5.242944343845230e-02 1.124366372836478e-16
3590 1.495833333333333e-08 4.385028854062260e-16 1.124366372836477e-02 2.810915932091193e-02 5.242944343845600e-02 1.124366372836477e-16
3591 1.496250000000000e-08 4.385028854062247e-16 1.124366372836474e-02 2.810915932091184e-02 5.242944343845230e-02 1.124366372836474e-16
3592 1.496666666666666e-08 4.385028854062264e-16 1.124366372836478e-02 2.810915932091195e-02 5.242944343845600e-02 1.124366372836478e-16
3593 1.497083333333333e-08 4.385028854062269e-16 1.124366372836479e-02 2.810915932091198e-02 5.242944343845230e-02 1.124366372836479e-16
3594 1.497499999999999e-08 4.385028854062280e-16 1.124366372836482e-02 2.810915932091206e-02 5.242944343845600e-02 1.124366372836482e-16
3595 1.497916666666666e-08 4.385028854062260e-16 1.124366372836477e-02 2.810915932091193e-02 5.242944343845230e-02 1.124366372836477e-16
3596 1.498333333333333e-08 4.385028854062266e-16 1.124366372836478e-02 2.810915932091197e-02 5.242944343845600e-02 1.124366372836478e-16
3597 1.498749999999999e-08 4.385028854062262e-16 1.124366372836477e-02 2.810915932091194e-02 5.242944343845230e-02 1.124366372836477e-16
3598 1.499166666666666e-08 4.385028854062253e-16 1.124366372836475e-02 2.810915932091188e-02 5.242944343845600e-02 1.124366372836475e-16
3599 1.499583333333333e-08 4.385028854062236e-16 1.124366372836471e-02 2.810915932091177e-02 5.242944343845230e-02 1.124366372836471e-16
3600 1.500000000000000e-08 4.385028854062274e-16 1.124366372836481e-02 2.810915932091201e-02 5.242944343845600e-02 1.124366372836481e-16
3601 1.500416666666666e-08 4.385028854062272e-16 1.124366372836480e-02 2.810915932091200e-02 5.242944343845230e-02 1.124366372836480e-16
3602 1.500833333333333e-08 4.385028854062258e-16 1.124366372836477e-02 2.810915932091192e-02 5.242944343845600e-02 1.124366372836476e-16
3603 1.501250000000000e-08 4.385028854062247e-16 1.124366372836474e-02 2.810915932091184e-02 5.242944343845230e-02 1.124366372836474e-16
3604 1.501666666666666e-08 4.385028854062260e-16 1.124366372836477e-02 2.810915932091193e-02 5.242944343845600e-02 1.124366372836477e-16
3605 1.502083333333333e-08 4.385028854062262e-16 1.124366372836477e-02 2.810915932091194e-02 5.242944343845230e-02 1.124366372836477e-16
3606 1.502499999999999e-08 4.385028854062282e-16 1.124366372836483e-02 2.810915932091207e-02 5.242944343845600e-02 1.124366372836483e-16
3607 1.502916666666666e-08 4.385028854062260e-16 1.124366372836477e-02 2.810915932091193e-02 5.242944343845230e-02 1.124366372836477e-16
3608 1.503333333333333e-08 4.385028854062269e-16 1.124366372836479e-02 2.810915932091198e-02 5.242944343845600e-02 1.124366372836479e-16
3609 1.503749999999999e-08 4.385028854062269e-16 1.124366372836479e-02 2.810915932091198e-02 5.242944343845230e-02 1.124366372836479e-16
3610 1.504166666666666e-08 4.385028854062251e-16 1.124366372836475e-02 2.810915932091186e-02 5.242944343845600e-02 1.124366372836475e-16
3611 1.504583333333333e-08 4.385028854062236e-16 1.124366372836471e-02 2.810915932091177e-02 5.242944343845230e-02 1.124366372836471e-16
3612 1.505000000000000e-08 4.385028854062269e-16 1.124366372836479e-02 2.810915932091198e-02 5.242944343845600e-02 1.124366372836479e-16
3613 1.505416666666666e-08 4.385028854062264e-16 1.124366372836478e-02 2.810915932091195e-02 5.242944343845230e-02 1.124366372836478e-16
3614 1.505833333333333e-08 4.385028854062260e-16 1.124366372836477e-02 2.810915932091193e-02 5.242944343845600e-02 1.124366372836477e-16
3615 1.506249999999999e-08 4.385028854062247e-16 1.124366372836474e-02 2.810915932091184e-02 5.242944343845230e-02 1.124366372836474e-16
3616 1.506666666666666e-08 4.385028854062264e-16 1.124366372836478e-02 2.810915932091195e-02 5.242944343845600e-02 1.124366372836478e-16
3617 1.507083333333333e-08 4.385028854062269e-16 1.124366372836479e-02 2.810915932091198e-02 5.242944343845230e-02 1.124366372836479e-16
3618 1.507499999999999e-08 4.385028854062280e-16 1.124366372836482e-02 2.810915932091206e-02 5.242944343845600e-02 1.124366372836482e-16
3619 1.507916666666666e-08 4.385028854062260e-16 1.124366372836477e-02 2.810915932091193e-02 5.242944343845230e-02 1.124366372836477e-16
3620 1.508333333333333e-08 4.385028854062266e-16 1.124366372836478e-02 2.810915932091197e-02 5.242944343845600e-02 1.124366372836478e-16
3621 1.508750000000000e-08 4.385028854062262e-16 1.124366372836477e-02 2.810915932091194e-02 5.242944343845230e-02 1.124366372836477e-16
3622 1.509166666666666e-08 4.385028854062253e-16 1.124366372836475e-02 2.810915932091188e-02 5.242944343845600e-02 1.124366372836475e-16
3623 1.509583333333333e-08 4.385028854062236e-16 1.124366372836471e-02 2.810915932091177e-02 5.242944343845230e-02 1.124366372836471e-16
3624 1.510000000000000e-08 4.385028854062274e-16 1.124366372836481e-02 2.810915932091201e-02 5.242944343845600e-02 1.124366372836481e-16
3625 1.510416666666666e-08 4.385028854062272e-16 1.124366372836480e-02 2.810915932091200e-02 5.242944343845230e-02 1.124366372836480e-16
3626 1.510833333333333e-08 4.385028854062258e-16 1.124366372836477e-02 2.810915932091192e-02 5.242944343845600e-02 1.124366372836476e-16
3627 1.511249999999999e-08 4.385028854062247e-16 1.124366372836474e-02 2.810915932091184e-02 5.242944343845230e-02 1.124366372836474e-16
3628 1.511666666666666e-08 4.385028854062260e-16 1.124366372836477e-02 2.810915932091193e-02 5.242944343845600e-02 1.124366372836477e-16
3629 1.512083333333333e-08 4.385028854062262e-16 1.124366372836477e-02 2.810915932091194e-02 5.242944343845230e-02 1.124366372836477e-16
3630 1.512499999999999e-08 4.385028854062282e-16 1.124366372836483e-02 2.810915932091207e-02 5.242944343845600e-02 1.124366372836483e-16
3631 1.512916666666666e-08 4.385028854062260e-16 1.124366372836477e-02 2.810915932091193e-02 5.242944343845230e-02 1.124366372836477e-16
3632 1.513333333333333e-08 4.385028854062269e-16 1.124366372836479e-02 2.810915932091198e-02 5.242944343845600e-02 1.124366372836479e-16
3633 1.513750000000000e-08 4.385028854062269e-16 1.124366372836479e-02 2.810915932091198e-02 5.242944343845230e-02 1.124366372836479e-16
3634 1.514166666666666e-08 4.385028854062251e-16 1.124366372836475e-02 2.810915932091186e-02 5.242944343845600e-02 1.124366372836475e-16
3635 1.514583333333333e-08 4.385028854062236e-16 1.124366372836471e-02 2.810915932091177e-02 5.242944343845230e-02 1.124366372836471e-16
3636 1.514999999999999e-08 4.385028854062269e-16 1.124366372836479e-02 2.810915932091198e-02 5.242944343845600e-02 1.124366372836479e-16
3637 1.515416666666666e-08 4.385028854062264e-16 1.124366372836478e-02 2.810915932091195e-02 5.242944343845230e-02 1.124366372836478e-16
3638 1.515833333333333e-08 4.385028854062260e-16 1.124366372836477e-02 2.810915932091193e-02 5.242944343845600e-02 1.124366372836477e-16
3639 1.516249999999999e-08 4.385028854062247e-16 1.124366372836474e-02 2.810915932091184e-02 5.242944343845230e-02 1.124366372836474e-16
3640 1.516666666666666e-08 4.385028854062264e-16 1.124366372836478e-02 2.810915932091195e-02 5.242944343845600e-02 1.124366372836478e-16
3641 1.517083333333333e-08 4.385028854062269e-16 1.124366372836479e-02 2.810915932091198e-02 5.242944343845230e-02 1.124366372836479e-16
3642 1.517500000000000e-08 4.385028854062280e-16 1.124366372836482e-02 2.810915932091206e-02 5.242944343845600e-02 1.124366372836482e-16
3643 1.517916666666666e-08 4.385028854062260e-16 1.124366372836477e-02 2.810915932091193e-02 5.242944343845230e-02 1.124366372836477e-16
3644 1.518333333333333e-08 4.385028854062266e-16 1.124366372836478e-02 2.810915932091197e-02 5.242944343845600e-02 1.124366372836478e-16
3645 1.518750000000000e-08 4.385028854062262e-16 1.124366372836477e-02 2.810915932091194e-02 5.242944343845230e-02 1.124366372836477e-16
3646 1.519166666666666e-08 4.385028854062253e-16 1.124366372836475e-02 2.810915932091188e-02 5.242944343845600e-02 1.124366372836475e-16
3647 1.519583333333333e-08 4.385028854062236e-16 1.124366372836471e-02 2.810915932091177e-02 5.242944343845230e-02 1.124366372836471e-16
3648 1.519999999999999e-08 4.385028854062274e-16 1.124366372836481e-02 2.810915932091201e-02 5.242944343845600e-02 1.124366372836481e-16
3649 1.520416666666666e-08 4.385028854062272e-16 1.124366372836480e-02 2.810915932091200e-02 5.242944343845230e-02 1.124366372836480e-16
3650 1.520833333333333e-08 4.385028854062258e-16 1.124366372836477e-02 2.810915932091192e-02 5.242944343845600e-02 1.124366372836476e-16
3651 1.521249999999999e-08 4.385028854062247e-16 1.124366372836474e-02 2.810915932091184e-02 5.242944343845230e-02 1.124366372836474e-16
3652 1.521666666666666e-08 4.385028854062260e-16 1.124366372836477e-02 2.810915932091193e-02 5.242944343845600e-02 1.124366372836477e-16
3653 1.522083333333333e-08 4.385028854062262e-16 1.124366372836477e-02 2.810915932091194e-02 5.242944343845230e-02 1.124366372836477e-16
3654 1.522500000000000e-08 4.385028854062282e-16 1.124366372836483e-02 2.810915932091207e-02 5.242944343845600e-02 1.124366372836483e-16
3655 1.522916666666666e-08 4.385028854062260e-16 1.124366372836477e-02 2.810915932091193e-02 5.242944343845230e-02 1.124366372836477e-16
3656 1.523333333333333e-08 4.385028854062269e-16 1.124366372836479e-02 2.810915932091198e-02 5.242944343845600e-02 1.124366372836479e-16
3657 1.523749999999999e-08 4.385028854062269e-16 1.124366372836479e-02 2.810915932091198e-02 5.242944343845230e-02 1.124366372836479e-16
3658 1.524166666666666e-08 4.385028854062251e-16 1.124366372836475e-02 2.810915932091186e-02 5.242944343845600e-02 1.124366372836475e-16
3659 1.524583333333333e-08 4.385028854062236e-16 1.124366372836471e-02 2.810915932091177e-02 5.242944343845230e-02 1.124366372836471e-16
3660 1.524999999999999e-08 4.385028854062269e-16 1.124366372836479e-02 2.810915932091198e-02 5.242944343845600e-02 1.124366372836479e-16
3661 1.525416666666666e-08 4.385028854062264e-16 1.124366372836478e-02 2.810915932091195e-02 5.242944343845230e-02 1.124366372836478e-16
3662 1.525833333333333e-08 4.385028854062260e-16 1.124366372836477e-02 2.810915932091193e-02 5.242944343845600e-02 1.124366372836477e-16
3663 1.526250000000000e-08 4.385028854062247e-16 1.124366372836474e-02 2.810915932091184e-02 5.242944343845230e-02 1.124366372836474e-16
3664 1.526666666666666e-08 4.385028854062264e-16 1.124366372836478e-02 2.810915932091195e-02 5.242944343845600e-02 1.124366372836478e-16
3665 1.527083333333333e-08 4.385028854062269e-16 1.124366372836479e-02 2.810915932091198e-02 5.242944343845230e-02 1.124366372836479e-16
3666 1.527500000000000e-08 4.385028854062280e-16 1.124366372836482e-02 2.810915932091206e-02 5.242944343845600e-02 1.124366372836482e-16
3667 1.527916666666666e-08 4.385028854062260e-16 1.124366372836477e-02 2.810915932091193e-02 5.242944343845230e-02 1.124366372836477e-16
3668 1.528333333333333e-08 4.385028854062266e-16 1.124366372836478e-02 2.810915932091197e-02 5.242944343845600e-02 1.124366372836478e-16
3669 1.528749999999999e-08 4.385028854062262e-16 1.124366372836477e-02 2.810915932091194e-02 5.242944343845230e-02 1.124366372836477e-16
3670 1.529166666666666e-08 4.385028854062253e-16 1.124366372836475e-02 2.810915932091188e-02 5.242944343845600e-02 1.124366372836475e-16
3671 1.529583333333333e-08 4.385028854062236e-16 1.124366372836471e-02 2.810915932091177e-02 5.242944343845230e-02 1.124366372836471e-16
3672 1.529999999999999e-08 4.385028854062274e-16 1.124366372836481e-02 2.810915932091201e-02 5.242944343845600e-02 1.124366372836481e-16
3673 1.530416666666666e-08 4.385028854062272e-16 1.124366372836480e-02 2.810915932091200e-02 5.242944343845230e-02 1.124366372836480e-16
3674 1.530833333333333e-08 4.385028854062258e-16 1.124366372836477e-02 2.810915932091192e-02 5.242944343845600e-02 1.124366372836476e-16
3675 1.531250000000000e-08 4.385028854062247e-16 1.124366372836474e-02 2.810915932091184e-02 5.242944343845230e-02 1.124366372836474e-16
3676 1.531666666666666e-08 4.385028854062260e-16 1.124366372836477e-02 2.810915932091193e-02 5.242944343845600e-02 1.124366372836477e-16
3677 1.532083333333333e-08 4.385028854062262e-16 1.124366372836477e-02 2.810915932091194e-02 5.242944343845230e-02 1.124366372836477e-16
3678 1.532499999999999e-08 4.385028854062282e-16 1.124366372836483e-02 2.810915932091207e-02 5.242944343845600e-02 1.124366372836483e-16
3679 1.532916666666666e-08 4.385028854062260e-16 1.124366372836477e-02 2.810915932091193e-02 5.242944343845230e-02 1.124366372836477e-16
3680 1.533333333333333e-08 4.385028854062269e-16 1.124366372836479e-02 2.810915932091198e-02 5.242944343845600e-02 1.124366372836479e-16
3681 1.533749999999999e-08 4.385028854062269e-16 1.124366372836479e-02 2.810915932091198e-02 5.242944343845230e-02 1.124366372836479e-16
3682 1.534166666666666e-08 4.385028854062251e-16 1.124366372836475e-02 2.810915932091186e-02 5.242944343845600e-02 1.124366372836475e-16
3683 1.534583333333333e-08 4.385028854062236e-16 1.124366372836471e-02 2.810915932091177e-02 5.242944343845230e-02 1.124366372836471e-16
3684 1.535000000000000e-08 4.385028854062269e-16 1.124366372836479e-02 2.810915932091198e-02 5.242944343845600e-02 1.124366372836479e-16
3685 1.535416666666666e-08 4.385028854062264e-16 1.124366372836478e-02 2.810915932091195e-02 5.242944343845230e-02 1.124366372836478e-16
3686 1.535833333333333e-08 4.385028854062260e-16 1.124366372836477e-02 2.810915932091193e-02 5.242944343845600e-02 1.124366372836477e-16
3687 1.536250000000000e-08 4.385028854062247e-16 1.124366372836474e-02 2.810915932091184e-02 5.242944343845230e-02 1.124366372836474e-16
3688 1.536666666666666e-08 4.385028854062264e-16 1.124366372836478e-02 2.810915932091195e-02 5.242944343845600e-02 1.124366372836478e-16
3689 1.537083333333333e-08 4.385028854062269e-16 1.124366372836479e-02 2.810915932091198e-02 5.242944343845230e-02 1.124366372836479e-16
3690 1.537499999999999e-08 4.385028854062280e-16 1.124366372836482e-02 2.810915932091206e-02 5.242944343845600e-02 1.124366372836482e-16
3691 1.537916666666666e-08 4.385028854062260e-16 1.124366372836477e-02 2.810915932091193e-02 5.242944343845230e-02 1.124366372836477e-16
3692 1.538333333333333e-08 4.385028854062266e-16 1.124366372836478e-02 2.810915932091197e-02 5.242944343845600e-02 1.124366372836478e-16
3693 1.538749999999999e-08 4.385028854062262e-16 1.124366372836477e-02 2.810915932091194e-02 5.242944343845230e-02 1.124366372836477e-16
3694 1.539166666666666e-08 4.385028854062253e-16 1.124366372836475e-02 2.810915932091188e-02 5.242944343845600e-02 1.124366372836475e-16
3695 1.539583333333333e-08 4.385028854062236e-16 1.124366372836471e-02 2.810915932091177e-02 5.242944343845230e-02 1.124366372836471e-16
3696 1.540000000000000e-08 4.385028854062274e-16 1.124366372836481e-02 2.810915932091201e-02 5.242944343845600e-02 1.124366372836481e-16
3697 1.540416666666666e-08 4.385028854062272e-16 1.124366372836480e-02 2.810915932091200e-02 5.242944343845230e-02 1.124366372836480e-16
3698 1.540833333333333e-08 4.385028854062258e-16 1.124366372836477e-02 2.810915932091192e-02 5.242944343845600e-02 1.124366372836476e-16
3699 1.541249999999999e-08 4.385028854062247e-16 1.124366372836474e-02 2.810915932091184e-02 5.242944343845230e-02 1.124366372836474e-16
3700 1.541666666666666e-08 4.385028854062260e-16 1.124366372836477e-02 2.810915932091193e-02 5.242944343845600e-02 1.124366372836477e-16
3701 1.542083333333333e-08 4.385028854062262e-16 1.124366372836477e-02 2.810915932091194e-02 5.242944343845230e-02 1.124366372836477e-16
3702 1.542499999999999e-08 4.385028854062282e-16 1.124366372836483e-02 2.810915932091207e-02 5.242944343845600e-02 1.124366372836483e-16
3703 1.542916666666666e-08 4.385028854062260e-16 1.124366372836477e-02 2.810915932091193e-02 5.242944343845230e-02 1.124366372836477e-16
3704 1.543333333333333e-08 4.385028854062269e-16 1.124366372836479e-02 2.810915932091198e-02 5.242944343845600e-02 1.124366372836479e-16
3705 1.543750000000000e-08 4.385028854062269e-16 1.124366372836479e-02 2.810915932091198e-02 5.242944343845230e-02 1.124366372836479e-16
3706 1.544166666666666e-08 4.385028854062251e-16 1.124366372836475e-02 2.810915932091186e-02 5.242944343845600e-02 1.124366372836475e-16
3707 1.544583333333333e-08 4.385028854062236e-16 1.124366372836471e-02 2.810915932091177e-02 5.242944343845230e-02 1.124366372836471e-16
3708 1.545000000000000e-08 4.385028854062269e-16 1.124366372836479e-02 2.810915932091198e-02 5.242944343845600e-02 1.124366372836479e-16
3709 1.545416666666666e-08 4.385028854062264e-16 1.124366372836478e-02 2.810915932091195e-02 5.242944343845230e-02 1.124366372836478e-16
3710 1.545833333333333e-08 4.385028854062260e-16 1.124366372836477e-02 2.810915932091193e-02 5.242944343845600e-02 1.124366372836477e-16
3711 1.546249999999999e-08 4.385028854062247e-16 1.124366372836474e-02 2.810915932091184e-02 5.242944343845230e-02 1.124366372836474e-16
3712 1.546666666666666e-08 4.385028854062264e-16 1.124366372836478e-02 2.810915932091195e-02 5.242944343845600e-02 1.124366372836478e-16
3713 1.547083333333333e-08 4.385028854062269e-16 1.124366372836479e-02 2.810915932091198e-02 5.242944343845230e-02 1.124366372836479e-16
3714 1.547499999999999e-08 4.385028854062280e-16 1.124366372836482e-02 2.810915932091206e-02 5.242944343845600e-02 1.124366372836482e-16
3715 1.547916666666666e-08 4.385028854062260e-16 1.124366372836477e-02 2.810915932091193e-02 5.242944343845230e-02 1.124366372836477e-16
3716 1.548333333333333e-08 4.385028854062266e-16 1.124366372836478e-02 2.810915932091197e-02 5.242944343845600e-02 1.124366372836478e-16
3717 1.548750000000000e-08 4.385028854062262e-16 1.124366372836477e-02 2.810915932091194e-02 5.242944343845230e-02 1.124366372836477e-16
3718 1.549166666666666e-08 4.385028854062253e-16 1.124366372836475e-02 2.810915932091188e-02 5.242944343845600e-02 1.124366372836475e-16
3719 1.549583333333333e-08 4.385028854062236e-16 1.124366372836471e-02 2.810915932091177e-02 5.242944343845230e-02 1.124366372836471e-16
3720 1.549999999999999e-08 4.385028854062274e-16 1.124366372836481e-02 2.810915932091201e-02 5.242944343845600e-02 1.124366372836481e-16
3721 1.550416666666666e-08 4.385028854062272e-16 1.124366372836480e-02 2.810915932091200e-02 5.242944343845230e-02 1.124366372836480e-16
3722 1.550833333333333e-08 4.385028854062258e-16 1.124366372836477e-02 2.810915932091192e-02 5.242944343845600e-02 1.124366372836476e-16
3723 1.551249999999999e-08 4.385028854062247e-16 1.124366372836474e-02 2.810915932091184e-02 5.242944343845230e-02 1.124366372836474e-16
3724 1.551666666666666e-08 4.385028854062260e-16 1.124366372836477e-02 2.810915932091193e-02 5.242944343845600e-02 1.124366372836477e-16
3725 1.552083333333333e-08 4.385028854062262e-16 1.124366372836477e-02 2.810915932091194e-02 5.242944343845230e-02 1.124366372836477e-16
3726 1.552500000000000e-08 4.385028854062282e-16 1.124366372836483e-02 2.810915932091207e-02 5.242944343845600e-02 1.124366372836483e-16
3727 1.552916666666666e-08 4.385028854062260e-16 1.124366372836477e-02 2.810915932091193e-02 5.242944343845230e-02 1.124366372836477e-16
3728 1.553333333333333e-08 4.385028854062269e-16 1.124366372836479e-02 2.810915932091198e-02 5.242944343845600e-02 1.124366372836479e-16
3729 1.553750000000000e-08 4.385028854062269e-16 1.124366372836479e-02 2.810915932091198e-02 5.242944343845230e-02 1.124366372836479e-16
3730 1.554166666666666e-08 4.385028854062251e-16 1.124366372836475e-02 2.810915932091186e-02 5.242944343845600e-02 1.124366372836475e-16
3731 1.554583333333333e-08 4.385028854062236e-16 1.124366372836471e-02 2.810915932091177e-02 5.242944343845230e-02 1.124366372836471e-16
3732 1.554999999999999e-08 4.385028854062269e-16 1.124366372836479e-02 2.810915932091198e-02 5.242944343845600e-02 1.124366372836479e-16
3733 1.555416666666666e-08 4.385028854062264e-16 1.124366372836478e-02 2.810915932091195e-02 5.242944343845230e-02 1.124366372836478e-16
3734 1.555833333333333e-08 4.385028854062260e-16 1.124366372836477e-02 2.810915932091193e-02 5.242944343845600e-02 1.124366372836477e-16
3735 1.556249999999999e-08 4.385028854062247e-16 1.124366372836474e-02 2.810915932091184e-02 5.242944343845230e-02 1.124366372836474e-16
3736 1.556666666666666e-08 4.385028854062264e-16 1.124366372836478e-02 2.810915932091195e-02 5.242944343845600e-02 1.124366372836478e-16
3737 1.557083333333333e-08 4.385028854062269e-16 1.124366372836479e-02 2.810915932091198e-02 5.242944343845230e-02 1.124366372836479e-16
3738 1.557500000000000e-08 4.385028854062280e-16 1.124366372836482e-02 2.810915932091206e-02 5.242944343845600e-02 1.124366372836482e-16
3739 1.557916666666666e-08 4.385028854062260e-16 1.124366372836477e-02 2.810915932091193e-02 5.242944343845230e-02 1.124366372836477e-16
3740 1.558333333333333e-08 4.385028854062266e-16 1.124366372836478e-02 2.810915932091197e-02 5.242944343845600e-02 1.124366372836478e-16
3741 1.558749999999999e-08 4.385028854062262e-16 1.124366372836477e-02 2.810915932091194e-02 5.242944343845230e-02 1.124366372836477e-16
3742 1.559166666666666e-08 4.385028854062253e-16 1.124366372836475e-02 2.810915932091188e-02 5.242944343845600e-02 1.124366372836475e-16
3743 1.559583333333333e-08 4.385028854062236e-16 1.124366372836471e-02 2.810915932091177e-02 5.242944343845230e-02 1.124366372836471e-16
3744 1.559999999999999e-08 4.385028854062274e-16 1.124366372836481e-02 2.810915932091201e-02 5.242944343845600e-02 1.124366372836481e-16
3745 1.560416666666666e-08 4.385028854062272e-16 1.124366372836480e-02 2.810915932091200e-02 5.242944343845230e-02 1.124366372836480e-16
3746 1.560833333333333e-08 4.385028854062258e-16 1.124366372836477e-02 2.810915932091192e-02 5.242944343845600e-02 1.124366372836476e-16
3747 1.561250000000000e-08 4.385028854062247e-16 1.124366372836474e-02 2.810915932091184e-02 5.242944343845230e-02 1.124366372836474e-16
3748 1.561666666666666e-08 4.385028854062260e-16 1.124366372836477e-02 2.810915932091193e-02 5.242944343845600e-02 1.124366372836477e-16
3749 1.562083333333333e-08 4.385028854062262e-16 1.124366372836477e-02 2.810915932091194e-02 5.242944343845230e-02 1.124366372836477e-16
3750 1.562500000000000e-08 4.385028854062282e-16 1.124366372836483e-02 2.810915932091207e-02 5.242944343845600e-02 1.124366372836483e-16
3751 1.562916666666666e-08 4.385028854062260e-16 1.124366372836477e-02 2.810915932091193e-02 5.242944343845230e-02 1.124366372836477e-16
3752 1.563333333333333e-08 4.385028854062269e-16 1.124366372836479e-02 2.810915932091198e-02 5.242944343845600e-02 1.124366372836479e-16
3753 1.563749999999999e-08 4.385028854062269e-16 1.124366372836479e-02 2.810915932091198e-02 5.242944343845230e-02 1.124366372836479e-16
3754 1.564166666666666e-08 4.385028854062251e-16 1.124366372836475e-02 2.810915932091186e-02 5.242944343845600e-02 1.124366372836475e-16
3755 1.564583333333333e-08 4.385028854062236e-16 1.124366372836471e-02 2.810915932091177e-02 5.242944343845230e-02 1.124366372836471e-16
3756 1.564999999999999e-08 4.385028854062269e-16 1.124366372836479e-02 2.810915932091198e-02 5.242944343845600e-02 1.124366372836479e-16
3757 1.565416666666666e-08 4.385028854062264e-16 1.124366372836478e-02 2.810915932091195e-02 5.242944343845230e-02 1.124366372836478e-16
3758 1.565833333333333e-08 4.385028854062260e-16 1.124366372836477e-02 2.810915932091193e-02 5.242944343845600e-02 1.124366372836477e-16
3759 1.566250000000000e-08 4.385028854062247e-16 1.124366372836474e-02 2.810915932091184e-02 5.242944343845230e-02 1.124366372836474e-16
3760 1.566666666666666e-08 4.385028854062264e-16 1.124366372836478e-02 2.810915932091195e-02 5.242944343845600e-02 1.124366372836478e-16
3761 1.567083333333333e-08 4.385028854062269e-16 1.124366372836479e-02 2.810915932091198e-02 5.242944343845230e-02 1.124366372836479e-16
3762 1.567499999999999e-08 4.385028854062280e-16 1.124366372836482e-02 2.810915932091206e-02 5.242944343845600e-02 1.124366372836482e-16
3763 1.567916666666666e-08 4.385028854062260e-16 1.124366372836477e-02 2.810915932091193e-02 5.242944343845230e-02 1.124366372836477e-16
3764 1.568333333333333e-08 4.385028854062266e-16 1.124366372836478e-02 2.810915932091197e-02 5.242944343845600e-02 1.124366372836478e-16
3765 1.568749999999999e-08 4.385028854062262e-16 1.124366372836477e-02 2.810915932091194e-02 5.242944343845230e-02 1.124366372836477e-16
3766 1.569166666666666e-08 4.385028854062253e-16 1.124366372836475e-02 2.810915932091188e-02 5.242944343845600e-02 1.124366372836475e-16
3767 1.569583333333333e-08 4.385028854062236e-16 1.124366372836471e-02 2.810915932091177e-02 5.242944343845230e-02 1.124366372836471e-16
3768 1.570000000000000e-08 4.385028854062274e-16 1.124366372836481e-02 2.810915932091201e-02 5.242944343845600e-02 1.124366372836481e-16
3769 1.570416666666666e-08 4.385028854062272e-16 1.124366372836480e-02 2.810915932091200e-02 5.242944343845230e-02 1.124366372836480e-16
3770 1.570833333333333e-08 4.385028854062258e-16 1.124366372836477e-02 2.810915932091192e-02 5.242944343845600e-02 1.124366372836476e-16
3771 1.571250000000000e-08 4.385028854062247e-16 1.124366372836474e-02 2.810915932091184e-02 5.242944343845230e-02 1.124366372836474e-16
3772 1.571666666666666e-08 4.385028854062260e-16 1.124366372836477e-02 2.810915932091193e-02 5.242944343845600e-02 1.124366372836477e-16
3773 1.572083333333333e-08 4.385028854062262e-16 1.124366372836477e-02 2.810915932091194e-02 5.242944343845230e-02 1.124366372836477e-16
3774 1.572499999999999e-08 4.385028854062282e-16 1.124366372836483e-02 2.810915932091207e-02 5.242944343845600e-02 1.124366372836483e-16
3775 1.572916666666666e-08 4.385028854062260e-16 1.124366372836477e-02 2.810915932091193e-02 5.242944343845230e-02 1.124366372836477e-16
3776 1.573333333333333e-08 4.385028854062269e-16 1.124366372836479e-02 2.810915932091198e-02 5.242944343845600e-02 1.124366372836479e-16
3777 1.573749999999999e-08 4.385028854062269e-16 1.124366372836479e-02 2.810915932091198e-02 5.242944343845230e-02 1.124366372836479e-16
3778 1.574166666666666e-08 4.385028854062251e-16 1.124366372836475e-02 2.810915932091186e-02 5.242944343845600e-02 1.124366372836475e-16
3779 1.574583333333333e-08 4.385028854062236e-16 1.124366372836471e-02 2.810915932091177e-02 5.242944343845230e-02 1.124366372836471e-16
3780 1.575000000000000e-08 4.385028854062269e-16 1.124366372836479e-02 2.810915932091198e-02 5.242944343845600e-02 1.124366372836479e-16
3781 1.575416666666666e-08 4.385028854062264e-16 1.124366372836478e-02 2.810915932091195e-02 5.242944343845230e-02 1.124366372836478e-16
3782 1.575833333333333e-08 4.385028854062260e-16 1.124366372836477e-02 2.810915932091193e-02 5.242944343845600e-02 1.124366372836477e-16
3783 1.576249999999999e-08 4.385028854062247e-16 1.124366372836474e-02 2.810915932091184e-02 5.242944343845230e-02 1.124366372836474e-16
3784 1.576666666666666e-08 4.385028854062264e-16 1.124366372836478e-02 2.810915932091195e-02 5.242944343845600e-02 1.124366372836478e-16
3785 1.577083333333333e-08 4.385028854062269e-16 1.124366372836479e-02 2.810915932091198e-02 5.242944343845230e-02 1.124366372836479e-16
3786 1.577499999999999e-08 4.385028854062280e-16 1.124366372836482e-02 2.810915932091206e-02 5.242944343845600e-02 1.124366372836482e-16
3787 1.577916666666666e-08 4.385028854062260e-16 1.124366372836477e-02 2.810915932091193e-02 5.242944343845230e-02 1.124366372836477e-16
3788 1.578333333333333e-08 4.385028854062266e-16 1.124366372836478e-02 2.810915932091197e-02 5.242944343845600e-02 1.124366372836478e-16
3789 1.578749999999999e-08 4.385028854062262e-16 1.124366372836477e-02 2.810915932091194e-02 5.242944343845230e-02 1.124366372836477e-16
3790 1.579166666666666e-08 4.385028854062253e-16 1.124366372836475e-02 2.810915932091188e-02 5.242944343845600e-02 1.124366372836475e-16
3791 1.579583333333333e-08 4.385028854062236e-16 1.124366372836471e-02 2.810915932091177e-02 5.242944343845230e-02 1.124366372836471e-16
3792 1.580000000000000e-08 4.385028854062274e-16 1.124366372836481e-02 2.810915932091201e-02 5.242944343845600e-02 1.124366372836481e-16
3793 1.580416666666666e-08 4.385028854062272e-16 1.124366372836480e-02 2.810915932091200e-02 5.242944343845230e-02 1.124366372836480e-16
3794 1.580833333333333e-08 4.385028854062258e-16 1.124366372836477e-02 2.810915932091192e-02 5.242944343845600e-02 1.124366372836476e-16
3795 1.581249999999999e-08 4.385028854062247e-16 1.124366372836474e-02 2.810915932091184e-02 5.242944343845230e-02 1.124366372836474e-16
3796 1.581666666666666e-08 4.385028854062260e-16 1.124366372836477e-02 2.810915932091193e-02 5.242944343845600e-02 1.124366372836477e-16
3797 1.582083333333333e-08 4.385028854062262e-16 1.124366372836477e-02 2.810915932091194e-02 5.242944343845230e-02 1.124366372836477e-16
3798 1.582499999999999e-08 4.385028854062282e-16 1.124366372836483e-02 2.810915932091207e-02 5.242944343845600e-02 1.124366372836483e-16
3799 1.582916666666666e-08 4.385028854062260e-16 1.124366372836477e-02 2.810915932091193e-02 5.242944343845230e-02 1.124366372836477e-16
3800 1.583333333333333e-08 4.385028854062269e-16 1.124366372836479e-02 2.810915932091198e-02 5.242944343845600e-02 1.124366372836479e-16
3801 1.583750000000000e-08 4.385028854062269e-16 1.124366372836479e-02 2.810915932091198e-02 5.242944343845230e-02 1.124366372836479e-16
3802 1.584166666666666e-08 4.385028854062251e-16 1.124366372836475e-02 2.810915932091186e-02 5.242944343845600e-02 1.124366372836475e-16
3803 1.584583333333333e-08 4.385028854062236e-16 1.124366372836471e-02 2.810915932091177e-02 5.242944343845230e-02 1.124366372836471e-16
3804 1.584999999999999e-08 4.385028854062269e-16 1.124366372836479e-02 2.810915932091198e-02 5.242944343845600e-02 1.124366372836479e-16
3805 1.585416666666666e-08 4.385028854062264e-16 1.124366372836478e-02 2.810915932091195e-02 5.242944343845230e-02 1.124366372836478e-16
3806 1.585833333333333e-08 4.385028854062260e-16 1.124366372836477e-02 2.810915932091193e-02 5.242944343845600e-02 1.124366372836477e-16
3807 1.586249999999999e-08 4.385028854062247e-16 1.124366372836474e-02 2.810915932091184e-02 5.242944343845230e-02 1.124366372836474e-16
3808 1.586666666666666e-08 4.385028854062264e-16 1.124366372836478e-02 2.810915932091195e-02 5.242944343845600e-02 1.124366372836478e-16
3809 1.587083333333333e-08 4.385028854062269e-16 1.124366372836479e-02 2.810915932091198e-02 5.242944343845230e-02 1.124366372836479e-16
3810 1.587499999999999e-08 4.385028854062280e-16 1.124366372836482e-02 2.810915932091206e-02 5.242944343845600e-02 1.124366372836482e-16
3811 1.587916666666666e-08 4.385028854062260e-16 1.124366372836477e-02 2.810915932091193e-02 5.242944343845230e-02 1.124366372836477e-16
3812 1.588333333333333e-08 4.385028854062266e-16 1.124366372836478e-02 2.810915932091197e-02 5.242944343845600e-02 1.124366372836478e-16
3813 1.588750000000000e-08 4.385028854062262e-16 1.124366372836477e-02 2.810915932091194e-02 5.242944343845230e-02 1.124366372836477e-16
3814 1.589166666666666e-08 4.385028854062253e-16 1.124366372836475e-02 2.810915932091188e-02 5.242944343845600e-02 1.124366372836475e-16
3815 1.589583333333333e-08 4.385028854062236e-16 1.124366372836471e-02 2.810915932091177e-02 5.242944343845230e-02 1.124366372836471e-16
3816 1.589999999999999e-08 4.385028854062274e-16 1.124366372836481e-02 2.810915932091201e-02 5.242944343845600e-02 1.124366372836481e-16
3817 1.590416666666666e-08 4.385028854062272e-16 1.124366372836480e-02 2.810915932091200e-02 5.242944343845230e-02 1.124366372836480e-16
3818 1.590833333333333e-08 4.385028854062258e-16 1.124366372836477e-02 2.810915932091192e-02 5.242944343845600e-02 1.124366372836476e-16
3819 1.591249999999999e-08 4.385028854062247e-16 1.124366372836474e-02 2.810915932091184e-02 5.242944343845230e-02 1.124366372836474e-16
3820 1.591666666666666e-08 4.385028854062260e-16 1.124366372836477e-02 2.810915932091193e-02 5.242944343845600e-02 1.124366372836477e-16
3821 1.592083333333333e-08 4.385028854062262e-16 1.124366372836477e-02 2.810915932091194e-02 5.242944343845230e-02 1.124366372836477e-16
3822 1.592500000000000e-08 4.385028854062282e-16 1.124366372836483e-02 2.810915932091207e-02 5.242944343845600e-02 1.124366372836483e-16
3823 1.592916666666666e-08 4.385028854062260e-16 1.124366372836477e-02 2.810915932091193e-02 5.242944343845230e-02 1.124366372836477e-16
3824 1.593333333333333e-08 4.385028854062269e-16 1.124366372836479e-02 2.810915932091198e-02 5.242944343845600e-02 1.124366372836479e-16
3825 1.593749999999999e-08 4.385028854062269e-16 1.124366372836479e-02 2.810915932091198e-02 5.242944343845230e-02 1.124366372836479e-16
3826 1.594166666666666e-08 4.385028854062251e-16 1.124366372836475e-02 2.810915932091186e-02 5.242944343845600e-02 1.124366372836475e-16
3827 1.594583333333333e-08 4.385028854062236e-16 1.124366372836471e-02 2.810915932091177e-02 5.242944343845230e-02 1.124366372836471e-16
3828 1.594999999999999e-08 4.385028854062269e-16 1.124366372836479e-02 2.810915932091198e-02 5.242944343845600e-02 1.124366372836479e-16
3829 1.595416666666666e-08 4.385028854062264e-16 1.124366372836478e-02 2.810915932091195e-02 5.242944343845230e-02 1.124366372836478e-16
3830 1.595833333333333e-08 4.385028854062260e-16 1.124366372836477e-02 2.810915932091193e-02 5.242944343845600e-02 1.124366372836477e-16
3831 1.596249999999999e-08 4.385028854062247e-16 1.124366372836474e-02 2.810915932091184e-02 5.242944343845230e-02 1.124366372836474e-16
3832 1.596666666666666e-08 4.385028854062264e-16 1.124366372836478e-02 2.810915932091195e-02 5.242944343845600e-02 1.124366372836478e-16
3833 1.597083333333333e-08 4.385028854062269e-16 1.124366372836479e-02 2.810915932091198e-02 5.242944343845230e-02 1.124366372836479e-16
3834 1.597500000000000e-08 4.385028854062280e-16 1.124366372836482e-02 2.810915932091206e-02 5.242944343845600e-02 1.124366372836482e-16
3835 1.597916666666666e-08 4.385028854062260e-16 1.124366372836477e-02 2.810915932091193e-02 5.242944343845230e-02 1.124366372836477e-16
3836 1.598333333333333e-08 4.385028854062266e-16 1.124366372836478e-02 2.810915932091197e-02 5.242944343845600e-02 1.124366372836478e-16
3837 1.598749999999999e-08 4.385028854062262e-16 1.124366372836477e-02 2.810915932091194e-02 5.242944343845230e-02 1.124366372836477e-16
3838 1.599166666666666e-08 4.385028854062253e-16 1.124366372836475e-02 2.810915932091188e-02 5.242944343845600e-02 1.124366372836475e-16
3839 1.599583333333333e-08 4.385028854062236e-16 1.124366372836471e-02 2.810915932091177e-02 5.242944343845230e-02 1.124366372836471e-16
3840 1.599999999999999e-08 4.385028854062274e-16 1.124366372836481e-02 2.810915932091201e-02 5.242944343845600e-02 1.124366372836481e-16
3841 1.600416666666666e-08 4.385028854062272e-16 1.124366372836480e-02 2.810915932091200e-02 5.242944343845230e-02 1.124366372836480e-16
3842 1.600833333333333e-08 4.385028854062258e-16 1.124366372836477e-02 2.810915932091192e-02 5.242944343845600e-02 1.124366372836476e-16
3843 1.601250000000000e-08 4.385028854062247e-16 1.124366372836474e-02 2.810915932091184e-02 5.242944343845230e-02 1.124366372836474e-16
3844 1.601666666666666e-08 4.385028854062260e-16 1.124366372836477e-02 2.810915932091193e-02 5.242944343845600e-02 1.124366372836477e-16
3845 1.602083333333333e-08 4.385028854062262e-16 1.124366372836477e-02 2.810915932091194e-02 5.242944343845230e-02 1.124366372836477e-16
3846 1.602499999999999e-08 4.385028854062282e-16 1.124366372836483e-02 2.810915932091207e-02 5.242944343845600e-02 1.124366372836483e-16
3847 1.602916666666666e-08 4.385028854062260e-16 1.124366372836477e-02 2.810915932091193e-02 5.242944343845230e-02 1.124366372836477e-16
3848 1.603333333333333e-08 4.385028854062269e-16 1.124366372836479e-02 2.810915932091198e-02 5.242944343845600e-02 1.124366372836479e-16
3849 1.603749999999999e-08 4.385028854062269e-16 1.124366372836479e-02 2.810915932091198e-02 5.242944343845230e-02 1.124366372836479e-16
3850 1.604166666666666e-08 4.385028854062251e-16 1.124366372836475e-02 2.810915932091186e-02 5.242944343845600e-02 1.124366372836475e-16
3851 1.604583333333333e-08 4.385028854062236e-16 1.124366372836471e-02 2.810915932091177e-02 5.242944343845230e-02 1.124366372836471e-16
3852 1.604999999999999e-08 4.385028854062269e-16 1.124366372836479e-02 2.810915932091198e-02 5.242944343845600e-02 1.124366372836479e-16
3853 1.605416666666666e-08 4.385028854062264e-16 1.124366372836478e-02 2.810915932091195e-02 5.242944343845230e-02 1.124366372836478e-16
3854 1.605833333333333e-08 4.385028854062260e-16 1.124366372836477e-02 2.810915932091193e-02 5.242944343845600e-02 1.124366372836477e-16
3855 1.606250000000000e-08 4.385028854062247e-16 1.124366372836474e-02 2.810915932091184e-02 5.242944343845230e-02 1.124366372836474e-16
3856 1.606666666666666e-08 4.385028854062264e-16 1.124366372836478e-02 2.810915932091195e-02 5.242944343845600e-02 1.124366372836478e-16
3857 1.607083333333333e-08 4.385028854062269e-16 1.124366372836479e-02 2.810915932091198e-02 5.242944343845230e-02 1.124366372836479e-16
3858 1.607499999999999e-08 4.385028854062280e-16 1.124366372836482e-02 2.810915932091206e-02 5.242944343845600e-02 1.124366372836482e-16
3859 1.607916666666666e-08 4.385028854062260e-16 1.124366372836477e-02 2.810915932091193e-02 5.242944343845230e-02 1.124366372836477e-16
3860 1.608333333333333e-08 4.385028854062266e-16 1.124366372836478e-02 2.810915932091197e-02 5.242944343845600e-02 1.124366372836478e-16
3861 1.608749999999999e-08 4.385028854062262e-16 1.124366372836477e-02 2.810915932091194e-02 5.242944343845230e-02 1.124366372836477e-16
3862 1.609166666666666e-08 4.385028854062253e-16 1.124366372836475e-02 2.810915932091188e-02 5.242944343845600e-02 1.124366372836475e-16
3863 1.609583333333333e-08 4.385028854062236e-16 1.124366372836471e-02 2.810915932091177e-02 5.242944343845230e-02 1.124366372836471e-16
3864 1.610000000000000e-08 4.385028854062274e-16 1.124366372836481e-02 2.810915932091201e-02 5.242944343845600e-02 1.124366372836481e-16
3865 1.610416666666666e-08 4.385028854062272e-16 1.124366372836480e-02 2.810915932091200e-02 5.242944343845230e-02 1.124366372836480e-16
3866 1.610833333333333e-08 4.385028854062258e-16 1.124366372836477e-02 2.810915932091192e-02 5.242944343845600e-02 1.124366372836476e-16
3867 1.611249999999999e-08 4.385028854062247e-16 1.124366372836474e-02 2.810915932091184e-02 5.242944343845230e-02 1.124366372836474e-16
3868 1.611666666666666e-08 4.385028854062260e-16 1.124366372836477e-02 2.810915932091193e-02 5.242944343845600e-02 1.124366372836477e-16
3869 1.612083333333333e-08 4.385028854062262e-16 1.124366372836477e-02 2.810915932091194e-02 5.242944343845230e-02 1.124366372836477e-16
3870 1.612499999999999e-08 4.385028854062282e-16 1.124366372836483e-02 2.810915932091207e-02 5.242944343845600e-02 1.124366372836483e-16
3871 1.612916666666666e-08 4.385028854062260e-16 1.124366372836477e-02 2.810915932091193e-02 5.242944343845230e-02 1.124366372836477e-16
3872 1.613333333333333e-08 4.385028854062269e-16 1.124366372836479e-02 2.810915932091198e-02 5.242944343845600e-02 1.124366372836479e-16
3873 1.613749999999999e-08 4.385028854062269e-16 1.124366372836479e-02 2.810915932091198e-02 5.242944343845230e-02 1.124366372836479e-16
3874 1.614166666666666e-08 4.385028854062251e-16 1.124366372836475e-02 2.810915932091186e-02 5.242944343845600e-02 1.124366372836475e-16
3875 1.614583333333333e-08 4.385028854062236e-16 1.124366372836471e-02 2.810915932091177e-02 5.242944343845230e-02 1.124366372836471e-16
3876 1.615000000000000e-08 4.385028854062269e-16 1.124366372836479e-02 2.810915932091198e-02 5.242944343845600e-02 1.124366372836479e-16
3877 1.615416666666666e-08 4.385028854062264e-16 1.124366372836478e-02 2.810915932091195e-02 5.242944343845230e-02 1.124366372836478e-16
3878 1.615833333333333e-08 4.385028854062260e-16 1.124366372836477e-02 2.810915932091193e-02 5.242944343845600e-02 1.124366372836477e-16
3879 1.616249999999999e-08 4.385028854062247e-16 1.124366372836474e-02 2.810915932091184e-02 5.242944343845230e-02 1.124366372836474e-16
3880 1.616666666666666e-08 4.385028854062264e-16 1.124366372836478e-02 2.810915932091195e-02 5.242944343845600e-02 1.124366372836478e-16
3881 1.617083333333333e-08 4.385028854062269e-16 1.124366372836479e-02 2.810915932091198e-02 5.242944343845230e-02 1.124366372836479e-16
3882 1.617499999999999e-08 4.385028854062280e-16 1.124366372836482e-02 2.810915932091206e-02 5.242944343845600e-02 1.124366372836482e-16
3883 1.617916666666666e-08 4.385028854062260e-16 1.124366372836477e-02 2.810915932091193e-02 5.242944343845230e-02 1.124366372836477e-16
3884 1.618333333333333e-08 4.385028854062266e-16 1.124366372836478e-02 2.810915932091197e-02 5.242944343845600e-02 1.124366372836478e-16
3885 1.618750000000000e-08 4.385028854062262e-16 1.124366372836477e-02 2.810915932091194e-02 5.242944343845230e-02 1.124366372836477e-16
3886 1.619166666666666e-08 4.385028854062253e-16 1.124366372836475e-02 2.810915932091188e-02 5.242944343845600e-02 1.124366372836475e-16
3887 1.619583333333333e-08 4.385028854062236e-16 1.124366372836471e-02 2.810915932091177e-02 5.242944343845230e-02 1.124366372836471e-16
3888 1.619999999999999e-08 4.385028854062274e-16 1.124366372836481e-02 2.810915932091201e-02 5.242944343845600e-02 1.124366372836481e-16
3889 1.620416666666666e-08 4.385028854062272e-16 1.124366372836480e-02 2.810915932091200e-02 5.242944343845230e-02 1.124366372836480e-16
3890 1.620833333333333e-08 4.385028854062258e-16 1.124366372836477e-02 2.810915932091192e-02 5.242944343845600e-02 1.124366372836476e-16
3891 1.621249999999999e-08 4.385028854062247e-16 1.124366372836474e-02 2.810915932091184e-02 5.242944343845230e-02 1.124366372836474e-16
3892 1.621666666666666e-08 4.385028854062260e-16 1.124366372836477e-02 2.810915932091193e-02 5.242944343845600e-02 1.124366372836477e-16
3893 1.622083333333333e-08 4.385028854062262e-16 1.124366372836477e-02 2.810915932091194e-02 5.242944343845230e-02 1.124366372836477e-16
3894 1.622499999999999e-08 4.385028854062282e-16 1.124366372836483e-02 2.810915932091207e-02 5.242944343845600e-02 1.124366372836483e-16
3895 1.622916666666666e-08 4.385028854062260e-16 1.124366372836477e-02 2.810915932091193e-02 5.242944343845230e-02 1.124366372836477e-16
3896 1.623333333333333e-08 4.385028854062269e-16 1.124366372836479e-02 2.810915932091198e-02 5.242944343845600e-02 1.124366372836479e-16
3897 1.623750000000000e-08 4.385028854062269e-16 1.124366372836479e-02 2.810915932091198e-02 5.242944343845230e-02 1.124366372836479e-16
3898 1.624166666666666e-08 4.385028854062251e-16 1.124366372836475e-02 2.810915932091186e-02 5.242944343845600e-02 1.124366372836475e-16
3899 1.624583333333333e-08 4.385028854062236e-16 1.124366372836471e-02 2.810915932091177e-02 5.242944343845230e-02 1.124366372836471e-16
3900 1.624999999999999e-08 4.385028854062269e-16 1.124366372836479e-02 2.810915932091198e-02 5.242944343845600e-02 1.124366372836479e-16
3901 1.625416666666666e-08 4.385028854062264e-16 1.124366372836478e-02 2.810915932091195e-02 5.242944343845230e-02 1.124366372836478e-16
3902 1.625833333333333e-08 4.385028854062260e-16 1.124366372836477e-02 2.810915932091193e-02 5.242944343845600e-02 1.124366372836477e-16
3903 1.626249999999999e-08 4.385028854062247e-16 1.124366372836474e-02 2.810915932091184e-02 5.242944343845230e-02 1.124366372836474e-16
3904 1.626666666666666e-08 4.385028854062264e-16 1.124366372836478e-02 2.810915932091195e-02 5.242944343845600e-02 1.124366372836478e-16
3905 1.627083333333333e-08 4.385028854062269e-16 1.124366372836479e-02 2.810915932091198e-02 5.242944343845230e-02 1.124366372836479e-16
3906 1.627500000000000e-08 4.385028854062280e-16 1.124366372836482e-02 2.810915932091206e-02 5.242944343845600e-02 1.124366372836482e-16
3907 1.627916666666666e-08 4.385028854062260e-16 1.124366372836477e-02 2.810915932091193e-02 5.242944343845230e-02 1.124366372836477e-16
3908 1.628333333333333e-08 4.385028854062266e-16 1.124366372836478e-02 2.810915932091197e-02 5.242944343845600e-02 1.124366372836478e-16
3909 1.628749999999999e-08 4.385028854062262e-16 1.124366372836477e-02 2.810915932091194e-02 5.242944343845230e-02 1.124366372836477e-16
