# iT  physTime_s  Qy_m3_per_s  qy_cell_m_per_s  u_y_fluid_average_m_per_s  u_y_fluid_max_m_per_s  B_yy_m2
0 0.000000000000000e+00 1.023611111337675e-18 2.624643875224808e-05 6.561609688062020e-05 6.250000001401428e-05 2.624643875224808e-18
1 4.166666666666665e-12 1.649305555516891e-18 4.228988603889465e-05 1.057247150972366e-04 1.041666666643006e-04 4.228988603889465e-18
2 8.333333333333330e-12 2.239969135964462e-18 5.743510605037081e-05 1.435877651259270e-04 1.458333333552951e-04 5.743510605037081e-18
3 1.250000000000000e-11 2.808043981464680e-18 7.200112772986361e-05 1.800028193246590e-04 1.874999999944792e-04 7.200112772986361e-18
4 1.666666666666666e-11 3.359636488357420e-18 8.614452534249796e-05 2.153613133562449e-04 2.291666666595686e-04 8.614452534249796e-18
5 2.083333333333333e-11 3.897133630521791e-18 9.992650334671260e-05 2.498162583667815e-04 2.708333333320593e-04 9.992650334671260e-18
6 2.499999999999999e-11 4.421739492825901e-18 1.133779357134847e-04 2.834448392837116e-04 3.124998511421463e-04 1.133779357134847e-17
7 2.916666666666666e-11 4.934416492520089e-18 1.265234998082074e-04 3.163087495205186e-04 3.541655006986160e-04 1.265234998082074e-17
8 3.333333333333332e-11 5.436011399047251e-18 1.393849076678782e-04 3.484622691696957e-04 3.958284421287699e-04 1.393849076678782e-17
9 3.749999999999999e-11 5.927242943010200e-18 1.519805882823128e-04 3.799514707057821e-04 4.374852506499283e-04 1.519805882823128e-17
10 4.166666666666665e-11 6.408723040631812e-18 1.643262318110721e-04 4.108155795276803e-04 4.791306622247373e-04 1.643262318110721e-17
11 4.583333333333332e-11 6.880984443200357e-18 1.764354985435989e-04 4.410887463589973e-04 5.207575453392986e-04 1.764354985435989e-17
12 4.999999999999998e-11 7.344495601150204e-18 1.883204000294924e-04 4.708010000737311e-04 5.623570516789387e-04 1.883204000294924e-17
13 5.416666666666665e-11 7.799669691270989e-18 1.999915305454100e-04 4.999788263635250e-04 6.039188782740694e-04 1.999915305454100e-17
14 5.833333333333331e-11 8.246873750856417e-18 2.114583013040107e-04 5.286457532600268e-04 6.454315821373917e-04 2.114583013040107e-17
15 6.249999999999998e-11 8.686437199865390e-18 2.227291589709074e-04 5.568228974272687e-04 6.868829027873870e-04 2.227291589709074e-17
16 6.666666666666664e-11 9.118658288008763e-18 2.338117509745837e-04 5.845293774364592e-04 7.282600651800696e-04 2.338117509745837e-17
17 7.083333333333331e-11 9.543808715995507e-18 2.447130439998848e-04 6.117826099997120e-04 7.695500474688753e-04 2.447130439998848e-17
18 7.499999999999997e-11 9.962137247967496e-18 2.554394166145512e-04 6.385985415363780e-04 8.107398072644136e-04 2.554394166145512e-17
19 7.916666666666664e-11 1.037387273933528e-17 2.659967369060329e-04 6.649918422650823e-04 8.518164653467719e-04 2.659967369060329e-17
20 8.333333333333330e-11 1.077922667631759e-17 2.763904275978868e-04 6.909760689947171e-04 8.927674499612016e-04 2.763904275978868e-17
21 8.749999999999997e-11 1.117839527666979e-17 2.866255199146099e-04 7.165637997865248e-04 9.335806053202151e-04 2.866255199146099e-17
22 9.166666666666663e-11 1.157156124097876e-17 2.967066984866349e-04 7.417667462165875e-04 9.742442701111560e-04 2.967066984866349e-17
23 9.583333333333330e-11 1.195889523395577e-17 3.066383393321992e-04 7.665958483304981e-04 1.014747330361319e-03 3.066383393321992e-17
24 9.999999999999996e-11 1.234055715232278e-17 3.164245423672507e-04 7.910613559181268e-04 1.055079252074807e-03 3.164245423672507e-17
25 1.041666666666666e-10 1.271669721482612e-17 3.260691593545159e-04 8.151728983862898e-04 1.095230097541705e-03 3.260691593545159e-17
26 1.083333333333333e-10 1.308745690432160e-17 3.355758180595282e-04 8.389395451488204e-04 1.135190528983316e-03 3.355758180595282e-17
27 1.125000000000000e-10 1.345296978716219e-17 3.449479432605690e-04 8.623698581514224e-04 1.174951802764193e-03 3.449479432605689e-17
28 1.166666666666666e-10 1.381336222993564e-17 3.541887751265549e-04 8.854719378163872e-04 1.214505756472849e-03 3.541887751265548e-17
29 1.208333333333333e-10 1.416875402991720e-17 3.633013853824924e-04 9.082534634562311e-04 1.253844791106375e-03 3.633013853824924e-17
30 1.250000000000000e-10 1.451925897224467e-17 3.722886915960172e-04 9.307217289900432e-04 1.292961849872586e-03 3.722886915960172e-17
31 1.291666666666666e-10 1.486498532423556e-17 3.811534698521939e-04 9.528836746304849e-04 1.331850394753204e-03 3.811534698521939e-17
32 1.333333333333333e-10 1.520603627611161e-17 3.898983660541439e-04 9.747459151353600e-04 1.370504382149276e-03 3.898983660541440e-17
33 1.374999999999999e-10 1.554251033496864e-17 3.985259060248369e-04 9.963147650620923e-04 1.408918237901149e-03 3.985259060248370e-17
34 1.416666666666666e-10 1.587450167849580e-17 4.070385045768155e-04 1.017596261442039e-03 1.447086832467587e-03 4.070385045768155e-17
35 1.458333333333333e-10 1.620210047393085e-17 4.154384736905347e-04 1.038596184226337e-03 1.485005456571178e-03 4.154384736905347e-17
36 1.499999999999999e-10 1.652539316544174e-17 4.237280298831214e-04 1.059320074707804e-03 1.522669797713415e-03 4.237280298831214e-17
37 1.541666666666666e-10 1.684446273508429e-17 4.319093008995972e-04 1.079773252248993e-03 1.560075917511345e-03 4.319093008995973e-17
38 1.583333333333333e-10 1.715938893952185e-17 4.399843317826115e-04 1.099960829456529e-03 1.597220230140738e-03 4.399843317826115e-17
39 1.625000000000000e-10 1.747024852548725e-17 4.479550903971091e-04 1.119887725992773e-03 1.634099481811764e-03 4.479550903971091e-17
40 1.666666666666666e-10 1.777711542642450e-17 4.558234724724231e-04 1.139558681181058e-03 1.670710731440009e-03 4.558234724724231e-17
41 1.708333333333333e-10 1.808006094225808e-17 4.635913062117456e-04 1.158978265529364e-03 1.707051332409215e-03 4.635913062117457e-17
42 1.749999999999999e-10 1.837915390401350e-17 4.712603565131666e-04 1.178150891282917e-03 1.743118915381321e-03 4.712603565131666e-17
43 1.791666666666666e-10 1.867446082489477e-17 4.788323288434557e-04 1.197080822108639e-03 1.778911372157528e-03 4.788323288434557e-17
44 1.833333333333333e-10 1.896604603900402e-17 4.863088727949748e-04 1.215772181987437e-03 1.814426840538552e-03 4.863088727949748e-17
45 1.874999999999999e-10 1.925397182933001e-17 4.936915853674363e-04 1.234228963418591e-03 1.849663690110070e-03 4.936915853674363e-17
46 1.916666666666666e-10 1.953829854553210e-17 5.009820139880026e-04 1.252455034970006e-03 1.884620508938550e-03 5.009820139880026e-17
47 1.958333333333333e-10 1.981908471255533e-17 5.081816592962906e-04 1.270454148240727e-03 1.919296091010925e-03 5.081816592962907e-17
48 1.999999999999999e-10 2.009638713116032e-17 5.152919777220594e-04 1.288229944305149e-03 1.953689424555046e-03 5.152919777220595e-17
49 2.041666666666666e-10 2.037026097109322e-17 5.223143838741851e-04 1.305785959685463e-03 1.987799681004069e-03 5.223143838741852e-17
50 2.083333333333333e-10 2.064075985722691e-17 5.292502527494080e-04 1.323125631873520e-03 2.021626204549254e-03 5.292502527494080e-17
51 2.124999999999999e-10 2.090793594930144e-17 5.361009217769602e-04 1.340252304442400e-03 2.055168502573542e-03 5.361009217769602e-17
52 2.166666666666666e-10 2.117184001638095e-17 5.428676927277167e-04 1.357169231819292e-03 2.088426236296078e-03 5.428676927277167e-17
53 2.208333333333332e-10 2.143252150590195e-17 5.495518334846655e-04 1.373879583711664e-03 2.121399212234594e-03 5.495518334846655e-17
54 2.249999999999999e-10 2.169002860755964e-17 5.561545796810165e-04 1.390386449202541e-03 2.154087374108187e-03 5.561545796810165e-17
55 2.291666666666666e-10 2.194440831345202e-17 5.626771362423594e-04 1.406692840605899e-03 2.186490795050944e-03 5.626771362423594e-17
56 2.333333333333333e-10 2.219570647358138e-17 5.691206788097790e-04 1.422801697024448e-03 2.218609670499128e-03 5.691206788097790e-17
57 2.374999999999999e-10 2.244396784797361e-17 5.754863550762465e-04 1.438715887690616e-03 2.250444311185659e-03 5.754863550762465e-17
58 2.416666666666666e-10 2.268923615528314e-17 5.817752860329011e-04 1.454438215082253e-03 2.281995136763738e-03 5.817752860329011e-17
59 2.458333333333333e-10 2.293155411821128e-17 5.879885671336225e-04 1.469971417834056e-03 2.313262669719122e-03 5.879885671336226e-17
60 2.499999999999999e-10 2.317096350603920e-17 5.941272693856205e-04 1.485318173464052e-03 2.344247529474845e-03 5.941272693856205e-17
61 2.541666666666666e-10 2.340750517430846e-17 6.001924403668835e-04 1.500481100917209e-03 2.374950426910409e-03 6.001924403668835e-17
62 2.583333333333333e-10 2.364121910222676e-17 6.061851051853015e-04 1.515462762963254e-03 2.405372159173347e-03 6.061851051853015e-17
63 2.624999999999999e-10 2.387214442763949e-17 6.121062673753715e-04 1.530265668438429e-03 2.435513604753533e-03 6.121062673753714e-17
64 2.666666666666666e-10 2.410031948004269e-17 6.179569097446846e-04 1.544892274361711e-03 2.465375718757332e-03 6.179569097446846e-17
65 2.708333333333332e-10 2.432578181125489e-17 6.237379951603818e-04 1.559344987900955e-03 2.494959528392690e-03 6.237379951603818e-17
66 2.749999999999999e-10 2.454856822469565e-17 6.294504672998885e-04 1.573626168249722e-03 2.524266128931630e-03 6.294504672998885e-17
67 2.791666666666666e-10 2.476871480258088e-17 6.350952513482277e-04 1.587738128370570e-03 2.553296679395179e-03 6.350952513482277e-17
68 2.833333333333332e-10 2.498625693178680e-17 6.406732546612000e-04 1.601683136653000e-03 2.582052398971051e-03 6.406732546612001e-17
69 2.874999999999999e-10 2.520122932822115e-17 6.461853673902859e-04 1.615463418475715e-03 2.610534563312902e-03 6.461853673902859e-17
70 2.916666666666666e-10 2.541366605973191e-17 6.516324630700490e-04 1.629081157675122e-03 2.638744500965415e-03 6.516324630700489e-17
71 2.958333333333332e-10 2.562360056765175e-17 6.570153991705577e-04 1.642538497926394e-03 2.666683590185357e-03 6.570153991705577e-17
72 2.999999999999999e-10 2.583106568753457e-17 6.623350176290917e-04 1.655837544072729e-03 2.694353255795950e-03 6.623350176290917e-17
73 3.041666666666665e-10 2.603609366863236e-17 6.675921453495478e-04 1.668980363373869e-03 2.721754966189269e-03 6.675921453495478e-17
74 3.083333333333332e-10 2.623871619192793e-17 6.727875946648188e-04 1.681968986662047e-03 2.748890230398953e-03 6.727875946648189e-17
75 3.124999999999999e-10 2.643896438776998e-17 6.779221637889738e-04 1.694805409472434e-03 2.775760595502283e-03 6.779221637889738e-17
76 3.166666666666666e-10 2.663686885251282e-17 6.829966372439186e-04 1.707491593109797e-03 2.802367644029663e-03 6.829966372439187e-17
77 3.208333333333332e-10 2.683245966412344e-17 6.880117862595754e-04 1.720029465648939e-03 2.828712991440708e-03 6.880117862595755e-17
78 3.249999999999999e-10 2.702576639713299e-17 6.929683691572561e-04 1.732420922893140e-03 2.854798283837195e-03 6.929683691572561e-17
79 3.291666666666666e-10 2.721681813683101e-17 6.978671317136157e-04 1.744667829284039e-03 2.880625195683393e-03 6.978671317136157e-17
80 3.333333333333332e-10 2.740564349278722e-17 7.027088075073646e-04 1.756772018768412e-03 2.906195427774363e-03 7.027088075073646e-17
81 3.374999999999999e-10 2.759227061175174e-17 7.074941182500447e-04 1.768735295625112e-03 2.931510705078421e-03 7.074941182500447e-17
82 3.416666666666665e-10 2.777672719007181e-17 7.122237741044055e-04 1.780559435261014e-03 2.956572774905269e-03 7.122237741044055e-17
83 3.458333333333332e-10 2.795904048527961e-17 7.168984739815285e-04 1.792246184953821e-03 2.981383405074135e-03 7.168984739815285e-17
84 3.499999999999999e-10 2.813923732733374e-17 7.215189058290703e-04 1.803797264572676e-03 3.005944382052290e-03 7.215189058290703e-17
85 3.541666666666665e-10 2.831734412933795e-17 7.260857469061014e-04 1.815214367265254e-03 3.030257509389632e-03 7.260857469061014e-17
86 3.583333333333332e-10 2.849338689790208e-17 7.305996640487713e-04 1.826499160121929e-03 3.054324606086669e-03 7.305996640487713e-17
87 3.624999999999999e-10 2.866739124280690e-17 7.350613139181256e-04 1.837653284795314e-03 3.078147505125316e-03 7.350613139181256e-17
88 3.666666666666665e-10 2.883938238673893e-17 7.394713432497162e-04 1.848678358124291e-03 3.101728051914582e-03 7.394713432497162e-17
89 3.708333333333332e-10 2.900938517387934e-17 7.438303890738294e-04 1.859575972684574e-03 3.125068103024922e-03 7.438303890738294e-17
90 3.749999999999998e-10 2.917742407900385e-17 7.481390789488167e-04 1.870347697372042e-03 3.148169524818954e-03 7.481390789488166e-17
91 3.791666666666665e-10 2.934352321536978e-17 7.523980311633277e-04 1.880995077908319e-03 3.171034192230222e-03 7.523980311633277e-17
92 3.833333333333332e-10 2.950770634322035e-17 7.566078549543680e-04 1.891519637385920e-03 3.193663987553044e-03 7.566078549543679e-17
93 3.874999999999999e-10 2.966999687723408e-17 7.607691506983098e-04 1.901922876745775e-03 3.216060799313795e-03 7.607691506983099e-17
94 3.916666666666666e-10 2.983041789385303e-17 7.648825100987957e-04 1.912206275246990e-03 3.238226521212483e-03 7.648825100987957e-17
95 3.958333333333332e-10 2.998899213869203e-17 7.689485163767188e-04 1.922371290941797e-03 3.260163051090255e-03 7.689485163767188e-17
96 3.999999999999999e-10 3.014574203320208e-17 7.729677444410790e-04 1.932419361102698e-03 3.281872289907979e-03 7.729677444410791e-17
97 4.041666666666665e-10 3.030068968147082e-17 7.769407610633544e-04 1.942351902658386e-03 3.303356140865476e-03 7.769407610633544e-17
98 4.083333333333332e-10 3.045385687662369e-17 7.808681250416331e-04 1.952170312604083e-03 3.324616508505936e-03 7.808681250416331e-17
99 4.124999999999999e-10 3.060526510693611e-17 7.847503873573361e-04 1.961875968393340e-03 3.345655297879549e-03 7.847503873573361e-17
100 4.166666666666665e-10 3.075493556186548e-17 7.885880913298842e-04 1.971470228324711e-03 3.366474413707143e-03 7.885880913298843e-17
101 4.208333333333332e-10 3.090288913809233e-17 7.923817727715982e-04 1.980954431928996e-03 3.387075759695538e-03 7.923817727715982e-17
102 4.249999999999999e-10 3.104914644466165e-17 7.961319601195296e-04 1.990329900298824e-03 3.407461237756696e-03 7.961319601195297e-17
103 4.291666666666665e-10 3.119372780883334e-17 7.998391745854703e-04 1.999597936463676e-03 3.427632747300876e-03 7.998391745854703e-17
104 4.333333333333332e-10 3.133665328122542e-17 8.035039302878313e-04 2.008759825719578e-03 3.447592184677821e-03 8.035039302878313e-17
105 4.374999999999998e-10 3.147794264086922e-17 8.071267343812622e-04 2.017816835953156e-03 3.467341442451413e-03 8.071267343812622e-17
106 4.416666666666665e-10 3.161761540022479e-17 8.107080871852511e-04 2.026770217963128e-03 3.486882408870473e-03 8.107080871852511e-17
107 4.458333333333332e-10 3.175569080986451e-17 8.142484823042183e-04 2.035621205760546e-03 3.506216967317336e-03 8.142484823042183e-17
108 4.499999999999998e-10 3.189218786341786e-17 8.177484067543042e-04 2.044371016885760e-03 3.525346995749053e-03 8.177484067543042e-17
109 4.541666666666665e-10 3.202712530189374e-17 8.212083410741985e-04 2.053020852685496e-03 3.544274366253293e-03 8.212083410741985e-17
110 4.583333333333332e-10 3.216052161811334e-17 8.246287594388036e-04 2.061571898597009e-03 3.563000944496938e-03 8.246287594388037e-17
111 4.624999999999999e-10 3.229239506104121e-17 8.280101297702875e-04 2.070025324425719e-03 3.581528589333798e-03 8.280101297702875e-17
112 4.666666666666665e-10 3.242276363989886e-17 8.313529138435607e-04 2.078382284608902e-03 3.599859152371629e-03 8.313529138435607e-17
113 4.708333333333332e-10 3.255164512837679e-17 8.346575673942767e-04 2.086643918485692e-03 3.617994477590954e-03 8.346575673942767e-17
114 4.749999999999998e-10 3.267905706843733e-17 8.379245402163418e-04 2.094811350540854e-03 3.635936400889877e-03 8.379245402163417e-17
115 4.791666666666665e-10 3.280501677413472e-17 8.411542762598646e-04 2.102885690649662e-03 3.653686749791711e-03 8.411542762598646e-17
116 4.833333333333331e-10 3.292954133555371e-17 8.443472137321463e-04 2.110868034330366e-03 3.671247343148935e-03 8.443472137321464e-17
117 4.874999999999998e-10 3.305264762239102e-17 8.475037851895134e-04 2.118759462973784e-03 3.688619990754605e-03 8.475037851895135e-17
118 4.916666666666665e-10 3.317435228738659e-17 8.506244176252973e-04 2.126561044063243e-03 3.705806493042597e-03 8.506244176252973e-17
119 4.958333333333331e-10 3.329467177010847e-17 8.537095325668840e-04 2.134273831417210e-03 3.722808640869262e-03 8.537095325668839e-17
120 4.999999999999998e-10 3.341362229997595e-17 8.567595461532296e-04 2.141898865383074e-03 3.739628215143354e-03 8.567595461532297e-17
121 5.041666666666665e-10 3.353121989992033e-17 8.597748692287264e-04 2.149437173071817e-03 3.756266986763118e-03 8.597748692287264e-17
122 5.083333333333331e-10 3.364748038936035e-17 8.627559074194962e-04 2.156889768548741e-03 3.772726716179595e-03 8.627559074194961e-17
123 5.124999999999998e-10 3.376241938759706e-17 8.657030612204376e-04 2.164257653051094e-03 3.789009153285610e-03 8.657030612204375e-17
124 5.166666666666665e-10 3.387605231671960e-17 8.686167260697335e-04 2.171541815174334e-03 3.805116037252933e-03 8.686167260697335e-17
125 5.208333333333331e-10 3.398839440475684e-17 8.714972924296625e-04 2.178743231074156e-03 3.821049096251021e-03 8.714972924296625e-17
126 5.249999999999998e-10 3.409946068856347e-17 8.743451458606019e-04 2.185862864651505e-03 3.836810047313801e-03 8.743451458606019e-17
127 5.291666666666664e-10 3.420926601677185e-17 8.771606670967140e-04 2.192901667741785e-03 3.852400596202727e-03 8.771606670967140e-17
128 5.333333333333331e-10 3.431782505258759e-17 8.799442321176307e-04 2.199860580294077e-03 3.867822437195850e-03 8.799442321176307e-17
129 5.374999999999998e-10 3.442515227647680e-17 8.826962122173539e-04 2.206740530543385e-03 3.883077253069313e-03 8.826962122173539e-17
130 5.416666666666665e-10 3.453126198907960e-17 8.854169740789641e-04 2.213542435197410e-03 3.898166714812388e-03 8.854169740789640e-17
131 5.458333333333332e-10 3.463616831375956e-17 8.881068798399888e-04 2.220267199599972e-03 3.913092481631180e-03 8.881068798399889e-17
132 5.499999999999998e-10 3.473988519900314e-17 8.907662871539268e-04 2.226915717884817e-03 3.927856200752491e-03 8.907662871539268e-17
133 5.541666666666665e-10 3.484242642149030e-17 8.933955492689821e-04 2.233488873172456e-03 3.942459507434913e-03 8.933955492689821e-17
134 5.583333333333332e-10 3.494380558795274e-17 8.959950150757114e-04 2.239987537689279e-03 3.956904024757895e-03 8.959950150757114e-17
135 5.624999999999998e-10 3.504403613805259e-17 8.985650291808356e-04 2.246412572952089e-03 3.971191363625443e-03 8.985650291808357e-17
136 5.666666666666665e-10 3.514313134669122e-17 9.011059319664417e-04 2.252764829916104e-03 3.985323122714301e-03 9.011059319664417e-17
137 5.708333333333332e-10 3.524110432627888e-17 9.036180596481764e-04 2.259045149120441e-03 3.999300888340732e-03 9.036180596481764e-17
138 5.749999999999998e-10 3.533796802900191e-17 9.061017443333824e-04 2.265254360833456e-03 4.013126234390203e-03 9.061017443333825e-17
139 5.791666666666665e-10 3.543373524938964e-17 9.085573140869139e-04 2.271393285217285e-03 4.026800722424705e-03 9.085573140869139e-17
140 5.833333333333332e-10 3.552841862609793e-17 9.109850929768701e-04 2.277462732442176e-03 4.040325901479212e-03 9.109850929768701e-17
141 5.874999999999998e-10 3.562203064440850e-17 9.133854011386794e-04 2.283463502846699e-03 4.053703308054282e-03 9.133854011386794e-17
142 5.916666666666665e-10 3.571458363821134e-17 9.157585548259319e-04 2.289396387064830e-03 4.066934466153059e-03 9.157585548259319e-17
143 5.958333333333331e-10 3.580608979219047e-17 9.181048664664224e-04 2.295262166166056e-03 4.080020887229469e-03 9.181048664664224e-17
144 5.999999999999998e-10 3.589656114376361e-17 9.204246447118874e-04 2.301061611779719e-03 4.092964070180814e-03 9.204246447118874e-17
145 6.041666666666665e-10 3.598600958528675e-17 9.227181944945320e-04 2.306795486236330e-03 4.105765501295965e-03 9.227181944945321e-17
146 6.083333333333331e-10 3.607444686587861e-17 9.249858170738107e-04 2.312464542684527e-03 4.118426654314570e-03 9.249858170738107e-17
147 6.124999999999998e-10 3.616188459337055e-17 9.272278100864245e-04 2.318069525216061e-03 4.130948990390048e-03 9.272278100864245e-17
148 6.166666666666664e-10 3.624833423638474e-17 9.294444675996087e-04 2.323611168999022e-03 4.143333958093294e-03 9.294444675996088e-17
149 6.208333333333331e-10 3.633380712598097e-17 9.316360801533582e-04 2.329090200383396e-03 4.155582993416373e-03 9.316360801533583e-17
150 6.249999999999998e-10 3.641831445768928e-17 9.338029348125457e-04 2.334507337031364e-03 4.167697519857642e-03 9.338029348125457e-17
151 6.291666666666664e-10 3.650186729329637e-17 9.359453152127275e-04 2.339863288031819e-03 4.179678948336630e-03 9.359453152127275e-17
152 6.333333333333331e-10 3.658447656257321e-17 9.380635016044412e-04 2.345158754011103e-03 4.191528677312461e-03 9.380635016044412e-17
153 6.374999999999998e-10 3.666615306501312e-17 9.401577708977723e-04 2.350394427244431e-03 4.203248092717249e-03 9.401577708977724e-17
154 6.416666666666664e-10 3.674690747166554e-17 9.422283967093730e-04 2.355570991773432e-03 4.214838568085610e-03 9.422283967093730e-17
155 6.458333333333331e-10 3.682675032677093e-17 9.442756494043829e-04 2.360689123510958e-03 4.226301464495462e-03 9.442756494043830e-17
156 6.499999999999998e-10 3.690569204935272e-17 9.462997961372492e-04 2.365749490343123e-03 4.237638130671642e-03 9.462997961372491e-17
157 6.541666666666664e-10 3.698374293505488e-17 9.483011008988430e-04 2.370752752247108e-03 4.248849902982204e-03 9.483011008988430e-17
158 6.583333333333331e-10 3.706091315755300e-17 9.502798245526411e-04 2.375699561381603e-03 4.259938105560539e-03 9.502798245526410e-17
159 6.624999999999997e-10 3.713721277025113e-17 9.522362248782342e-04 2.380590562195586e-03 4.270904050201765e-03 9.522362248782342e-17
160 6.666666666666664e-10 3.721265170786066e-17 9.541705566118119e-04 2.385426391529530e-03 4.281749036584770e-03 9.541705566118120e-17
161 6.708333333333331e-10 3.728723978778700e-17 9.560830714817178e-04 2.390207678704295e-03 4.292474352183381e-03 9.560830714817179e-17
162 6.749999999999997e-10 3.736098671186557e-17 9.579740182529633e-04 2.394935045632408e-03 4.303081272425510e-03 9.579740182529634e-17
163 6.791666666666664e-10 3.743390206763771e-17 9.598436427599413e-04 2.399609106899854e-03 4.313571060693148e-03 9.598436427599415e-17
164 6.833333333333330e-10 3.750599532998929e-17 9.616921879484434e-04 2.404230469871109e-03 4.323944968337171e-03 9.616921879484432e-17
165 6.874999999999997e-10 3.757727586262271e-17 9.635198939134030e-04 2.408799734783508e-03 4.334204234858675e-03 9.635198939134031e-17
166 6.916666666666664e-10 3.764775291910238e-17 9.653269979257022e-04 2.413317494814255e-03 4.344350087864561e-03 9.653269979257023e-17
167 6.958333333333331e-10 3.771743564472688e-17 9.671137344801766e-04 2.417784336200442e-03 4.354383743174870e-03 9.671137344801765e-17
168 6.999999999999998e-10 3.778633307763979e-17 9.688803353240971e-04 2.422200838310243e-03 4.364306404878279e-03 9.688803353240971e-17
169 7.041666666666665e-10 3.785445415023481e-17 9.706270294932001e-04 2.426567573733000e-03 4.374119265380224e-03 9.706270294932001e-17
170 7.083333333333331e-10 3.792180769065146e-17 9.723540433500374e-04 2.430885108375094e-03 4.383823505521316e-03 9.723540433500375e-17
171 7.124999999999998e-10 3.798840242374058e-17 9.740616006087328e-04 2.435154001521832e-03 4.393420294625451e-03 9.740616006087329e-17
172 7.166666666666665e-10 3.805424697268397e-17 9.757499223765121e-04 2.439374805941281e-03 4.402910790507213e-03 9.757499223765122e-17
173 7.208333333333331e-10 3.811934986011238e-17 9.774192271823686e-04 2.443548067955922e-03 4.412296139671716e-03 9.774192271823686e-17
174 7.249999999999998e-10 3.818371950940188e-17 9.790697310103048e-04 2.447674327525762e-03 4.421577477266491e-03 9.790697310103049e-17
175 7.291666666666664e-10 3.824736424585347e-17 9.807016473295763e-04 2.451754118323941e-03 4.430755927248025e-03 9.807016473295762e-17
176 7.333333333333331e-10 3.831029229811197e-17 9.823151871310761e-04 2.455787967827690e-03 4.439832602344741e-03 9.823151871310763e-17
177 7.374999999999998e-10 3.837251179907893e-17 9.839105589507418e-04 2.459776397376855e-03 4.448808604253152e-03 9.839105589507418e-17
178 7.416666666666664e-10 3.843403078742317e-17 9.854879689082865e-04 2.463719922270716e-03 4.457685023663760e-03 9.854879689082864e-17
179 7.458333333333331e-10 3.849485720833772e-17 9.870476207266081e-04 2.467619051816521e-03 4.466462940331370e-03 9.870476207266081e-17
180 7.499999999999997e-10 3.855499891510649e-17 9.885897157719615e-04 2.471474289429904e-03 4.475143423134299e-03 9.885897157719615e-17
181 7.541666666666664e-10 3.861446367004866e-17 9.901144530781707e-04 2.475286132695427e-03 4.483727530252017e-03 9.901144530781708e-17
182 7.583333333333331e-10 3.867325914541386e-17 9.916220293695861e-04 2.479055073423966e-03 4.492216309050424e-03 9.916220293695863e-17
183 7.624999999999997e-10 3.873139292496944e-17 9.931126391017806e-04 2.482781597754452e-03 4.500610796381603e-03 9.931126391017806e-17
184 7.666666666666664e-10 3.878887250478435e-17 9.945864744816501e-04 2.486466186204126e-03 4.508912018565327e-03 9.945864744816501e-17
185 7.708333333333331e-10 3.884570529427408e-17 9.960437254942073e-04 2.490109313735518e-03 4.517120991407550e-03 9.960437254942073e-17
186 7.749999999999997e-10 3.890189861735064e-17 9.974845799320677e-04 2.493711449830170e-03 4.525238720415064e-03 9.974845799320677e-17
187 7.791666666666664e-10 3.895745971347290e-17 9.989092234223822e-04 2.497273058555956e-03 4.533266200773283e-03 9.989092234223822e-17
188 7.833333333333331e-10 3.901239573858150e-17 1.000317839450808e-03 2.500794598627020e-03 4.541204417472075e-03 1.000317839450808e-16
189 7.874999999999997e-10 3.906671376625040e-17 1.001710609391036e-03 2.504276523477590e-03 4.549054345305760e-03 1.001710609391036e-16
190 7.916666666666664e-10 3.912042078852025e-17 1.003087712526160e-03 2.507719281315401e-03 4.556816949161766e-03 1.003087712526160e-16
191 7.958333333333330e-10 3.917352371703620e-17 1.004449326077851e-03 2.511123315194629e-03 4.564493183850399e-03 1.004449326077851e-16
192 7.999999999999997e-10 3.922602938399081e-17 1.005795625230534e-03 2.514489063076334e-03 4.572083994386095e-03 1.005795625230534e-16
193 8.041666666666664e-10 3.927794454297162e-17 1.007126783153118e-03 2.517816957882796e-03 4.579590315939313e-03 1.007126783153118e-16
194 8.083333333333330e-10 3.932927587000890e-17 1.008442971025869e-03 2.521107427564673e-03 4.587013073995671e-03 1.008442971025869e-16
195 8.124999999999997e-10 3.938002996442206e-17 1.009744358062104e-03 2.524360895155261e-03 4.594353184381836e-03 1.009744358062104e-16
196 8.166666666666663e-10 3.943021334991436e-17 1.011031111536266e-03 2.527577778840665e-03 4.601611553409878e-03 1.011031111536266e-16
197 8.208333333333330e-10 3.947983247526473e-17 1.012303396801660e-03 2.530758492004149e-03 4.608789077943857e-03 1.012303396801660e-16
198 8.249999999999997e-10 3.952889371537004e-17 1.013561377317181e-03 2.533903443292952e-03 4.615886645425743e-03 1.013561377317181e-16
199 8.291666666666663e-10 3.957740337208770e-17 1.014805214668916e-03 2.537013036672289e-03 4.622905133967938e-03 1.014805214668916e-16
200 8.333333333333330e-10 3.962536767505117e-17 1.016035068591056e-03 2.540087671477639e-03 4.629845412549404e-03 1.016035068591056e-16
201 8.374999999999997e-10 3.967279278255339e-17 1.017251096988549e-03 2.543127742471371e-03 4.636708340949054e-03 1.017251096988548e-16
202 8.416666666666663e-10 3.971968478252230e-17 1.018453455962110e-03 2.546133639905276e-03 4.643494769934494e-03 1.018453455962110e-16
203 8.458333333333330e-10 3.976604969320807e-17 1.019642299825848e-03 2.549105749564620e-03 4.650205541306423e-03 1.019642299825848e-16
204 8.499999999999998e-10 3.981189346406033e-17 1.020817781129752e-03 2.552044452824381e-03 4.656841487931958e-03 1.020817781129752e-16
205 8.541666666666664e-10 3.985722197651997e-17 1.021980050679999e-03 2.554950126699999e-03 4.663403433859329e-03 1.021980050679999e-16
206 8.583333333333331e-10 3.990204104484477e-17 1.023129257560122e-03 2.557823143900306e-03 4.669892194454830e-03 1.023129257560122e-16
207 8.624999999999997e-10 3.994635641693504e-17 1.024265549152180e-03 2.560663872880451e-03 4.676308576454623e-03 1.024265549152180e-16
208 8.666666666666664e-10 3.999017377506338e-17 1.025389071155471e-03 2.563472677888679e-03 4.682653377957331e-03 1.025389071155471e-16
209 8.708333333333331e-10 4.003349873666447e-17 1.026499967606781e-03 2.566249919016953e-03 4.688927388646087e-03 1.026499967606781e-16
210 8.749999999999997e-10 4.007633685514788e-17 1.027598380901228e-03 2.568995952253069e-03 4.695131389729323e-03 1.027598380901228e-16
211 8.791666666666664e-10 4.011869362055853e-17 1.028684451809193e-03 2.571711129522983e-03 4.701266154099899e-03 1.028684451809193e-16
212 8.833333333333330e-10 4.016057446046998e-17 1.029758319499230e-03 2.574395798748076e-03 4.707332446468333e-03 1.029758319499230e-16
213 8.874999999999997e-10 4.020198474051166e-17 1.030820121551581e-03 2.577050303878952e-03 4.713331023273980e-03 1.030820121551581e-16
214 8.916666666666664e-10 4.024292976526292e-17 1.031869993981101e-03 2.579674984952752e-03 4.719262632925584e-03 1.031869993981101e-16
215 8.958333333333330e-10 4.028341477890555e-17 1.032908071253989e-03 2.582270178134971e-03 4.725128015812374e-03 1.032908071253989e-16
216 8.999999999999997e-10 4.032344496595363e-17 1.033934486306503e-03 2.584836215766259e-03 4.730927904311473e-03 1.033934486306503e-16
217 9.041666666666664e-10 4.036302545185743e-17 1.034949370560447e-03 2.587373426401118e-03 4.736663023054347e-03 1.034949370560447e-16
218 9.083333333333330e-10 4.040216130398884e-17 1.035952853948432e-03 2.589882134871080e-03 4.742334088789879e-03 1.035952853948432e-16
219 9.124999999999997e-10 4.044085753178257e-17 1.036945064917502e-03 2.592362662293755e-03 4.747941810624915e-03 1.036945064917502e-16
220 9.166666666666664e-10 4.047911908804735e-17 1.037926130462753e-03 2.594815326156882e-03 4.753486889972458e-03 1.037926130462753e-16
221 9.208333333333330e-10 4.051695086910337e-17 1.038896176130856e-03 2.597240440327140e-03 4.758970020707094e-03 1.038896176130856e-16
222 9.249999999999997e-10 4.055435771573953e-17 1.039855326044603e-03 2.599638315111509e-03 4.764391889231611e-03 1.039855326044603e-16
223 9.291666666666663e-10 4.059134441373072e-17 1.040803702916172e-03 2.602009257290431e-03 4.769753174528804e-03 1.040803702916172e-16
224 9.333333333333330e-10 4.062791569462749e-17 1.041741428067372e-03 2.604353570168430e-03 4.775054548228093e-03 1.041741428067372e-16
225 9.374999999999997e-10 4.066407623619653e-17 1.042668621440937e-03 2.606671553602342e-03 4.780296674731344e-03 1.042668621440937e-16
226 9.416666666666664e-10 4.069983066302152e-17 1.043585401615936e-03 2.608963504039841e-03 4.785480211209168e-03 1.043585401615936e-16
227 9.458333333333329e-10 4.073518354738259e-17 1.044491885830323e-03 2.611229714575807e-03 4.790605807663846e-03 1.044491885830323e-16
228 9.499999999999996e-10 4.077013940961127e-17 1.045388189990033e-03 2.613470474975082e-03 4.795674107177257e-03 1.045388189990033e-16
229 9.541666666666663e-10 4.080470271889646e-17 1.046274428689653e-03 2.615686071724133e-03 4.800685745755466e-03 1.046274428689653e-16
230 9.583333333333330e-10 4.083887789364178e-17 1.047150715221584e-03 2.617876788053961e-03 4.805641352532254e-03 1.047150715221584e-16
231 9.624999999999997e-10 4.087266930224490e-17 1.048017161596023e-03 2.620042903990059e-03 4.810541549769121e-03 1.048017161596023e-16
232 9.666666666666662e-10 4.090608126356979e-17 1.048873878553072e-03 2.622184696382679e-03 4.815386952995918e-03 1.048873878553072e-16
233 9.708333333333329e-10 4.093911804761637e-17 1.049720975579907e-03 2.624302438949767e-03 4.820178171007143e-03 1.049720975579907e-16
234 9.749999999999996e-10 4.097178387596640e-17 1.050558560922215e-03 2.626396402305539e-03 4.824915806006265e-03 1.050558560922215e-16
235 9.791666666666663e-10 4.100408292242419e-17 1.051386741600620e-03 2.628466854001551e-03 4.829600453572430e-03 1.051386741600620e-16
236 9.833333333333330e-10 4.103601931358469e-17 1.052205623425249e-03 2.630514058563121e-03 4.834232702856581e-03 1.052205623425249e-16
237 9.874999999999997e-10 4.106759712924719e-17 1.053015311006338e-03 2.632538277515846e-03 4.838813136540776e-03 1.053015311006338e-16
238 9.916666666666662e-10 4.109882040313524e-17 1.053815907772699e-03 2.634539769431747e-03 4.843342330941782e-03 1.053815907772699e-16
239 9.958333333333329e-10 4.112969312331944e-17 1.054607515982550e-03 2.636518789956375e-03 4.847820856099917e-03 1.054607515982550e-16
240 9.999999999999996e-10 4.116021923267509e-17 1.055390236735259e-03 2.638475591838147e-03 4.852249275771623e-03 1.055390236735259e-16
241 1.004166666666666e-09 4.119040262964782e-17 1.056164169990970e-03 2.640410424977425e-03 4.856628147599721e-03 1.056164169990970e-16
242 1.008333333333333e-09 4.122024716843498e-17 1.056929414575256e-03 2.642323536438140e-03 4.860958023094904e-03 1.056929414575256e-16
243 1.012500000000000e-09 4.124975665974828e-17 1.057686068198674e-03 2.644215170496685e-03 4.865239447720845e-03 1.057686068198674e-16
244 1.016666666666666e-09 4.127893487121654e-17 1.058434227467091e-03 2.646085568667727e-03 4.869472960979320e-03 1.058434227467091e-16
245 1.020833333333333e-09 4.130778552790504e-17 1.059173987895001e-03 2.647934969737503e-03 4.873659096443513e-03 1.059173987895001e-16
246 1.025000000000000e-09 4.133631231277212e-17 1.059905443917234e-03 2.649763609793085e-03 4.877798381843139e-03 1.059905443917234e-16
247 1.029166666666666e-09 4.136451886716041e-17 1.060628688901549e-03 2.651571722253873e-03 4.881891339101442e-03 1.060628688901549e-16
248 1.033333333333333e-09 4.139240879130668e-17 1.061343815161710e-03 2.653359537904275e-03 4.885938484416616e-03 1.061343815161710e-16
249 1.037500000000000e-09 4.141998564479428e-17 1.062050913969084e-03 2.655127284922710e-03 4.889940328291413e-03 1.062050913969084e-16
250 1.041666666666666e-09 4.144725294690365e-17 1.062750075561632e-03 2.656875188904080e-03 4.893897375670069e-03 1.062750075561632e-16
251 1.045833333333333e-09 4.147421417737518e-17 1.063441389163466e-03 2.658603472908666e-03 4.897810125867985e-03 1.063441389163466e-16
252 1.050000000000000e-09 4.150087277652984e-17 1.064124942987945e-03 2.660312357469862e-03 4.901679072734570e-03 1.064124942987945e-16
253 1.054166666666666e-09 4.152723214579105e-17 1.064800824251053e-03 2.662002060627632e-03 4.905504704723543e-03 1.064800824251053e-16
254 1.058333333333333e-09 4.155329564838628e-17 1.065469119189392e-03 2.663672797973480e-03 4.909287504878142e-03 1.065469119189392e-16
255 1.062500000000000e-09 4.157906660951341e-17 1.066129913064447e-03 2.665324782661117e-03 4.913027950912531e-03 1.066129913064446e-16
256 1.066666666666666e-09 4.160454831686259e-17 1.066783290175964e-03 2.666958225439910e-03 4.916726515274712e-03 1.066783290175964e-16
257 1.070833333333333e-09 4.162974402096365e-17 1.067429333870863e-03 2.668573334677157e-03 4.920383665209453e-03 1.067429333870863e-16
258 1.075000000000000e-09 4.165465693575846e-17 1.068068126557909e-03 2.670170316394773e-03 4.923999862806377e-03 1.068068126557909e-16
259 1.079166666666666e-09 4.167929023891092e-17 1.068699749715665e-03 2.671749374289162e-03 4.927575565036980e-03 1.068699749715665e-16
260 1.083333333333333e-09 4.170364707224912e-17 1.069324283903824e-03 2.673310709759560e-03 4.931111223876758e-03 1.069324283903824e-16
261 1.087500000000000e-09 4.172773054225646e-17 1.069941808775807e-03 2.674854521939517e-03 4.934607286234888e-03 1.069941808775807e-16
262 1.091666666666666e-09 4.175154372028889e-17 1.070552403084330e-03 2.676381007710826e-03 4.938064194161466e-03 1.070552403084330e-16
263 1.095833333333333e-09 4.177508964307282e-17 1.071156144694175e-03 2.677890361735437e-03 4.941482384758705e-03 1.071156144694175e-16
264 1.100000000000000e-09 4.179837131320108e-17 1.071753110594899e-03 2.679382776487249e-03 4.944862290325241e-03 1.071753110594900e-16
265 1.104166666666666e-09 4.182139169937726e-17 1.072343376907109e-03 2.680858442267774e-03 4.948204338374656e-03 1.072343376907109e-16
266 1.108333333333333e-09 4.184415373685397e-17 1.072927018893692e-03 2.682317547234229e-03 4.951508951683579e-03 1.072927018893691e-16
267 1.112500000000000e-09 4.186666032776105e-17 1.073504110968232e-03 2.683760277420581e-03 4.954776548343496e-03 1.073504110968232e-16
268 1.116666666666666e-09 4.188891434160887e-17 1.074074726707920e-03 2.685186816769799e-03 4.958007541871776e-03 1.074074726707920e-16
269 1.120833333333333e-09 4.191091861556013e-17 1.074638938860516e-03 2.686597347151291e-03 4.961202341126553e-03 1.074638938860516e-16
270 1.125000000000000e-09 4.193267595479799e-17 1.075196819353795e-03 2.687992048384487e-03 4.964361350476955e-03 1.075196819353795e-16
271 1.129166666666666e-09 4.195418913293783e-17 1.075748439306098e-03 2.689371098265246e-03 4.967484969806814e-03 1.075748439306098e-16
272 1.133333333333333e-09 4.197546089234786e-17 1.076293869034561e-03 2.690734672586402e-03 4.970573594577570e-03 1.076293869034560e-16
273 1.137500000000000e-09 4.199649394452631e-17 1.076833178064777e-03 2.692082945161943e-03 4.973627615872686e-03 1.076833178064777e-16
274 1.141666666666666e-09 4.201729097034704e-17 1.077366435137104e-03 2.693416087842759e-03 4.976647420368040e-03 1.077366435137104e-16
275 1.145833333333333e-09 4.203785462058095e-17 1.077893708220024e-03 2.694734270550061e-03 4.979633390546562e-03 1.077893708220024e-16
276 1.150000000000000e-09 4.205818751622332e-17 1.078415064518547e-03 2.696037661296367e-03 4.982585904598325e-03 1.078415064518547e-16
277 1.154166666666666e-09 4.207829224870807e-17 1.078930570479694e-03 2.697326426199236e-03 4.985505336524164e-03 1.078930570479694e-16
278 1.158333333333333e-09 4.209817138020714e-17 1.079440291800183e-03 2.698600729500458e-03 4.988392056194873e-03 1.079440291800183e-16
279 1.162500000000000e-09 4.211782744412532e-17 1.079944293439111e-03 2.699860733597777e-03 4.991246429299418e-03 1.079944293439111e-16
280 1.166666666666666e-09 4.213726294533189e-17 1.080442639623895e-03 2.701106599059737e-03 4.994068817541054e-03 1.080442639623895e-16
281 1.170833333333333e-09 4.215648036062006e-17 1.080935393862053e-03 2.702338484655133e-03 4.996859578581834e-03 1.080935393862053e-16
282 1.175000000000000e-09 4.217548213882523e-17 1.081422618944237e-03 2.703556547360592e-03 4.999619066116606e-03 1.081422618944237e-16
283 1.179166666666666e-09 4.219427070119670e-17 1.081904376953762e-03 2.704760942384404e-03 5.002347629906330e-03 1.081904376953762e-16
284 1.183333333333333e-09 4.221284844177852e-17 1.082380729276372e-03 2.705951823190931e-03 5.005045615818791e-03 1.082380729276372e-16
285 1.187500000000000e-09 4.223121772766277e-17 1.082851736606738e-03 2.707129341516844e-03 5.007713365869288e-03 1.082851736606738e-16
286 1.191666666666666e-09 4.224938089933908e-17 1.083317458957412e-03 2.708293647393531e-03 5.010351218265061e-03 1.083317458957412e-16
287 1.195833333333333e-09 4.226734027090362e-17 1.083777955664195e-03 2.709444889160488e-03 5.012959507460800e-03 1.083777955664195e-16
288 1.200000000000000e-09 4.228509813051825e-17 1.084233285397904e-03 2.710583213494760e-03 5.015538564214143e-03 1.084233285397904e-16
289 1.204166666666666e-09 4.230265674060192e-17 1.084683506169280e-03 2.711708765423201e-03 5.018088715574595e-03 1.084683506169280e-16
290 1.208333333333333e-09 4.232001833801997e-17 1.085128675333845e-03 2.712821688334614e-03 5.020610284935317e-03 1.085128675333845e-16
291 1.212499999999999e-09 4.233718513462069e-17 1.085568849605659e-03 2.713922124014148e-03 5.023103592129358e-03 1.085568849605659e-16
292 1.216666666666666e-09 4.235415931723481e-17 1.086004085057303e-03 2.715010212643257e-03 5.025568953440753e-03 1.086004085057303e-16
293 1.220833333333333e-09 4.237094304820761e-17 1.086434437133528e-03 2.716086092833821e-03 5.028006681552717e-03 1.086434437133528e-16
294 1.225000000000000e-09 4.238753846560476e-17 1.086859960656532e-03 2.717149901641331e-03 5.030417085754877e-03 1.086859960656532e-16
295 1.229166666666666e-09 4.240394768327053e-17 1.087280709827449e-03 2.718201774568624e-03 5.032800471854467e-03 1.087280709827449e-16
296 1.233333333333333e-09 4.242017279144512e-17 1.087696738242183e-03 2.719241845605457e-03 5.035157142220731e-03 1.087696738242183e-16
297 1.237500000000000e-09 4.243621585682259e-17 1.088108098892887e-03 2.720270247232218e-03 5.037487395877432e-03 1.088108098892887e-16
298 1.241666666666666e-09 4.245207892296527e-17 1.088514844178597e-03 2.721287110446492e-03 5.039791528539877e-03 1.088514844178597e-16
299 1.245833333333333e-09 4.246776401027815e-17 1.088917025904568e-03 2.722292564761420e-03 5.042069832626007e-03 1.088917025904568e-16
300 1.250000000000000e-09 4.248327311650779e-17 1.089314695295072e-03 2.723286738237679e-03 5.044322597237898e-03 1.089314695295072e-16
301 1.254166666666666e-09 4.249860821698910e-17 1.089707902999721e-03 2.724269757499302e-03 5.046550108357900e-03 1.089707902999721e-16
302 1.258333333333333e-09 4.251377126493523e-17 1.090096699100904e-03 2.725241747752259e-03 5.048752648667296e-03 1.090096699100904e-16
303 1.262500000000000e-09 4.252876419142851e-17 1.090481133113552e-03 2.726202832783879e-03 5.050930497709144e-03 1.090481133113552e-16
304 1.266666666666666e-09 4.254358890597445e-17 1.090861253999345e-03 2.727153134998363e-03 5.053083932014093e-03 1.090861253999345e-16
305 1.270833333333333e-09 4.255824729653601e-17 1.091237110167590e-03 2.728092775418975e-03 5.055213224893146e-03 1.091237110167590e-16
306 1.275000000000000e-09 4.257274122993504e-17 1.091608749485514e-03 2.729021873713785e-03 5.057318646730018e-03 1.091608749485514e-16
307 1.279166666666666e-09 4.258707255202575e-17 1.091976219282712e-03 2.729940548206780e-03 5.059400464803505e-03 1.091976219282712e-16
308 1.283333333333333e-09 4.260124308783163e-17 1.092339566354657e-03 2.730848915886644e-03 5.061458943431797e-03 1.092339566354657e-16
309 1.287500000000000e-09 4.261525464194193e-17 1.092698836972870e-03 2.731747092432175e-03 5.063494343998407e-03 1.092698836972870e-16
310 1.291666666666666e-09 4.262910899860846e-17 1.093054076887397e-03 2.732635192218492e-03 5.065506924944751e-03 1.093054076887397e-16
311 1.295833333333333e-09 4.264280792212993e-17 1.093405331336665e-03 2.733513328341662e-03 5.067496941873771e-03 1.093405331336665e-16
312 1.300000000000000e-09 4.265635315692040e-17 1.093752645049241e-03 2.734381612623103e-03 5.069464647509239e-03 1.093752645049241e-16
313 1.304166666666666e-09 4.266974642769856e-17 1.094096062248681e-03 2.735240155621703e-03 5.071410291699442e-03 1.094096062248681e-16
314 1.308333333333333e-09 4.268298944002050e-17 1.094435626667192e-03 2.736089066667981e-03 5.073334121620736e-03 1.094435626667193e-16
315 1.312500000000000e-09 4.269608388012735e-17 1.094771381541727e-03 2.736928453854318e-03 5.075236381548094e-03 1.094771381541727e-16
316 1.316666666666666e-09 4.270903141539775e-17 1.095103369625583e-03 2.737758424063959e-03 5.077117313140055e-03 1.095103369625584e-16
317 1.320833333333333e-09 4.272183369443371e-17 1.095431633190608e-03 2.738579082976520e-03 5.078977155320318e-03 1.095431633190608e-16
318 1.324999999999999e-09 4.273449234725005e-17 1.095756214032053e-03 2.739390535080132e-03 5.080816144311034e-03 1.095756214032053e-16
319 1.329166666666666e-09 4.274700898578217e-17 1.096077153481594e-03 2.740192883703986e-03 5.082634513743840e-03 1.096077153481594e-16
320 1.333333333333333e-09 4.275938520358516e-17 1.096394492399620e-03 2.740986230999049e-03 5.084432494608032e-03 1.096394492399620e-16
321 1.337500000000000e-09 4.277162257652700e-17 1.096708271193000e-03 2.741770677982500e-03 5.086210315324600e-03 1.096708271193000e-16
322 1.341666666666666e-09 4.278372266264470e-17 1.097018529811403e-03 2.742546324528507e-03 5.087968201749915e-03 1.097018529811403e-16
323 1.345833333333333e-09 4.279568700247966e-17 1.097325307755889e-03 2.743313269389723e-03 5.089706377246041e-03 1.097325307755889e-16
324 1.349999999999999e-09 4.280751711946865e-17 1.097628644088940e-03 2.744071610222350e-03 5.091425062662249e-03 1.097628644088940e-16
325 1.354166666666666e-09 4.281921451967526e-17 1.097928577427571e-03 2.744821443568927e-03 5.093124476346097e-03 1.097928577427571e-16
326 1.358333333333333e-09 4.283078069240889e-17 1.098225145959202e-03 2.745562864898006e-03 5.094804834269275e-03 1.098225145959202e-16
327 1.362500000000000e-09 4.284221711014579e-17 1.098518387439636e-03 2.746295968599090e-03 5.096466349942469e-03 1.098518387439636e-16
328 1.366666666666666e-09 4.285352522893918e-17 1.098808339203569e-03 2.747020848008922e-03 5.098109234481990e-03 1.098808339203568e-16
329 1.370833333333333e-09 4.286470648840305e-17 1.099095038164181e-03 2.747737595410452e-03 5.099733696668978e-03 1.099095038164181e-16
330 1.374999999999999e-09 4.287576231209700e-17 1.099378520823000e-03 2.748446302057500e-03 5.101339942942005e-03 1.099378520823000e-16
331 1.379166666666666e-09 4.288669410745852e-17 1.099658823268167e-03 2.749147058170418e-03 5.102928177456281e-03 1.099658823268167e-16
332 1.383333333333333e-09 4.289750326618068e-17 1.099935981184120e-03 2.749839952960301e-03 5.104498602024446e-03 1.099935981184120e-16
333 1.387500000000000e-09 4.290819116433940e-17 1.100210029854857e-03 2.750525074637142e-03 5.106051416231292e-03 1.100210029854856e-16
334 1.391666666666666e-09 4.291875916259591e-17 1.100481004169126e-03 2.751202510422815e-03 5.107586817455972e-03 1.100481004169126e-16
335 1.395833333333333e-09 4.292920860626921e-17 1.100748938622288e-03 2.751872346555719e-03 5.109105000849787e-03 1.100748938622288e-16
336 1.400000000000000e-09 4.293954082558359e-17 1.101013867322656e-03 2.752534668306641e-03 5.110606159380602e-03 1.101013867322656e-16
337 1.404166666666666e-09 4.294975713590706e-17 1.101275823997617e-03 2.753189559994043e-03 5.112090483829141e-03 1.101275823997617e-16
338 1.408333333333333e-09 4.295985883773134e-17 1.101534841993111e-03 2.753837104982778e-03 5.113558162911112e-03 1.101534841993111e-16
339 1.412499999999999e-09 4.296984721695137e-17 1.101790954280804e-03 2.754477385702011e-03 5.115009383158788e-03 1.101790954280804e-16
340 1.416666666666666e-09 4.297972354516624e-17 1.102044193465801e-03 2.755110483664503e-03 5.116444329046827e-03 1.102044193465801e-16
341 1.420833333333333e-09 4.298948907955738e-17 1.102294591783523e-03 2.755736479458807e-03 5.117863183014475e-03 1.102294591783523e-16
342 1.425000000000000e-09 4.299914506319321e-17 1.102542181107518e-03 2.756355452768796e-03 5.119266125376759e-03 1.102542181107518e-16
343 1.429166666666666e-09 4.300869272527340e-17 1.102786992955728e-03 2.756967482389321e-03 5.120653334535414e-03 1.102786992955728e-16
344 1.433333333333333e-09 4.301813328123112e-17 1.103029058493106e-03 2.757572646232765e-03 5.122024986816060e-03 1.103029058493106e-16
345 1.437499999999999e-09 4.302746793267516e-17 1.103268408530132e-03 2.758171021325331e-03 5.123381256608830e-03 1.103268408530132e-16
346 1.441666666666666e-09 4.303669786784243e-17 1.103505073534421e-03 2.758762683836053e-03 5.124722316294353e-03 1.103505073534421e-16
347 1.445833333333333e-09 4.304582426169474e-17 1.103739083633198e-03 2.759347709082996e-03 5.126048336454693e-03 1.103739083633198e-16
348 1.450000000000000e-09 4.305484827588527e-17 1.103970468612443e-03 2.759926171531107e-03 5.127359485632811e-03 1.103970468612443e-16
349 1.454166666666666e-09 4.306377105908702e-17 1.104199257925308e-03 2.760498144813271e-03 5.128655930506490e-03 1.104199257925308e-16
350 1.458333333333333e-09 4.307259374705259e-17 1.104425480693656e-03 2.761063701734141e-03 5.129937835962349e-03 1.104425480693656e-16
351 1.462499999999999e-09 4.308131746276333e-17 1.104649165711880e-03 2.761622914279701e-03 5.131205364947823e-03 1.104649165711880e-16
352 1.466666666666666e-09 4.308994331665375e-17 1.104870341452660e-03 2.762175853631651e-03 5.132458678708007e-03 1.104870341452660e-16
353 1.470833333333333e-09 4.309847240674535e-17 1.105089036070394e-03 2.762722590175984e-03 5.133697936519192e-03 1.105089036070394e-16
354 1.475000000000000e-09 4.310690581864751e-17 1.105305277401218e-03 2.763263193503046e-03 5.134923295988638e-03 1.105305277401218e-16
355 1.479166666666666e-09 4.311524462574678e-17 1.105519092967866e-03 2.763797732419665e-03 5.136134912921348e-03 1.105519092967866e-16
356 1.483333333333333e-09 4.312348988949373e-17 1.105730509987019e-03 2.764326274967547e-03 5.137332941360764e-03 1.105730509987019e-16
357 1.487499999999999e-09 4.313164265931464e-17 1.105939555367042e-03 2.764848888417606e-03 5.138517533684998e-03 1.105939555367042e-16
358 1.491666666666666e-09 4.313970397295737e-17 1.106146255716856e-03 2.765365639292139e-03 5.139688840514303e-03 1.106146255716856e-16
359 1.495833333333333e-09 4.314767485651094e-17 1.106350637346434e-03 2.765876593366086e-03 5.140847010814707e-03 1.106350637346434e-16
360 1.499999999999999e-09 4.315555632441721e-17 1.106552726267108e-03 2.766381815667770e-03 5.141992191846192e-03 1.106552726267108e-16
361 1.504166666666666e-09 4.316334937991646e-17 1.106752548202986e-03 2.766881370507466e-03 5.143124529281120e-03 1.106752548202986e-16
362 1.508333333333333e-09 4.317105501488638e-17 1.106950128586830e-03 2.767375321467076e-03 5.144244167056206e-03 1.106950128586831e-16
363 1.512499999999999e-09 4.317867421008798e-17 1.107145492566358e-03 2.767863731415896e-03 5.145351247594561e-03 1.107145492566358e-16
364 1.516666666666666e-09 4.318620793523818e-17 1.107338665006107e-03 2.768346662515268e-03 5.146445911661360e-03 1.107338665006107e-16
365 1.520833333333333e-09 4.319365714923625e-17 1.107529670493237e-03 2.768824176233093e-03 5.147528298522982e-03 1.107529670493237e-16
366 1.524999999999999e-09 4.320102280027608e-17 1.107718533340412e-03 2.769296333351031e-03 5.148598545795268e-03 1.107718533340412e-16
367 1.529166666666666e-09 4.320830582575878e-17 1.107905277583559e-03 2.769763193958896e-03 5.149656789621170e-03 1.107905277583558e-16
368 1.533333333333333e-09 4.321550715265709e-17 1.108089926991208e-03 2.770224817478019e-03 5.150703164544915e-03 1.108089926991208e-16
369 1.537499999999999e-09 4.322262769750362e-17 1.108272505064196e-03 2.770681262660489e-03 5.151737803689643e-03 1.108272505064195e-16
370 1.541666666666666e-09 4.322966836660802e-17 1.108453035041231e-03 2.771132587603079e-03 5.152760838627888e-03 1.108453035041231e-16
371 1.545833333333333e-09 4.323663005602462e-17 1.108631539898067e-03 2.771578849745169e-03 5.153772399462984e-03 1.108631539898067e-16
372 1.549999999999999e-09 4.324351365182484e-17 1.108808042354483e-03 2.772020105886208e-03 5.154772614862378e-03 1.108808042354483e-16
373 1.554166666666666e-09 4.325032003012987e-17 1.108982564875125e-03 2.772456412187813e-03 5.155761612053929e-03 1.108982564875125e-16
374 1.558333333333333e-09 4.325705005713742e-17 1.109155129670190e-03 2.772887824175476e-03 5.156739516833303e-03 1.109155129670190e-16
375 1.562500000000000e-09 4.326370458942763e-17 1.109325758703272e-03 2.773314396758182e-03 5.157706453563987e-03 1.109325758703273e-16
376 1.566666666666666e-09 4.327028447397744e-17 1.109494473691729e-03 2.773736184229323e-03 5.158662545217984e-03 1.109494473691729e-16
377 1.570833333333333e-09 4.327679054811742e-17 1.109661296105575e-03 2.774153240263938e-03 5.159607913423923e-03 1.109661296105575e-16
378 1.574999999999999e-09 4.328322363996461e-17 1.109826247178580e-03 2.774565617946450e-03 5.160542678433765e-03 1.109826247178580e-16
379 1.579166666666666e-09 4.328958456829090e-17 1.109989347904895e-03 2.774973369762237e-03 5.161466959148692e-03 1.109989347904895e-16
380 1.583333333333333e-09 4.329587414261541e-17 1.110150619041421e-03 2.775376547603552e-03 5.162380873130223e-03 1.110150619041421e-16
381 1.587500000000000e-09 4.330209316341263e-17 1.110310081113144e-03 2.775775202782861e-03 5.163284536618705e-03 1.110310081113144e-16
382 1.591666666666666e-09 4.330824242213263e-17 1.110467754413657e-03 2.776169386034143e-03 5.164178064574036e-03 1.110467754413657e-16
383 1.595833333333333e-09 4.331432270139642e-17 1.110623659010165e-03 2.776559147525412e-03 5.165061570638640e-03 1.110623659010165e-16
384 1.599999999999999e-09 4.332033477506235e-17 1.110777814745189e-03 2.776944536862972e-03 5.165935167222601e-03 1.110777814745189e-16
385 1.604166666666666e-09 4.332627940828211e-17 1.110930241238003e-03 2.777325603095008e-03 5.166798965411133e-03 1.110930241238003e-16
386 1.608333333333333e-09 4.333215735762770e-17 1.111080957887890e-03 2.777702394719725e-03 5.167653075134821e-03 1.111080957887890e-16
387 1.612499999999999e-09 4.333796937115241e-17 1.111229983875703e-03 2.778074959689257e-03 5.168497604980878e-03 1.111229983875703e-16
388 1.616666666666666e-09 4.334371618847183e-17 1.111377338165944e-03 2.778443345414861e-03 5.169332662433693e-03 1.111377338165945e-16
389 1.620833333333333e-09 4.334939854103273e-17 1.111523039513660e-03 2.778807598784149e-03 5.170158353689802e-03 1.111523039513660e-16
390 1.624999999999999e-09 4.335501715203271e-17 1.111667106462377e-03 2.779167766155943e-03 5.170974783805907e-03 1.111667106462377e-16
391 1.629166666666666e-09 4.336057273649185e-17 1.111809557345945e-03 2.779523893364863e-03 5.171782056635971e-03 1.111809557345945e-16
392 1.633333333333333e-09 4.336606600143940e-17 1.111950410293318e-03 2.779876025733295e-03 5.172580274849722e-03 1.111950410293318e-16
393 1.637499999999999e-09 4.337149764600630e-17 1.112089683230931e-03 2.780224208077327e-03 5.173369539995552e-03 1.112089683230931e-16
394 1.641666666666666e-09 4.337686836140464e-17 1.112227393882170e-03 2.780568484705426e-03 5.174149952496841e-03 1.112227393882170e-16
395 1.645833333333333e-09 4.338217883117152e-17 1.112363559773629e-03 2.780908899434072e-03 5.174921611648234e-03 1.112363559773629e-16
396 1.649999999999999e-09 4.338742973116189e-17 1.112498198234920e-03 2.781245495587301e-03 5.175684615574941e-03 1.112498198234920e-16
397 1.654166666666666e-09 4.339262172964361e-17 1.112631326401118e-03 2.781578316002796e-03 5.176439061369666e-03 1.112631326401118e-16
398 1.658333333333333e-09 4.339775548727760e-17 1.112762961212246e-03 2.781907403030616e-03 5.177185044981587e-03 1.112762961212246e-16
399 1.662499999999999e-09 4.340283165750510e-17 1.112893119423208e-03 2.782232798558020e-03 5.177922661371775e-03 1.112893119423208e-16
400 1.666666666666666e-09 4.340785088626696e-17 1.113021817596589e-03 2.782554543991473e-03 5.178652004335578e-03 1.113021817596589e-16
401 1.670833333333333e-09 4.341281381233263e-17 1.113149072111093e-03 2.782872680277733e-03 5.179373166646926e-03 1.113149072111093e-16
402 1.674999999999999e-09 4.341772106737957e-17 1.113274899163579e-03 2.783187247908947e-03 5.180086240065757e-03 1.113274899163579e-16
403 1.679166666666666e-09 4.342257327581389e-17 1.113399314764459e-03 2.783498286911147e-03 5.180791315326897e-03 1.113399314764459e-16
404 1.683333333333333e-09 4.342737105523838e-17 1.113522334749702e-03 2.783805836874256e-03 5.181488482103058e-03 1.113522334749702e-16
405 1.687499999999999e-09 4.343211501615063e-17 1.113643974773093e-03 2.784109936932733e-03 5.182177829119563e-03 1.113643974773093e-16
406 1.691666666666666e-09 4.343680576231785e-17 1.113764250315842e-03 2.784410625789606e-03 5.182859444047026e-03 1.113764250315842e-16
407 1.695833333333333e-09 4.344144389067683e-17 1.113883176684021e-03 2.784707941710053e-03 5.183533413604968e-03 1.113883176684021e-16
408 1.700000000000000e-09 4.344602999143745e-17 1.114000769011217e-03 2.785001922528042e-03 5.184199823550712e-03 1.114000769011217e-16
409 1.704166666666666e-09 4.345056464828508e-17 1.114117042263720e-03 2.785292605659300e-03 5.184858758675694e-03 1.114117042263720e-16
410 1.708333333333333e-09 4.345504843833488e-17 1.114232011239356e-03 2.785580028098390e-03 5.185510302812856e-03 1.114232011239356e-16
411 1.712499999999999e-09 4.345948193210365e-17 1.114345690566760e-03 2.785864226416901e-03 5.186154538810738e-03 1.114345690566760e-16
412 1.716666666666666e-09 4.346386569391295e-17 1.114458094715717e-03 2.786145236789292e-03 5.186791548681517e-03 1.114458094715717e-16
413 1.720833333333333e-09 4.346820028160894e-17 1.114569237989973e-03 2.786423094974933e-03 5.187421413464069e-03 1.114569237989973e-16
414 1.724999999999999e-09 4.347248624674212e-17 1.114679134531849e-03 2.786697836329623e-03 5.188044213279491e-03 1.114679134531849e-16
415 1.729166666666666e-09 4.347672413481554e-17 1.114787798328604e-03 2.786969495821510e-03 5.188660027382905e-03 1.114787798328604e-16
416 1.733333333333333e-09 4.348091448511563e-17 1.114895243208093e-03 2.787238108020233e-03 5.189268934115349e-03 1.114895243208093e-16
417 1.737499999999999e-09 4.348505783083455e-17 1.115001482841912e-03 2.787503707104779e-03 5.189871010962985e-03 1.115001482841912e-16
418 1.741666666666666e-09 4.348915469934418e-17 1.115106530752415e-03 2.787766326881038e-03 5.190466334483097e-03 1.115106530752415e-16
419 1.745833333333333e-09 4.349320561203761e-17 1.115210400308657e-03 2.788026000771642e-03 5.191054980452103e-03 1.115210400308657e-16
420 1.749999999999999e-09 4.349721108439493e-17 1.115313104728075e-03 2.788282761820188e-03 5.191637023758247e-03 1.115313104728075e-16
421 1.754166666666666e-09 4.350117162614430e-17 1.115414657080623e-03 2.788536642701558e-03 5.192212538457108e-03 1.115414657080623e-16
422 1.758333333333333e-09 4.350508774127370e-17 1.115515070289069e-03 2.788787675722674e-03 5.192781597775293e-03 1.115515070289069e-16
423 1.762499999999999e-09 4.350895992814522e-17 1.115614357131929e-03 2.789035892829822e-03 5.193344274091943e-03 1.115614357131929e-16
424 1.766666666666666e-09 4.351278867962608e-17 1.115712530246823e-03 2.789281325617057e-03 5.193900639042351e-03 1.115712530246823e-16
425 1.770833333333333e-09 4.351657448286290e-17 1.115809602124690e-03 2.789524005311725e-03 5.194450763366223e-03 1.115809602124690e-16
426 1.774999999999999e-09 4.352031781964974e-17 1.115905585119224e-03 2.789763962798061e-03 5.194994717070525e-03 1.115905585119224e-16
427 1.779166666666666e-09 4.352401916628523e-17 1.116000491443211e-03 2.790001228608028e-03 5.195532569396166e-03 1.116000491443211e-16
428 1.783333333333333e-09 4.352767899390230e-17 1.116094333176982e-03 2.790235832942456e-03 5.196064388755087e-03 1.116094333176982e-16
429 1.787499999999999e-09 4.353129776819734e-17 1.116187122261470e-03 2.790467805653676e-03 5.196590242789477e-03 1.116187122261470e-16
430 1.791666666666666e-09 4.353487594972508e-17 1.116278870505771e-03 2.790697176264429e-03 5.197110198430982e-03 1.116278870505772e-16
431 1.795833333333333e-09 4.353841399378799e-17 1.116369589584307e-03 2.790923973960769e-03 5.197624321845195e-03 1.116369589584307e-16
432 1.799999999999999e-09 4.354191235064070e-17 1.116459291042069e-03 2.791148227605174e-03 5.198132678453854e-03 1.116459291042069e-16
433 1.804166666666666e-09 4.354537146549249e-17 1.116547986294679e-03 2.791369965736698e-03 5.198635332908951e-03 1.116547986294679e-16
434 1.808333333333333e-09 4.354879177851418e-17 1.116635686628569e-03 2.791589216571422e-03 5.199132349159330e-03 1.116635686628569e-16
435 1.812499999999999e-09 4.355217372498558e-17 1.116722403204758e-03 2.791806008011896e-03 5.199623790487700e-03 1.116722403204758e-16
436 1.816666666666666e-09 4.355551773531458e-17 1.116808147059348e-03 2.792020367648371e-03 5.200109719373720e-03 1.116808147059348e-16
437 1.820833333333333e-09 4.355882423498939e-17 1.116892929102292e-03 2.792232322755731e-03 5.200590197690112e-03 1.116892929102292e-16
438 1.824999999999999e-09 4.356209364477432e-17 1.116976760122419e-03 2.792441900306047e-03 5.201065286558358e-03 1.116976760122419e-16
439 1.829166666666666e-09 4.356532638074787e-17 1.117059650788407e-03 2.792649126971017e-03 5.201535046396795e-03 1.117059650788407e-16
440 1.833333333333333e-09 4.356852285437569e-17 1.117141611650659e-03 2.792854029126647e-03 5.201999537002033e-03 1.117141611650659e-16
441 1.837499999999999e-09 4.357168347233249e-17 1.117222653136731e-03 2.793056632841827e-03 5.202458817478646e-03 1.117222653136731e-16
442 1.841666666666666e-09 4.357480863683652e-17 1.117302785559911e-03 2.793256963899778e-03 5.202912946261371e-03 1.117302785559911e-16
443 1.845833333333333e-09 4.357789874562037e-17 1.117382019118471e-03 2.793455047796178e-03 5.203361981159524e-03 1.117382019118471e-16
444 1.849999999999999e-09 4.358095419188878e-17 1.117460363894584e-03 2.793650909736461e-03 5.203805979231168e-03 1.117460363894584e-16
445 1.854166666666666e-09 4.358397536446329e-17 1.117537829858033e-03 2.793844574645083e-03 5.204244997027358e-03 1.117537829858033e-16
446 1.858333333333333e-09 4.358696264786450e-17 1.117614426868321e-03 2.794036067170802e-03 5.204679090447827e-03 1.117614426868321e-16
447 1.862499999999999e-09 4.358991642218093e-17 1.117690164671306e-03 2.794225411678265e-03 5.205108314644753e-03 1.117690164671306e-16
448 1.866666666666666e-09 4.359283706333486e-17 1.117765052906022e-03 2.794412632265056e-03 5.205532724278115e-03 1.117765052906022e-16
449 1.870833333333333e-09 4.359572494296936e-17 1.117839101101779e-03 2.794597752754447e-03 5.205952373349164e-03 1.117839101101779e-16
450 1.874999999999999e-09 4.359858042856123e-17 1.117912318681057e-03 2.794780796702643e-03 5.206367315255923e-03 1.117912318681057e-16
451 1.879166666666666e-09 4.360140388350089e-17 1.117984714961561e-03 2.794961787403904e-03 5.206777602796903e-03 1.117984714961561e-16
452 1.883333333333333e-09 4.360419566713646e-17 1.118056299157345e-03 2.795140747893363e-03 5.207183288156284e-03 1.118056299157345e-16
453 1.887500000000000e-09 4.360695613462920e-17 1.118127080375108e-03 2.795317700937769e-03 5.207584422948333e-03 1.118127080375108e-16
454 1.891666666666666e-09 4.360968563738561e-17 1.118197067625272e-03 2.795492669063180e-03 5.207981058243311e-03 1.118197067625272e-16
455 1.895833333333333e-09 4.361238452269825e-17 1.118266269812776e-03 2.795665674531940e-03 5.208373244508257e-03 1.118266269812776e-16
456 1.899999999999999e-09 4.361505313400759e-17 1.118334695743784e-03 2.795836739359461e-03 5.208761031647693e-03 1.118334695743784e-16
457 1.904166666666666e-09 4.361769181092992e-17 1.118402354126408e-03 2.796005885316021e-03 5.209144468999933e-03 1.118402354126409e-16
458 1.908333333333333e-09 4.362030088924794e-17 1.118469253570460e-03 2.796173133926150e-03 5.209523605322271e-03 1.118469253570460e-16
459 1.912499999999999e-09 4.362288070094111e-17 1.118535402588234e-03 2.796338506470584e-03 5.209898488872400e-03 1.118535402588234e-16
460 1.916666666666666e-09 4.362543157432344e-17 1.118600809598037e-03 2.796502023995093e-03 5.210269167382507e-03 1.118600809598037e-16
461 1.920833333333333e-09 4.362795383404194e-17 1.118665482924153e-03 2.796663707310381e-03 5.210635688022272e-03 1.118665482924153e-16
462 1.924999999999999e-09 4.363044780097435e-17 1.118729430794214e-03 2.796823576985536e-03 5.210998097372950e-03 1.118729430794214e-16
463 1.929166666666666e-09 4.363291379253715e-17 1.118792661347107e-03 2.796981653367767e-03 5.211356441612417e-03 1.118792661347107e-16
464 1.933333333333332e-09 4.363535212264498e-17 1.118855182631923e-03 2.797137956579807e-03 5.211710766282022e-03 1.118855182631923e-16
465 1.937499999999999e-09 4.363776310146138e-17 1.118917002601574e-03 2.797292506503935e-03 5.212061116508630e-03 1.118917002601574e-16
466 1.941666666666666e-09 4.364014703579595e-17 1.118978129122973e-03 2.797445322807433e-03 5.212407536863993e-03 1.118978129122973e-16
467 1.945833333333333e-09 4.364250422908151e-17 1.119038569976449e-03 2.797596424941123e-03 5.212750071383261e-03 1.119038569976449e-16
468 1.949999999999999e-09 4.364483498122151e-17 1.119098332851834e-03 2.797745832129584e-03 5.213088763746305e-03 1.119098332851834e-16
469 1.954166666666666e-09 4.364713958884846e-17 1.119157425355089e-03 2.797893563387722e-03 5.213423656955765e-03 1.119157425355089e-16
470 1.958333333333333e-09 4.364941834522335e-17 1.119215855005727e-03 2.798039637514318e-03 5.213754793662709e-03 1.119215855005727e-16
471 1.962499999999999e-09 4.365167154036031e-17 1.119273629240008e-03 2.798184073100020e-03 5.214082216022306e-03 1.119273629240008e-16
472 1.966666666666666e-09 4.365389946093944e-17 1.119330755408704e-03 2.798326888521759e-03 5.214405965675318e-03 1.119330755408704e-16
473 1.970833333333333e-09 4.365610239043604e-17 1.119387240780411e-03 2.798468101951029e-03 5.214726083836925e-03 1.119387240780411e-16
474 1.974999999999999e-09 4.365828060930316e-17 1.119443092546235e-03 2.798607731365588e-03 5.215042611219006e-03 1.119443092546235e-16
475 1.979166666666666e-09 4.366043439462011e-17 1.119498317810772e-03 2.798745794526930e-03 5.215355588100456e-03 1.119498317810772e-16
476 1.983333333333332e-09 4.366256402053147e-17 1.119552923603371e-03 2.798882309008428e-03 5.215665054304970e-03 1.119552923603371e-16
477 1.987499999999999e-09 4.366466975799328e-17 1.119606916871622e-03 2.799017292179057e-03 5.215971049219561e-03 1.119606916871623e-16
478 1.991666666666666e-09 4.366675187501338e-17 1.119660304487522e-03 2.799150761218807e-03 5.216273611761249e-03 1.119660304487522e-16
479 1.995833333333333e-09 4.366881063653926e-17 1.119713093244597e-03 2.799282733111491e-03 5.216572780454771e-03 1.119713093244597e-16
480 1.999999999999999e-09 4.367084630445423e-17 1.119765289857801e-03 2.799413224644502e-03 5.216868593388178e-03 1.119765289857801e-16
481 2.004166666666666e-09 4.367285913795096e-17 1.119816900973102e-03 2.799542252432754e-03 5.217161088172128e-03 1.119816900973102e-16
482 2.008333333333333e-09 4.367484939306169e-17 1.119867933155428e-03 2.799669832888570e-03 5.217450302010191e-03 1.119867933155428e-16
483 2.012499999999999e-09 4.367681732317240e-17 1.119918392901856e-03 2.799795982254641e-03 5.217736271750671e-03 1.119918392901856e-16
484 2.016666666666666e-09 4.367876317861381e-17 1.119968286631123e-03 2.799920716577809e-03 5.218019033753372e-03 1.119968286631123e-16
485 2.020833333333333e-09 4.368068720697452e-17 1.120017620691654e-03 2.800044051729136e-03 5.218298623967317e-03 1.120017620691654e-16
486 2.024999999999999e-09 4.368258965317380e-17 1.120066401363431e-03 2.800166003408577e-03 5.218575078026960e-03 1.120066401363431e-16
487 2.029166666666666e-09 4.368447075934814e-17 1.120114634855081e-03 2.800286587137702e-03 5.218848431074566e-03 1.120114634855081e-16
488 2.033333333333333e-09 4.368633076471177e-17 1.120162327300302e-03 2.800405818250755e-03 5.219118717882316e-03 1.120162327300302e-16
489 2.037499999999999e-09 4.368816990610410e-17 1.120209484771900e-03 2.800523711929750e-03 5.219385972915235e-03 1.120209484771900e-16
490 2.041666666666666e-09 4.368998841747206e-17 1.120256113268515e-03 2.800640283171286e-03 5.219650230105440e-03 1.120256113268515e-16
491 2.045833333333333e-09 4.369178653025795e-17 1.120302218724563e-03 2.800755546811407e-03 5.219911523111190e-03 1.120302218724563e-16
492 2.049999999999999e-09 4.369356447328557e-17 1.120347807007322e-03 2.800869517518307e-03 5.220169885150360e-03 1.120347807007322e-16
493 2.054166666666666e-09 4.369532247281597e-17 1.120392883918358e-03 2.800982209795896e-03 5.220425349148464e-03 1.120392883918358e-16
494 2.058333333333333e-09 4.369706075255167e-17 1.120437455193633e-03 2.801093637984082e-03 5.220677947598029e-03 1.120437455193633e-16
495 2.062499999999999e-09 4.369877953364504e-17 1.120481526503719e-03 2.801203816259298e-03 5.220927712614104e-03 1.120481526503719e-16
496 2.066666666666666e-09 4.370047903491902e-17 1.120525103459462e-03 2.801312758648655e-03 5.221174675982379e-03 1.120525103459462e-16
497 2.070833333333332e-09 4.370215947258026e-17 1.120568191604622e-03 2.801420479011556e-03 5.221418869151768e-03 1.120568191604622e-16
498 2.074999999999999e-09 4.370382106046514e-17 1.120610796422183e-03 2.801526991055458e-03 5.221660323212216e-03 1.120610796422183e-16
499 2.079166666666666e-09 4.370546400999323e-17 1.120652923333160e-03 2.801632308332900e-03 5.221899068842890e-03 1.120652923333160e-16
500 2.083333333333333e-09 4.370708853023822e-17 1.120694577698416e-03 2.801736444246040e-03 5.222135136445392e-03 1.120694577698416e-16
501 2.087499999999999e-09 4.370869482793493e-17 1.120735764818844e-03 2.801839412047111e-03 5.222368556062361e-03 1.120735764818844e-16
502 2.091666666666666e-09 4.371028310759717e-17 1.120776489938389e-03 2.801941224845973e-03 5.222599357392261e-03 1.120776489938389e-16
503 2.095833333333333e-09 4.371185357118837e-17 1.120816758235599e-03 2.802041895588999e-03 5.222827569804194e-03 1.120816758235599e-16
504 2.099999999999999e-09 4.371340641857609e-17 1.120856574835284e-03 2.802141437088211e-03 5.223053222348990e-03 1.120856574835284e-16
505 2.104166666666666e-09 4.371494184742422e-17 1.120895944805749e-03 2.802239862014374e-03 5.223276343703715e-03 1.120895944805749e-16
506 2.108333333333333e-09 4.371646005306303e-17 1.120934873155462e-03 2.802337182888656e-03 5.223496962308581e-03 1.120934873155462e-16
507 2.112499999999999e-09 4.371796122877416e-17 1.120973364840363e-03 2.802433412100909e-03 5.223715106200422e-03 1.120973364840363e-16
508 2.116666666666666e-09 4.371944556555765e-17 1.121011424757889e-03 2.802528561894722e-03 5.223930803142211e-03 1.121011424757889e-16
509 2.120833333333332e-09 4.372091325226779e-17 1.121049057750456e-03 2.802622644376140e-03 5.224144080600867e-03 1.121049057750456e-16
510 2.124999999999999e-09 4.372236447563943e-17 1.121086268606139e-03 2.802715671515349e-03 5.224354965710242e-03 1.121086268606140e-16
511 2.129166666666666e-09 4.372379942042132e-17 1.121123062062085e-03 2.802807655155213e-03 5.224563485285922e-03 1.121123062062085e-16
512 2.133333333333333e-09 4.372521826920386e-17 1.121159442800099e-03 2.802898607000248e-03 5.224769665884443e-03 1.121159442800099e-16
513 2.137499999999999e-09 4.372662120250654e-17 1.121195415448886e-03 2.802988538622215e-03 5.224973533740372e-03 1.121195415448886e-16
514 2.141666666666666e-09 4.372800839884379e-17 1.121230984585738e-03 2.803077461464346e-03 5.225175114781122e-03 1.121230984585738e-16
515 2.145833333333333e-09 4.372938003474438e-17 1.121266154737036e-03 2.803165386842589e-03 5.225374434667643e-03 1.121266154737036e-16
516 2.149999999999999e-09 4.373073628471764e-17 1.121300930377375e-03 2.803252325943439e-03 5.225571518783336e-03 1.121300930377375e-16
517 2.154166666666666e-09 4.373207732144616e-17 1.121335315934517e-03 2.803338289836293e-03 5.225766392178536e-03 1.121335315934517e-16
518 2.158333333333332e-09 4.373340331554586e-17 1.121369315783227e-03 2.803423289458069e-03 5.225959079655620e-03 1.121369315783227e-16
519 2.162499999999999e-09 4.373471443574642e-17 1.121402934249908e-03 2.803507335624771e-03 5.226149605709814e-03 1.121402934249908e-16
520 2.166666666666666e-09 4.373601084894840e-17 1.121436175614061e-03 2.803590439035154e-03 5.226337994651297e-03 1.121436175614061e-16
521 2.170833333333333e-09 4.373729272000936e-17 1.121469044102804e-03 2.803672610257010e-03 5.226524270397976e-03 1.121469044102804e-16
522 2.174999999999999e-09 4.373856021210638e-17 1.121501543900164e-03 2.803753859750410e-03 5.226708456667917e-03 1.121501543900164e-16
523 2.179166666666666e-09 4.373981348648307e-17 1.121533679140591e-03 2.803834197851479e-03 5.226890576879421e-03 1.121533679140592e-16
524 2.183333333333333e-09 4.374105270271621e-17 1.121565453915800e-03 2.803913634789501e-03 5.227070654239851e-03 1.121565453915800e-16
525 2.187499999999999e-09 4.374227801846396e-17 1.121596872268307e-03 2.803992180670767e-03 5.227248711671613e-03 1.121596872268307e-16
526 2.191666666666666e-09 4.374348958963235e-17 1.121627938195702e-03 2.804069845489254e-03 5.227424771804753e-03 1.121627938195702e-16
527 2.195833333333333e-09 4.374468757043377e-17 1.121658655652148e-03 2.804146639130370e-03 5.227598857043569e-03 1.121658655652148e-16
528 2.199999999999999e-09 4.374587211317600e-17 1.121689028542974e-03 2.804222571357436e-03 5.227770989529612e-03 1.121689028542974e-16
529 2.204166666666666e-09 4.374704336878701e-17 1.121719060738129e-03 2.804297651845322e-03 5.227941191208289e-03 1.121719060738129e-16
530 2.208333333333332e-09 4.374820148625302e-17 1.121748756057770e-03 2.804371890144425e-03 5.228109483714146e-03 1.121748756057770e-16
531 2.212499999999999e-09 4.374934661291707e-17 1.121778118279925e-03 2.804445295699813e-03 5.228275888470787e-03 1.121778118279925e-16
532 2.216666666666666e-09 4.375047889449593e-17 1.121807151140921e-03 2.804517877852304e-03 5.228440426639061e-03 1.121807151140921e-16
533 2.220833333333333e-09 4.375159847505752e-17 1.121835858334808e-03 2.804589645837021e-03 5.228603119154078e-03 1.121835858334809e-16
534 2.224999999999999e-09 4.375270549710914e-17 1.121864243515619e-03 2.804660608789048e-03 5.228763986725193e-03 1.121864243515619e-16
535 2.229166666666666e-09 4.375380010150497e-17 1.121892310294999e-03 2.804730775737499e-03 5.228923049839724e-03 1.121892310294999e-16
536 2.233333333333333e-09 4.375488242755875e-17 1.121920062245096e-03 2.804800155612741e-03 5.229080328707432e-03 1.121920062245096e-16
537 2.237499999999999e-09 4.375595261296016e-17 1.121947502896414e-03 2.804868757241036e-03 5.229235843364140e-03 1.121947502896414e-16
538 2.241666666666666e-09 4.375701079394577e-17 1.121974635742199e-03 2.804936589355498e-03 5.229389613582919e-03 1.121974635742199e-16
539 2.245833333333332e-09 4.375805710511848e-17 1.122001464233807e-03 2.805003660584518e-03 5.229541658955508e-03 1.122001464233807e-16
540 2.249999999999999e-09 4.375909167964860e-17 1.122027991785862e-03 2.805069979464654e-03 5.229691998796085e-03 1.122027991785862e-16
541 2.254166666666666e-09 4.376011464922357e-17 1.122054221774964e-03 2.805135554437409e-03 5.229840652307807e-03 1.122054221774964e-16
542 2.258333333333332e-09 4.376112614392602e-17 1.122080157536565e-03 2.805200393841412e-03 5.229987638312657e-03 1.122080157536564e-16
543 2.262499999999999e-09 4.376212629258268e-17 1.122105802373915e-03 2.805264505934788e-03 5.230132975569700e-03 1.122105802373915e-16
544 2.266666666666666e-09 4.376311522238481e-17 1.122131159548328e-03 2.805327898870821e-03 5.230276682556751e-03 1.122131159548329e-16
545 2.270833333333333e-09 4.376409305919725e-17 1.122156232287109e-03 2.805390580717773e-03 5.230418777581386e-03 1.122156232287109e-16
546 2.274999999999999e-09 4.376505992747121e-17 1.122181023781313e-03 2.805452559453283e-03 5.230559278677329e-03 1.122181023781313e-16
547 2.279166666666666e-09 4.376601595017833e-17 1.122205537184060e-03 2.805513842960150e-03 5.230698203763579e-03 1.122205537184060e-16
548 2.283333333333333e-09 4.376696124910191e-17 1.122229775617998e-03 2.805574439044995e-03 5.230835570537091e-03 1.122229775617998e-16
549 2.287499999999999e-09 4.376789594441065e-17 1.122253742164376e-03 2.805634355410940e-03 5.230971396417264e-03 1.122253742164376e-16
550 2.291666666666666e-09 4.376882015512935e-17 1.122277439875111e-03 2.805693599687779e-03 5.231105698723578e-03 1.122277439875111e-16
551 2.295833333333332e-09 4.376973399882026e-17 1.122300871764622e-03 2.805752179411555e-03 5.231238494553466e-03 1.122300871764622e-16
552 2.299999999999999e-09 4.377063759174814e-17 1.122324040814055e-03 2.805810102035138e-03 5.231369800808224e-03 1.122324040814055e-16
553 2.304166666666666e-09 4.377153104894414e-17 1.122346949972927e-03 2.805867374932317e-03 5.231499634181905e-03 1.122346949972927e-16
554 2.308333333333332e-09 4.377241448407106e-17 1.122369602155668e-03 2.805924005389170e-03 5.231628011198330e-03 1.122369602155668e-16
555 2.312499999999999e-09 4.377328800954856e-17 1.122392000244835e-03 2.805980000612088e-03 5.231754948159272e-03 1.122392000244835e-16
556 2.316666666666666e-09 4.377415173656218e-17 1.122414147091338e-03 2.806035367728345e-03 5.231880461255486e-03 1.122414147091338e-16
557 2.320833333333333e-09 4.377500577499492e-17 1.122436045512690e-03 2.806090113781726e-03 5.232004566477880e-03 1.122436045512690e-16
558 2.324999999999999e-09 4.377585023355097e-17 1.122457698296179e-03 2.806144245740447e-03 5.232127279573120e-03 1.122457698296179e-16
559 2.329166666666666e-09 4.377668521970101e-17 1.122479108197462e-03 2.806197770493655e-03 5.232248616180549e-03 1.122479108197462e-16
560 2.333333333333333e-09 4.377751083967969e-17 1.122500277940505e-03 2.806250694851262e-03 5.232368591747067e-03 1.122500277940505e-16
561 2.337499999999999e-09 4.377832719856869e-17 1.122521210219710e-03 2.806303025549275e-03 5.232487221541943e-03 1.122521210219710e-16
562 2.341666666666666e-09 4.377913440018332e-17 1.122541907697008e-03 2.806354769242521e-03 5.232604520619802e-03 1.122541907697008e-16
563 2.345833333333332e-09 4.377993254727359e-17 1.122562373007015e-03 2.806405932517538e-03 5.232720503939046e-03 1.122562373007015e-16
564 2.349999999999999e-09 4.378072174144083e-17 1.122582608754893e-03 2.806456521887233e-03 5.232835186258244e-03 1.122582608754893e-16
565 2.354166666666666e-09 4.378150208311563e-17 1.122602617515785e-03 2.806506543789464e-03 5.232948582195329e-03 1.122602617515785e-16
566 2.358333333333333e-09 4.378227367158374e-17 1.122622401835481e-03 2.806556004588702e-03 5.233060706153594e-03 1.122622401835481e-16
567 2.362499999999999e-09 4.378303660498205e-17 1.122641964230309e-03 2.806604910575773e-03 5.233171572399409e-03 1.122641964230309e-16
568 2.366666666666666e-09 4.378379098046672e-17 1.122661307191454e-03 2.806653267978636e-03 5.233281195036302e-03 1.122661307191455e-16
569 2.370833333333333e-09 4.378453689396658e-17 1.122680433178630e-03 2.806701082946576e-03 5.233389588016078e-03 1.122680433178630e-16
570 2.374999999999999e-09 4.378527444044196e-17 1.122699344626717e-03 2.806748361566793e-03 5.233496765149912e-03 1.122699344626717e-16
571 2.379166666666666e-09 4.378600371374574e-17 1.122718043942198e-03 2.806795109855496e-03 5.233602740041737e-03 1.122718043942198e-16
572 2.383333333333332e-09 4.378672480667832e-17 1.122736533504572e-03 2.806841333761431e-03 5.233707526214071e-03 1.122736533504572e-16
573 2.387499999999999e-09 4.378743781100576e-17 1.122754815666814e-03 2.806887039167036e-03 5.233811137008089e-03 1.122754815666814e-16
574 2.391666666666666e-09 4.378814281741900e-17 1.122772892754334e-03 2.806932231885834e-03 5.233913585557732e-03 1.122772892754334e-16
575 2.395833333333332e-09 4.378883991568923e-17 1.122790767068955e-03 2.806976917672387e-03 5.234014884934027e-03 1.122790767068955e-16
576 2.399999999999999e-09 4.378952919447309e-17 1.122808440883925e-03 2.807021102209814e-03 5.234115048019260e-03 1.122808440883926e-16
577 2.404166666666666e-09 4.379021074151059e-17 1.122825916448990e-03 2.807064791122474e-03 5.234214087562494e-03 1.122825916448990e-16
578 2.408333333333333e-09 4.379088464356217e-17 1.122843195988773e-03 2.807107989971934e-03 5.234312016157355e-03 1.122843195988774e-16
579 2.412499999999999e-09 4.379155098631334e-17 1.122860281700342e-03 2.807150704250855e-03 5.234408846290156e-03 1.122860281700342e-16
580 2.416666666666666e-09 4.379220985459474e-17 1.122877175758840e-03 2.807192939397099e-03 5.234504590258466e-03 1.122877175758840e-16
581 2.420833333333333e-09 4.379286133227359e-17 1.122893880314707e-03 2.807234700786769e-03 5.234599260241430e-03 1.122893880314707e-16
582 2.424999999999999e-09 4.379350550224817e-17 1.122910397493543e-03 2.807275993733857e-03 5.234692868321977e-03 1.122910397493543e-16
583 2.429166666666666e-09 4.379414244642539e-17 1.122926729395523e-03 2.807316823488807e-03 5.234785426360987e-03 1.122926729395523e-16
584 2.433333333333332e-09 4.379477224588797e-17 1.122942878099692e-03 2.807357195249229e-03 5.234876946193440e-03 1.122942878099692e-16
585 2.437499999999999e-09 4.379539498082325e-17 1.122958845662135e-03 2.807397114155337e-03 5.234967439417466e-03 1.122958845662135e-16
586 2.441666666666666e-09 4.379601073042197e-17 1.122974634113384e-03 2.807436585283460e-03 5.235056917553477e-03 1.122974634113384e-16
587 2.445833333333332e-09 4.379661957308455e-17 1.122990245463706e-03 2.807475613659266e-03 5.235145392018269e-03 1.122990245463706e-16
588 2.449999999999999e-09 4.379722158625405e-17 1.123005681698822e-03 2.807514204247055e-03 5.235232874069501e-03 1.123005681698822e-16
589 2.454166666666666e-09 4.379781684652920e-17 1.123020944782800e-03 2.807552361957000e-03 5.235319374794604e-03 1.123020944782800e-16
590 2.458333333333333e-09 4.379840542967309e-17 1.123036036658284e-03 2.807590091645711e-03 5.235404905199584e-03 1.123036036658285e-16
591 2.462499999999999e-09 4.379898741063281e-17 1.123050959246995e-03 2.807627398117488e-03 5.235489476220142e-03 1.123050959246995e-16
592 2.466666666666666e-09 4.379956286342101e-17 1.123065714446692e-03 2.807664286116732e-03 5.235573098592131e-03 1.123065714446692e-16
593 2.470833333333332e-09 4.380013186123265e-17 1.123080304134171e-03 2.807700760335427e-03 5.235655782984797e-03 1.123080304134171e-16
594 2.474999999999999e-09 4.380069447649130e-17 1.123094730166444e-03 2.807736825416109e-03 5.235737539878644e-03 1.123094730166444e-16
595 2.479166666666666e-09 4.380125078081427e-17 1.123108994379853e-03 2.807772485949633e-03 5.235818379698668e-03 1.123108994379853e-16
596 2.483333333333332e-09 4.380180084503104e-17 1.123123098590540e-03 2.807807746476349e-03 5.235898312714430e-03 1.123123098590539e-16
597 2.487499999999999e-09 4.380234473906030e-17 1.123137044591290e-03 2.807842611478224e-03 5.235977349125179e-03 1.123137044591290e-16
598 2.491666666666666e-09 4.380288253212612e-17 1.123150834157080e-03 2.807877085392700e-03 5.236055498945128e-03 1.123150834157080e-16
599 2.495833333333333e-09 4.380341429267320e-17 1.123164469042903e-03 2.807911172607257e-03 5.236132772169984e-03 1.123164469042903e-16
600 2.499999999999999e-09 4.380394008835871e-17 1.123177950983557e-03 2.807944877458892e-03 5.236209178621520e-03 1.123177950983557e-16
601 2.504166666666666e-09 4.380445998613298e-17 1.123191281695717e-03 2.807978204239294e-03 5.236284727973479e-03 1.123191281695718e-16
602 2.508333333333333e-09 4.380497405216994e-17 1.123204462876152e-03 2.808011157190381e-03 5.236359429892205e-03 1.123204462876152e-16
603 2.512499999999999e-09 4.380548235180899e-17 1.123217496200231e-03 2.808043740500576e-03 5.236433293892307e-03 1.123217496200231e-16
604 2.516666666666666e-09 4.380598494978352e-17 1.123230383327783e-03 2.808075958319457e-03 5.236506329332965e-03 1.123230383327783e-16
605 2.520833333333332e-09 4.380648191005756e-17 1.123243125898912e-03 2.808107814747280e-03 5.236578545514147e-03 1.123243125898912e-16
606 2.524999999999999e-09 4.380697329581946e-17 1.123255725533832e-03 2.808139313834581e-03 5.236649951650706e-03 1.123255725533832e-16
607 2.529166666666666e-09 4.380745916965045e-17 1.123268183837191e-03 2.808170459592978e-03 5.236720556787259e-03 1.123268183837191e-16
608 2.533333333333332e-09 4.380793959334682e-17 1.123280502393508e-03 2.808201255983771e-03 5.236790369968420e-03 1.123280502393509e-16
609 2.537499999999999e-09 4.380841462808023e-17 1.123292682771288e-03 2.808231706928220e-03 5.236859400027868e-03 1.123292682771288e-16
610 2.541666666666666e-09 4.380888433426955e-17 1.123304726519732e-03 2.808261816299330e-03 5.236927655762265e-03 1.123304726519732e-16
611 2.545833333333333e-09 4.380934877167012e-17 1.123316635171029e-03 2.808291587927572e-03 5.236995145868361e-03 1.123316635171029e-16
612 2.549999999999999e-09 4.380980799936136e-17 1.123328410240035e-03 2.808321025600087e-03 5.237061878942984e-03 1.123328410240035e-16
613 2.554166666666666e-09 4.381026207588200e-17 1.123340053227744e-03 2.808350133069359e-03 5.237127863449730e-03 1.123340053227744e-16
614 2.558333333333332e-09 4.381071105895902e-17 1.123351565614334e-03 2.808378914035835e-03 5.237193107804095e-03 1.123351565614334e-16
615 2.562499999999999e-09 4.381115500569450e-17 1.123362948863962e-03 2.808407372159904e-03 5.237257620277235e-03 1.123362948863962e-16
616 2.566666666666666e-09 4.381159397261879e-17 1.123374204426123e-03 2.808435511065307e-03 5.237321409140317e-03 1.123374204426123e-16
617 2.570833333333332e-09 4.381202801556668e-17 1.123385333732479e-03 2.808463334331197e-03 5.237384482453555e-03 1.123385333732479e-16
618 2.574999999999999e-09 4.381245718981115e-17 1.123396338200286e-03 2.808490845500715e-03 5.237446848284572e-03 1.123396338200286e-16
619 2.579166666666666e-09 4.381288154993615e-17 1.123407219229132e-03 2.808518048072831e-03 5.237508514534457e-03 1.123407219229132e-16
620 2.583333333333332e-09 4.381330114994163e-17 1.123417978203632e-03 2.808544945509079e-03 5.237569489059886e-03 1.123417978203632e-16
621 2.587499999999999e-09 4.381371604323228e-17 1.123428616493136e-03 2.808571541232839e-03 5.237629779632420e-03 1.123428616493135e-16
622 2.591666666666666e-09 4.381412628260291e-17 1.123439135451357e-03 2.808597838628392e-03 5.237689393912599e-03 1.123439135451357e-16
623 2.595833333333333e-09 4.381453192026562e-17 1.123449536417067e-03 2.808623841042668e-03 5.237748339520253e-03 1.123449536417067e-16
624 2.599999999999999e-09 4.381493300777882e-17 1.123459820712277e-03 2.808649551780694e-03 5.237806623882776e-03 1.123459820712277e-16
625 2.604166666666666e-09 4.381532959632287e-17 1.123469989649304e-03 2.808674974123261e-03 5.237864254486768e-03 1.123469989649304e-16
626 2.608333333333332e-09 4.381572173618549e-17 1.123480044517577e-03 2.808700111293942e-03 5.237921238622696e-03 1.123480044517577e-16
627 2.612499999999999e-09 4.381610947742201e-17 1.123489986600564e-03 2.808724966501411e-03 5.237977583562521e-03 1.123489986600564e-16
628 2.616666666666666e-09 4.381649286926510e-17 1.123499817160644e-03 2.808749542901609e-03 5.238033296478283e-03 1.123499817160644e-16
629 2.620833333333332e-09 4.381687196054827e-17 1.123509537449956e-03 2.808773843624890e-03 5.238088384431002e-03 1.123509537449956e-16
630 2.624999999999999e-09 4.381724679952203e-17 1.123519148705693e-03 2.808797871764233e-03 5.238142854463190e-03 1.123519148705693e-16
631 2.629166666666666e-09 4.381761743382510e-17 1.123528652149362e-03 2.808821630373404e-03 5.238196713517443e-03 1.123528652149362e-16
632 2.633333333333333e-09 4.381798391072003e-17 1.123538048992821e-03 2.808845122482053e-03 5.238249968399429e-03 1.123538048992821e-16
633 2.637499999999999e-09 4.381834627676479e-17 1.123547340429867e-03 2.808868351074667e-03 5.238302625929617e-03 1.123547340429867e-16
634 2.641666666666666e-09 4.381870457811819e-17 1.123556527644056e-03 2.808891319110141e-03 5.238354692798952e-03 1.123556527644056e-16
635 2.645833333333332e-09 4.381905886033251e-17 1.123565611803398e-03 2.808914029508495e-03 5.238406175653969e-03 1.123565611803398e-16
636 2.649999999999999e-09 4.381940916843244e-17 1.123574594062370e-03 2.808936485155926e-03 5.238457080974667e-03 1.123574594062370e-16
637 2.654166666666666e-09 4.381975554710078e-17 1.123583475566687e-03 2.808958688916717e-03 5.238507415281761e-03 1.123583475566687e-16
638 2.658333333333332e-09 4.382009804047555e-17 1.123592257448091e-03 2.808980643620228e-03 5.238557184992336e-03 1.123592257448091e-16
639 2.662499999999999e-09 4.382043669199719e-17 1.123600940820441e-03 2.809002352051102e-03 5.238606396445768e-03 1.123600940820441e-16
640 2.666666666666666e-09 4.382077154478639e-17 1.123609526789395e-03 2.809023816973487e-03 5.238655055866704e-03 1.123609526789395e-16
641 2.670833333333332e-09 4.382110264153252e-17 1.123618016449552e-03 2.809045041123880e-03 5.238703169476096e-03 1.123618016449552e-16
642 2.674999999999999e-09 4.382143002430693e-17 1.123626410879665e-03 2.809066027199162e-03 5.238750743380171e-03 1.123626410879665e-16
643 2.679166666666666e-09 4.382175373473632e-17 1.123634711147085e-03 2.809086777867713e-03 5.238797783640748e-03 1.123634711147085e-16
644 2.683333333333333e-09 4.382207381409230e-17 1.123642918310059e-03 2.809107295775148e-03 5.238844296245625e-03 1.123642918310059e-16
645 2.687499999999999e-09 4.382239030305383e-17 1.123651033411637e-03 2.809127583529092e-03 5.238890287123398e-03 1.123651033411636e-16
646 2.691666666666666e-09 4.382270324190088e-17 1.123659057484638e-03 2.809147643711595e-03 5.238935762117539e-03 1.123659057484638e-16
647 2.695833333333332e-09 4.382301267046994e-17 1.123666991550511e-03 2.809167478876278e-03 5.238980726975303e-03 1.123666991550512e-16
648 2.699999999999999e-09 4.382331862814673e-17 1.123674836619147e-03 2.809187091547868e-03 5.239025187484651e-03 1.123674836619147e-16
649 2.704166666666666e-09 4.382362115380292e-17 1.123682593687255e-03 2.809206484218136e-03 5.239069149285518e-03 1.123682593687255e-16
650 2.708333333333332e-09 4.382392028599693e-17 1.123690263743511e-03 2.809225659358778e-03 5.239112617936419e-03 1.123690263743511e-16
651 2.712499999999999e-09 4.382421606279573e-17 1.123697847763993e-03 2.809244619409983e-03 5.239155598981068e-03 1.123697847763993e-16
652 2.716666666666666e-09 4.382450852181663e-17 1.123705346713247e-03 2.809263366783118e-03 5.239198097907668e-03 1.123705346713247e-16
653 2.720833333333332e-09 4.382479770025337e-17 1.123712761544958e-03 2.809281903862396e-03 5.239240120130407e-03 1.123712761544958e-16
654 2.724999999999999e-09 4.382508363501739e-17 1.123720093205574e-03 2.809300233013936e-03 5.239281670978354e-03 1.123720093205574e-16
655 2.729166666666666e-09 4.382536636232543e-17 1.123727342623729e-03 2.809318356559323e-03 5.239322755736172e-03 1.123727342623729e-16
656 2.733333333333332e-09 4.382564591826994e-17 1.123734510724870e-03 2.809336276812176e-03 5.239363379640412e-03 1.123734510724871e-16
657 2.737499999999999e-09 4.382592233833400e-17 1.123741598418821e-03 2.809353996047051e-03 5.239403547853612e-03 1.123741598418821e-16
658 2.741666666666666e-09 4.382619565781771e-17 1.123748606610711e-03 2.809371516526777e-03 5.239443265497600e-03 1.123748606610711e-16
659 2.745833333333332e-09 4.382646591140815e-17 1.123755536189952e-03 2.809388840474881e-03 5.239482537627594e-03 1.123755536189953e-16
660 2.749999999999999e-09 4.382673313349057e-17 1.123762388038220e-03 2.809405970095550e-03 5.239521369239593e-03 1.123762388038220e-16
661 2.754166666666666e-09 4.382699735820786e-17 1.123769163030971e-03 2.809422907577427e-03 5.239559765281495e-03 1.123769163030971e-16
662 2.758333333333332e-09 4.382725861898865e-17 1.123775862025350e-03 2.809439655063375e-03 5.239597730604973e-03 1.123775862025350e-16
663 2.762499999999999e-09 4.382751694917570e-17 1.123782485876300e-03 2.809456214690751e-03 5.239635270098708e-03 1.123782485876300e-16
664 2.766666666666666e-09 4.382777238165476e-17 1.123789035427045e-03 2.809472588567613e-03 5.239672388507055e-03 1.123789035427045e-16
665 2.770833333333333e-09 4.382802494887171e-17 1.123795511509531e-03 2.809488778773828e-03 5.239709090552161e-03 1.123795511509531e-16
666 2.774999999999999e-09 4.382827468299879e-17 1.123801914948687e-03 2.809504787371718e-03 5.239745380863658e-03 1.123801914948687e-16
667 2.779166666666665e-09 4.382852161581485e-17 1.123808246559355e-03 2.809520616398388e-03 5.239781264137788e-03 1.123808246559355e-16
668 2.783333333333332e-09 4.382876577880355e-17 1.123814507148809e-03 2.809536267872023e-03 5.239816744889457e-03 1.123814507148809e-16
669 2.787499999999999e-09 4.382900720293906e-17 1.123820697511258e-03 2.809551743778145e-03 5.239851827644678e-03 1.123820697511258e-16
670 2.791666666666666e-09 4.382924591901671e-17 1.123826818436326e-03 2.809567046090815e-03 5.239886516892448e-03 1.123826818436326e-16
671 2.795833333333332e-09 4.382948195736539e-17 1.123832870701677e-03 2.809582176754192e-03 5.239920817014450e-03 1.123832870701677e-16
672 2.799999999999999e-09 4.382971534800941e-17 1.123838855077165e-03 2.809597137692911e-03 5.239954732396065e-03 1.123838855077165e-16
673 2.804166666666666e-09 4.382994612071555e-17 1.123844772326040e-03 2.809611930815100e-03 5.239988267333853e-03 1.123844772326040e-16
674 2.808333333333332e-09 4.383017430480643e-17 1.123850623200165e-03 2.809626558000413e-03 5.240021426102178e-03 1.123850623200165e-16
675 2.812499999999999e-09 4.383039992929977e-17 1.123856408443584e-03 2.809641021108960e-03 5.240054212923583e-03 1.123856408443584e-16
676 2.816666666666666e-09 4.383062302293260e-17 1.123862128793144e-03 2.809655321982860e-03 5.240086631954006e-03 1.123862128793144e-16
677 2.820833333333333e-09 4.383084361409738e-17 1.123867784976856e-03 2.809669462442140e-03 5.240118687353082e-03 1.123867784976856e-16
678 2.824999999999999e-09 4.383106173086148e-17 1.123873377714397e-03 2.809683444285993e-03 5.240150383173124e-03 1.123873377714397e-16
679 2.829166666666666e-09 4.383127740099175e-17 1.123878907717737e-03 2.809697269294343e-03 5.240181723481251e-03 1.123878907717737e-16
680 2.833333333333332e-09 4.383149065187389e-17 1.123884375689074e-03 2.809710939222686e-03 5.240212712222453e-03 1.123884375689074e-16
681 2.837499999999999e-09 4.383170151070484e-17 1.123889782325765e-03 2.809724455814413e-03 5.240243353349127e-03 1.123889782325765e-16
682 2.841666666666666e-09 4.383191000430223e-17 1.123895128315442e-03 2.809737820788605e-03 5.240273650750752e-03 1.123895128315442e-16
683 2.845833333333332e-09 4.383211615917984e-17 1.123900414337945e-03 2.809751035844862e-03 5.240303608335313e-03 1.123900414337945e-16
684 2.849999999999999e-09 4.383232000155801e-17 1.123905641065590e-03 2.809764102663975e-03 5.240333229881269e-03 1.123905641065590e-16
685 2.854166666666666e-09 4.383252155742611e-17 1.123910809164772e-03 2.809777022911930e-03 5.240362519148577e-03 1.123910809164772e-16
686 2.858333333333332e-09 4.383272085245307e-17 1.123915919293669e-03 2.809789798234172e-03 5.240391479874987e-03 1.123915919293669e-16
687 2.862499999999999e-09 4.383291791192700e-17 1.123920972100692e-03 2.809802430251731e-03 5.240420115757541e-03 1.123920972100692e-16
688 2.866666666666666e-09 4.383311276093763e-17 1.123925968229170e-03 2.809814920572925e-03 5.240448430393362e-03 1.123925968229170e-16
689 2.870833333333332e-09 4.383330542428661e-17 1.123930908315041e-03 2.809827270787603e-03 5.240476427449888e-03 1.123930908315041e-16
690 2.874999999999999e-09 4.383349592652263e-17 1.123935792987760e-03 2.809839482469399e-03 5.240504110461327e-03 1.123935792987760e-16
691 2.879166666666666e-09 4.383368429187409e-17 1.123940622868567e-03 2.809851557171417e-03 5.240531482947086e-03 1.123940622868567e-16
692 2.883333333333332e-09 4.383387054430775e-17 1.123945398571993e-03 2.809863496429984e-03 5.240558548382163e-03 1.123945398571993e-16
693 2.887499999999999e-09 4.383405470750189e-17 1.123950120705177e-03 2.809875301762942e-03 5.240585310204552e-03 1.123950120705177e-16
694 2.891666666666666e-09 4.383423680490590e-17 1.123954789869382e-03 2.809886974673456e-03 5.240611771878147e-03 1.123954789869382e-16
695 2.895833333333332e-09 4.383441685972381e-17 1.123959406659585e-03 2.809898516648963e-03 5.240637936700305e-03 1.123959406659585e-16
696 2.899999999999999e-09 4.383459489481011e-17 1.123963971661798e-03 2.809909929154495e-03 5.240663807990600e-03 1.123963971661798e-16
697 2.904166666666666e-09 4.383477093290625e-17 1.123968485459135e-03 2.809921213647837e-03 5.240689389098202e-03 1.123968485459135e-16
698 2.908333333333332e-09 4.383494499632364e-17 1.123972948623683e-03 2.809932371559208e-03 5.240714683276066e-03 1.123972948623683e-16
699 2.912499999999999e-09 4.383511710724989e-17 1.123977361724356e-03 2.809943404310890e-03 5.240739693721633e-03 1.123977361724356e-16
700 2.916666666666665e-09 4.383528728759341e-17 1.123981725322908e-03 2.809954313307270e-03 5.240764423617541e-03 1.123981725322908e-16
701 2.920833333333332e-09 4.383545555894636e-17 1.123986039972984e-03 2.809965099932460e-03 5.240788876113126e-03 1.123986039972984e-16
702 2.924999999999999e-09 4.383562194283822e-17 1.123990306226621e-03 2.809975765566553e-03 5.240813054350315e-03 1.123990306226621e-16
703 2.929166666666666e-09 4.383578646031619e-17 1.123994524623492e-03 2.809986311558730e-03 5.240836961334115e-03 1.123994524623492e-16
704 2.933333333333332e-09 4.383594913238090e-17 1.123998695702074e-03 2.809996739255186e-03 5.240860600184252e-03 1.123998695702074e-16
705 2.937499999999999e-09 4.383610997972375e-17 1.124002819992917e-03 2.810007049982292e-03 5.240883973842816e-03 1.124002819992917e-16
706 2.941666666666666e-09 4.383626902286370e-17 1.124006898022146e-03 2.810017245055366e-03 5.240907085329616e-03 1.124006898022146e-16
707 2.945833333333332e-09 4.383642628194409e-17 1.124010930306259e-03 2.810027325765647e-03 5.240929937575636e-03 1.124010930306259e-16
708 2.949999999999999e-09 4.383658177703182e-17 1.124014917359790e-03 2.810037293399476e-03 5.240952533504468e-03 1.124014917359790e-16
709 2.954166666666666e-09 4.383673552790515e-17 1.124018859689876e-03 2.810047149224690e-03 5.240974875950881e-03 1.124018859689876e-16
710 2.958333333333332e-09 4.383688755415933e-17 1.124022757798957e-03 2.810056894497393e-03 5.240996967764444e-03 1.124022757798957e-16
711 2.962499999999999e-09 4.383703787510928e-17 1.124026612182289e-03 2.810066530455723e-03 5.241018811765126e-03 1.124026612182289e-16
712 2.966666666666666e-09 4.383718650992966e-17 1.124030423331530e-03 2.810076058328825e-03 5.241040410787696e-03 1.124030423331530e-16
713 2.970833333333332e-09 4.383733347746316e-17 1.124034191729825e-03 2.810085479324562e-03 5.241061767492990e-03 1.124034191729825e-16
714 2.974999999999999e-09 4.383747879640467e-17 1.124037917856530e-03 2.810094794641326e-03 5.241082884638059e-03 1.124037917856530e-16
715 2.979166666666666e-09 4.383762248531138e-17 1.124041602187471e-03 2.810104005468678e-03 5.241103764917047e-03 1.124041602187471e-16
716 2.983333333333332e-09 4.383776456245272e-17 1.124045245191095e-03 2.810113112977739e-03 5.241124410987086e-03 1.124045245191096e-16
717 2.987499999999999e-09 4.383790504583044e-17 1.124048847328986e-03 2.810122118322464e-03 5.241144825449798e-03 1.124048847328985e-16
718 2.991666666666666e-09 4.383804395345898e-17 1.124052409063051e-03 2.810131022657628e-03 5.241165010917910e-03 1.124052409063051e-16
719 2.995833333333332e-09 4.383818130285584e-17 1.124055930842457e-03 2.810139827106144e-03 5.241184969981941e-03 1.124055930842457e-16
720 2.999999999999999e-09 4.383831711164042e-17 1.124059413118985e-03 2.810148532797463e-03 5.241204705154696e-03 1.124059413118985e-16
721 3.004166666666665e-09 4.383845139700363e-17 1.124062856333426e-03 2.810157140833566e-03 5.241224218948981e-03 1.124062856333426e-16
722 3.008333333333332e-09 4.383858417605082e-17 1.124066260924380e-03 2.810165652310951e-03 5.241243513855394e-03 1.124066260924380e-16
723 3.012499999999999e-09 4.383871546572829e-17 1.124069627326367e-03 2.810174068315917e-03 5.241262592323827e-03 1.124069627326366e-16
724 3.016666666666666e-09 4.383884528271471e-17 1.124072955967044e-03 2.810182389917610e-03 5.241281456811579e-03 1.124072955967044e-16
725 3.020833333333332e-09 4.383897364353076e-17 1.124076247270019e-03 2.810190618175049e-03 5.241300109661212e-03 1.124076247270020e-16
726 3.024999999999999e-09 4.383910056446748e-17 1.124079501653012e-03 2.810198754132531e-03 5.241318553293020e-03 1.124079501653013e-16
727 3.029166666666666e-09 4.383922606169102e-17 1.124082719530539e-03 2.810206798826348e-03 5.241336790034767e-03 1.124082719530539e-16
728 3.033333333333332e-09 4.383935015125390e-17 1.124085901314203e-03 2.810214753285507e-03 5.241354822217921e-03 1.124085901314203e-16
729 3.037499999999999e-09 4.383947284884932e-17 1.124089047406393e-03 2.810222618515983e-03 5.241372652136944e-03 1.124089047406393e-16
730 3.041666666666666e-09 4.383959417013438e-17 1.124092158208574e-03 2.810230395521435e-03 5.241390282049290e-03 1.124092158208574e-16
731 3.045833333333332e-09 4.383971413051157e-17 1.124095234115681e-03 2.810238085289204e-03 5.241407714197607e-03 1.124095234115681e-16
732 3.049999999999999e-09 4.383983274536858e-17 1.124098275522271e-03 2.810245688805679e-03 5.241424950802341e-03 1.124098275522271e-16
733 3.054166666666665e-09 4.383995002964291e-17 1.124101282811357e-03 2.810253207028392e-03 5.241441994091344e-03 1.124101282811357e-16
734 3.058333333333332e-09 4.384006599828057e-17 1.124104256366168e-03 2.810260640915422e-03 5.241458846174036e-03 1.124104256366168e-16
735 3.062499999999999e-09 4.384018066609470e-17 1.124107196566531e-03 2.810267991416327e-03 5.241475509237556e-03 1.124107196566531e-16
736 3.066666666666666e-09 4.384029404766364e-17 1.124110103786247e-03 2.810275259465618e-03 5.241491985391333e-03 1.124110103786247e-16
737 3.070833333333332e-09 4.384040615745139e-17 1.124112978396190e-03 2.810282445990474e-03 5.241508276707777e-03 1.124112978396190e-16
738 3.074999999999999e-09 4.384051700965715e-17 1.124115820760440e-03 2.810289551901100e-03 5.241524385296314e-03 1.124115820760440e-16
739 3.079166666666666e-09 4.384062661846676e-17 1.124118631242737e-03 2.810296578106844e-03 5.241540313196054e-03 1.124118631242738e-16
740 3.083333333333332e-09 4.384073499776637e-17 1.124121410199138e-03 2.810303525497845e-03 5.241556062423902e-03 1.124121410199138e-16
741 3.087499999999999e-09 4.384084216136751e-17 1.124124157983783e-03 2.810310394959457e-03 5.241571634985660e-03 1.124124157983783e-16
742 3.091666666666665e-09 4.384094812287135e-17 1.124126874945419e-03 2.810317187363548e-03 5.241587032887132e-03 1.124126874945419e-16
743 3.095833333333332e-09 4.384105289581222e-17 1.124129561431083e-03 2.810323903577707e-03 5.241602258045304e-03 1.124129561431083e-16
744 3.099999999999999e-09 4.384115649349155e-17 1.124132217781835e-03 2.810330544454587e-03 5.241617312443772e-03 1.124132217781834e-16
745 3.104166666666666e-09 4.384125892907212e-17 1.124134844335183e-03 2.810337110837957e-03 5.241632197973618e-03 1.124134844335183e-16
746 3.108333333333332e-09 4.384136021565421e-17 1.124137441427031e-03 2.810343603567578e-03 5.241646916540724e-03 1.124137441427031e-16
747 3.112499999999999e-09 4.384146036605125e-17 1.124140009385930e-03 2.810350023464824e-03 5.241661469980658e-03 1.124140009385929e-16
748 3.116666666666666e-09 4.384155939303620e-17 1.124142548539390e-03 2.810356371348475e-03 5.241675860169699e-03 1.124142548539390e-16
749 3.120833333333332e-09 4.384165730921709e-17 1.124145059210695e-03 2.810362648026737e-03 5.241690088969320e-03 1.124145059210695e-16
750 3.124999999999999e-09 4.384175412708582e-17 1.124147541720149e-03 2.810368854300374e-03 5.241704158144774e-03 1.124147541720149e-16
751 3.129166666666666e-09 4.384184985895622e-17 1.124149996383493e-03 2.810374990958732e-03 5.241718069487222e-03 1.124149996383493e-16
752 3.133333333333332e-09 4.384194451695174e-17 1.124152423511583e-03 2.810381058778958e-03 5.241731824780422e-03 1.124152423511583e-16
753 3.137499999999999e-09 4.384203811315512e-17 1.124154823414234e-03 2.810387058535584e-03 5.241745425782228e-03 1.124154823414234e-16
754 3.141666666666665e-09 4.384213065949996e-17 1.124157196397435e-03 2.810392990993588e-03 5.241758874235691e-03 1.124157196397435e-16
755 3.145833333333332e-09 4.384222216773891e-17 1.124159542762536e-03 2.810398856906341e-03 5.241772171835748e-03 1.124159542762536e-16
756 3.149999999999999e-09 4.384231264952560e-17 1.124161862808349e-03 2.810404657020872e-03 5.241785320266240e-03 1.124161862808349e-16
757 3.154166666666666e-09 4.384240211629663e-17 1.124164156828119e-03 2.810410392070297e-03 5.241798321229510e-03 1.124164156828119e-16
758 3.158333333333332e-09 4.384249057953762e-17 1.124166425116349e-03 2.810416062790874e-03 5.241811176361283e-03 1.124166425116349e-16
759 3.162499999999999e-09 4.384257805046202e-17 1.124168667960565e-03 2.810421669901412e-03 5.241823887275087e-03 1.124168667960565e-16
760 3.166666666666666e-09 4.384266454020591e-17 1.124170885646305e-03 2.810427214115764e-03 5.241836455595545e-03 1.124170885646305e-16
761 3.170833333333332e-09 4.384275005976326e-17 1.124173078455468e-03 2.810432696138671e-03 5.241848882936184e-03 1.124173078455468e-16
762 3.174999999999999e-09 4.384283462007073e-17 1.124175246668480e-03 2.810438116671201e-03 5.241861170892022e-03 1.124175246668481e-16
763 3.179166666666665e-09 4.384291823187173e-17 1.124177390560814e-03 2.810443476402034e-03 5.241873321017372e-03 1.124177390560814e-16
764 3.183333333333332e-09 4.384300090579684e-17 1.124179510405047e-03 2.810448776012618e-03 5.241885334862845e-03 1.124179510405047e-16
765 3.187499999999999e-09 4.384308265236302e-17 1.124181606470847e-03 2.810454016177117e-03 5.241897213908739e-03 1.124181606470847e-16
766 3.191666666666665e-09 4.384316348194198e-17 1.124183679024153e-03 2.810459197560384e-03 5.241908959724173e-03 1.124183679024154e-16
767 3.195833333333332e-09 4.384324340483140e-17 1.124185728329010e-03 2.810464320822526e-03 5.241920573789438e-03 1.124185728329010e-16
768 3.199999999999999e-09 4.384332243120739e-17 1.124187754646343e-03 2.810469386615859e-03 5.241932057592235e-03 1.124187754646343e-16
769 3.204166666666666e-09 4.384340057116967e-17 1.124189758235120e-03 2.810474395587799e-03 5.241943412557351e-03 1.124189758235120e-16
770 3.208333333333332e-09 4.384347783458904e-17 1.124191739348437e-03 2.810479348371093e-03 5.241954640161383e-03 1.124191739348437e-16
771 3.212499999999999e-09 4.384355423133297e-17 1.124193698239307e-03 2.810484245598268e-03 5.241965741840218e-03 1.124193698239307e-16
772 3.216666666666666e-09 4.384362977109575e-17 1.124195635156301e-03 2.810489087890753e-03 5.241976718944630e-03 1.124195635156301e-16
773 3.220833333333332e-09 4.384370446355519e-17 1.124197550347569e-03 2.810493875868923e-03 5.241987572940110e-03 1.124197550347569e-16
774 3.224999999999999e-09 4.384377831814430e-17 1.124199444054982e-03 2.810498610137455e-03 5.241998305199635e-03 1.124199444054982e-16
775 3.229166666666665e-09 4.384385134429387e-17 1.124201316520356e-03 2.810503291300890e-03 5.242008917059175e-03 1.124201316520356e-16
776 3.233333333333332e-09 4.384392355130369e-17 1.124203167982146e-03 2.810507919955365e-03 5.242019409902806e-03 1.124203167982146e-16
777 3.237499999999999e-09 4.384399494835325e-17 1.124204998675725e-03 2.810512496689311e-03 5.242029785025789e-03 1.124204998675725e-16
778 3.241666666666666e-09 4.384406554452254e-17 1.124206808833911e-03 2.810517022084779e-03 5.242040043782595e-03 1.124206808833911e-16
779 3.245833333333332e-09 4.384413534887354e-17 1.124208598689065e-03 2.810521496722663e-03 5.242050187453683e-03 1.124208598689065e-16
780 3.249999999999999e-09 4.384420437024956e-17 1.124210368467938e-03 2.810525921169844e-03 5.242060217349116e-03 1.124210368467938e-16
781 3.254166666666666e-09 4.384427261733458e-17 1.124212118393194e-03 2.810530295982986e-03 5.242070134723445e-03 1.124212118393194e-16
782 3.258333333333332e-09 4.384434009889954e-17 1.124213848689732e-03 2.810534621724330e-03 5.242079940868230e-03 1.124213848689732e-16
783 3.262499999999999e-09 4.384440682349966e-17 1.124215559576914e-03 2.810538898942286e-03 5.242089637008417e-03 1.124215559576914e-16
784 3.266666666666665e-09 4.384447279964994e-17 1.124217251273076e-03 2.810543128182689e-03 5.242099224394858e-03 1.124217251273076e-16
785 3.270833333333332e-09 4.384453803572055e-17 1.124218923992835e-03 2.810547309982087e-03 5.242108704245097e-03 1.124218923992835e-16
786 3.274999999999999e-09 4.384460254003781e-17 1.124220577949687e-03 2.810551444874219e-03 5.242118077728566e-03 1.124220577949687e-16
787 3.279166666666665e-09 4.384466632075796e-17 1.124222213352768e-03 2.810555533381921e-03 5.242127346081318e-03 1.124222213352768e-16
788 3.283333333333332e-09 4.384472938609518e-17 1.124223830412697e-03 2.810559576031743e-03 5.242136510465385e-03 1.124223830412697e-16
789 3.287499999999999e-09 4.384479174398773e-17 1.124225429333019e-03 2.810563573332547e-03 5.242145572076107e-03 1.124225429333019e-16
790 3.291666666666666e-09 4.384485340239888e-17 1.124227010317920e-03 2.810567525794801e-03 5.242154532005201e-03 1.124227010317920e-16
791 3.295833333333332e-09 4.384491436921344e-17 1.124228573569576e-03 2.810571433923939e-03 5.242163391448010e-03 1.124228573569576e-16
792 3.299999999999999e-09 4.384497465212581e-17 1.124230119285277e-03 2.810575298213193e-03 5.242172151529559e-03 1.124230119285277e-16
793 3.304166666666666e-09 4.384503425885887e-17 1.124231647663048e-03 2.810579119157620e-03 5.242180813311962e-03 1.124231647663048e-16
794 3.308333333333332e-09 4.384509319695068e-17 1.124233158896171e-03 2.810582897240428e-03 5.242189377949850e-03 1.124233158896171e-16
795 3.312499999999999e-09 4.384515147393245e-17 1.124234653177755e-03 2.810586632944388e-03 5.242197846520139e-03 1.124234653177755e-16
796 3.316666666666665e-09 4.384520909721451e-17 1.124236130697808e-03 2.810590326744521e-03 5.242206220110848e-03 1.124236130697808e-16
797 3.320833333333332e-09 4.384526607409754e-17 1.124237591643527e-03 2.810593979108817e-03 5.242214499758186e-03 1.124237591643527e-16
798 3.324999999999999e-09 4.384532241189345e-17 1.124239036202396e-03 2.810597590505991e-03 5.242222686531668e-03 1.124239036202396e-16
799 3.329166666666665e-09 4.384537811772785e-17 1.124240464557124e-03 2.810601161392811e-03 5.242230781452697e-03 1.124240464557124e-16
800 3.333333333333332e-09 4.384543319873113e-17 1.124241876890542e-03 2.810604692226355e-03 5.242238785590791e-03 1.124241876890542e-16
801 3.337499999999999e-09 4.384548766189103e-17 1.124243273381821e-03 2.810608183454553e-03 5.242246699952548e-03 1.124243273381821e-16
802 3.341666666666666e-09 4.384554151408040e-17 1.124244654207190e-03 2.810611635517975e-03 5.242254525522371e-03 1.124244654207190e-16
803 3.345833333333332e-09 4.384559476220336e-17 1.124246019543676e-03 2.810615048859190e-03 5.242262263325362e-03 1.124246019543676e-16
804 3.349999999999999e-09 4.384564741306499e-17 1.124247369565769e-03 2.810618423914423e-03 5.242269914338517e-03 1.124247369565769e-16
805 3.354166666666666e-09 4.384569947333516e-17 1.124248704444491e-03 2.810621761111228e-03 5.242277479531435e-03 1.124248704444491e-16
806 3.358333333333332e-09 4.384575094960507e-17 1.124250024348848e-03 2.810625060872120e-03 5.242284959840401e-03 1.124250024348848e-16
807 3.362499999999999e-09 4.384580184846908e-17 1.124251329447925e-03 2.810628323619814e-03 5.242292356249811e-03 1.124251329447925e-16
808 3.366666666666665e-09 4.384585217638407e-17 1.124252619907284e-03 2.810631549768210e-03 5.242299669707057e-03 1.124252619907284e-16
809 3.370833333333332e-09 4.384590193977377e-17 1.124253895891635e-03 2.810634739729088e-03 5.242306901129925e-03 1.124253895891635e-16
810 3.374999999999999e-09 4.384595114496517e-17 1.124255157563209e-03 2.810637893908024e-03 5.242314051428798e-03 1.124255157563209e-16
811 3.379166666666665e-09 4.384599979822992e-17 1.124256405082819e-03 2.810641012707047e-03 5.242321121521456e-03 1.124256405082818e-16
812 3.383333333333332e-09 4.384604790570090e-17 1.124257638607715e-03 2.810644096519289e-03 5.242328112288680e-03 1.124257638607715e-16
813 3.387499999999999e-09 4.384609547358885e-17 1.124258858297150e-03 2.810647145742876e-03 5.242335024655656e-03 1.124258858297150e-16
814 3.391666666666666e-09 4.384614250790289e-17 1.124260064305202e-03 2.810650160763006e-03 5.242341859473552e-03 1.124260064305203e-16
815 3.395833333333332e-09 4.384618901458640e-17 1.124261256784267e-03 2.810653141960667e-03 5.242348617637951e-03 1.124261256784267e-16
816 3.399999999999999e-09 4.384623499959498e-17 1.124262435887051e-03 2.810656089717627e-03 5.242355299988921e-03 1.124262435887051e-16
817 3.404166666666665e-09 4.384628046879208e-17 1.124263601763900e-03 2.810659004409750e-03 5.242361907385033e-03 1.124263601763900e-16
818 3.408333333333332e-09 4.384632542794830e-17 1.124264754562777e-03 2.810661886406943e-03 5.242368440662655e-03 1.124264754562777e-16
819 3.412499999999999e-09 4.384636988277590e-17 1.124265894430151e-03 2.810664736075379e-03 5.242374900676661e-03 1.124265894430151e-16
820 3.416666666666665e-09 4.384641383895256e-17 1.124267021511604e-03 2.810667553779011e-03 5.242381288226408e-03 1.124267021511604e-16
821 3.420833333333332e-09 4.384645730209804e-17 1.124268135951232e-03 2.810670339878080e-03 5.242387604122364e-03 1.124268135951232e-16
822 3.424999999999999e-09 4.384650027771352e-17 1.124269237890090e-03 2.810673094725226e-03 5.242393849160184e-03 1.124269237890090e-16
823 3.429166666666666e-09 4.384654277124722e-17 1.124270327467877e-03 2.810675818669694e-03 5.242400024150331e-03 1.124270327467877e-16
824 3.433333333333332e-09 4.384658478812922e-17 1.124271404823826e-03 2.810678512059566e-03 5.242406129858863e-03 1.124271404823826e-16
825 3.437499999999999e-09 4.384662633370694e-17 1.124272470095050e-03 2.810681175237625e-03 5.242412167062934e-03 1.124272470095050e-16
826 3.441666666666666e-09 4.384666741327151e-17 1.124273523417218e-03 2.810683808543045e-03 5.242418136569304e-03 1.124273523417218e-16
827 3.445833333333332e-09 4.384670803204355e-17 1.124274564924194e-03 2.810686412310485e-03 5.242424039125526e-03 1.124274564924194e-16
828 3.449999999999999e-09 4.384674819516639e-17 1.124275594747856e-03 2.810688986869641e-03 5.242429875460644e-03 1.124275594747856e-16
829 3.454166666666665e-09 4.384678790770668e-17 1.124276613018120e-03 2.810691532545300e-03 5.242435646333313e-03 1.124276613018120e-16
830 3.458333333333332e-09 4.384682717487674e-17 1.124277619868635e-03 2.810694049671587e-03 5.242441352483680e-03 1.124277619868635e-16
831 3.462499999999999e-09 4.384686600156824e-17 1.124278615424827e-03 2.810696538562067e-03 5.242446994622289e-03 1.124278615424827e-16
832 3.466666666666665e-09 4.384690439269500e-17 1.124279599812692e-03 2.810698999531731e-03 5.242452573455980e-03 1.124279599812692e-16
833 3.470833333333332e-09 4.384694235319881e-17 1.124280573158944e-03 2.810701432897360e-03 5.242458089736005e-03 1.124280573158944e-16
834 3.474999999999999e-09 4.384697988788676e-17 1.124281535586840e-03 2.810703838967101e-03 5.242463544113694e-03 1.124281535586840e-16
835 3.479166666666666e-09 4.384701700160738e-17 1.124282487220702e-03 2.810706218051755e-03 5.242468937325498e-03 1.124282487220702e-16
836 3.483333333333332e-09 4.384705369898567e-17 1.124283428179120e-03 2.810708570447800e-03 5.242474270056052e-03 1.124283428179120e-16
837 3.487499999999999e-09 4.384708998472323e-17 1.124284358582647e-03 2.810710896456617e-03 5.242479542938183e-03 1.124284358582647e-16
838 3.491666666666665e-09 4.384712586342342e-17 1.124285278549319e-03 2.810713196373297e-03 5.242484756678733e-03 1.124285278549319e-16
839 3.495833333333332e-09 4.384716133968812e-17 1.124286188197131e-03 2.810715470492829e-03 5.242489911929034e-03 1.124286188197132e-16
840 3.499999999999999e-09 4.384719641799136e-17 1.124287087640804e-03 2.810717719102010e-03 5.242495009381123e-03 1.124287087640804e-16
841 3.504166666666665e-09 4.384723110276937e-17 1.124287976994086e-03 2.810719942485216e-03 5.242500049623421e-03 1.124287976994086e-16
842 3.508333333333332e-09 4.384726539852505e-17 1.124288856372437e-03 2.810722140931093e-03 5.242505033333163e-03 1.124288856372437e-16
843 3.512499999999999e-09 4.384729930957549e-17 1.124289725886551e-03 2.810724314716378e-03 5.242509961150576e-03 1.124289725886551e-16
844 3.516666666666665e-09 4.384733284023374e-17 1.124290585647019e-03 2.810726464117548e-03 5.242514833712190e-03 1.124290585647019e-16
845 3.520833333333332e-09 4.384736599477730e-17 1.124291435763520e-03 2.810728589408801e-03 5.242519651584216e-03 1.124291435763521e-16
846 3.524999999999999e-09 4.384739877747071e-17 1.124292276345403e-03 2.810730690863507e-03 5.242524415425390e-03 1.124292276345403e-16
847 3.529166666666666e-09 4.384743119239849e-17 1.124293107497397e-03 2.810732768743494e-03 5.242529125824128e-03 1.124293107497397e-16
848 3.533333333333332e-09 4.384746324372379e-17 1.124293929326251e-03 2.810734823315628e-03 5.242533783383652e-03 1.124293929326251e-16
849 3.537499999999999e-09 4.384749493555424e-17 1.124294741937288e-03 2.810736854843221e-03 5.242538388696078e-03 1.124294741937288e-16
850 3.541666666666665e-09 4.384752627184410e-17 1.124295545431900e-03 2.810738863579750e-03 5.242542942368335e-03 1.124295545431900e-16
851 3.545833333333332e-09 4.384755725664605e-17 1.124296339914001e-03 2.810740849785004e-03 5.242547444966627e-03 1.124296339914001e-16
852 3.549999999999999e-09 4.384758789387824e-17 1.124297125484058e-03 2.810742813710144e-03 5.242551897031270e-03 1.124297125484057e-16
853 3.554166666666665e-09 4.384761818747198e-17 1.124297902242871e-03 2.810744755607179e-03 5.242556299180286e-03 1.124297902242872e-16
854 3.558333333333332e-09 4.384764814122165e-17 1.124298670287735e-03 2.810746675719337e-03 5.242560651931777e-03 1.124298670287735e-16
855 3.562499999999999e-09 4.384767775898656e-17 1.124299429717604e-03 2.810748574294010e-03 5.242564955877866e-03 1.124299429717604e-16
856 3.566666666666666e-09 4.384770704451131e-17 1.124300180628495e-03 2.810750451571238e-03 5.242569211532954e-03 1.124300180628495e-16
857 3.570833333333332e-09 4.384773600154290e-17 1.124300923116485e-03 2.810752307791212e-03 5.242573419437351e-03 1.124300923116485e-16
858 3.574999999999999e-09 4.384776463375930e-17 1.124301657275880e-03 2.810754143189699e-03 5.242577580153567e-03 1.124301657275880e-16
859 3.579166666666665e-09 4.384779294480208e-17 1.124302383200053e-03 2.810755958000133e-03 5.242581694207107e-03 1.124302383200053e-16
860 3.583333333333332e-09 4.384782093826463e-17 1.124303100981144e-03 2.810757752452861e-03 5.242585762108679e-03 1.124303100981144e-16
861 3.587499999999999e-09 4.384784861776387e-17 1.124303810711894e-03 2.810759526779736e-03 5.242589784368981e-03 1.124303810711894e-16
862 3.591666666666665e-09 4.384787598678222e-17 1.124304512481596e-03 2.810761281203989e-03 5.242593761517224e-03 1.124304512481596e-16
863 3.595833333333332e-09 4.384790304877820e-17 1.124305206378928e-03 2.810763015947321e-03 5.242597694060403e-03 1.124305206378928e-16
864 3.599999999999999e-09 4.384792980726288e-17 1.124305892493920e-03 2.810764731234800e-03 5.242601582509224e-03 1.124305892493920e-16
865 3.604166666666665e-09 4.384795626558028e-17 1.124306570912315e-03 2.810766427280787e-03 5.242605427304077e-03 1.124306570912315e-16
866 3.608333333333332e-09 4.384798242707898e-17 1.124307241719974e-03 2.810768104299935e-03 5.242609229011174e-03 1.124307241719974e-16
867 3.612499999999999e-09 4.384800829511855e-17 1.124307905003040e-03 2.810769762507599e-03 5.242612988044999e-03 1.124307905003040e-16
868 3.616666666666666e-09 4.384803387297171e-17 1.124308560845429e-03 2.810771402113572e-03 5.242616704908854e-03 1.124308560845429e-16
869 3.620833333333332e-09 4.384805916392308e-17 1.124309209331361e-03 2.810773023328403e-03 5.242620380083833e-03 1.124309209331361e-16
870 3.624999999999999e-09 4.384808417118953e-17 1.124309850543321e-03 2.810774626358303e-03 5.242624014039931e-03 1.124309850543321e-16
871 3.629166666666665e-09 4.384810889795831e-17 1.124310484563034e-03 2.810776211407584e-03 5.242627607232341e-03 1.124310484563034e-16
872 3.633333333333332e-09 4.384813334738560e-17 1.124311111471426e-03 2.810777778678564e-03 5.242631160123656e-03 1.124311111471426e-16
873 3.637499999999999e-09 4.384815752255839e-17 1.124311731347651e-03 2.810779328369128e-03 5.242634673165365e-03 1.124311731347651e-16
874 3.641666666666665e-09 4.384818142649297e-17 1.124312344269050e-03 2.810780860672627e-03 5.242638146797858e-03 1.124312344269051e-16
875 3.645833333333332e-09 4.384820506237695e-17 1.124312950317358e-03 2.810782375793395e-03 5.242641581472625e-03 1.124312950317358e-16
876 3.649999999999999e-09 4.384822843307530e-17 1.124313549566033e-03 2.810783873915083e-03 5.242644977604150e-03 1.124313549566033e-16
877 3.654166666666665e-09 4.384825154165071e-17 1.124314142093608e-03 2.810785355234021e-03 5.242648335643921e-03 1.124314142093608e-16
878 3.658333333333332e-09 4.384827439097593e-17 1.124314727973742e-03 2.810786819934355e-03 5.242651656028629e-03 1.124314727973742e-16
879 3.662499999999999e-09 4.384829698400190e-17 1.124315307282100e-03 2.810788268205250e-03 5.242654939157953e-03 1.124315307282100e-16
880 3.666666666666666e-09 4.384831932359726e-17 1.124315880092237e-03 2.810789700230594e-03 5.242658185453777e-03 1.124315880092237e-16
881 3.670833333333332e-09 4.384834141262898e-17 1.124316446477666e-03 2.810791116194166e-03 5.242661395337987e-03 1.124316446477666e-16
882 3.674999999999999e-09 4.384836325386613e-17 1.124317006509388e-03 2.810792516273470e-03 5.242664569221366e-03 1.124317006509388e-16
883 3.679166666666665e-09 4.384838485016661e-17 1.124317560260682e-03 2.810793900651706e-03 5.242667707481388e-03 1.124317560260682e-16
884 3.683333333333332e-09 4.384840620416722e-17 1.124318107799160e-03 2.810795269497899e-03 5.242670810551042e-03 1.124318107799160e-16
885 3.687499999999999e-09 4.384842731861260e-17 1.124318649195195e-03 2.810796622987987e-03 5.242673878811503e-03 1.124318649195195e-16
886 3.691666666666665e-09 4.384844819624037e-17 1.124319184518984e-03 2.810797961297460e-03 5.242676912669854e-03 1.124319184518984e-16
887 3.695833333333332e-09 4.384846883966105e-17 1.124319713837463e-03 2.810799284593657e-03 5.242679912473961e-03 1.124319713837463e-16
888 3.699999999999999e-09 4.384848925154564e-17 1.124320237219119e-03 2.810800593047798e-03 5.242682878667918e-03 1.124320237219119e-16
889 3.704166666666666e-09 4.384850943443452e-17 1.124320754729090e-03 2.810801886822726e-03 5.242685811555184e-03 1.124320754729090e-16
890 3.708333333333332e-09 4.384852939095744e-17 1.124321266434806e-03 2.810803166087015e-03 5.242688711568746e-03 1.124321266434806e-16
891 3.712499999999999e-09 4.384854912363163e-17 1.124321772400811e-03 2.810804431002028e-03 5.242691579034272e-03 1.124321772400811e-16
892 3.716666666666665e-09 4.384856863493902e-17 1.124322272690744e-03 2.810805681726860e-03 5.242694414307030e-03 1.124322272690744e-16
893 3.720833333333332e-09 4.384858792739609e-17 1.124322767369131e-03 2.810806918422827e-03 5.242697217808903e-03 1.124322767369131e-16
894 3.724999999999999e-09 4.384860700346163e-17 1.124323256499016e-03 2.810808141247541e-03 5.242699989858160e-03 1.124323256499016e-16
895 3.729166666666665e-09 4.384862586552595e-17 1.124323740141691e-03 2.810809350354228e-03 5.242702730824872e-03 1.124323740141691e-16
896 3.733333333333332e-09 4.384864451599637e-17 1.124324218358881e-03 2.810810545897204e-03 5.242705441038409e-03 1.124324218358881e-16
897 3.737499999999999e-09 4.384866295728635e-17 1.124324691212471e-03 2.810811728031177e-03 5.242708120854038e-03 1.124324691212471e-16
898 3.741666666666665e-09 4.384868119173882e-17 1.124325158762534e-03 2.810812896906335e-03 5.242710770597425e-03 1.124325158762534e-16
899 3.745833333333332e-09 4.384869922161771e-17 1.124325621067121e-03 2.810814052667802e-03 5.242713390609040e-03 1.124325621067121e-16
900 3.749999999999999e-09 4.384871704925059e-17 1.124326078185913e-03 2.810815195464782e-03 5.242715981266359e-03 1.124326078185913e-16
901 3.754166666666666e-09 4.384873467688402e-17 1.124326530176514e-03 2.810816325441284e-03 5.242718542839534e-03 1.124326530176513e-16
902 3.758333333333332e-09 4.384875210675009e-17 1.124326977096156e-03 2.810817442740391e-03 5.242721075676436e-03 1.124326977096156e-16
903 3.762499999999999e-09 4.384876934114067e-17 1.124327419003607e-03 2.810818547509018e-03 5.242723580106435e-03 1.124327419003607e-16
904 3.766666666666666e-09 4.384878638222552e-17 1.124327855954500e-03 2.810819639886251e-03 5.242726056451490e-03 1.124327855954501e-16
905 3.770833333333332e-09 4.384880323218416e-17 1.124328288004722e-03 2.810820720011806e-03 5.242728505029866e-03 1.124328288004722e-16
906 3.774999999999999e-09 4.384881989309533e-17 1.124328715207573e-03 2.810821788018932e-03 5.242730926122821e-03 1.124328715207573e-16
907 3.779166666666665e-09 4.384883636712211e-17 1.124329137618516e-03 2.810822844046290e-03 5.242733320048620e-03 1.124329137618516e-16
908 3.783333333333332e-09 4.384885265639815e-17 1.124329555292260e-03 2.810823888230651e-03 5.242735687147729e-03 1.124329555292260e-16
909 3.787499999999998e-09 4.384886876296034e-17 1.124329968281034e-03 2.810824920702587e-03 5.242738027679202e-03 1.124329968281034e-16
910 3.791666666666665e-09 4.384888468883058e-17 1.124330376636682e-03 2.810825941591705e-03 5.242740341946499e-03 1.124330376636682e-16
911 3.795833333333332e-09 4.384890043602821e-17 1.124330780410980e-03 2.810826951027450e-03 5.242742630286385e-03 1.124330780410980e-16
912 3.799999999999998e-09 4.384891600663005e-17 1.124331179657181e-03 2.810827949142952e-03 5.242744892935714e-03 1.124331179657181e-16
913 3.804166666666665e-09 4.384893140257957e-17 1.124331574425117e-03 2.810828936062794e-03 5.242747130201641e-03 1.124331574425117e-16
914 3.808333333333332e-09 4.384894662583685e-17 1.124331964765047e-03 2.810829911912619e-03 5.242749342376530e-03 1.124331964765047e-16
915 3.812499999999999e-09 4.384896167832796e-17 1.124332350726358e-03 2.810830876815895e-03 5.242751529741634e-03 1.124332350726358e-16
916 3.816666666666665e-09 4.384897656193657e-17 1.124332732357348e-03 2.810831830893370e-03 5.242753692544903e-03 1.124332732357348e-16
917 3.820833333333332e-09 4.384899127859816e-17 1.124333109707645e-03 2.810832774269113e-03 5.242755831112003e-03 1.124333109707645e-16
918 3.824999999999999e-09 4.384900583018643e-17 1.124333482825293e-03 2.810833707063233e-03 5.242757945687185e-03 1.124333482825293e-16
919 3.829166666666665e-09 4.384902021855063e-17 1.124333851757708e-03 2.810834629394271e-03 5.242760036536902e-03 1.124333851757708e-16
920 3.833333333333332e-09 4.384903444553707e-17 1.124334216552233e-03 2.810835541380582e-03 5.242762103949809e-03 1.124334216552233e-16
921 3.837499999999999e-09 4.384904851293265e-17 1.124334577254683e-03 2.810836443136708e-03 5.242764148173857e-03 1.124334577254683e-16
922 3.841666666666665e-09 4.384906242252187e-17 1.124334933910817e-03 2.810837334777043e-03 5.242766169464399e-03 1.124334933910817e-16
923 3.845833333333332e-09 4.384907617606518e-17 1.124335286565774e-03 2.810838216414435e-03 5.242768168054582e-03 1.124335286565774e-16
924 3.849999999999999e-09 4.384908977534873e-17 1.124335635265352e-03 2.810839088163381e-03 5.242770144266370e-03 1.124335635265352e-16
925 3.854166666666666e-09 4.384910322207265e-17 1.124335980053145e-03 2.810839950132862e-03 5.242772098288499e-03 1.124335980053145e-16
926 3.858333333333332e-09 4.384911651797166e-17 1.124336320973632e-03 2.810840802434081e-03 5.242774030398527e-03 1.124336320973632e-16
927 3.862499999999999e-09 4.384912966473089e-17 1.124336658070023e-03 2.810841645175058e-03 5.242775940833299e-03 1.124336658070023e-16
928 3.866666666666665e-09 4.384914266408582e-17 1.124336991386816e-03 2.810842478467040e-03 5.242777829855571e-03 1.124336991386816e-16
929 3.870833333333332e-09 4.384915551759833e-17 1.124337320964060e-03 2.810843302410150e-03 5.242779697665181e-03 1.124337320964060e-16
930 3.874999999999998e-09 4.384916822692397e-17 1.124337646844204e-03 2.810844117110511e-03 5.242781544521184e-03 1.124337646844204e-16
931 3.879166666666665e-09 4.384918079367993e-17 1.124337969068716e-03 2.810844922671791e-03 5.242783370686329e-03 1.124337969068716e-16
932 3.883333333333332e-09 4.384919321947996e-17 1.124338287678973e-03 2.810845719197434e-03 5.242785176345655e-03 1.124338287678973e-16
933 3.887499999999998e-09 4.384920550586298e-17 1.124338602714435e-03 2.810846506786089e-03 5.242786961736009e-03 1.124338602714435e-16
934 3.891666666666665e-09 4.384921765438942e-17 1.124338914215113e-03 2.810847285537784e-03 5.242788727138648e-03 1.124338914215114e-16
935 3.895833333333332e-09 4.384922966670889e-17 1.124339222223305e-03 2.810848055558263e-03 5.242790472697900e-03 1.124339222223305e-16
936 3.899999999999999e-09 4.384924154431075e-17 1.124339526777199e-03 2.810848816942998e-03 5.242792198709826e-03 1.124339526777199e-16
937 3.904166666666665e-09 4.384925328865348e-17 1.124339827914192e-03 2.810849569785479e-03 5.242793905326155e-03 1.124339827914192e-16
938 3.908333333333332e-09 4.384926490126638e-17 1.124340125673497e-03 2.810850314183743e-03 5.242795592842948e-03 1.124340125673497e-16
939 3.912499999999999e-09 4.384927638357297e-17 1.124340420091615e-03 2.810851050229037e-03 5.242797261404532e-03 1.124340420091615e-16
940 3.916666666666665e-09 4.384928773711071e-17 1.124340711207967e-03 2.810851778019918e-03 5.242798911258862e-03 1.124340711207967e-16
941 3.920833333333332e-09 4.384929896326257e-17 1.124340999058015e-03 2.810852497645037e-03 5.242800542590967e-03 1.124340999058015e-16
942 3.924999999999999e-09 4.384931006351847e-17 1.124341283679961e-03 2.810853209199903e-03 5.242802155652503e-03 1.124341283679961e-16
943 3.929166666666665e-09 4.384932103926730e-17 1.124341565109418e-03 2.810853912773545e-03 5.242803750602603e-03 1.124341565109418e-16
944 3.933333333333332e-09 4.384933189188851e-17 1.124341843381757e-03 2.810854608454392e-03 5.242805327644802e-03 1.124341843381757e-16
945 3.937499999999999e-09 4.384934262279745e-17 1.124342118533268e-03 2.810855296333170e-03 5.242806887015952e-03 1.124342118533268e-16
946 3.941666666666666e-09 4.384935323331509e-17 1.124342390597823e-03 2.810855976494558e-03 5.242808428886287e-03 1.124342390597823e-16
947 3.945833333333332e-09 4.384936372483775e-17 1.124342659611224e-03 2.810856649028061e-03 5.242809953481552e-03 1.124342659611224e-16
948 3.949999999999999e-09 4.384937409867398e-17 1.124342925607025e-03 2.810857314017563e-03 5.242811460968281e-03 1.124342925607025e-16
949 3.954166666666666e-09 4.384938435610703e-17 1.124343188618129e-03 2.810857971545323e-03 5.242812951531508e-03 1.124343188618129e-16
950 3.958333333333332e-09 4.384939449850802e-17 1.124343448679693e-03 2.810858621699233e-03 5.242814425363677e-03 1.124343448679693e-16
951 3.962499999999998e-09 4.384940452714058e-17 1.124343705824118e-03 2.810859264560294e-03 5.242815882697931e-03 1.124343705824118e-16
952 3.966666666666665e-09 4.384941444330088e-17 1.124343960084638e-03 2.810859900211596e-03 5.242817323656394e-03 1.124343960084638e-16
953 3.970833333333332e-09 4.384942424822128e-17 1.124344211492853e-03 2.810860528732134e-03 5.242818748468514e-03 1.124344211492853e-16
954 3.974999999999998e-09 4.384943394312227e-17 1.124344460080058e-03 2.810861150200146e-03 5.242820157300825e-03 1.124344460080058e-16
955 3.979166666666665e-09 4.384944352928691e-17 1.124344705879152e-03 2.810861764697879e-03 5.242821550312456e-03 1.124344705879152e-16
956 3.983333333333332e-09 4.384945300792627e-17 1.124344948921186e-03 2.810862372302966e-03 5.242822927729155e-03 1.124344948921187e-16
957 3.987499999999998e-09 4.384946238027564e-17 1.124345189237837e-03 2.810862973094593e-03 5.242824289676747e-03 1.124345189237837e-16
958 3.991666666666665e-09 4.384947164748745e-17 1.124345426858653e-03 2.810863567146632e-03 5.242825636340267e-03 1.124345426858653e-16
959 3.995833333333332e-09 4.384948081071985e-17 1.124345661813330e-03 2.810864154533324e-03 5.242826967904756e-03 1.124345661813330e-16
960 3.999999999999999e-09 4.384948987112969e-17 1.124345894131530e-03 2.810864735328826e-03 5.242828284510840e-03 1.124345894131531e-16
961 4.004166666666665e-09 4.384949882994134e-17 1.124346123844650e-03 2.810865309611625e-03 5.242829586387964e-03 1.124346123844650e-16
962 4.008333333333332e-09 4.384950768827078e-17 1.124346350981302e-03 2.810865877453256e-03 5.242830873636051e-03 1.124346350981302e-16
963 4.012499999999999e-09 4.384951644723007e-17 1.124346575570002e-03 2.810866438925005e-03 5.242832146447537e-03 1.124346575570002e-16
964 4.016666666666665e-09 4.384952510796535e-17 1.124346797640137e-03 2.810866994100343e-03 5.242833404974153e-03 1.124346797640137e-16
965 4.020833333333332e-09 4.384953367154020e-17 1.124347017218980e-03 2.810867543047449e-03 5.242834649382432e-03 1.124347017218980e-16
966 4.024999999999999e-09 4.384954213905633e-17 1.124347234334778e-03 2.810868085836945e-03 5.242835879857415e-03 1.124347234334778e-16
967 4.029166666666666e-09 4.384955051160547e-17 1.124347449015525e-03 2.810868622538812e-03 5.242837096517519e-03 1.124347449015525e-16
968 4.033333333333332e-09 4.384955879023936e-17 1.124347661288189e-03 2.810869153220472e-03 5.242838299540388e-03 1.124347661288189e-16
969 4.037499999999999e-09 4.384956697599255e-17 1.124347871179296e-03 2.810869677948241e-03 5.242839489051837e-03 1.124347871179296e-16
970 4.041666666666666e-09 4.384957506990937e-17 1.124348078715625e-03 2.810870196789063e-03 5.242840665207308e-03 1.124348078715625e-16
971 4.045833333333332e-09 4.384958307301460e-17 1.124348283923451e-03 2.810870709808629e-03 5.242841828165927e-03 1.124348283923451e-16
972 4.049999999999998e-09 4.384959098637734e-17 1.124348486830188e-03 2.810871217075471e-03 5.242842978116431e-03 1.124348486830188e-16
973 4.054166666666665e-09 4.384959881095869e-17 1.124348687460479e-03 2.810871718651198e-03 5.242844115166146e-03 1.124348687460479e-16
974 4.058333333333332e-09 4.384960654776877e-17 1.124348885840225e-03 2.810872214600563e-03 5.242845239448295e-03 1.124348885840225e-16
975 4.062499999999998e-09 4.384961419782343e-17 1.124349081995473e-03 2.810872704988682e-03 5.242846351125711e-03 1.124349081995473e-16
976 4.066666666666665e-09 4.384962176204786e-17 1.124349275949945e-03 2.810873189874863e-03 5.242847450324221e-03 1.124349275949945e-16
977 4.070833333333332e-09 4.384962924140851e-17 1.124349467728423e-03 2.810873669321059e-03 5.242848537180752e-03 1.124349467728423e-16
978 4.074999999999998e-09 4.384963663685610e-17 1.124349657355285e-03 2.810874143388212e-03 5.242849611884041e-03 1.124349657355285e-16
979 4.079166666666665e-09 4.384964394933709e-17 1.124349844854797e-03 2.810874612136994e-03 5.242850674497002e-03 1.124349844854797e-16
980 4.083333333333332e-09 4.384965117980295e-17 1.124350030251358e-03 2.810875075628395e-03 5.242851725212072e-03 1.124350030251358e-16
981 4.087499999999999e-09 4.384965832919255e-17 1.124350213569040e-03 2.810875533922600e-03 5.242852764136574e-03 1.124350213569040e-16
982 4.091666666666665e-09 4.384966539837280e-17 1.124350394830072e-03 2.810875987075179e-03 5.242853791396333e-03 1.124350394830072e-16
983 4.095833333333332e-09 4.384967238825295e-17 1.124350574057768e-03 2.810876435144420e-03 5.242854807117172e-03 1.124350574057768e-16
984 4.099999999999999e-09 4.384967929973378e-17 1.124350751275225e-03 2.810876878188063e-03 5.242855811473031e-03 1.124350751275225e-16
985 4.104166666666665e-09 4.384968613371549e-17 1.124350926505526e-03 2.810877316263814e-03 5.242856804560125e-03 1.124350926505526e-16
986 4.108333333333332e-09 4.384969289108146e-17 1.124351099771320e-03 2.810877749428299e-03 5.242857786500579e-03 1.124351099771320e-16
987 4.112499999999999e-09 4.384969957261660e-17 1.124351271092733e-03 2.810878177731833e-03 5.242858757431323e-03 1.124351271092733e-16
988 4.116666666666665e-09 4.384970617920039e-17 1.124351440492318e-03 2.810878601230794e-03 5.242859717481880e-03 1.124351440492318e-16
989 4.120833333333332e-09 4.384971271167255e-17 1.124351607991604e-03 2.810879019979010e-03 5.242860666733669e-03 1.124351607991604e-16
990 4.124999999999999e-09 4.384971917089257e-17 1.124351773612630e-03 2.810879434031575e-03 5.242861605349520e-03 1.124351773612630e-16
991 4.129166666666666e-09 4.384972555760816e-17 1.124351937374568e-03 2.810879843436421e-03 5.242862533458961e-03 1.124351937374568e-16
992 4.133333333333332e-09 4.384973187268773e-17 1.124352099299686e-03 2.810880248249214e-03 5.242863451158212e-03 1.124352099299686e-16
993 4.137499999999998e-09 4.384973811693748e-17 1.124352259408654e-03 2.810880648521634e-03 5.242864358536088e-03 1.124352259408654e-16
994 4.141666666666665e-09 4.384974429111494e-17 1.124352417720896e-03 2.810881044302240e-03 5.242865255744322e-03 1.124352417720896e-16
995 4.145833333333332e-09 4.384975039600025e-17 1.124352574256417e-03 2.810881435641042e-03 5.242866142901336e-03 1.124352574256417e-16
996 4.149999999999998e-09 4.384975643242864e-17 1.124352729036632e-03 2.810881822591580e-03 5.242867020092249e-03 1.124352729036632e-16
997 4.154166666666665e-09 4.384976240115618e-17 1.124352882080928e-03 2.810882205202320e-03 5.242867887424381e-03 1.124352882080928e-16
998 4.158333333333332e-09 4.384976830294691e-17 1.124353033408895e-03 2.810882583522238e-03 5.242868745034659e-03 1.124353033408895e-16
999 4.162499999999998e-09 4.384977413854761e-17 1.124353183039682e-03 2.810882957599206e-03 5.242869593056314e-03 1.124353183039682e-16
1000 4.166666666666665e-09 4.384977990868161e-17 1.124353330991836e-03 2.810883327479591e-03 5.242870431570755e-03 1.124353330991836e-16
1001 4.170833333333332e-09 4.384978561407555e-17 1.124353477283989e-03 2.810883693209972e-03 5.242871260644603e-03 1.124353477283989e-16
1002 4.174999999999999e-09 4.384979125547605e-17 1.124353621935283e-03 2.810884054838208e-03 5.242872080429584e-03 1.124353621935283e-16
1003 4.179166666666665e-09 4.384979683361604e-17 1.124353764964514e-03 2.810884412411285e-03 5.242872891025618e-03 1.124353764964514e-16
1004 4.183333333333332e-09 4.384980234917997e-17 1.124353906389230e-03 2.810884765973075e-03 5.242873692525224e-03 1.124353906389230e-16
1005 4.187499999999999e-09 4.384980780288190e-17 1.124354046227741e-03 2.810885115569353e-03 5.242874485028325e-03 1.124354046227741e-16
1006 4.191666666666665e-09 4.384981319537280e-17 1.124354184496739e-03 2.810885461241846e-03 5.242875268653343e-03 1.124354184496739e-16
1007 4.195833333333332e-09 4.384981852737598e-17 1.124354321214769e-03 2.810885803036922e-03 5.242876043507598e-03 1.124354321214769e-16
1008 4.199999999999999e-09 4.384982379956662e-17 1.124354456399144e-03 2.810886140997860e-03 5.242876809661404e-03 1.124354456399144e-16
1009 4.204166666666665e-09 4.384982901265509e-17 1.124354590068079e-03 2.810886475170199e-03 5.242877567192478e-03 1.124354590068079e-16
1010 4.208333333333332e-09 4.384983416726184e-17 1.124354722237483e-03 2.810886805593708e-03 5.242878316237749e-03 1.124354722237483e-16
1011 4.212499999999999e-09 4.384983926403706e-17 1.124354852924027e-03 2.810887132310068e-03 5.242879056860127e-03 1.124354852924027e-16
1012 4.216666666666666e-09 4.384984430364302e-17 1.124354982144693e-03 2.810887455361732e-03 5.242879789207643e-03 1.124354982144693e-16
1013 4.220833333333332e-09 4.384984928672715e-17 1.124355109916081e-03 2.810887774790202e-03 5.242880513335807e-03 1.124355109916081e-16
1014 4.224999999999998e-09 4.384985421393967e-17 1.124355236254863e-03 2.810888090637159e-03 5.242881229311236e-03 1.124355236254863e-16
1015 4.229166666666665e-09 4.384985908588067e-17 1.124355361176428e-03 2.810888402941069e-03 5.242881937259751e-03 1.124355361176427e-16
1016 4.233333333333332e-09 4.384986390316761e-17 1.124355484696605e-03 2.810888711741513e-03 5.242882637303477e-03 1.124355484696605e-16
1017 4.237499999999998e-09 4.384986866642610e-17 1.124355606831439e-03 2.810889017078597e-03 5.242883329486824e-03 1.124355606831439e-16
1018 4.241666666666665e-09 4.384987337623365e-17 1.124355727595735e-03 2.810889318989337e-03 5.242884013898610e-03 1.124355727595735e-16
1019 4.245833333333332e-09 4.384987803323085e-17 1.124355847005919e-03 2.810889617514798e-03 5.242884690638756e-03 1.124355847005919e-16
1020 4.249999999999998e-09 4.384988263796114e-17 1.124355965075927e-03 2.810889912689817e-03 5.242885359770173e-03 1.124355965075927e-16
1021 4.254166666666665e-09 4.384988719102500e-17 1.124356081821154e-03 2.810890204552885e-03 5.242886021403884e-03 1.124356081821154e-16
1022 4.258333333333332e-09 4.384989169301359e-17 1.124356197256759e-03 2.810890493141897e-03 5.242886675610203e-03 1.124356197256759e-16
1023 4.262499999999998e-09 4.384989614452794e-17 1.124356311398152e-03 2.810890778495381e-03 5.242887322485349e-03 1.124356311398152e-16
1024 4.266666666666665e-09 4.384990054611184e-17 1.124356424259278e-03 2.810891060648195e-03 5.242887962088534e-03 1.124356424259278e-16
1025 4.270833333333332e-09 4.384990489830860e-17 1.124356535854067e-03 2.810891339635167e-03 5.242888594530781e-03 1.124356535854067e-16
1026 4.274999999999999e-09 4.384990920169865e-17 1.124356646197401e-03 2.810891615493504e-03 5.242889219904608e-03 1.124356646197401e-16
1027 4.279166666666665e-09 4.384991345680862e-17 1.124356755302785e-03 2.810891888256963e-03 5.242889838250722e-03 1.124356755302785e-16
1028 4.283333333333332e-09 4.384991766418251e-17 1.124356863184167e-03 2.810892157960418e-03 5.242890449646842e-03 1.124356863184167e-16
1029 4.287499999999999e-09 4.384992182437729e-17 1.124356969855828e-03 2.810892424639571e-03 5.242891054189183e-03 1.124356969855828e-16
1030 4.291666666666665e-09 4.384992593791402e-17 1.124357075331129e-03 2.810892688327822e-03 5.242891651940662e-03 1.124357075331129e-16
1031 4.295833333333332e-09 4.384993000532506e-17 1.124357179623720e-03 2.810892949059299e-03 5.242892243004897e-03 1.124357179623720e-16
1032 4.299999999999999e-09 4.384993402707541e-17 1.124357282745523e-03 2.810893206863809e-03 5.242892827426297e-03 1.124357282745523e-16
1033 4.304166666666666e-09 4.384993800370351e-17 1.124357384710346e-03 2.810893461775866e-03 5.242893405293680e-03 1.124357384710346e-16
1034 4.308333333333332e-09 4.384994193575116e-17 1.124357485532081e-03 2.810893713830203e-03 5.242893976692164e-03 1.124357485532081e-16
1035 4.312499999999998e-09 4.384994582368021e-17 1.124357585222569e-03 2.810893963056424e-03 5.242894541640252e-03 1.124357585222569e-16
1036 4.316666666666665e-09 4.384994966798934e-17 1.124357683794599e-03 2.810894209486497e-03 5.242895100271172e-03 1.124357683794599e-16
1037 4.320833333333331e-09 4.384995346920461e-17 1.124357781261657e-03 2.810894453154142e-03 5.242895652658936e-03 1.124357781261656e-16
1038 4.324999999999998e-09 4.384995722775604e-17 1.124357877634770e-03 2.810894694086926e-03 5.242896198836855e-03 1.124357877634770e-16
1039 4.329166666666665e-09 4.384996094415619e-17 1.124357972927082e-03 2.810894932317705e-03 5.242896738915947e-03 1.124357972927082e-16
1040 4.333333333333332e-09 4.384996461887634e-17 1.124358067150675e-03 2.810895167876689e-03 5.242897272899915e-03 1.124358067150675e-16
1041 4.337499999999998e-09 4.384996825237115e-17 1.124358160317209e-03 2.810895400793023e-03 5.242897800899781e-03 1.124358160317209e-16
1042 4.341666666666665e-09 4.384997184511170e-17 1.124358252438762e-03 2.810895631096905e-03 5.242898322967355e-03 1.124358252438762e-16
1043 4.345833333333332e-09 4.384997539755393e-17 1.124358343527024e-03 2.810895858817560e-03 5.242898839195156e-03 1.124358343527024e-16
1044 4.349999999999998e-09 4.384997891014600e-17 1.124358433593487e-03 2.810896083983718e-03 5.242899349638695e-03 1.124358433593487e-16
1045 4.354166666666665e-09 4.384998238334328e-17 1.124358522649828e-03 2.810896306624570e-03 5.242899854331281e-03 1.124358522649828e-16
1046 4.358333333333332e-09 4.384998581758802e-17 1.124358610707385e-03 2.810896526768463e-03 5.242900353380231e-03 1.124358610707385e-16
1047 4.362499999999999e-09 4.384998921331691e-17 1.124358697777357e-03 2.810896744443392e-03 5.242900846815153e-03 1.124358697777357e-16
1048 4.366666666666665e-09 4.384999257096921e-17 1.124358783871005e-03 2.810896959677513e-03 5.242901334721165e-03 1.124358783871006e-16
1049 4.370833333333332e-09 4.384999589094961e-17 1.124358868998708e-03 2.810897172496770e-03 5.242901817153777e-03 1.124358868998708e-16
1050 4.374999999999999e-09 4.384999917368074e-17 1.124358953171301e-03 2.810897382928253e-03 5.242902294175903e-03 1.124358953171301e-16
1051 4.379166666666665e-09 4.385000241960057e-17 1.124359036400015e-03 2.810897591000037e-03 5.242902765876360e-03 1.124359036400015e-16
1052 4.383333333333332e-09 4.385000562909824e-17 1.124359118694827e-03 2.810897796737067e-03 5.242903232288453e-03 1.124359118694827e-16
1053 4.387499999999999e-09 4.385000880257434e-17 1.124359200066009e-03 2.810898000165022e-03 5.242903693445491e-03 1.124359200066009e-16
1054 4.391666666666665e-09 4.385001194046744e-17 1.124359280524806e-03 2.810898201312016e-03 5.242904149432591e-03 1.124359280524806e-16
1055 4.395833333333332e-09 4.385001504314759e-17 1.124359360080708e-03 2.810898400201769e-03 5.242904600301564e-03 1.124359360080708e-16
1056 4.399999999999998e-09 4.385001811102743e-17 1.124359438744293e-03 2.810898596860733e-03 5.242905046096816e-03 1.124359438744293e-16
1057 4.404166666666665e-09 4.385002114452144e-17 1.124359516526191e-03 2.810898791315477e-03 5.242905486914569e-03 1.124359516526191e-16
1058 4.408333333333331e-09 4.385002414396436e-17 1.124359593434984e-03 2.810898983587459e-03 5.242905922788129e-03 1.124359593434984e-16
1059 4.412499999999998e-09 4.385002710975290e-17 1.124359669480843e-03 2.810899173702109e-03 5.242906353773005e-03 1.124359669480844e-16
1060 4.416666666666665e-09 4.385003004229581e-17 1.124359744674252e-03 2.810899361685629e-03 5.242906779909910e-03 1.124359744674252e-16
1061 4.420833333333332e-09 4.385003294190562e-17 1.124359819023221e-03 2.810899547558053e-03 5.242907201265453e-03 1.124359819023221e-16
1062 4.424999999999998e-09 4.385003580899903e-17 1.124359892538437e-03 2.810899731346092e-03 5.242907617876643e-03 1.124359892538437e-16
1063 4.429166666666665e-09 4.385003864395001e-17 1.124359965229488e-03 2.810899913073719e-03 5.242908029824896e-03 1.124359965229488e-16
1064 4.433333333333332e-09 4.385004144711623e-17 1.124360037105544e-03 2.810900092763861e-03 5.242908437150920e-03 1.124360037105544e-16
1065 4.437499999999998e-09 4.385004421883205e-17 1.124360108175181e-03 2.810900270437952e-03 5.242908839917629e-03 1.124360108175181e-16
1066 4.441666666666665e-09 4.385004695947643e-17 1.124360178448114e-03 2.810900446120284e-03 5.242909238199037e-03 1.124360178448114e-16
1067 4.445833333333332e-09 4.385004966937115e-17 1.124360247932594e-03 2.810900619831484e-03 5.242909632002545e-03 1.124360247932594e-16
1068 4.449999999999998e-09 4.385005234886574e-17 1.124360316637583e-03 2.810900791593958e-03 5.242910021383666e-03 1.124360316637583e-16
1069 4.454166666666665e-09 4.385005499827976e-17 1.124360384571276e-03 2.810900961428190e-03 5.242910406405310e-03 1.124360384571276e-16
1070 4.458333333333332e-09 4.385005761796607e-17 1.124360451742720e-03 2.810901129356800e-03 5.242910787089682e-03 1.124360451742720e-16
1071 4.462499999999999e-09 4.385006020825573e-17 1.124360518160404e-03 2.810901295401009e-03 5.242911163488594e-03 1.124360518160404e-16
1072 4.466666666666665e-09 4.385006276952063e-17 1.124360583833862e-03 2.810901459584656e-03 5.242911535679761e-03 1.124360583833862e-16
1073 4.470833333333332e-09 4.385006530202594e-17 1.124360648769896e-03 2.810901621924740e-03 5.242911903689088e-03 1.124360648769896e-16
1074 4.474999999999999e-09 4.385006780614619e-17 1.124360712978107e-03 2.810901782445269e-03 5.242912267575785e-03 1.124360712978107e-16
1075 4.479166666666665e-09 4.385007028215540e-17 1.124360776465523e-03 2.810901941163808e-03 5.242912627380566e-03 1.124360776465523e-16
1076 4.483333333333332e-09 4.385007273039849e-17 1.124360839240987e-03 2.810902098102468e-03 5.242912983162634e-03 1.124360839240987e-16
1077 4.487499999999999e-09 4.385007515119706e-17 1.124360901312745e-03 2.810902253281863e-03 5.242913334947904e-03 1.124360901312745e-16
1078 4.491666666666665e-09 4.385007754483234e-17 1.124360962688009e-03 2.810902406720022e-03 5.242913682780777e-03 1.124360962688009e-16
1079 4.495833333333331e-09 4.385007991162725e-17 1.124361023375058e-03 2.810902558437645e-03 5.242914026716766e-03 1.124361023375058e-16
1080 4.499999999999998e-09 4.385008225185526e-17 1.124361083380904e-03 2.810902708452261e-03 5.242914366766977e-03 1.124361083380904e-16
1081 4.504166666666665e-09 4.385008456583982e-17 1.124361142713842e-03 2.810902856784604e-03 5.242914703005422e-03 1.124361142713841e-16
1082 4.508333333333332e-09 4.385008685387236e-17 1.124361201381343e-03 2.810903003453357e-03 5.242915035476510e-03 1.124361201381343e-16
1083 4.512499999999998e-09 4.385008911626522e-17 1.124361259391416e-03 2.810903148478540e-03 5.242915364232051e-03 1.124361259391416e-16
1084 4.516666666666665e-09 4.385009135324399e-17 1.124361316749846e-03 2.810903291874615e-03 5.242915689301652e-03 1.124361316749846e-16
1085 4.520833333333332e-09 4.385009356515001e-17 1.124361373465385e-03 2.810903433663462e-03 5.242916010755627e-03 1.124361373465385e-16
1086 4.524999999999998e-09 4.385009575223793e-17 1.124361429544562e-03 2.810903573861406e-03 5.242916328601377e-03 1.124361429544562e-16
1087 4.529166666666665e-09 4.385009791477919e-17 1.124361484994338e-03 2.810903712485846e-03 5.242916642875909e-03 1.124361484994338e-16
1088 4.533333333333332e-09 4.385010005306521e-17 1.124361539822185e-03 2.810903849555463e-03 5.242916953623633e-03 1.124361539822185e-16
1089 4.537499999999998e-09 4.385010216734767e-17 1.124361594034556e-03 2.810903985086389e-03 5.242917260870453e-03 1.124361594034556e-16
1090 4.541666666666665e-09 4.385010425792112e-17 1.124361647639003e-03 2.810904119097508e-03 5.242917564664481e-03 1.124361647639003e-16
1091 4.545833333333332e-09 4.385010632502909e-17 1.124361700641772e-03 2.810904251604429e-03 5.242917865046422e-03 1.124361700641772e-16
1092 4.549999999999999e-09 4.385010836896763e-17 1.124361753050452e-03 2.810904382626130e-03 5.242918162049584e-03 1.124361753050452e-16
1093 4.554166666666665e-09 4.385011038995564e-17 1.124361804870657e-03 2.810904512176644e-03 5.242918455733181e-03 1.124361804870658e-16
1094 4.558333333333332e-09 4.385011238831174e-17 1.124361856110558e-03 2.810904640276394e-03 5.242918746123114e-03 1.124361856110558e-16
1095 4.562499999999999e-09 4.385011436420601e-17 1.124361906774513e-03 2.810904766936283e-03 5.242919033263796e-03 1.124361906774513e-16
1096 4.566666666666665e-09 4.385011631793596e-17 1.124361956870153e-03 2.810904892175383e-03 5.242919317170028e-03 1.124361956870153e-16
1097 4.570833333333332e-09 4.385011824979267e-17 1.124362006404940e-03 2.810905016012351e-03 5.242919597912125e-03 1.124362006404940e-16
1098 4.574999999999999e-09 4.385012015996876e-17 1.124362055383814e-03 2.810905138459536e-03 5.242919875497487e-03 1.124362055383814e-16
1099 4.579166666666665e-09 4.385012204872884e-17 1.124362103813560e-03 2.810905259533900e-03 5.242920149970523e-03 1.124362103813560e-16
1100 4.583333333333331e-09 4.385012391627625e-17 1.124362151699391e-03 2.810905379248478e-03 5.242920421353439e-03 1.124362151699391e-16
1101 4.587499999999998e-09 4.385012576287172e-17 1.124362199047993e-03 2.810905497619982e-03 5.242920689709146e-03 1.124362199047993e-16
1102 4.591666666666665e-09 4.385012758874006e-17 1.124362245865130e-03 2.810905614662825e-03 5.242920955022844e-03 1.124362245865130e-16
1103 4.595833333333331e-09 4.385012939411943e-17 1.124362292156908e-03 2.810905730392271e-03 5.242921217372246e-03 1.124362292156908e-16
1104 4.599999999999998e-09 4.385013117924018e-17 1.124362337929235e-03 2.810905844823089e-03 5.242921476775855e-03 1.124362337929235e-16
1105 4.604166666666665e-09 4.385013294432067e-17 1.124362383187710e-03 2.810905957969274e-03 5.242921733274382e-03 1.124362383187710e-16
1106 4.608333333333332e-09 4.385013468963641e-17 1.124362427939395e-03 2.810906069848489e-03 5.242921986901130e-03 1.124362427939395e-16
1107 4.612499999999998e-09 4.385013641536523e-17 1.124362472188852e-03 2.810906180472130e-03 5.242922237659805e-03 1.124362472188852e-16
1108 4.616666666666665e-09 4.385013812175656e-17 1.124362515942476e-03 2.810906289856190e-03 5.242922485642920e-03 1.124362515942476e-16
1109 4.620833333333332e-09 4.385013980900763e-17 1.124362559205324e-03 2.810906398013310e-03 5.242922730854178e-03 1.124362559205324e-16
1110 4.624999999999998e-09 4.385014147734719e-17 1.124362601983261e-03 2.810906504958153e-03 5.242922973308383e-03 1.124362601983261e-16
1111 4.629166666666665e-09 4.385014312697706e-17 1.124362644281463e-03 2.810906610703658e-03 5.242923213027740e-03 1.124362644281463e-16
1112 4.633333333333332e-09 4.385014475810359e-17 1.124362686105220e-03 2.810906715263051e-03 5.242923450067757e-03 1.124362686105220e-16
1113 4.637499999999999e-09 4.385014637092254e-17 1.124362727459552e-03 2.810906818648881e-03 5.242923684446938e-03 1.124362727459552e-16
1114 4.641666666666665e-09 4.385014796565078e-17 1.124362768350020e-03 2.810906920875050e-03 5.242923916202294e-03 1.124362768350020e-16
1115 4.645833333333332e-09 4.385014954251072e-17 1.124362808782326e-03 2.810907021955816e-03 5.242924145356026e-03 1.124362808782326e-16
1116 4.649999999999999e-09 4.385015110167297e-17 1.124362848760845e-03 2.810907121902113e-03 5.242924371926643e-03 1.124362848760845e-16
1117 4.654166666666665e-09 4.385015264333994e-17 1.124362888290768e-03 2.810907220726919e-03 5.242924595962246e-03 1.124362888290768e-16
1118 4.658333333333332e-09 4.385015416772703e-17 1.124362927377616e-03 2.810907318444041e-03 5.242924817466543e-03 1.124362927377617e-16
1119 4.662499999999999e-09 4.385015567502688e-17 1.124362966026330e-03 2.810907415065826e-03 5.242925036506143e-03 1.124362966026330e-16
1120 4.666666666666665e-09 4.385015716539823e-17 1.124363004240980e-03 2.810907510602451e-03 5.242925253081051e-03 1.124363004240980e-16
1121 4.670833333333331e-09 4.385015863905201e-17 1.124363042026975e-03 2.810907605067437e-03 5.242925467224566e-03 1.124363042026975e-16
1122 4.674999999999998e-09 4.385016009614813e-17 1.124363079388414e-03 2.810907698471034e-03 5.242925678970004e-03 1.124363079388414e-16
1123 4.679166666666665e-09 4.385016153694838e-17 1.124363116332010e-03 2.810907790830025e-03 5.242925888335862e-03 1.124363116332010e-16
1124 4.683333333333331e-09 4.385016296158768e-17 1.124363152861223e-03 2.810907882153057e-03 5.242926095351748e-03 1.124363152861222e-16
1125 4.687499999999998e-09 4.385016437022607e-17 1.124363188980156e-03 2.810907972450389e-03 5.242926300047267e-03 1.124363188980156e-16
1126 4.691666666666665e-09 4.385016576307357e-17 1.124363224694194e-03 2.810908061735486e-03 5.242926502452027e-03 1.124363224694194e-16
1127 4.695833333333332e-09 4.385016714029820e-17 1.124363260007646e-03 2.810908150019116e-03 5.242926702569727e-03 1.124363260007646e-16
1128 4.699999999999998e-09 4.385016850206760e-17 1.124363294924810e-03 2.810908237312026e-03 5.242926900463281e-03 1.124363294924810e-16
1129 4.704166666666665e-09 4.385016984856293e-17 1.124363329450332e-03 2.810908323625829e-03 5.242927096117884e-03 1.124363329450332e-16
1130 4.708333333333332e-09 4.385017117997791e-17 1.124363363589177e-03 2.810908408972943e-03 5.242927289592750e-03 1.124363363589177e-16
1131 4.712499999999998e-09 4.385017249646667e-17 1.124363397345299e-03 2.810908493363249e-03 5.242927480891579e-03 1.124363397345299e-16
1132 4.716666666666665e-09 4.385017379817079e-17 1.124363430722328e-03 2.810908576805821e-03 5.242927670021772e-03 1.124363430722328e-16
1133 4.720833333333332e-09 4.385017508527769e-17 1.124363463725069e-03 2.810908659312673e-03 5.242927857042542e-03 1.124363463725069e-16
1134 4.724999999999998e-09 4.385017635792986e-17 1.124363496357176e-03 2.810908740892940e-03 5.242928041976091e-03 1.124363496357176e-16
1135 4.729166666666665e-09 4.385017761630826e-17 1.124363528623289e-03 2.810908821558222e-03 5.242928224829822e-03 1.124363528623289e-16
1136 4.733333333333332e-09 4.385017886056833e-17 1.124363560527393e-03 2.810908901318483e-03 5.242928405629642e-03 1.124363560527393e-16
1137 4.737499999999999e-09 4.385018009089102e-17 1.124363592074129e-03 2.810908980185322e-03 5.242928584405155e-03 1.124363592074129e-16
1138 4.741666666666665e-09 4.385018130741254e-17 1.124363623266988e-03 2.810909058167471e-03 5.242928761178566e-03 1.124363623266988e-16
1139 4.745833333333332e-09 4.385018251028404e-17 1.124363654109847e-03 2.810909135274619e-03 5.242928935972079e-03 1.124363654109847e-16
1140 4.749999999999999e-09 4.385018369965006e-17 1.124363684606412e-03 2.810909211516030e-03 5.242929108796797e-03 1.124363684606412e-16
1141 4.754166666666665e-09 4.385018487569136e-17 1.124363714761317e-03 2.810909286903293e-03 5.242929279715631e-03 1.124363714761317e-16
1142 4.758333333333331e-09 4.385018603855135e-17 1.124363744578240e-03 2.810909361445600e-03 5.242929448717482e-03 1.124363744578240e-16
1143 4.762499999999998e-09 4.385018718836622e-17 1.124363774060673e-03 2.810909435151681e-03 5.242929615809746e-03 1.124363774060673e-16
1144 4.766666666666665e-09 4.385018832526513e-17 1.124363803211927e-03 2.810909508029816e-03 5.242929781029436e-03 1.124363803211927e-16
1145 4.770833333333331e-09 4.385018944940147e-17 1.124363832035935e-03 2.810909580089838e-03 5.242929944387653e-03 1.124363832035935e-16
1146 4.774999999999998e-09 4.385019056092290e-17 1.124363860536485e-03 2.810909651341212e-03 5.242930105910300e-03 1.124363860536485e-16
1147 4.779166666666665e-09 4.385019165998356e-17 1.124363888717527e-03 2.810909721793818e-03 5.242930265626985e-03 1.124363888717527e-16
1148 4.783333333333331e-09 4.385019274671205e-17 1.124363916582360e-03 2.810909791455901e-03 5.242930423548808e-03 1.124363916582360e-16
1149 4.787499999999998e-09 4.385019382126583e-17 1.124363944135021e-03 2.810909860337554e-03 5.242930579694274e-03 1.124363944135021e-16
1150 4.791666666666665e-09 4.385019488377645e-17 1.124363971378884e-03 2.810909928447209e-03 5.242930734104092e-03 1.124363971378884e-16
1151 4.795833333333332e-09 4.385019593434868e-17 1.124363998316633e-03 2.810909995791582e-03 5.242930886778263e-03 1.124363998316633e-16
1152 4.799999999999998e-09 4.385019697314828e-17 1.124364024952520e-03 2.810910062381300e-03 5.242931037720485e-03 1.124364024952520e-16
1153 4.804166666666665e-09 4.385019800030091e-17 1.124364051289767e-03 2.810910128224417e-03 5.242931186960364e-03 1.124364051289767e-16
1154 4.808333333333332e-09 4.385019901591591e-17 1.124364077331177e-03 2.810910193327943e-03 5.242931334542311e-03 1.124364077331177e-16
1155 4.812499999999998e-09 4.385020002014649e-17 1.124364103080679e-03 2.810910257701699e-03 5.242931480466323e-03 1.124364103080679e-16
1156 4.816666666666665e-09 4.385020101312645e-17 1.124364128541704e-03 2.810910321354260e-03 5.242931624762011e-03 1.124364128541704e-16
1157 4.820833333333332e-09 4.385020199496051e-17 1.124364153716936e-03 2.810910384292340e-03 5.242931767440472e-03 1.124364153716936e-16
1158 4.824999999999999e-09 4.385020296579170e-17 1.124364178610044e-03 2.810910446525110e-03 5.242931908516513e-03 1.124364178610044e-16
1159 4.829166666666665e-09 4.385020392571755e-17 1.124364203223527e-03 2.810910508058817e-03 5.242932048008634e-03 1.124364203223527e-16
1160 4.833333333333332e-09 4.385020487487682e-17 1.124364227560944e-03 2.810910568902360e-03 5.242932185946443e-03 1.124364227560944e-16
1161 4.837499999999999e-09 4.385020581339441e-17 1.124364251625498e-03 2.810910629063745e-03 5.242932322329940e-03 1.124364251625498e-16
1162 4.841666666666665e-09 4.385020674137839e-17 1.124364275419959e-03 2.810910688549897e-03 5.242932457162825e-03 1.124364275419959e-16
1163 4.845833333333331e-09 4.385020765894479e-17 1.124364298947302e-03 2.810910747368256e-03 5.242932590515414e-03 1.124364298947302e-16
1164 4.849999999999998e-09 4.385020856622775e-17 1.124364322210968e-03 2.810910805527420e-03 5.242932722358100e-03 1.124364322210968e-16
1165 4.854166666666665e-09 4.385020946332477e-17 1.124364345213456e-03 2.810910863033639e-03 5.242932852701983e-03 1.124364345213456e-16
1166 4.858333333333331e-09 4.385021035034097e-17 1.124364367957461e-03 2.810910919893652e-03 5.242932981617379e-03 1.124364367957461e-16
1167 4.862499999999998e-09 4.385021122742530e-17 1.124364390446803e-03 2.810910976117007e-03 5.242933109056180e-03 1.124364390446803e-16
1168 4.866666666666665e-09 4.385021209466141e-17 1.124364412683626e-03 2.810911031709065e-03 5.242933235077596e-03 1.124364412683626e-16
1169 4.870833333333331e-09 4.385021295218693e-17 1.124364434671460e-03 2.810911086678650e-03 5.242933359685327e-03 1.124364434671460e-16
1170 4.874999999999998e-09 4.385021380007850e-17 1.124364456412269e-03 2.810911141030674e-03 5.242933482905279e-03 1.124364456412269e-16
1171 4.879166666666665e-09 4.385021463847544e-17 1.124364477909627e-03 2.810911194774067e-03 5.242933604741155e-03 1.124364477909627e-16
1172 4.883333333333332e-09 4.385021546745492e-17 1.124364499165511e-03 2.810911247913777e-03 5.242933725204052e-03 1.124364499165511e-16
1173 4.887499999999998e-09 4.385021628712592e-17 1.124364520182716e-03 2.810911300456790e-03 5.242933844305079e-03 1.124364520182716e-16
1174 4.891666666666665e-09 4.385021709761297e-17 1.124364540964435e-03 2.810911352411088e-03 5.242933962084939e-03 1.124364540964435e-16
1175 4.895833333333332e-09 4.385021789901395e-17 1.124364561513178e-03 2.810911403782946e-03 5.242934078536232e-03 1.124364561513178e-16
1176 4.899999999999998e-09 4.385021869143785e-17 1.124364581831740e-03 2.810911454579350e-03 5.242934193684863e-03 1.124364581831740e-16
1177 4.904166666666665e-09 4.385021947494982e-17 1.124364601921790e-03 2.810911504804476e-03 5.242934307523432e-03 1.124364601921790e-16
1178 4.908333333333332e-09 4.385022024967030e-17 1.124364621786418e-03 2.810911554466045e-03 5.242934420081544e-03 1.124364621786418e-16
1179 4.912499999999998e-09 4.385022101571567e-17 1.124364641428607e-03 2.810911603571518e-03 5.242934531388802e-03 1.124364641428607e-16
1180 4.916666666666665e-09 4.385022177318086e-17 1.124364660850791e-03 2.810911652126979e-03 5.242934641452613e-03 1.124364660850792e-16
1181 4.920833333333332e-09 4.385022252214657e-17 1.124364680055040e-03 2.810911700137601e-03 5.242934750284075e-03 1.124364680055040e-16
1182 4.924999999999999e-09 4.385022326272639e-17 1.124364699044267e-03 2.810911747610666e-03 5.242934857890591e-03 1.124364699044266e-16
1183 4.929166666666665e-09 4.385022399499545e-17 1.124364717820396e-03 2.810911794550991e-03 5.242934964305468e-03 1.124364717820396e-16
1184 4.933333333333331e-09 4.385022471900667e-17 1.124364736384786e-03 2.810911840961966e-03 5.242935069517602e-03 1.124364736384786e-16
1185 4.937499999999998e-09 4.385022543491011e-17 1.124364754741285e-03 2.810911886853213e-03 5.242935173545501e-03 1.124364754741285e-16
1186 4.941666666666665e-09 4.385022614281459e-17 1.124364772892682e-03 2.810911932231705e-03 5.242935276415066e-03 1.124364772892682e-16
1187 4.945833333333331e-09 4.385022684275544e-17 1.124364790839883e-03 2.810911977099708e-03 5.242935378118895e-03 1.124364790839883e-16
1188 4.949999999999998e-09 4.385022753484571e-17 1.124364808585788e-03 2.810912021464469e-03 5.242935478682897e-03 1.124364808585788e-16
1189 4.954166666666665e-09 4.385022821918664e-17 1.124364826132991e-03 2.810912065332477e-03 5.242935578118172e-03 1.124364826132991e-16
1190 4.958333333333331e-09 4.385022889583556e-17 1.124364843482963e-03 2.810912108707408e-03 5.242935676465428e-03 1.124364843482963e-16
1191 4.962499999999998e-09 4.385022956491590e-17 1.124364860638869e-03 2.810912151597173e-03 5.242935773687657e-03 1.124364860638869e-16
1192 4.966666666666665e-09 4.385023022650373e-17 1.124364877602660e-03 2.810912194006650e-03 5.242935869844075e-03 1.124364877602660e-16
1193 4.970833333333332e-09 4.385023088064288e-17 1.124364894375458e-03 2.810912235938646e-03 5.242935964912471e-03 1.124364894375458e-16
1194 4.974999999999998e-09 4.385023152747195e-17 1.124364910960819e-03 2.810912277402048e-03 5.242936058918756e-03 1.124364910960819e-16
1195 4.979166666666665e-09 4.385023216704626e-17 1.124364927360161e-03 2.810912318400402e-03 5.242936151859228e-03 1.124364927360161e-16
1196 4.983333333333332e-09 4.385023279943189e-17 1.124364943575177e-03 2.810912358937942e-03 5.242936243774590e-03 1.124364943575177e-16
1197 4.987499999999998e-09 4.385023342470487e-17 1.124364959607817e-03 2.810912399019543e-03 5.242936334627841e-03 1.124364959607817e-16
1198 4.991666666666665e-09 4.385023404296161e-17 1.124364975460554e-03 2.810912438651385e-03 5.242936424470789e-03 1.124364975460554e-16
1199 4.995833333333332e-09 4.385023465428557e-17 1.124364991135527e-03 2.810912477838819e-03 5.242936513321938e-03 1.124364991135528e-16
1200 4.999999999999998e-09 4.385023525874520e-17 1.124365006634492e-03 2.810912516586231e-03 5.242936601159083e-03 1.124365006634492e-16
1201 5.004166666666665e-09 4.385023585641544e-17 1.124365021959370e-03 2.810912554898426e-03 5.242936688008130e-03 1.124365021959370e-16
1202 5.008333333333332e-09 4.385023644742269e-17 1.124365037113402e-03 2.810912592783506e-03 5.242936773887581e-03 1.124365037113402e-16
1203 5.012499999999999e-09 4.385023703178229e-17 1.124365052096982e-03 2.810912630242455e-03 5.242936858804840e-03 1.124365052096982e-16
1204 5.016666666666665e-09 4.385023760958251e-17 1.124365066912372e-03 2.810912667280930e-03 5.242936942778408e-03 1.124365066912372e-16
1205 5.020833333333332e-09 4.385023818093954e-17 1.124365081562552e-03 2.810912703906381e-03 5.242937025800885e-03 1.124365081562552e-16
1206 5.024999999999998e-09 4.385023874584266e-17 1.124365096047248e-03 2.810912740118120e-03 5.242937107887076e-03 1.124365096047248e-16
1207 5.029166666666665e-09 4.385023930440420e-17 1.124365110369338e-03 2.810912775923346e-03 5.242937189070284e-03 1.124365110369338e-16
1208 5.033333333333331e-09 4.385023985670147e-17 1.124365124530807e-03 2.810912811327018e-03 5.242937269339409e-03 1.124365124530807e-16
1209 5.037499999999998e-09 4.385024040280371e-17 1.124365138533429e-03 2.810912846333572e-03 5.242937348690750e-03 1.124365138533429e-16
1210 5.041666666666665e-09 4.385024094277715e-17 1.124365152378901e-03 2.810912880947254e-03 5.242937427157612e-03 1.124365152378901e-16
1211 5.045833333333331e-09 4.385024147667341e-17 1.124365166068549e-03 2.810912915171373e-03 5.242937504736296e-03 1.124365166068549e-16
1212 5.049999999999998e-09 4.385024200458538e-17 1.124365179604753e-03 2.810912949011884e-03 5.242937581463810e-03 1.124365179604753e-16
1213 5.054166666666665e-09 4.385024252658893e-17 1.124365192989460e-03 2.810912982473650e-03 5.242937657317948e-03 1.124365192989460e-16
1214 5.058333333333331e-09 4.385024304272070e-17 1.124365206223608e-03 2.810913015559019e-03 5.242937732320914e-03 1.124365206223608e-16
1215 5.062499999999998e-09 4.385024355303860e-17 1.124365219308682e-03 2.810913048271705e-03 5.242937806465308e-03 1.124365219308682e-16
1216 5.066666666666665e-09 4.385024405766402e-17 1.124365232247795e-03 2.810913080619488e-03 5.242937879795539e-03 1.124365232247796e-16
1217 5.070833333333332e-09 4.385024455661638e-17 1.124365245041446e-03 2.810913112603614e-03 5.242937952289403e-03 1.124365245041446e-16
1218 5.074999999999998e-09 4.385024504994786e-17 1.124365257690971e-03 2.810913144227427e-03 5.242938023983903e-03 1.124365257690971e-16
1219 5.079166666666665e-09 4.385024553775377e-17 1.124365270198815e-03 2.810913175497037e-03 5.242938094879046e-03 1.124365270198815e-16
1220 5.083333333333332e-09 4.385024602011459e-17 1.124365282567041e-03 2.810913206417603e-03 5.242938164974827e-03 1.124365282567041e-16
1221 5.087499999999998e-09 4.385024649705956e-17 1.124365294796399e-03 2.810913236990998e-03 5.242938234286050e-03 1.124365294796399e-16
1222 5.091666666666665e-09 4.385024696865935e-17 1.124365306888701e-03 2.810913267221753e-03 5.242938302816416e-03 1.124365306888701e-16
1223 5.095833333333332e-09 4.385024743497263e-17 1.124365318845452e-03 2.810913297113631e-03 5.242938370569627e-03 1.124365318845452e-16
1224 5.099999999999999e-09 4.385024789604326e-17 1.124365330667776e-03 2.810913326669440e-03 5.242938437578988e-03 1.124365330667776e-16
1225 5.104166666666665e-09 4.385024835192544e-17 1.124365342357063e-03 2.810913355892657e-03 5.242938503840799e-03 1.124365342357063e-16
1226 5.108333333333332e-09 4.385024880269116e-17 1.124365353915158e-03 2.810913384787896e-03 5.242938569343957e-03 1.124365353915158e-16
1227 5.112499999999998e-09 4.385024924841703e-17 1.124365365344027e-03 2.810913413360066e-03 5.242938634114368e-03 1.124365365344026e-16
1228 5.116666666666665e-09 4.385024968915243e-17 1.124365376644934e-03 2.810913441612336e-03 5.242938698170536e-03 1.124365376644934e-16
1229 5.120833333333331e-09 4.385025012496290e-17 1.124365387819562e-03 2.810913469548904e-03 5.242938761512460e-03 1.124365387819562e-16
1230 5.124999999999998e-09 4.385025055587580e-17 1.124365398868610e-03 2.810913497171526e-03 5.242938824132740e-03 1.124365398868610e-16
1231 5.129166666666665e-09 4.385025098193924e-17 1.124365409793314e-03 2.810913524483285e-03 5.242938886057280e-03 1.124365409793314e-16
1232 5.133333333333331e-09 4.385025140324723e-17 1.124365420596083e-03 2.810913551490208e-03 5.242938947278677e-03 1.124365420596083e-16
1233 5.137499999999998e-09 4.385025181982049e-17 1.124365431277448e-03 2.810913578193621e-03 5.242939007808037e-03 1.124365431277449e-16
1234 5.141666666666665e-09 4.385025223171656e-17 1.124365441838886e-03 2.810913604597216e-03 5.242939067671263e-03 1.124365441838886e-16
1235 5.145833333333331e-09 4.385025263899559e-17 1.124365452281938e-03 2.810913630704846e-03 5.242939126860953e-03 1.124365452281938e-16
1236 5.149999999999998e-09 4.385025304171788e-17 1.124365462608151e-03 2.810913656520378e-03 5.242939185384509e-03 1.124365462608151e-16
1237 5.154166666666665e-09 4.385025343991862e-17 1.124365472818426e-03 2.810913682046066e-03 5.242939243249333e-03 1.124365472818426e-16
1238 5.158333333333332e-09 4.385025383364904e-17 1.124365482914078e-03 2.810913707285195e-03 5.242939300477630e-03 1.124365482914078e-16
1239 5.162499999999998e-09 4.385025422297594e-17 1.124365492896819e-03 2.810913732242048e-03 5.242939357054595e-03 1.124365492896819e-16
1240 5.166666666666665e-09 4.385025460792172e-17 1.124365502767224e-03 2.810913756918059e-03 5.242939412991333e-03 1.124365502767224e-16
1241 5.170833333333332e-09 4.385025498856150e-17 1.124365512527218e-03 2.810913781318045e-03 5.242939468298942e-03 1.124365512527218e-16
1242 5.174999999999998e-09 4.385025536492433e-17 1.124365522177547e-03 2.810913805443867e-03 5.242939522981127e-03 1.124365522177547e-16
1243 5.179166666666665e-09 4.385025573707090e-17 1.124365531719767e-03 2.810913829299417e-03 5.242939577063791e-03 1.124365531719767e-16
1244 5.183333333333332e-09 4.385025610505469e-17 1.124365541155249e-03 2.810913852888122e-03 5.242939630535832e-03 1.124365541155249e-16
1245 5.187499999999998e-09 4.385025646891252e-17 1.124365550484936e-03 2.810913876212341e-03 5.242939683415755e-03 1.124365550484937e-16
1246 5.191666666666665e-09 4.385025682868492e-17 1.124365559709870e-03 2.810913899274675e-03 5.242939735688756e-03 1.124365559709870e-16
1247 5.195833333333332e-09 4.385025718441777e-17 1.124365568831225e-03 2.810913922078063e-03 5.242939787391841e-03 1.124365568831225e-16
1248 5.199999999999999e-09 4.385025753617510e-17 1.124365577850644e-03 2.810913944626610e-03 5.242939838502810e-03 1.124365577850644e-16
1249 5.204166666666664e-09 4.385025788400408e-17 1.124365586769335e-03 2.810913966923339e-03 5.242939889047563e-03 1.124365586769335e-16
1250 5.208333333333331e-09 4.385025822791787e-17 1.124365595587638e-03 2.810913988969095e-03 5.242939939018701e-03 1.124365595587638e-16
1251 5.212499999999998e-09 4.385025856796086e-17 1.124365604306689e-03 2.810914010766722e-03 5.242939988416224e-03 1.124365604306689e-16
1252 5.216666666666665e-09 4.385025890418821e-17 1.124365612927903e-03 2.810914032319757e-03 5.242940037258635e-03 1.124365612927903e-16
1253 5.220833333333331e-09 4.385025923664911e-17 1.124365621452542e-03 2.810914053631354e-03 5.242940085568140e-03 1.124365621452542e-16
1254 5.224999999999998e-09 4.385025956538338e-17 1.124365629881625e-03 2.810914074704063e-03 5.242940133326234e-03 1.124365629881625e-16
1255 5.229166666666665e-09 4.385025989043133e-17 1.124365638216188e-03 2.810914095540470e-03 5.242940180566224e-03 1.124365638216188e-16
1256 5.233333333333331e-09 4.385026021181870e-17 1.124365646456890e-03 2.810914116142225e-03 5.242940227273307e-03 1.124365646456890e-16
1257 5.237499999999998e-09 4.385026052961634e-17 1.124365654605547e-03 2.810914136513868e-03 5.242940273451182e-03 1.124365654605547e-16
1258 5.241666666666665e-09 4.385026084383684e-17 1.124365662662483e-03 2.810914156656208e-03 5.242940319122058e-03 1.124365662662483e-16
1259 5.245833333333332e-09 4.385026115455384e-17 1.124365670629586e-03 2.810914176573965e-03 5.242940364278528e-03 1.124365670629586e-16
1260 5.249999999999998e-09 4.385026146175996e-17 1.124365678506666e-03 2.810914196266664e-03 5.242940408905794e-03 1.124365678506666e-16
1261 5.254166666666665e-09 4.385026176554010e-17 1.124365686295900e-03 2.810914215739751e-03 5.242940453048261e-03 1.124365686295900e-16
1262 5.258333333333332e-09 4.385026206591408e-17 1.124365693997797e-03 2.810914234994493e-03 5.242940496694829e-03 1.124365693997797e-16
1263 5.262499999999998e-09 4.385026236290467e-17 1.124365701612940e-03 2.810914254032351e-03 5.242940539841796e-03 1.124365701612941e-16
1264 5.266666666666665e-09 4.385026265656532e-17 1.124365709142701e-03 2.810914272856752e-03 5.242940582526171e-03 1.124365709142701e-16
1265 5.270833333333332e-09 4.385026294692491e-17 1.124365716587818e-03 2.810914291469546e-03 5.242940624710946e-03 1.124365716587818e-16
1266 5.274999999999998e-09 4.385026323402506e-17 1.124365723949361e-03 2.810914309873402e-03 5.242940666418324e-03 1.124365723949361e-16
1267 5.279166666666665e-09 4.385026351792168e-17 1.124365731228761e-03 2.810914328071903e-03 5.242940707681613e-03 1.124365731228761e-16
1268 5.283333333333332e-09 4.385026379861548e-17 1.124365738426038e-03 2.810914346065095e-03 5.242940748478608e-03 1.124365738426038e-16
1269 5.287499999999999e-09 4.385026407616014e-17 1.124365745542568e-03 2.810914363856420e-03 5.242940788816711e-03 1.124365745542568e-16
1270 5.291666666666664e-09 4.385026435060560e-17 1.124365752579631e-03 2.810914381449077e-03 5.242940828684821e-03 1.124365752579631e-16
1271 5.295833333333331e-09 4.385026462197501e-17 1.124365759537821e-03 2.810914398844552e-03 5.242940868119942e-03 1.124365759537821e-16
1272 5.299999999999998e-09 4.385026489031295e-17 1.124365766418281e-03 2.810914416045703e-03 5.242940907114675e-03 1.124365766418281e-16
1273 5.304166666666665e-09 4.385026515563443e-17 1.124365773221396e-03 2.810914433053489e-03 5.242940945661619e-03 1.124365773221396e-16
1274 5.308333333333331e-09 4.385026541797957e-17 1.124365779948194e-03 2.810914449870485e-03 5.242940983764473e-03 1.124365779948194e-16
1275 5.312499999999998e-09 4.385026567737874e-17 1.124365786599455e-03 2.810914466498637e-03 5.242941021452843e-03 1.124365786599455e-16
1276 5.316666666666665e-09 4.385026593385913e-17 1.124365793175875e-03 2.810914482939688e-03 5.242941058704527e-03 1.124365793175875e-16
1277 5.320833333333331e-09 4.385026618746534e-17 1.124365799678599e-03 2.810914499196497e-03 5.242941095567632e-03 1.124365799678598e-16
1278 5.324999999999998e-09 4.385026643825010e-17 1.124365806108977e-03 2.810914515272443e-03 5.242941132001451e-03 1.124365806108977e-16
1279 5.329166666666665e-09 4.385026668619491e-17 1.124365812466536e-03 2.810914531166341e-03 5.242941168028188e-03 1.124365812466536e-16
1280 5.333333333333331e-09 4.385026693137546e-17 1.124365818753217e-03 2.810914546883043e-03 5.242941203644143e-03 1.124365818753217e-16
1281 5.337499999999998e-09 4.385026717380745e-17 1.124365824969422e-03 2.810914562423555e-03 5.242941238875220e-03 1.124365824969422e-16
1282 5.341666666666665e-09 4.385026741350905e-17 1.124365831115617e-03 2.810914577789042e-03 5.242941273684414e-03 1.124365831115617e-16
1283 5.345833333333332e-09 4.385026765051835e-17 1.124365837192778e-03 2.810914592981946e-03 5.242941308119831e-03 1.124365837192778e-16
1284 5.349999999999998e-09 4.385026788488846e-17 1.124365843202268e-03 2.810914608005671e-03 5.242941342181472e-03 1.124365843202268e-16
1285 5.354166666666665e-09 4.385026811661162e-17 1.124365849143888e-03 2.810914622859720e-03 5.242941375850837e-03 1.124365849143888e-16
1286 5.358333333333332e-09 4.385026834572743e-17 1.124365855018652e-03 2.810914637546630e-03 5.242941409142723e-03 1.124365855018652e-16
1287 5.362499999999998e-09 4.385026857229268e-17 1.124365860828017e-03 2.810914652070044e-03 5.242941442064536e-03 1.124365860828018e-16
1288 5.366666666666665e-09 4.385026879630015e-17 1.124365866571799e-03 2.810914666429497e-03 5.242941474608875e-03 1.124365866571799e-16
1289 5.370833333333332e-09 4.385026901777855e-17 1.124365872250732e-03 2.810914680626830e-03 5.242941506790540e-03 1.124365872250732e-16
1290 5.374999999999998e-09 4.385026923679613e-17 1.124365877866567e-03 2.810914694666419e-03 5.242941538624334e-03 1.124365877866568e-16
1291 5.379166666666664e-09 4.385026945334161e-17 1.124365883419016e-03 2.810914708547540e-03 5.242941570091756e-03 1.124365883419016e-16
1292 5.383333333333331e-09 4.385026966747662e-17 1.124365888909657e-03 2.810914722274142e-03 5.242941601196504e-03 1.124365888909657e-16
1293 5.387499999999998e-09 4.385026987920134e-17 1.124365894338496e-03 2.810914735846240e-03 5.242941631975587e-03 1.124365894338496e-16
1294 5.391666666666664e-09 4.385027008854554e-17 1.124365899706296e-03 2.810914749265740e-03 5.242941662395697e-03 1.124365899706296e-16
1295 5.395833333333331e-09 4.385027029556106e-17 1.124365905014386e-03 2.810914762535966e-03 5.242941692475340e-03 1.124365905014386e-16
1296 5.399999999999998e-09 4.385027050023788e-17 1.124365910262510e-03 2.810914775656275e-03 5.242941722214515e-03 1.124365910262510e-16
1297 5.404166666666665e-09 4.385027070262266e-17 1.124365915451863e-03 2.810914788629658e-03 5.242941751605819e-03 1.124365915451863e-16
1298 5.408333333333331e-09 4.385027090273037e-17 1.124365920582830e-03 2.810914801457075e-03 5.242941780689962e-03 1.124365920582830e-16
1299 5.412499999999998e-09 4.385027110060523e-17 1.124365925656544e-03 2.810914814141361e-03 5.242941809459541e-03 1.124365925656545e-16
1300 5.416666666666665e-09 4.385027129626520e-17 1.124365930673467e-03 2.810914826683667e-03 5.242941837884950e-03 1.124365930673467e-16
1301 5.420833333333331e-09 4.385027148974710e-17 1.124365935634541e-03 2.810914839086353e-03 5.242941865999498e-03 1.124365935634541e-16
1302 5.424999999999998e-09 4.385027168104075e-17 1.124365940539507e-03 2.810914851348766e-03 5.242941893788382e-03 1.124365940539507e-16
1303 5.429166666666665e-09 4.385027187020351e-17 1.124365945389834e-03 2.810914863474584e-03 5.242941921281204e-03 1.124365945389834e-16
1304 5.433333333333332e-09 4.385027205723667e-17 1.124365950185556e-03 2.810914875463890e-03 5.242941948452062e-03 1.124365950185556e-16
1305 5.437499999999998e-09 4.385027224216690e-17 1.124365954927356e-03 2.810914887318391e-03 5.242941975323159e-03 1.124365954927356e-16
1306 5.441666666666665e-09 4.385027242499417e-17 1.124365959615235e-03 2.810914899038088e-03 5.242942001894498e-03 1.124365959615235e-16
1307 5.445833333333332e-09 4.385027260578991e-17 1.124365964251023e-03 2.810914910627558e-03 5.242942028166074e-03 1.124365964251024e-16
1308 5.449999999999998e-09 4.385027278456154e-17 1.124365968834911e-03 2.810914922087279e-03 5.242942054145294e-03 1.124365968834912e-16
1309 5.454166666666665e-09 4.385027296132848e-17 1.124365973367397e-03 2.810914933418493e-03 5.242942079824751e-03 1.124365973367397e-16
1310 5.458333333333332e-09 4.385027313610626e-17 1.124365977848878e-03 2.810914944622196e-03 5.242942105219253e-03 1.124365977848879e-16
1311 5.462499999999998e-09 4.385027330892747e-17 1.124365982280192e-03 2.810914955700479e-03 5.242942130328799e-03 1.124365982280192e-16
1312 5.466666666666664e-09 4.385027347982427e-17 1.124365986662161e-03 2.810914966655403e-03 5.242942155157085e-03 1.124365986662161e-16
1313 5.470833333333331e-09 4.385027364879911e-17 1.124365990994849e-03 2.810914977487123e-03 5.242942179722621e-03 1.124365990994849e-16
1314 5.474999999999998e-09 4.385027381588121e-17 1.124365995279005e-03 2.810914988197514e-03 5.242942204003198e-03 1.124365995279006e-16
1315 5.479166666666664e-09 4.385027398110700e-17 1.124365999515564e-03 2.810914998788910e-03 5.242942228021022e-03 1.124365999515564e-16
1316 5.483333333333331e-09 4.385027414447039e-17 1.124366003704369e-03 2.810915009260923e-03 5.242942251757591e-03 1.124366003704369e-16
1317 5.487499999999998e-09 4.385027430598434e-17 1.124366007845752e-03 2.810915019614381e-03 5.242942275227707e-03 1.124366007845753e-16
1318 5.491666666666665e-09 4.385027446570177e-17 1.124366011941071e-03 2.810915029852678e-03 5.242942298442469e-03 1.124366011941071e-16
1319 5.495833333333331e-09 4.385027462362211e-17 1.124366015990311e-03 2.810915039975777e-03 5.242942321394480e-03 1.124366015990310e-16
1320 5.499999999999998e-09 4.385027477976240e-17 1.124366019993908e-03 2.810915049984770e-03 5.242942344076336e-03 1.124366019993908e-16
1321 5.504166666666665e-09 4.385027493415150e-17 1.124366023952603e-03 2.810915059881507e-03 5.242942366525044e-03 1.124366023952603e-16
1322 5.508333333333331e-09 4.385027508680013e-17 1.124366027866670e-03 2.810915069666675e-03 5.242942388699901e-03 1.124366027866670e-16
1323 5.512499999999998e-09 4.385027523774382e-17 1.124366031737021e-03 2.810915079342553e-03 5.242942410630507e-03 1.124366031737021e-16
1324 5.516666666666665e-09 4.385027538699796e-17 1.124366035564050e-03 2.810915088910126e-03 5.242942432324263e-03 1.124366035564050e-16
1325 5.520833333333331e-09 4.385027553457694e-17 1.124366039348127e-03 2.810915098370317e-03 5.242942453773772e-03 1.124366039348127e-16
1326 5.524999999999998e-09 4.385027568049429e-17 1.124366043089597e-03 2.810915107723994e-03 5.242942474990134e-03 1.124366043089597e-16
1327 5.529166666666665e-09 4.385027582478813e-17 1.124366046789439e-03 2.810915116973599e-03 5.242942495965948e-03 1.124366046789439e-16
1328 5.533333333333332e-09 4.385027596745901e-17 1.124366050447667e-03 2.810915126119167e-03 5.242942516704915e-03 1.124366050447667e-16
1329 5.537499999999998e-09 4.385027610854707e-17 1.124366054065310e-03 2.810915135163274e-03 5.242942537210733e-03 1.124366054065310e-16
1330 5.541666666666665e-09 4.385027624804493e-17 1.124366057642178e-03 2.810915144105445e-03 5.242942557476004e-03 1.124366057642178e-16
1331 5.545833333333332e-09 4.385027638596738e-17 1.124366061178651e-03 2.810915152946627e-03 5.242942577522932e-03 1.124366061178651e-16
1332 5.549999999999998e-09 4.385027652234922e-17 1.124366064675621e-03 2.810915161689053e-03 5.242942597347814e-03 1.124366064675621e-16
1333 5.554166666666665e-09 4.385027665720541e-17 1.124366068133472e-03 2.810915170333681e-03 5.242942616958054e-03 1.124366068133472e-16
1334 5.558333333333331e-09 4.385027679055208e-17 1.124366071552617e-03 2.810915178881544e-03 5.242942636346247e-03 1.124366071552617e-16
1335 5.562499999999998e-09 4.385027692240383e-17 1.124366074933432e-03 2.810915187333579e-03 5.242942655523500e-03 1.124366074933432e-16
1336 5.566666666666664e-09 4.385027705279009e-17 1.124366078276669e-03 2.810915195691673e-03 5.242942674475008e-03 1.124366078276669e-16
1337 5.570833333333331e-09 4.385027718169513e-17 1.124366081581926e-03 2.810915203954816e-03 5.242942693222974e-03 1.124366081581927e-16
1338 5.574999999999998e-09 4.385027730913171e-17 1.124366084849531e-03 2.810915212123828e-03 5.242942711763699e-03 1.124366084849531e-16
1339 5.579166666666665e-09 4.385027743518032e-17 1.124366088081547e-03 2.810915220203867e-03 5.242942730100880e-03 1.124366088081547e-16
1340 5.583333333333331e-09 4.385027755979434e-17 1.124366091276778e-03 2.810915228191945e-03 5.242942748223422e-03 1.124366091276778e-16
1341 5.587499999999998e-09 4.385027768303835e-17 1.124366094436881e-03 2.810915236092202e-03 5.242942766131319e-03 1.124366094436881e-16
1342 5.591666666666665e-09 4.385027780486849e-17 1.124366097560731e-03 2.810915243901827e-03 5.242942783846778e-03 1.124366097560731e-16
1343 5.595833333333331e-09 4.385027792534693e-17 1.124366100649921e-03 2.810915251624804e-03 5.242942801351294e-03 1.124366100649921e-16
1344 5.599999999999998e-09 4.385027804447276e-17 1.124366103704430e-03 2.810915259261075e-03 5.242942818659673e-03 1.124366103704430e-16
1345 5.604166666666665e-09 4.385027816226908e-17 1.124366106724848e-03 2.810915266812121e-03 5.242942835786712e-03 1.124366106724848e-16
1346 5.608333333333331e-09 4.385027827872963e-17 1.124366109711016e-03 2.810915274277541e-03 5.242942852725014e-03 1.124366109711016e-16
1347 5.612499999999998e-09 4.385027839387622e-17 1.124366112663493e-03 2.810915281658733e-03 5.242942869467178e-03 1.124366112663493e-16
1348 5.616666666666665e-09 4.385027850773237e-17 1.124366115582881e-03 2.810915288957203e-03 5.242942886009501e-03 1.124366115582881e-16
1349 5.620833333333332e-09 4.385027862031398e-17 1.124366118469589e-03 2.810915296173974e-03 5.242942902359386e-03 1.124366118469589e-16
1350 5.624999999999998e-09 4.385027873162087e-17 1.124366121323612e-03 2.810915303309030e-03 5.242942918539035e-03 1.124366121323612e-16
1351 5.629166666666665e-09 4.385027884169079e-17 1.124366124145918e-03 2.810915310364794e-03 5.242942934541052e-03 1.124366124145918e-16
1352 5.633333333333332e-09 4.385027895051707e-17 1.124366126936335e-03 2.810915317340838e-03 5.242942950369131e-03 1.124366126936335e-16
1353 5.637499999999998e-09 4.385027905813505e-17 1.124366129695771e-03 2.810915324239427e-03 5.242942966019573e-03 1.124366129695771e-16
1354 5.641666666666665e-09 4.385027916454494e-17 1.124366132424229e-03 2.810915331060573e-03 5.242942981473878e-03 1.124366132424229e-16
1355 5.645833333333331e-09 4.385027926974023e-17 1.124366135121545e-03 2.810915337803861e-03 5.242942996757948e-03 1.124366135121544e-16
1356 5.649999999999998e-09 4.385027937377535e-17 1.124366137789112e-03 2.810915344472779e-03 5.242943011868084e-03 1.124366137789112e-16
1357 5.654166666666664e-09 4.385027947663400e-17 1.124366140426513e-03 2.810915351066282e-03 5.242943026815386e-03 1.124366140426513e-16
1358 5.658333333333331e-09 4.385027957834356e-17 1.124366143034450e-03 2.810915357586126e-03 5.242943041607257e-03 1.124366143034450e-16
1359 5.662499999999998e-09 4.385027967890220e-17 1.124366145612877e-03 2.810915364032193e-03 5.242943056217792e-03 1.124366145612877e-16
1360 5.666666666666664e-09 4.385027977833063e-17 1.124366148162324e-03 2.810915370405810e-03 5.242943070672897e-03 1.124366148162324e-16
1361 5.670833333333331e-09 4.385027987664568e-17 1.124366150683223e-03 2.810915376708057e-03 5.242943084965168e-03 1.124366150683223e-16
1362 5.674999999999998e-09 4.385027997386810e-17 1.124366153176105e-03 2.810915382940263e-03 5.242943099087205e-03 1.124366153176105e-16
1363 5.679166666666665e-09 4.385028006999120e-17 1.124366155640800e-03 2.810915389102000e-03 5.242943113046410e-03 1.124366155640800e-16
1364 5.683333333333331e-09 4.385028016505979e-17 1.124366158078456e-03 2.810915395196141e-03 5.242943126872387e-03 1.124366158078456e-16
1365 5.687499999999998e-09 4.385028025903443e-17 1.124366160488062e-03 2.810915401220156e-03 5.242943140531830e-03 1.124366160488062e-16
1366 5.691666666666665e-09 4.385028035193790e-17 1.124366162870202e-03 2.810915407175507e-03 5.242943154028442e-03 1.124366162870203e-16
1367 5.695833333333331e-09 4.385028044383772e-17 1.124366165226608e-03 2.810915413066521e-03 5.242943167391826e-03 1.124366165226608e-16
1368 5.699999999999998e-09 4.385028053469282e-17 1.124366167556226e-03 2.810915418890566e-03 5.242943180584977e-03 1.124366167556226e-16
1369 5.704166666666665e-09 4.385028062453040e-17 1.124366169859754e-03 2.810915424649385e-03 5.242943193644900e-03 1.124366169859754e-16
1370 5.708333333333332e-09 4.385028071336248e-17 1.124366172137500e-03 2.810915430343750e-03 5.242943206556793e-03 1.124366172137500e-16
1371 5.712499999999998e-09 4.385028080118908e-17 1.124366174389464e-03 2.810915435973659e-03 5.242943219313256e-03 1.124366174389464e-16
1372 5.716666666666665e-09 4.385028088803203e-17 1.124366176616206e-03 2.810915441540515e-03 5.242943231932791e-03 1.124366176616206e-16
1373 5.720833333333332e-09 4.385028097388964e-17 1.124366178817683e-03 2.810915447044208e-03 5.242943244407996e-03 1.124366178817683e-16
1374 5.724999999999998e-09 4.385028105880376e-17 1.124366180994968e-03 2.810915452487421e-03 5.242943256764779e-03 1.124366180994968e-16
1375 5.729166666666665e-09 4.385028114275790e-17 1.124366183147638e-03 2.810915457869096e-03 5.242943268966131e-03 1.124366183147638e-16
1376 5.733333333333332e-09 4.385028122575428e-17 1.124366185275751e-03 2.810915463189378e-03 5.242943281026854e-03 1.124366185275751e-16
1377 5.737499999999998e-09 4.385028130786379e-17 1.124366187381123e-03 2.810915468452808e-03 5.242943292954348e-03 1.124366187381123e-16
1378 5.741666666666664e-09 4.385028138901240e-17 1.124366189461856e-03 2.810915473654641e-03 5.242943304748619e-03 1.124366189461856e-16
1379 5.745833333333331e-09 4.385028146926987e-17 1.124366191519740e-03 2.810915478799351e-03 5.242943316409661e-03 1.124366191519740e-16
1380 5.749999999999998e-09 4.385028154861362e-17 1.124366193554195e-03 2.810915483885489e-03 5.242943327937475e-03 1.124366193554195e-16
1381 5.754166666666664e-09 4.385028162707918e-17 1.124366195566133e-03 2.810915488915333e-03 5.242943339339467e-03 1.124366195566133e-16
1382 5.758333333333331e-09 4.385028170464880e-17 1.124366197555097e-03 2.810915493887744e-03 5.242943350608230e-03 1.124366197555097e-16
1383 5.762499999999998e-09 4.385028178134837e-17 1.124366199521753e-03 2.810915498804383e-03 5.242943361740067e-03 1.124366199521753e-16
1384 5.766666666666665e-09 4.385028185720603e-17 1.124366201466821e-03 2.810915503667054e-03 5.242943372775683e-03 1.124366201466822e-16
1385 5.770833333333331e-09 4.385028193219715e-17 1.124366203389670e-03 2.810915508474177e-03 5.242943383678074e-03 1.124366203389670e-16
1386 5.774999999999998e-09 4.385028200636653e-17 1.124366205291450e-03 2.810915513228624e-03 5.242943394462039e-03 1.124366205291449e-16
1387 5.779166666666665e-09 4.385028207967899e-17 1.124366207171256e-03 2.810915517928141e-03 5.242943405112779e-03 1.124366207171256e-16
1388 5.783333333333331e-09 4.385028215217545e-17 1.124366209030140e-03 2.810915522575350e-03 5.242943415652498e-03 1.124366209030140e-16
1389 5.787499999999998e-09 4.385028222386218e-17 1.124366210868261e-03 2.810915527170653e-03 5.242943426073790e-03 1.124366210868261e-16
1390 5.791666666666665e-09 4.385028229474067e-17 1.124366212685658e-03 2.810915531714146e-03 5.242943436372959e-03 1.124366212685658e-16
1391 5.795833333333331e-09 4.385028236483644e-17 1.124366214482986e-03 2.810915536207464e-03 5.242943446564807e-03 1.124366214482986e-16
1392 5.799999999999998e-09 4.385028243413694e-17 1.124366216259922e-03 2.810915540649804e-03 5.242943456634530e-03 1.124366216259922e-16
1393 5.804166666666665e-09 4.385028250266897e-17 1.124366218017153e-03 2.810915545042883e-03 5.242943466585829e-03 1.124366218017153e-16
1394 5.808333333333332e-09 4.385028257040720e-17 1.124366219754031e-03 2.810915549385077e-03 5.242943476429806e-03 1.124366219754031e-16
1395 5.812499999999998e-09 4.385028263739398e-17 1.124366221471641e-03 2.810915553679101e-03 5.242943486173863e-03 1.124366221471641e-16
1396 5.816666666666665e-09 4.385028270364044e-17 1.124366223170268e-03 2.810915557925669e-03 5.242943495784694e-03 1.124366223170267e-16
1397 5.820833333333332e-09 4.385028276915469e-17 1.124366224850120e-03 2.810915562125301e-03 5.242943505317808e-03 1.124366224850120e-16
1398 5.824999999999998e-09 4.385028283392696e-17 1.124366226510948e-03 2.810915566277369e-03 5.242943514725098e-03 1.124366226510948e-16
1399 5.829166666666664e-09 4.385028289797221e-17 1.124366228153134e-03 2.810915570382834e-03 5.242943524025067e-03 1.124366228153134e-16
1400 5.833333333333331e-09 4.385028296129748e-17 1.124366229776858e-03 2.810915574442147e-03 5.242943533236217e-03 1.124366229776858e-16
1401 5.837499999999998e-09 4.385028302389334e-17 1.124366231381880e-03 2.810915578454701e-03 5.242943542328945e-03 1.124366231381880e-16
1402 5.841666666666664e-09 4.385028308579012e-17 1.124366232968977e-03 2.810915582422444e-03 5.242943551332853e-03 1.124366232968977e-16
1403 5.845833333333331e-09 4.385028314703076e-17 1.124366234539250e-03 2.810915586348126e-03 5.242943560214638e-03 1.124366234539250e-16
1404 5.849999999999998e-09 4.385028320756548e-17 1.124366236091423e-03 2.810915590228557e-03 5.242943569000202e-03 1.124366236091423e-16
1405 5.854166666666664e-09 4.385028326740983e-17 1.124366237625893e-03 2.810915594064733e-03 5.242943577693248e-03 1.124366237625893e-16
1406 5.858333333333331e-09 4.385028332656696e-17 1.124366239142743e-03 2.810915597856857e-03 5.242943586293776e-03 1.124366239142743e-16
1407 5.862499999999998e-09 4.385028338505629e-17 1.124366240642469e-03 2.810915601606173e-03 5.242943594805485e-03 1.124366240642469e-16
1408 5.866666666666665e-09 4.385028344291278e-17 1.124366242125969e-03 2.810915605314922e-03 5.242943603209873e-03 1.124366242125969e-16
1409 5.870833333333331e-09 4.385028350010721e-17 1.124366243592493e-03 2.810915608981232e-03 5.242943611514342e-03 1.124366243592493e-16
1410 5.874999999999998e-09 4.385028355667271e-17 1.124366245042890e-03 2.810915612607226e-03 5.242943619733694e-03 1.124366245042890e-16
1411 5.879166666666665e-09 4.385028361260666e-17 1.124366246477094e-03 2.810915616192735e-03 5.242943627853124e-03 1.124366246477094e-16
1412 5.883333333333331e-09 4.385028366791558e-17 1.124366247895271e-03 2.810915619738179e-03 5.242943635894839e-03 1.124366247895271e-16
1413 5.887499999999998e-09 4.385028372258296e-17 1.124366249296999e-03 2.810915623242498e-03 5.242943643836634e-03 1.124366249296999e-16
1414 5.891666666666665e-09 4.385028377664657e-17 1.124366250683245e-03 2.810915626708114e-03 5.242943651693314e-03 1.124366250683245e-16
1415 5.895833333333332e-09 4.385028383009714e-17 1.124366252053773e-03 2.810915630134433e-03 5.242943659450072e-03 1.124366252053773e-16
1416 5.899999999999998e-09 4.385028388297336e-17 1.124366253409573e-03 2.810915633523934e-03 5.242943667140216e-03 1.124366253409573e-16
1417 5.904166666666665e-09 4.385028393523841e-17 1.124366254749703e-03 2.810915636874257e-03 5.242943674726739e-03 1.124366254749703e-16
1418 5.908333333333332e-09 4.385028398691300e-17 1.124366256074692e-03 2.810915640186731e-03 5.242943682235548e-03 1.124366256074692e-16
1419 5.912499999999998e-09 4.385028403801268e-17 1.124366257384941e-03 2.810915643462351e-03 5.242943689651840e-03 1.124366257384941e-16
1420 5.916666666666664e-09 4.385028408853707e-17 1.124366258680438e-03 2.810915646701095e-03 5.242943696997814e-03 1.124366258680438e-16
1421 5.920833333333331e-09 4.385028413850673e-17 1.124366259961711e-03 2.810915649904278e-03 5.242943704258672e-03 1.124366259961711e-16
1422 5.924999999999998e-09 4.385028418792072e-17 1.124366261228736e-03 2.810915653071841e-03 5.242943711430714e-03 1.124366261228736e-16
1423 5.929166666666664e-09 4.385028423674944e-17 1.124366262480755e-03 2.810915656201888e-03 5.242943718536140e-03 1.124366262480755e-16
1424 5.933333333333331e-09 4.385028428506487e-17 1.124366263719612e-03 2.810915659299031e-03 5.242943725560152e-03 1.124366263719612e-16
1425 5.937499999999998e-09 4.385028433281851e-17 1.124366264944065e-03 2.810915662360162e-03 5.242943732499045e-03 1.124366264944065e-16
1426 5.941666666666664e-09 4.385028438003223e-17 1.124366266154673e-03 2.810915665386682e-03 5.242943739349122e-03 1.124366266154673e-16
1427 5.945833333333331e-09 4.385028442670102e-17 1.124366267351308e-03 2.810915668378271e-03 5.242943746125183e-03 1.124366267351308e-16
1428 5.949999999999998e-09 4.385028447287075e-17 1.124366268535147e-03 2.810915671337869e-03 5.242943752827230e-03 1.124366268535147e-16
1429 5.954166666666665e-09 4.385028451852571e-17 1.124366269705788e-03 2.810915674264469e-03 5.242943759458962e-03 1.124366269705788e-16
1430 5.958333333333331e-09 4.385028456367589e-17 1.124366270863485e-03 2.810915677158711e-03 5.242943766027781e-03 1.124366270863485e-16
1431 5.962499999999998e-09 4.385028460831869e-17 1.124366272008172e-03 2.810915680020429e-03 5.242943772518886e-03 1.124366272008172e-16
1432 5.966666666666665e-09 4.385028465244858e-17 1.124366273139707e-03 2.810915682849269e-03 5.242943778924872e-03 1.124366273139707e-16
1433 5.970833333333331e-09 4.385028469608146e-17 1.124366274258499e-03 2.810915685646248e-03 5.242943785264245e-03 1.124366274258499e-16
1434 5.974999999999998e-09 4.385028473922769e-17 1.124366275364813e-03 2.810915688412032e-03 5.242943791522203e-03 1.124366275364813e-16
1435 5.979166666666665e-09 4.385028478188838e-17 1.124366276458676e-03 2.810915691146691e-03 5.242943797739452e-03 1.124366276458677e-16
1436 5.983333333333331e-09 4.385028482408129e-17 1.124366277540546e-03 2.810915693851365e-03 5.242943803856781e-03 1.124366277540546e-16
1437 5.987499999999998e-09 4.385028486579219e-17 1.124366278610056e-03 2.810915696525141e-03 5.242943809914898e-03 1.124366278610056e-16
1438 5.991666666666665e-09 4.385028490701550e-17 1.124366279667064e-03 2.810915699167661e-03 5.242943815913803e-03 1.124366279667064e-16
1439 5.995833333333332e-09 4.385028494780195e-17 1.124366280712871e-03 2.810915701782177e-03 5.242943821827589e-03 1.124366280712871e-16
1440 5.999999999999997e-09 4.385028498812044e-17 1.124366281746678e-03 2.810915704366695e-03 5.242943827693269e-03 1.124366281746678e-16
1441 6.004166666666664e-09 4.385028502800206e-17 1.124366282769284e-03 2.810915706923209e-03 5.242943833488633e-03 1.124366282769284e-16
1442 6.008333333333331e-09 4.385028506742793e-17 1.124366283780203e-03 2.810915709450509e-03 5.242943839206282e-03 1.124366283780204e-16
1443 6.012499999999998e-09 4.385028510642563e-17 1.124366284780144e-03 2.810915711950361e-03 5.242943844868419e-03 1.124366284780144e-16
1444 6.016666666666664e-09 4.385028514498256e-17 1.124366285768784e-03 2.810915714421959e-03 5.242943850463943e-03 1.124366285768784e-16
1445 6.020833333333331e-09 4.385028518310336e-17 1.124366286746240e-03 2.810915716865601e-03 5.242943856000254e-03 1.124366286746240e-16
1446 6.024999999999998e-09 4.385028522077194e-17 1.124366287712101e-03 2.810915719280253e-03 5.242943861473654e-03 1.124366287712101e-16
1447 6.029166666666664e-09 4.385028525804897e-17 1.124366288667922e-03 2.810915721669806e-03 5.242943866891542e-03 1.124366288667922e-16
1448 6.033333333333331e-09 4.385028529489671e-17 1.124366289612736e-03 2.810915724031841e-03 5.242943872239119e-03 1.124366289612736e-16
1449 6.037499999999998e-09 4.385028533133849e-17 1.124366290547141e-03 2.810915726367852e-03 5.242943877538582e-03 1.124366290547141e-16
1450 6.041666666666665e-09 4.385028536736819e-17 1.124366291470979e-03 2.810915728677448e-03 5.242943882778833e-03 1.124366291470979e-16
1451 6.045833333333331e-09 4.385028540298951e-17 1.124366292384346e-03 2.810915730960867e-03 5.242943887956175e-03 1.124366292384346e-16
1452 6.049999999999998e-09 4.385028543819690e-17 1.124366293287100e-03 2.810915733217751e-03 5.242943893074302e-03 1.124366293287100e-16
1453 6.054166666666665e-09 4.385028547303515e-17 1.124366294180389e-03 2.810915735450971e-03 5.242943898144321e-03 1.124366294180388e-16
1454 6.058333333333331e-09 4.385028550746982e-17 1.124366295063329e-03 2.810915737658323e-03 5.242943903155128e-03 1.124366295063329e-16
1455 6.062499999999998e-09 4.385028554151111e-17 1.124366295936182e-03 2.810915739840456e-03 5.242943908091920e-03 1.124366295936182e-16
1456 6.066666666666665e-09 4.385028557515994e-17 1.124366296798973e-03 2.810915741997432e-03 5.242943912984303e-03 1.124366296798973e-16
1457 6.070833333333331e-09 4.385028560844313e-17 1.124366297652388e-03 2.810915744130971e-03 5.242943917821173e-03 1.124366297652388e-16
1458 6.074999999999998e-09 4.385028564134976e-17 1.124366298496148e-03 2.810915746240370e-03 5.242943922602535e-03 1.124366298496148e-16
1459 6.079166666666665e-09 4.385028567390113e-17 1.124366299330798e-03 2.810915748326996e-03 5.242943927328383e-03 1.124366299330798e-16
1460 6.083333333333332e-09 4.385028570609169e-17 1.124366300156197e-03 2.810915750390493e-03 5.242943932013524e-03 1.124366300156197e-16
1461 6.087499999999998e-09 4.385028573790401e-17 1.124366300971898e-03 2.810915752429745e-03 5.242943936635754e-03 1.124366300971898e-16
1462 6.091666666666664e-09 4.385028576935053e-17 1.124366301778219e-03 2.810915754445547e-03 5.242943941195070e-03 1.124366301778219e-16
1463 6.095833333333331e-09 4.385028580045805e-17 1.124366302575847e-03 2.810915756439619e-03 5.242943945721079e-03 1.124366302575848e-16
1464 6.099999999999998e-09 4.385028583123381e-17 1.124366303364970e-03 2.810915758412424e-03 5.242943950187877e-03 1.124366303364970e-16
1465 6.104166666666664e-09 4.385028586164226e-17 1.124366304144673e-03 2.810915760361684e-03 5.242943954606565e-03 1.124366304144673e-16
1466 6.108333333333331e-09 4.385028589170413e-17 1.124366304915491e-03 2.810915762288727e-03 5.242943958977142e-03 1.124366304915490e-16
1467 6.112499999999998e-09 4.385028592144072e-17 1.124366305677967e-03 2.810915764194918e-03 5.242943963295909e-03 1.124366305677967e-16
1468 6.116666666666664e-09 4.385028595083443e-17 1.124366306431652e-03 2.810915766079130e-03 5.242943967585071e-03 1.124366306431652e-16
1469 6.120833333333331e-09 4.385028597990339e-17 1.124366307177010e-03 2.810915767942525e-03 5.242943971807620e-03 1.124366307177010e-16
1470 6.124999999999998e-09 4.385028600863264e-17 1.124366307913658e-03 2.810915769784144e-03 5.242943975978357e-03 1.124366307913658e-16
1471 6.129166666666664e-09 4.385028603704972e-17 1.124366308642301e-03 2.810915771605752e-03 5.242943980100984e-03 1.124366308642301e-16
1472 6.133333333333331e-09 4.385028606514984e-17 1.124366309362817e-03 2.810915773407041e-03 5.242943984194007e-03 1.124366309362817e-16
1473 6.137499999999998e-09 4.385028609294723e-17 1.124366310075570e-03 2.810915775188925e-03 5.242943988242621e-03 1.124366310075570e-16
1474 6.141666666666665e-09 4.385028612041489e-17 1.124366310779869e-03 2.810915776949673e-03 5.242943992228321e-03 1.124366310779869e-16
1475 6.145833333333331e-09 4.385028614756799e-17 1.124366311476102e-03 2.810915778690256e-03 5.242943996169614e-03 1.124366311476102e-16
1476 6.149999999999998e-09 4.385028617441983e-17 1.124366312164611e-03 2.810915780411528e-03 5.242944000081300e-03 1.124366312164611e-16
1477 6.154166666666665e-09 4.385028620097711e-17 1.124366312845567e-03 2.810915782113918e-03 5.242944003933772e-03 1.124366312845567e-16
1478 6.158333333333331e-09 4.385028622723777e-17 1.124366313518917e-03 2.810915783797294e-03 5.242944007752940e-03 1.124366313518917e-16
1479 6.162499999999998e-09 4.385028625320830e-17 1.124366314184828e-03 2.810915785462071e-03 5.242944011523997e-03 1.124366314184828e-16
1480 6.166666666666665e-09 4.385028627888553e-17 1.124366314843219e-03 2.810915787108047e-03 5.242944015258049e-03 1.124366314843219e-16
1481 6.170833333333332e-09 4.385028630426874e-17 1.124366315494070e-03 2.810915788735176e-03 5.242944018947688e-03 1.124366315494070e-16
1482 6.174999999999998e-09 4.385028632935127e-17 1.124366316137212e-03 2.810915790343030e-03 5.242944022592921e-03 1.124366316137212e-16
1483 6.179166666666664e-09 4.385028635416698e-17 1.124366316773512e-03 2.810915791933781e-03 5.242944026197446e-03 1.124366316773513e-16
1484 6.183333333333331e-09 4.385028637870569e-17 1.124366317402710e-03 2.810915793506775e-03 5.242944029764962e-03 1.124366317402710e-16
1485 6.187499999999998e-09 4.385028640298589e-17 1.124366318025279e-03 2.810915795063199e-03 5.242944033295471e-03 1.124366318025279e-16
1486 6.191666666666664e-09 4.385028642698762e-17 1.124366318640708e-03 2.810915796601771e-03 5.242944036781572e-03 1.124366318640708e-16
1487 6.195833333333331e-09 4.385028645071679e-17 1.124366319249149e-03 2.810915798122871e-03 5.242944040230664e-03 1.124366319249149e-16
1488 6.199999999999998e-09 4.385028647417247e-17 1.124366319850576e-03 2.810915799626441e-03 5.242944043650150e-03 1.124366319850576e-16
1489 6.204166666666664e-09 4.385028649737483e-17 1.124366320445509e-03 2.810915801113772e-03 5.242944047017827e-03 1.124366320445509e-16
1490 6.208333333333331e-09 4.385028652030705e-17 1.124366321033514e-03 2.810915802583785e-03 5.242944050341095e-03 1.124366321033514e-16
1491 6.212499999999998e-09 4.385028654298132e-17 1.124366321614906e-03 2.810915804037264e-03 5.242944053631056e-03 1.124366321614906e-16
1492 6.216666666666664e-09 4.385028656538377e-17 1.124366322189327e-03 2.810915805473318e-03 5.242944056887711e-03 1.124366322189328e-16
1493 6.220833333333331e-09 4.385028658757139e-17 1.124366322758241e-03 2.810915806895602e-03 5.242944060103657e-03 1.124366322758241e-16
1494 6.224999999999998e-09 4.385028660951439e-17 1.124366323320882e-03 2.810915808302205e-03 5.242944063286297e-03 1.124366323320882e-16
1495 6.229166666666665e-09 4.385028663117336e-17 1.124366323876240e-03 2.810915809690600e-03 5.242944066439329e-03 1.124366323876240e-16
1496 6.233333333333331e-09 4.385028665260178e-17 1.124366324425687e-03 2.810915811064217e-03 5.242944069562757e-03 1.124366324425687e-16
1497 6.237499999999998e-09 4.385028667379278e-17 1.124366324969046e-03 2.810915812422615e-03 5.242944072645475e-03 1.124366324969046e-16
1498 6.241666666666665e-09 4.385028669473788e-17 1.124366325506100e-03 2.810915813765249e-03 5.242944075694888e-03 1.124366325506100e-16
1499 6.245833333333331e-09 4.385028671544855e-17 1.124366326037142e-03 2.810915815092856e-03 5.242944078688790e-03 1.124366326037142e-16
1500 6.249999999999998e-09 4.385028673591643e-17 1.124366326561960e-03 2.810915816404900e-03 5.242944081678991e-03 1.124366326561960e-16
1501 6.254166666666665e-09 4.385028675616023e-17 1.124366327081032e-03 2.810915817702579e-03 5.242944084609979e-03 1.124366327081032e-16
1502 6.258333333333331e-09 4.385028677616609e-17 1.124366327594002e-03 2.810915818985006e-03 5.242944087511362e-03 1.124366327594002e-16
1503 6.262499999999998e-09 4.385028679596192e-17 1.124366328101588e-03 2.810915820253970e-03 5.242944090383138e-03 1.124366328101588e-16
1504 6.266666666666665e-09 4.385028681552312e-17 1.124366328603157e-03 2.810915821507893e-03 5.242944093221609e-03 1.124366328603157e-16
1505 6.270833333333331e-09 4.385028683488911e-17 1.124366329099721e-03 2.810915822749302e-03 5.242944096034173e-03 1.124366329099721e-16
1506 6.274999999999997e-09 4.385028685403398e-17 1.124366329590615e-03 2.810915823976537e-03 5.242944098809731e-03 1.124366329590615e-16
1507 6.279166666666664e-09 4.385028687294423e-17 1.124366330075493e-03 2.810915825188733e-03 5.242944101559384e-03 1.124366330075493e-16
1508 6.283333333333331e-09 4.385028689165129e-17 1.124366330555161e-03 2.810915826387904e-03 5.242944104286831e-03 1.124366330555161e-16
1509 6.287499999999998e-09 4.385028691013669e-17 1.124366331029146e-03 2.810915827572865e-03 5.242944106969871e-03 1.124366331029146e-16
1510 6.291666666666664e-09 4.385028692841671e-17 1.124366331497864e-03 2.810915828744661e-03 5.242944109623304e-03 1.124366331497865e-16
1511 6.295833333333331e-09 4.385028694649983e-17 1.124366331961534e-03 2.810915829903836e-03 5.242944112258232e-03 1.124366331961534e-16
1512 6.299999999999998e-09 4.385028696438016e-17 1.124366332420004e-03 2.810915831050010e-03 5.242944114859856e-03 1.124366332420004e-16
1513 6.304166666666664e-09 4.385028698207988e-17 1.124366332873843e-03 2.810915832184608e-03 5.242944117431872e-03 1.124366332873843e-16
1514 6.308333333333331e-09 4.385028699958866e-17 1.124366333322786e-03 2.810915833306966e-03 5.242944119974282e-03 1.124366333322786e-16
1515 6.312499999999998e-09 4.385028701688538e-17 1.124366333766292e-03 2.810915834415730e-03 5.242944122494490e-03 1.124366333766292e-16
1516 6.316666666666664e-09 4.385028703398948e-17 1.124366334204858e-03 2.810915835512146e-03 5.242944124977688e-03 1.124366334204858e-16
1517 6.320833333333331e-09 4.385028705088466e-17 1.124366334638068e-03 2.810915836595171e-03 5.242944127434981e-03 1.124366334638068e-16
1518 6.324999999999998e-09 4.385028706759241e-17 1.124366335066472e-03 2.810915837666181e-03 5.242944129870070e-03 1.124366335066472e-16
1519 6.329166666666665e-09 4.385028708413399e-17 1.124366335490615e-03 2.810915838726539e-03 5.242944132268152e-03 1.124366335490615e-16
1520 6.333333333333331e-09 4.385028710047278e-17 1.124366335909558e-03 2.810915839773896e-03 5.242944134644031e-03 1.124366335909558e-16
1521 6.337499999999998e-09 4.385028711663096e-17 1.124366336323871e-03 2.810915840809677e-03 5.242944136994001e-03 1.124366336323871e-16
1522 6.341666666666665e-09 4.385028713260651e-17 1.124366336733500e-03 2.810915841833751e-03 5.242944139303265e-03 1.124366336733500e-16
1523 6.345833333333331e-09 4.385028714840777e-17 1.124366337138661e-03 2.810915842846652e-03 5.242944141590325e-03 1.124366337138661e-16
1524 6.349999999999998e-09 4.385028716400658e-17 1.124366337538630e-03 2.810915843846576e-03 5.242944143866282e-03 1.124366337538631e-16
1525 6.354166666666665e-09 4.385028717945478e-17 1.124366337934738e-03 2.810915844836845e-03 5.242944146116335e-03 1.124366337934738e-16
1526 6.358333333333331e-09 4.385028719473441e-17 1.124366338326523e-03 2.810915845816309e-03 5.242944148333080e-03 1.124366338326523e-16
1527 6.362499999999997e-09 4.385028720981475e-17 1.124366338713199e-03 2.810915846782997e-03 5.242944150531319e-03 1.124366338713199e-16
1528 6.366666666666664e-09 4.385028722473930e-17 1.124366339095880e-03 2.810915847739699e-03 5.242944152699956e-03 1.124366339095880e-16
1529 6.370833333333331e-09 4.385028723949620e-17 1.124366339474262e-03 2.810915848685654e-03 5.242944154846389e-03 1.124366339474261e-16
1530 6.374999999999998e-09 4.385028725407879e-17 1.124366339848174e-03 2.810915849620436e-03 5.242944156952111e-03 1.124366339848174e-16
1531 6.379166666666664e-09 4.385028726852576e-17 1.124366340218609e-03 2.810915850546523e-03 5.242944159057835e-03 1.124366340218609e-16
1532 6.383333333333331e-09 4.385028728279860e-17 1.124366340584580e-03 2.810915851461449e-03 5.242944161145053e-03 1.124366340584580e-16
1533 6.387499999999998e-09 4.385028729691268e-17 1.124366340946479e-03 2.810915852366198e-03 5.242944163180462e-03 1.124366340946479e-16
1534 6.391666666666664e-09 4.385028731086689e-17 1.124366341304279e-03 2.810915853260698e-03 5.242944165201067e-03 1.124366341304279e-16
1535 6.395833333333331e-09 4.385028732465344e-17 1.124366341657781e-03 2.810915854144452e-03 5.242944167217974e-03 1.124366341657781e-16
1536 6.399999999999998e-09 4.385028733829032e-17 1.124366342007444e-03 2.810915855018610e-03 5.242944169205272e-03 1.124366342007444e-16
1537 6.404166666666664e-09 4.385028735178452e-17 1.124366342353449e-03 2.810915855883624e-03 5.242944171159266e-03 1.124366342353449e-16
1538 6.408333333333331e-09 4.385028736510479e-17 1.124366342694995e-03 2.810915856737487e-03 5.242944173105856e-03 1.124366342694995e-16
1539 6.412499999999998e-09 4.385028737828648e-17 1.124366343032987e-03 2.810915857582467e-03 5.242944175019141e-03 1.124366343032987e-16
1540 6.416666666666665e-09 4.385028739130420e-17 1.124366343366775e-03 2.810915858416937e-03 5.242944176899118e-03 1.124366343366775e-16
1541 6.420833333333331e-09 4.385028740419039e-17 1.124366343697190e-03 2.810915859242974e-03 5.242944178767993e-03 1.124366343697190e-16
1542 6.424999999999998e-09 4.385028741693704e-17 1.124366344024027e-03 2.810915860060067e-03 5.242944180618365e-03 1.124366344024027e-16
1543 6.429166666666665e-09 4.385028742954417e-17 1.124366344347286e-03 2.810915860868217e-03 5.242944182435431e-03 1.124366344347287e-16
1544 6.433333333333331e-09 4.385028744201939e-17 1.124366344667164e-03 2.810915861667910e-03 5.242944184263598e-03 1.124366344667164e-16
1545 6.437499999999998e-09 4.385028745433620e-17 1.124366344982980e-03 2.810915862457449e-03 5.242944186043656e-03 1.124366344982980e-16
1546 6.441666666666665e-09 4.385028746652385e-17 1.124366345295484e-03 2.810915863238709e-03 5.242944187797808e-03 1.124366345295484e-16
1547 6.445833333333331e-09 4.385028747858476e-17 1.124366345604737e-03 2.810915864011844e-03 5.242944189544558e-03 1.124366345604737e-16
1548 6.449999999999997e-09 4.385028749050357e-17 1.124366345910348e-03 2.810915864775870e-03 5.242944191283909e-03 1.124366345910348e-16
1549 6.454166666666664e-09 4.385028750228469e-17 1.124366346212428e-03 2.810915865531071e-03 5.242944192986250e-03 1.124366346212428e-16
1550 6.458333333333331e-09 4.385028751392983e-17 1.124366346511021e-03 2.810915866277553e-03 5.242944194684892e-03 1.124366346511021e-16
1551 6.462499999999997e-09 4.385028752543728e-17 1.124366346806084e-03 2.810915867015211e-03 5.242944196368729e-03 1.124366346806084e-16
1552 6.466666666666664e-09 4.385028753681762e-17 1.124366347097888e-03 2.810915867744720e-03 5.242944198022962e-03 1.124366347097888e-16
1553 6.470833333333331e-09 4.385028754808602e-17 1.124366347386821e-03 2.810915868467053e-03 5.242944199643887e-03 1.124366347386821e-16
1554 6.474999999999998e-09 4.385028755923561e-17 1.124366347672708e-03 2.810915869181771e-03 5.242944201264813e-03 1.124366347672708e-16
1555 6.479166666666664e-09 4.385028757022905e-17 1.124366347954591e-03 2.810915869886478e-03 5.242944202874636e-03 1.124366347954591e-16
1556 6.483333333333331e-09 4.385028758110904e-17 1.124366348233565e-03 2.810915870583913e-03 5.242944204454853e-03 1.124366348233565e-16
1557 6.487499999999998e-09 4.385028759186434e-17 1.124366348509342e-03 2.810915871273355e-03 5.242944206023969e-03 1.124366348509342e-16
1558 6.491666666666664e-09 4.385028760250712e-17 1.124366348782234e-03 2.810915871955585e-03 5.242944207552377e-03 1.124366348782234e-16
1559 6.495833333333331e-09 4.385028761305146e-17 1.124366349052602e-03 2.810915872631504e-03 5.242944209091885e-03 1.124366349052602e-16
1560 6.499999999999998e-09 4.385028762344388e-17 1.124366349319074e-03 2.810915873297685e-03 5.242944210609189e-03 1.124366349319074e-16
1561 6.504166666666665e-09 4.385028763370457e-17 1.124366349582169e-03 2.810915873955422e-03 5.242944212100589e-03 1.124366349582169e-16
1562 6.508333333333331e-09 4.385028764388569e-17 1.124366349843223e-03 2.810915874608057e-03 5.242944213591989e-03 1.124366349843223e-16
1563 6.512499999999998e-09 4.385028765393653e-17 1.124366350100937e-03 2.810915875252342e-03 5.242944215050082e-03 1.124366350100937e-16
1564 6.516666666666665e-09 4.385028766387710e-17 1.124366350355823e-03 2.810915875889558e-03 5.242944216489671e-03 1.124366350355823e-16
1565 6.520833333333331e-09 4.385028767371534e-17 1.124366350608086e-03 2.810915876520215e-03 5.242944217910757e-03 1.124366350608086e-16
1566 6.524999999999998e-09 4.385028768344903e-17 1.124366350857668e-03 2.810915877144169e-03 5.242944219320740e-03 1.124366350857668e-16
1567 6.529166666666665e-09 4.385028769306282e-17 1.124366351104175e-03 2.810915877760437e-03 5.242944220712220e-03 1.124366351104175e-16
1568 6.533333333333331e-09 4.385028770255968e-17 1.124366351347684e-03 2.810915878369210e-03 5.242944222099999e-03 1.124366351347684e-16
1569 6.537499999999997e-09 4.385028771197122e-17 1.124366351589006e-03 2.810915878972515e-03 5.242944223450769e-03 1.124366351589006e-16
1570 6.541666666666664e-09 4.385028772127636e-17 1.124366351827599e-03 2.810915879568998e-03 5.242944224805241e-03 1.124366351827599e-16
1571 6.545833333333331e-09 4.385028773046753e-17 1.124366352063270e-03 2.810915880158175e-03 5.242944226152312e-03 1.124366352063270e-16
1572 6.549999999999997e-09 4.385028773956785e-17 1.124366352296611e-03 2.810915880741529e-03 5.242944227473478e-03 1.124366352296611e-16
1573 6.554166666666664e-09 4.385028774855899e-17 1.124366352527154e-03 2.810915881317884e-03 5.242944228776140e-03 1.124366352527154e-16
1574 6.558333333333331e-09 4.385028775743448e-17 1.124366352754730e-03 2.810915881886826e-03 5.242944230075101e-03 1.124366352754730e-16
1575 6.562499999999998e-09 4.385028776621969e-17 1.124366352979992e-03 2.810915882449980e-03 5.242944231337053e-03 1.124366352979992e-16
1576 6.566666666666664e-09 4.385028777491217e-17 1.124366353202876e-03 2.810915883007191e-03 5.242944232587905e-03 1.124366353202876e-16
1577 6.570833333333331e-09 4.385028778351343e-17 1.124366353423422e-03 2.810915883558554e-03 5.242944233838757e-03 1.124366353423422e-16
1578 6.574999999999998e-09 4.385028779200868e-17 1.124366353641248e-03 2.810915884103121e-03 5.242944235067402e-03 1.124366353641248e-16
1579 6.579166666666664e-09 4.385028780038290e-17 1.124366353855972e-03 2.810915884639930e-03 5.242944236281247e-03 1.124366353855972e-16
1580 6.583333333333331e-09 4.385028780867978e-17 1.124366354068712e-03 2.810915885171782e-03 5.242944237487689e-03 1.124366354068713e-16
1581 6.587499999999998e-09 4.385028781688822e-17 1.124366354279185e-03 2.810915885697963e-03 5.242944238694132e-03 1.124366354279185e-16
1582 6.591666666666664e-09 4.385028782500580e-17 1.124366354487328e-03 2.810915886218321e-03 5.242944239874670e-03 1.124366354487328e-16
1583 6.595833333333331e-09 4.385028783302124e-17 1.124366354692852e-03 2.810915886732131e-03 5.242944241036703e-03 1.124366354692853e-16
1584 6.599999999999998e-09 4.385028784095175e-17 1.124366354896199e-03 2.810915887240497e-03 5.242944242198736e-03 1.124366354896199e-16
1585 6.604166666666665e-09 4.385028784879659e-17 1.124366355097349e-03 2.810915887743372e-03 5.242944243338566e-03 1.124366355097349e-16
1586 6.608333333333331e-09 4.385028785656185e-17 1.124366355296458e-03 2.810915888241145e-03 5.242944244463590e-03 1.124366355296458e-16
1587 6.612499999999998e-09 4.385028786422368e-17 1.124366355492915e-03 2.810915888732288e-03 5.242944245566412e-03 1.124366355492915e-16
1588 6.616666666666665e-09 4.385028787181429e-17 1.124366355687546e-03 2.810915889218865e-03 5.242944246676636e-03 1.124366355687546e-16
1589 6.620833333333331e-09 4.385028787931106e-17 1.124366355879771e-03 2.810915889699428e-03 5.242944247757252e-03 1.124366355879771e-16
1590 6.624999999999997e-09 4.385028788672329e-17 1.124366356069828e-03 2.810915890174570e-03 5.242944248830469e-03 1.124366356069828e-16
1591 6.629166666666664e-09 4.385028789405872e-17 1.124366356257916e-03 2.810915890644790e-03 5.242944249888881e-03 1.124366356257916e-16
1592 6.633333333333331e-09 4.385028790130884e-17 1.124366356443817e-03 2.810915891109541e-03 5.242944250943593e-03 1.124366356443817e-16
1593 6.637499999999997e-09 4.385028790848698e-17 1.124366356627871e-03 2.810915891569679e-03 5.242944251983502e-03 1.124366356627872e-16
1594 6.641666666666664e-09 4.385028791558261e-17 1.124366356809811e-03 2.810915892024526e-03 5.242944253023411e-03 1.124366356809811e-16
1595 6.645833333333331e-09 4.385028792258682e-17 1.124366356989406e-03 2.810915892473515e-03 5.242944254048517e-03 1.124366356989405e-16
1596 6.649999999999998e-09 4.385028792951906e-17 1.124366357167155e-03 2.810915892917889e-03 5.242944255055119e-03 1.124366357167155e-16
1597 6.654166666666664e-09 4.385028793637727e-17 1.124366357343007e-03 2.810915893357518e-03 5.242944256046918e-03 1.124366357343007e-16
1598 6.658333333333331e-09 4.385028794314278e-17 1.124366357516482e-03 2.810915893791204e-03 5.242944257035016e-03 1.124366357516482e-16
1599 6.662499999999998e-09 4.385028794983244e-17 1.124366357688011e-03 2.810915894220028e-03 5.242944258019414e-03 1.124366357688011e-16
1600 6.666666666666664e-09 4.385028795646287e-17 1.124366357858022e-03 2.810915894645056e-03 5.242944258981606e-03 1.124366357858022e-16
1601 6.670833333333331e-09 4.385028796301744e-17 1.124366358026088e-03 2.810915895065221e-03 5.242944259936399e-03 1.124366358026088e-16
1602 6.674999999999998e-09 4.385028796948764e-17 1.124366358191991e-03 2.810915895479977e-03 5.242944260868986e-03 1.124366358191991e-16
1603 6.679166666666664e-09 4.385028797589696e-17 1.124366358356332e-03 2.810915895890831e-03 5.242944261808974e-03 1.124366358356332e-16
1604 6.683333333333331e-09 4.385028798223578e-17 1.124366358518866e-03 2.810915896297166e-03 5.242944262730460e-03 1.124366358518866e-16
1605 6.687499999999998e-09 4.385028798849354e-17 1.124366358679322e-03 2.810915896698304e-03 5.242944263644543e-03 1.124366358679322e-16
1606 6.691666666666665e-09 4.385028799469581e-17 1.124366358838354e-03 2.810915897095885e-03 5.242944264536423e-03 1.124366358838354e-16
1607 6.695833333333331e-09 4.385028800081683e-17 1.124366358995303e-03 2.810915897488259e-03 5.242944265413500e-03 1.124366358995303e-16
1608 6.699999999999998e-09 4.385028800685886e-17 1.124366359150227e-03 2.810915897875568e-03 5.242944266290577e-03 1.124366359150227e-16
1609 6.704166666666665e-09 4.385028801284388e-17 1.124366359303689e-03 2.810915898259223e-03 5.242944267167651e-03 1.124366359303689e-16
1610 6.708333333333331e-09 4.385028801876600e-17 1.124366359455538e-03 2.810915898638846e-03 5.242944268033625e-03 1.124366359455538e-16
1611 6.712499999999997e-09 4.385028802462187e-17 1.124366359605689e-03 2.810915899014223e-03 5.242944268888497e-03 1.124366359605689e-16
1612 6.716666666666664e-09 4.385028803041667e-17 1.124366359754274e-03 2.810915899385685e-03 5.242944269713763e-03 1.124366359754274e-16
1613 6.720833333333331e-09 4.385028803613247e-17 1.124366359900833e-03 2.810915899752082e-03 5.242944270535329e-03 1.124366359900832e-16
1614 6.724999999999997e-09 4.385028804178943e-17 1.124366360045883e-03 2.810915900114707e-03 5.242944271356894e-03 1.124366360045883e-16
1615 6.729166666666664e-09 4.385028804738958e-17 1.124366360189476e-03 2.810915900473691e-03 5.242944272171056e-03 1.124366360189476e-16
1616 6.733333333333331e-09 4.385028805292256e-17 1.124366360331348e-03 2.810915900828370e-03 5.242944272966717e-03 1.124366360331348e-16
1617 6.737499999999997e-09 4.385028805838116e-17 1.124366360471312e-03 2.810915901178280e-03 5.242944273762377e-03 1.124366360471312e-16
1618 6.741666666666664e-09 4.385028806378868e-17 1.124366360609966e-03 2.810915901524916e-03 5.242944274546935e-03 1.124366360609966e-16
1619 6.745833333333331e-09 4.385028806914995e-17 1.124366360747435e-03 2.810915901868587e-03 5.242944275331492e-03 1.124366360747435e-16
1620 6.749999999999998e-09 4.385028807444331e-17 1.124366360883162e-03 2.810915902207905e-03 5.242944276097546e-03 1.124366360883162e-16
1621 6.754166666666664e-09 4.385028807966173e-17 1.124366361016967e-03 2.810915902542419e-03 5.242944276852497e-03 1.124366361016967e-16
1622 6.758333333333331e-09 4.385028808484740e-17 1.124366361149933e-03 2.810915902874834e-03 5.242944277607449e-03 1.124366361149933e-16
1623 6.762499999999998e-09 4.385028808993332e-17 1.124366361280341e-03 2.810915903200854e-03 5.242944278343897e-03 1.124366361280341e-16
1624 6.766666666666664e-09 4.385028809498669e-17 1.124366361409915e-03 2.810915903524788e-03 5.242944279087745e-03 1.124366361409915e-16
1625 6.770833333333331e-09 4.385028809999084e-17 1.124366361538227e-03 2.810915903845567e-03 5.242944279813091e-03 1.124366361538227e-16
1626 6.774999999999998e-09 4.385028810489913e-17 1.124366361664080e-03 2.810915904160201e-03 5.242944280512534e-03 1.124366361664080e-16
1627 6.779166666666665e-09 4.385028810978060e-17 1.124366361789246e-03 2.810915904473116e-03 5.242944281223075e-03 1.124366361789246e-16
1628 6.783333333333331e-09 4.385028811461747e-17 1.124366361913268e-03 2.810915904783171e-03 5.242944281922516e-03 1.124366361913268e-16
1629 6.787499999999998e-09 4.385028811939531e-17 1.124366362035777e-03 2.810915905089444e-03 5.242944282618255e-03 1.124366362035777e-16
1630 6.791666666666665e-09 4.385028812410895e-17 1.124366362156640e-03 2.810915905391600e-03 5.242944283313995e-03 1.124366362156640e-16
1631 6.795833333333331e-09 4.385028812876874e-17 1.124366362276122e-03 2.810915905690304e-03 5.242944284002334e-03 1.124366362276122e-16
1632 6.799999999999998e-09 4.385028813337173e-17 1.124366362394147e-03 2.810915905985368e-03 5.242944284657366e-03 1.124366362394147e-16
1633 6.804166666666664e-09 4.385028813792974e-17 1.124366362511019e-03 2.810915906277548e-03 5.242944285323498e-03 1.124366362511019e-16
1634 6.808333333333331e-09 4.385028814242634e-17 1.124366362626316e-03 2.810915906565791e-03 5.242944285971129e-03 1.124366362626316e-16
1635 6.812499999999997e-09 4.385028814688925e-17 1.124366362740750e-03 2.810915906851875e-03 5.242944286611357e-03 1.124366362740750e-16
1636 6.816666666666664e-09 4.385028815130700e-17 1.124366362854026e-03 2.810915907135065e-03 5.242944287258988e-03 1.124366362854026e-16
1637 6.820833333333331e-09 4.385028815567092e-17 1.124366362965921e-03 2.810915907414803e-03 5.242944287888115e-03 1.124366362965921e-16
1638 6.824999999999997e-09 4.385028815998229e-17 1.124366363076469e-03 2.810915907691173e-03 5.242944288506138e-03 1.124366363076469e-16
1639 6.829166666666664e-09 4.385028816423093e-17 1.124366363185409e-03 2.810915907963522e-03 5.242944289124162e-03 1.124366363185409e-16
1640 6.833333333333331e-09 4.385028816844571e-17 1.124366363293480e-03 2.810915908233700e-03 5.242944289734785e-03 1.124366363293480e-16
1641 6.837499999999998e-09 4.385028817262977e-17 1.124366363400763e-03 2.810915908501908e-03 5.242944290352808e-03 1.124366363400763e-16
1642 6.841666666666664e-09 4.385028817674777e-17 1.124366363506353e-03 2.810915908765883e-03 5.242944290948630e-03 1.124366363506353e-16
1643 6.845833333333331e-09 4.385028818082396e-17 1.124366363610871e-03 2.810915909027177e-03 5.242944291533346e-03 1.124366363610871e-16
1644 6.849999999999998e-09 4.385028818486332e-17 1.124366363714444e-03 2.810915909286111e-03 5.242944292125465e-03 1.124366363714444e-16
1645 6.854166666666664e-09 4.385028818883921e-17 1.124366363816390e-03 2.810915909540976e-03 5.242944292687978e-03 1.124366363816390e-16
1646 6.858333333333331e-09 4.385028819277587e-17 1.124366363917330e-03 2.810915909793326e-03 5.242944293261594e-03 1.124366363917330e-16
1647 6.862499999999998e-09 4.385028819667146e-17 1.124366364017217e-03 2.810915910043043e-03 5.242944293820405e-03 1.124366364017217e-16
1648 6.866666666666664e-09 4.385028820051986e-17 1.124366364115894e-03 2.810915910289735e-03 5.242944294371816e-03 1.124366364115894e-16
1649 6.870833333333331e-09 4.385028820432644e-17 1.124366364213499e-03 2.810915910533747e-03 5.242944294923228e-03 1.124366364213499e-16
1650 6.874999999999998e-09 4.385028820809862e-17 1.124366364310221e-03 2.810915910775553e-03 5.242944295478339e-03 1.124366364310221e-16
1651 6.879166666666665e-09 4.385028821181546e-17 1.124366364405525e-03 2.810915911013812e-03 5.242944296018647e-03 1.124366364405525e-16
1652 6.883333333333331e-09 4.385028821549252e-17 1.124366364499808e-03 2.810915911249521e-03 5.242944296544152e-03 1.124366364499808e-16
1653 6.887499999999998e-09 4.385028821912387e-17 1.124366364592920e-03 2.810915911482300e-03 5.242944297069658e-03 1.124366364592920e-16
1654 6.891666666666664e-09 4.385028822272692e-17 1.124366364685306e-03 2.810915911713264e-03 5.242944297595165e-03 1.124366364685305e-16
1655 6.895833333333331e-09 4.385028822628981e-17 1.124366364776662e-03 2.810915911941655e-03 5.242944298113269e-03 1.124366364776662e-16
1656 6.899999999999997e-09 4.385028822979829e-17 1.124366364866623e-03 2.810915912166557e-03 5.242944298631372e-03 1.124366364866623e-16
1657 6.904166666666664e-09 4.385028823329032e-17 1.124366364956162e-03 2.810915912390405e-03 5.242944299130972e-03 1.124366364956162e-16
1658 6.908333333333331e-09 4.385028823673405e-17 1.124366365044463e-03 2.810915912611157e-03 5.242944299623171e-03 1.124366365044463e-16
1659 6.912499999999997e-09 4.385028824014724e-17 1.124366365131981e-03 2.810915912829952e-03 5.242944300133873e-03 1.124366365131981e-16
1660 6.916666666666664e-09 4.385028824351214e-17 1.124366365218260e-03 2.810915913045650e-03 5.242944300622372e-03 1.124366365218260e-16
1661 6.920833333333331e-09 4.385028824682745e-17 1.124366365303268e-03 2.810915913258170e-03 5.242944301096068e-03 1.124366365303268e-16
1662 6.924999999999997e-09 4.385028825013056e-17 1.124366365387963e-03 2.810915913469908e-03 5.242944301566061e-03 1.124366365387963e-16
1663 6.929166666666664e-09 4.385028825338277e-17 1.124366365471353e-03 2.810915913678383e-03 5.242944302043458e-03 1.124366365471353e-16
1664 6.933333333333331e-09 4.385028825660963e-17 1.124366365554093e-03 2.810915913885233e-03 5.242944302506051e-03 1.124366365554093e-16
1665 6.937499999999998e-09 4.385028825978653e-17 1.124366365635552e-03 2.810915914088881e-03 5.242944302957541e-03 1.124366365635552e-16
1666 6.941666666666664e-09 4.385028826293291e-17 1.124366365716228e-03 2.810915914290571e-03 5.242944303412732e-03 1.124366365716229e-16
1667 6.945833333333331e-09 4.385028826603912e-17 1.124366365795875e-03 2.810915914489688e-03 5.242944303860522e-03 1.124366365795875e-16
1668 6.949999999999998e-09 4.385028826910537e-17 1.124366365874497e-03 2.810915914686242e-03 5.242944304300911e-03 1.124366365874497e-16
1669 6.954166666666664e-09 4.385028827212962e-17 1.124366365952042e-03 2.810915914880104e-03 5.242944304737599e-03 1.124366365952041e-16
1670 6.958333333333331e-09 4.385028827513296e-17 1.124366366029050e-03 2.810915915072626e-03 5.242944305174287e-03 1.124366366029050e-16
1671 6.962499999999998e-09 4.385028827811243e-17 1.124366366105447e-03 2.810915915263617e-03 5.242944305610974e-03 1.124366366105447e-16
1672 6.966666666666665e-09 4.385028828104490e-17 1.124366366180638e-03 2.810915915451597e-03 5.242944306036560e-03 1.124366366180638e-16
1673 6.970833333333331e-09 4.385028828395387e-17 1.124366366255227e-03 2.810915915638069e-03 5.242944306462144e-03 1.124366366255228e-16
1674 6.974999999999998e-09 4.385028828682953e-17 1.124366366328962e-03 2.810915915822406e-03 5.242944306884030e-03 1.124366366328962e-16
1675 6.979166666666664e-09 4.385028828965542e-17 1.124366366401421e-03 2.810915916003553e-03 5.242944307298513e-03 1.124366366401421e-16
1676 6.983333333333331e-09 4.385028829247630e-17 1.124366366473751e-03 2.810915916184379e-03 5.242944307698194e-03 1.124366366473751e-16
1677 6.987499999999997e-09 4.385028829524724e-17 1.124366366544801e-03 2.810915916362003e-03 5.242944308105276e-03 1.124366366544801e-16
1678 6.991666666666664e-09 4.385028829798357e-17 1.124366366614964e-03 2.810915916537409e-03 5.242944308508656e-03 1.124366366614964e-16
1679 6.995833333333331e-09 4.385028830069825e-17 1.124366366684571e-03 2.810915916711427e-03 5.242944308908337e-03 1.124366366684571e-16
1680 6.999999999999997e-09 4.385028830338795e-17 1.124366366753537e-03 2.810915916883843e-03 5.242944309300615e-03 1.124366366753537e-16
1681 7.004166666666664e-09 4.385028830603601e-17 1.124366366821436e-03 2.810915917053591e-03 5.242944309681792e-03 1.124366366821436e-16
1682 7.008333333333331e-09 4.385028830865670e-17 1.124366366888633e-03 2.810915917221584e-03 5.242944310062969e-03 1.124366366888633e-16
1683 7.012499999999997e-09 4.385028831125240e-17 1.124366366955190e-03 2.810915917387975e-03 5.242944310433042e-03 1.124366366955190e-16
1684 7.016666666666664e-09 4.385028831382405e-17 1.124366367021130e-03 2.810915917552824e-03 5.242944310792016e-03 1.124366367021129e-16
1685 7.020833333333331e-09 4.385028831637201e-17 1.124366367086462e-03 2.810915917716155e-03 5.242944311165790e-03 1.124366367086462e-16
1686 7.024999999999998e-09 4.385028831887334e-17 1.124366367150598e-03 2.810915917876496e-03 5.242944311524762e-03 1.124366367150599e-16
1687 7.029166666666664e-09 4.385028832136560e-17 1.124366367214503e-03 2.810915918036257e-03 5.242944311898538e-03 1.124366367214503e-16
1688 7.033333333333331e-09 4.385028832382234e-17 1.124366367277496e-03 2.810915918193740e-03 5.242944312253808e-03 1.124366367277496e-16
1689 7.037499999999998e-09 4.385028832623523e-17 1.124366367339365e-03 2.810915918348412e-03 5.242944312609080e-03 1.124366367339365e-16
1690 7.041666666666664e-09 4.385028832864071e-17 1.124366367401044e-03 2.810915918502610e-03 5.242944312960651e-03 1.124366367401044e-16
1691 7.045833333333331e-09 4.385028833101511e-17 1.124366367461926e-03 2.810915918654815e-03 5.242944313308520e-03 1.124366367461926e-16
1692 7.049999999999998e-09 4.385028833334843e-17 1.124366367521755e-03 2.810915918804387e-03 5.242944313652691e-03 1.124366367521755e-16
1693 7.054166666666664e-09 4.385028833566380e-17 1.124366367581123e-03 2.810915918952808e-03 5.242944313985756e-03 1.124366367581123e-16
1694 7.058333333333331e-09 4.385028833794124e-17 1.124366367639519e-03 2.810915919098798e-03 5.242944314307722e-03 1.124366367639519e-16
1695 7.062499999999998e-09 4.385028834021664e-17 1.124366367697863e-03 2.810915919244657e-03 5.242944314644489e-03 1.124366367697863e-16
1696 7.066666666666664e-09 4.385028834247797e-17 1.124366367755845e-03 2.810915919389614e-03 5.242944314977556e-03 1.124366367755845e-16
1697 7.070833333333330e-09 4.385028834469083e-17 1.124366367812585e-03 2.810915919531464e-03 5.242944315299521e-03 1.124366367812585e-16
1698 7.074999999999997e-09 4.385028834688334e-17 1.124366367868804e-03 2.810915919672009e-03 5.242944315617784e-03 1.124366367868804e-16
1699 7.079166666666664e-09 4.385028834903644e-17 1.124366367924011e-03 2.810915919810029e-03 5.242944315936048e-03 1.124366367924011e-16
1700 7.083333333333331e-09 4.385028835117584e-17 1.124366367978868e-03 2.810915919947169e-03 5.242944316239509e-03 1.124366367978867e-16
1701 7.087499999999997e-09 4.385028835328933e-17 1.124366368033060e-03 2.810915920082650e-03 5.242944316550371e-03 1.124366368033060e-16
1702 7.091666666666664e-09 4.385028835539727e-17 1.124366368087110e-03 2.810915920217774e-03 5.242944316850131e-03 1.124366368087110e-16
1703 7.095833333333331e-09 4.385028835746617e-17 1.124366368140158e-03 2.810915920350396e-03 5.242944317146192e-03 1.124366368140158e-16
1704 7.099999999999997e-09 4.385028835953045e-17 1.124366368193088e-03 2.810915920482721e-03 5.242944317438551e-03 1.124366368193088e-16
1705 7.104166666666664e-09 4.385028836155567e-17 1.124366368245017e-03 2.810915920612543e-03 5.242944317730908e-03 1.124366368245017e-16
1706 7.108333333333331e-09 4.385028836354909e-17 1.124366368296130e-03 2.810915920740327e-03 5.242944318023268e-03 1.124366368296131e-16
1707 7.112499999999998e-09 4.385028836551640e-17 1.124366368346575e-03 2.810915920866436e-03 5.242944318319327e-03 1.124366368346575e-16
1708 7.116666666666664e-09 4.385028836747632e-17 1.124366368396829e-03 2.810915920992072e-03 5.242944318604284e-03 1.124366368396828e-16
1709 7.120833333333331e-09 4.385028836941976e-17 1.124366368446661e-03 2.810915921116652e-03 5.242944318874439e-03 1.124366368446661e-16
1710 7.124999999999998e-09 4.385028837132101e-17 1.124366368495411e-03 2.810915921238527e-03 5.242944319155694e-03 1.124366368495411e-16
1711 7.129166666666664e-09 4.385028837320802e-17 1.124366368543796e-03 2.810915921359489e-03 5.242944319425850e-03 1.124366368543796e-16
1712 7.133333333333331e-09 4.385028837506487e-17 1.124366368591407e-03 2.810915921478517e-03 5.242944319699704e-03 1.124366368591407e-16
1713 7.137499999999998e-09 4.385028837691321e-17 1.124366368638800e-03 2.810915921597001e-03 5.242944319966157e-03 1.124366368638800e-16
1714 7.141666666666664e-09 4.385028837874416e-17 1.124366368685748e-03 2.810915921714370e-03 5.242944320232612e-03 1.124366368685748e-16
1715 7.145833333333331e-09 4.385028838055585e-17 1.124366368732201e-03 2.810915921830504e-03 5.242944320495365e-03 1.124366368732201e-16
1716 7.149999999999998e-09 4.385028838234480e-17 1.124366368778072e-03 2.810915921945180e-03 5.242944320761817e-03 1.124366368778072e-16
1717 7.154166666666665e-09 4.385028838411616e-17 1.124366368823491e-03 2.810915922058729e-03 5.242944321017169e-03 1.124366368823491e-16
1718 7.158333333333330e-09 4.385028838587974e-17 1.124366368868712e-03 2.810915922171779e-03 5.242944321276221e-03 1.124366368868712e-16
1719 7.162499999999997e-09 4.385028838760318e-17 1.124366368912902e-03 2.810915922282255e-03 5.242944321520470e-03 1.124366368912902e-16
1720 7.166666666666664e-09 4.385028838931144e-17 1.124366368956704e-03 2.810915922391760e-03 5.242944321764719e-03 1.124366368956704e-16
1721 7.170833333333331e-09 4.385028839100361e-17 1.124366369000093e-03 2.810915922500232e-03 5.242944322012670e-03 1.124366369000093e-16
1722 7.174999999999997e-09 4.385028839268319e-17 1.124366369043159e-03 2.810915922607897e-03 5.242944322260619e-03 1.124366369043159e-16
1723 7.179166666666664e-09 4.385028839433871e-17 1.124366369085608e-03 2.810915922714020e-03 5.242944322501168e-03 1.124366369085608e-16
1724 7.183333333333331e-09 4.385028839596704e-17 1.124366369127360e-03 2.810915922818400e-03 5.242944322734313e-03 1.124366369127360e-16
1725 7.187499999999997e-09 4.385028839757650e-17 1.124366369168628e-03 2.810915922921571e-03 5.242944322971162e-03 1.124366369168628e-16
1726 7.191666666666664e-09 4.385028839917170e-17 1.124366369209531e-03 2.810915923023827e-03 5.242944323204308e-03 1.124366369209531e-16
1727 7.195833333333331e-09 4.385028840076617e-17 1.124366369250415e-03 2.810915923126037e-03 5.242944323430054e-03 1.124366369250415e-16
1728 7.199999999999997e-09 4.385028840232899e-17 1.124366369290487e-03 2.810915923226218e-03 5.242944323666902e-03 1.124366369290487e-16
1729 7.204166666666664e-09 4.385028840385943e-17 1.124366369329729e-03 2.810915923324323e-03 5.242944323877843e-03 1.124366369329729e-16
1730 7.208333333333331e-09 4.385028840539191e-17 1.124366369369023e-03 2.810915923422559e-03 5.242944324107291e-03 1.124366369369023e-16
1731 7.212499999999998e-09 4.385028840688516e-17 1.124366369407312e-03 2.810915923518279e-03 5.242944324310830e-03 1.124366369407312e-16
1732 7.216666666666664e-09 4.385028840838174e-17 1.124366369445686e-03 2.810915923614214e-03 5.242944324536577e-03 1.124366369445686e-16
1733 7.220833333333331e-09 4.385028840985038e-17 1.124366369483343e-03 2.810915923708358e-03 5.242944324740117e-03 1.124366369483343e-16
1734 7.224999999999998e-09 4.385028841131865e-17 1.124366369520991e-03 2.810915923802478e-03 5.242944324954760e-03 1.124366369520991e-16
1735 7.229166666666664e-09 4.385028841276565e-17 1.124366369558093e-03 2.810915923895234e-03 5.242944325169403e-03 1.124366369558094e-16
1736 7.233333333333331e-09 4.385028841418285e-17 1.124366369594432e-03 2.810915923986080e-03 5.242944325369244e-03 1.124366369594432e-16
1737 7.237499999999998e-09 4.385028841558857e-17 1.124366369630476e-03 2.810915924076190e-03 5.242944325580185e-03 1.124366369630476e-16
1738 7.241666666666665e-09 4.385028841698079e-17 1.124366369666174e-03 2.810915924165435e-03 5.242944325776326e-03 1.124366369666174e-16
1739 7.245833333333330e-09 4.385028841836931e-17 1.124366369701777e-03 2.810915924254443e-03 5.242944325965062e-03 1.124366369701777e-16
1740 7.249999999999997e-09 4.385028841973359e-17 1.124366369736759e-03 2.810915924341897e-03 5.242944326161202e-03 1.124366369736759e-16
1741 7.254166666666664e-09 4.385028842107437e-17 1.124366369771138e-03 2.810915924427844e-03 5.242944326361043e-03 1.124366369771138e-16
1742 7.258333333333330e-09 4.385028842240201e-17 1.124366369805180e-03 2.810915924512949e-03 5.242944326564584e-03 1.124366369805180e-16
1743 7.262499999999997e-09 4.385028842373131e-17 1.124366369839264e-03 2.810915924598161e-03 5.242944326753322e-03 1.124366369839265e-16
1744 7.266666666666664e-09 4.385028842504064e-17 1.124366369872837e-03 2.810915924682093e-03 5.242944326938359e-03 1.124366369872837e-16
1745 7.270833333333331e-09 4.385028842634812e-17 1.124366369906362e-03 2.810915924765906e-03 5.242944327123395e-03 1.124366369906362e-16
1746 7.274999999999997e-09 4.385028842763930e-17 1.124366369939469e-03 2.810915924848673e-03 5.242944327304733e-03 1.124366369939469e-16
1747 7.279166666666664e-09 4.385028842889755e-17 1.124366369971732e-03 2.810915924929330e-03 5.242944327482367e-03 1.124366369971732e-16
1748 7.283333333333331e-09 4.385028843012583e-17 1.124366370003227e-03 2.810915925008066e-03 5.242944327660004e-03 1.124366370003227e-16
1749 7.287499999999997e-09 4.385028843136410e-17 1.124366370034977e-03 2.810915925087443e-03 5.242944327837639e-03 1.124366370034977e-16
1750 7.291666666666664e-09 4.385028843255629e-17 1.124366370065546e-03 2.810915925163865e-03 5.242944328015275e-03 1.124366370065546e-16
1751 7.295833333333331e-09 4.385028843376310e-17 1.124366370096490e-03 2.810915925241225e-03 5.242944328189209e-03 1.124366370096490e-16
1752 7.299999999999998e-09 4.385028843495290e-17 1.124366370126997e-03 2.810915925317494e-03 5.242944328355742e-03 1.124366370126997e-16
1753 7.304166666666664e-09 4.385028843612289e-17 1.124366370156997e-03 2.810915925392493e-03 5.242944328529679e-03 1.124366370156997e-16
1754 7.308333333333331e-09 4.385028843727456e-17 1.124366370186527e-03 2.810915925466318e-03 5.242944328696212e-03 1.124366370186527e-16
1755 7.312499999999998e-09 4.385028843841586e-17 1.124366370215792e-03 2.810915925539479e-03 5.242944328866446e-03 1.124366370215792e-16
1756 7.316666666666664e-09 4.385028843954126e-17 1.124366370244648e-03 2.810915925611619e-03 5.242944329040380e-03 1.124366370244648e-16
1757 7.320833333333331e-09 4.385028844065852e-17 1.124366370273295e-03 2.810915925683239e-03 5.242944329206914e-03 1.124366370273296e-16
1758 7.324999999999998e-09 4.385028844177392e-17 1.124366370301896e-03 2.810915925754739e-03 5.242944329377148e-03 1.124366370301896e-16
1759 7.329166666666664e-09 4.385028844288526e-17 1.124366370330391e-03 2.810915925825978e-03 5.242944329551083e-03 1.124366370330391e-16
1760 7.333333333333331e-09 4.385028844398271e-17 1.124366370358531e-03 2.810915925896328e-03 5.242944329713917e-03 1.124366370358531e-16
1761 7.337499999999997e-09 4.385028844505555e-17 1.124366370386040e-03 2.810915925965100e-03 5.242944329861945e-03 1.124366370386040e-16
1762 7.341666666666664e-09 4.385028844612156e-17 1.124366370413373e-03 2.810915926033434e-03 5.242944330009975e-03 1.124366370413373e-16
1763 7.345833333333330e-09 4.385028844719958e-17 1.124366370441015e-03 2.810915926102538e-03 5.242944330172809e-03 1.124366370441015e-16
1764 7.349999999999997e-09 4.385028844823875e-17 1.124366370467660e-03 2.810915926169151e-03 5.242944330320839e-03 1.124366370467660e-16
1765 7.354166666666664e-09 4.385028844926496e-17 1.124366370493974e-03 2.810915926234934e-03 5.242944330468868e-03 1.124366370493973e-16
1766 7.358333333333331e-09 4.385028845027434e-17 1.124366370519855e-03 2.810915926299638e-03 5.242944330620597e-03 1.124366370519855e-16
1767 7.362499999999997e-09 4.385028845127466e-17 1.124366370545504e-03 2.810915926363760e-03 5.242944330761227e-03 1.124366370545504e-16
1768 7.366666666666664e-09 4.385028845227793e-17 1.124366370571229e-03 2.810915926428072e-03 5.242944330901856e-03 1.124366370571229e-16
1769 7.370833333333331e-09 4.385028845325603e-17 1.124366370596309e-03 2.810915926490772e-03 5.242944331049885e-03 1.124366370596309e-16
1770 7.374999999999997e-09 4.385028845422451e-17 1.124366370621142e-03 2.810915926552854e-03 5.242944331194213e-03 1.124366370621142e-16
1771 7.379166666666664e-09 4.385028845519133e-17 1.124366370645932e-03 2.810915926614829e-03 5.242944331327440e-03 1.124366370645932e-16
1772 7.383333333333331e-09 4.385028845613725e-17 1.124366370670186e-03 2.810915926675465e-03 5.242944331460666e-03 1.124366370670186e-16
1773 7.387499999999997e-09 4.385028845706799e-17 1.124366370694051e-03 2.810915926735128e-03 5.242944331593893e-03 1.124366370694051e-16
1774 7.391666666666664e-09 4.385028845799187e-17 1.124366370717740e-03 2.810915926794351e-03 5.242944331727121e-03 1.124366370717741e-16
1775 7.395833333333331e-09 4.385028845888264e-17 1.124366370740581e-03 2.810915926851452e-03 5.242944331856646e-03 1.124366370740581e-16
1776 7.399999999999998e-09 4.385028845979543e-17 1.124366370763985e-03 2.810915926909964e-03 5.242944331993574e-03 1.124366370763985e-16
1777 7.404166666666664e-09 4.385028846068787e-17 1.124366370786868e-03 2.810915926967171e-03 5.242944332123100e-03 1.124366370786868e-16
1778 7.408333333333331e-09 4.385028846157345e-17 1.124366370809576e-03 2.810915927023940e-03 5.242944332252625e-03 1.124366370809576e-16
1779 7.412499999999998e-09 4.385028846244368e-17 1.124366370831889e-03 2.810915927079724e-03 5.242944332382152e-03 1.124366370831889e-16
1780 7.416666666666664e-09 4.385028846332298e-17 1.124366370854435e-03 2.810915927136089e-03 5.242944332507977e-03 1.124366370854435e-16
1781 7.420833333333331e-09 4.385028846418747e-17 1.124366370876602e-03 2.810915927191505e-03 5.242944332637503e-03 1.124366370876602e-16
1782 7.424999999999997e-09 4.385028846503901e-17 1.124366370898436e-03 2.810915927246091e-03 5.242944332748527e-03 1.124366370898436e-16
1783 7.429166666666664e-09 4.385028846588112e-17 1.124366370920029e-03 2.810915927300072e-03 5.242944332870650e-03 1.124366370920029e-16
1784 7.433333333333330e-09 4.385028846670583e-17 1.124366370941175e-03 2.810915927352938e-03 5.242944332992774e-03 1.124366370941175e-16
1785 7.437499999999997e-09 4.385028846752684e-17 1.124366370962227e-03 2.810915927405567e-03 5.242944333107498e-03 1.124366370962227e-16
1786 7.441666666666664e-09 4.385028846834267e-17 1.124366370983145e-03 2.810915927457864e-03 5.242944333229623e-03 1.124366370983145e-16
1787 7.445833333333331e-09 4.385028846913870e-17 1.124366371003557e-03 2.810915927508892e-03 5.242944333344345e-03 1.124366371003556e-16
1788 7.449999999999997e-09 4.385028846993584e-17 1.124366371023996e-03 2.810915927559990e-03 5.242944333451666e-03 1.124366371023996e-16
1789 7.454166666666665e-09 4.385028847071428e-17 1.124366371043956e-03 2.810915927609890e-03 5.242944333577492e-03 1.124366371043956e-16
1790 7.458333333333331e-09 4.385028847150533e-17 1.124366371064239e-03 2.810915927660598e-03 5.242944333692216e-03 1.124366371064239e-16
1791 7.462499999999998e-09 4.385028847226934e-17 1.124366371083829e-03 2.810915927709574e-03 5.242944333803236e-03 1.124366371083829e-16
1792 7.466666666666664e-09 4.385028847302243e-17 1.124366371103139e-03 2.810915927757849e-03 5.242944333921661e-03 1.124366371103140e-16
1793 7.470833333333330e-09 4.385028847378775e-17 1.124366371122763e-03 2.810915927806907e-03 5.242944334025282e-03 1.124366371122763e-16
1794 7.474999999999997e-09 4.385028847453716e-17 1.124366371141978e-03 2.810915927854946e-03 5.242944334132605e-03 1.124366371141978e-16
1795 7.479166666666663e-09 4.385028847527934e-17 1.124366371161009e-03 2.810915927902522e-03 5.242944334243625e-03 1.124366371161009e-16
1796 7.483333333333331e-09 4.385028847600098e-17 1.124366371179512e-03 2.810915927948781e-03 5.242944334347247e-03 1.124366371179512e-16
1797 7.487499999999997e-09 4.385028847671134e-17 1.124366371197727e-03 2.810915927994317e-03 5.242944334454568e-03 1.124366371197727e-16
1798 7.491666666666664e-09 4.385028847742393e-17 1.124366371215998e-03 2.810915928039996e-03 5.242944334558189e-03 1.124366371215998e-16
1799 7.495833333333330e-09 4.385028847811134e-17 1.124366371233624e-03 2.810915928084061e-03 5.242944334661810e-03 1.124366371233624e-16
1800 7.499999999999998e-09 4.385028847879060e-17 1.124366371251041e-03 2.810915928127603e-03 5.242944334754329e-03 1.124366371251041e-16
1801 7.504166666666664e-09 4.385028847947228e-17 1.124366371268520e-03 2.810915928171301e-03 5.242944334861650e-03 1.124366371268520e-16
1802 7.508333333333331e-09 4.385028848015286e-17 1.124366371285971e-03 2.810915928214927e-03 5.242944334957870e-03 1.124366371285971e-16
1803 7.512499999999997e-09 4.385028848081917e-17 1.124366371303056e-03 2.810915928257639e-03 5.242944335054088e-03 1.124366371303056e-16
1804 7.516666666666664e-09 4.385028848148604e-17 1.124366371320155e-03 2.810915928300387e-03 5.242944335142907e-03 1.124366371320155e-16
1805 7.520833333333330e-09 4.385028848214403e-17 1.124366371337027e-03 2.810915928342567e-03 5.242944335242827e-03 1.124366371337027e-16
1806 7.524999999999998e-09 4.385028848279277e-17 1.124366371353661e-03 2.810915928384152e-03 5.242944335335344e-03 1.124366371353661e-16
1807 7.529166666666664e-09 4.385028848344003e-17 1.124366371370257e-03 2.810915928425643e-03 5.242944335427863e-03 1.124366371370257e-16
1808 7.533333333333331e-09 4.385028848406898e-17 1.124366371386384e-03 2.810915928465961e-03 5.242944335520383e-03 1.124366371386384e-16
1809 7.537499999999997e-09 4.385028848470513e-17 1.124366371402696e-03 2.810915928506740e-03 5.242944335612901e-03 1.124366371402696e-16
1810 7.541666666666665e-09 4.385028848533666e-17 1.124366371418889e-03 2.810915928547222e-03 5.242944335698019e-03 1.124366371418889e-16
1811 7.545833333333331e-09 4.385028848594673e-17 1.124366371434532e-03 2.810915928586329e-03 5.242944335790535e-03 1.124366371434532e-16
1812 7.549999999999998e-09 4.385028848656217e-17 1.124366371450312e-03 2.810915928625780e-03 5.242944335875654e-03 1.124366371450312e-16
1813 7.554166666666664e-09 4.385028848716354e-17 1.124366371465732e-03 2.810915928664330e-03 5.242944335968174e-03 1.124366371465732e-16
1814 7.558333333333330e-09 4.385028848776676e-17 1.124366371481199e-03 2.810915928702998e-03 5.242944336045888e-03 1.124366371481199e-16
1815 7.562499999999997e-09 4.385028848834703e-17 1.124366371496078e-03 2.810915928740195e-03 5.242944336138406e-03 1.124366371496078e-16
1816 7.566666666666663e-09 4.385028848892602e-17 1.124366371510924e-03 2.810915928777309e-03 5.242944336223523e-03 1.124366371510924e-16
1817 7.570833333333331e-09 4.385028848949168e-17 1.124366371525428e-03 2.810915928813569e-03 5.242944336308641e-03 1.124366371525428e-16
1818 7.574999999999997e-09 4.385028849005807e-17 1.124366371539951e-03 2.810915928849877e-03 5.242944336393758e-03 1.124366371539951e-16
1819 7.579166666666664e-09 4.385028849062521e-17 1.124366371554493e-03 2.810915928886232e-03 5.242944336478875e-03 1.124366371554493e-16
1820 7.583333333333330e-09 4.385028849118217e-17 1.124366371568774e-03 2.810915928921934e-03 5.242944336556591e-03 1.124366371568774e-16
1821 7.587499999999998e-09 4.385028849173581e-17 1.124366371582970e-03 2.810915928957424e-03 5.242944336645408e-03 1.124366371582970e-16
1822 7.591666666666664e-09 4.385028849228592e-17 1.124366371597075e-03 2.810915928992688e-03 5.242944336726825e-03 1.124366371597075e-16
1823 7.595833333333331e-09 4.385028849281993e-17 1.124366371610768e-03 2.810915929026919e-03 5.242944336811941e-03 1.124366371610768e-16
1824 7.599999999999997e-09 4.385028849333656e-17 1.124366371624014e-03 2.810915929060037e-03 5.242944336871154e-03 1.124366371624015e-16
1825 7.604166666666664e-09 4.385028849386225e-17 1.124366371637494e-03 2.810915929093734e-03 5.242944336948870e-03 1.124366371637494e-16
1826 7.608333333333330e-09 4.385028849436944e-17 1.124366371650498e-03 2.810915929126246e-03 5.242944337026585e-03 1.124366371650499e-16
1827 7.612499999999998e-09 4.385028849486719e-17 1.124366371663261e-03 2.810915929158153e-03 5.242944337111703e-03 1.124366371663261e-16
1828 7.616666666666664e-09 4.385028849537290e-17 1.124366371676228e-03 2.810915929190571e-03 5.242944337182017e-03 1.124366371676228e-16
1829 7.620833333333331e-09 4.385028849586880e-17 1.124366371688944e-03 2.810915929222359e-03 5.242944337259732e-03 1.124366371688944e-16
1830 7.624999999999997e-09 4.385028849635989e-17 1.124366371701536e-03 2.810915929253839e-03 5.242944337326345e-03 1.124366371701536e-16
1831 7.629166666666665e-09 4.385028849685116e-17 1.124366371714132e-03 2.810915929285331e-03 5.242944337400360e-03 1.124366371714133e-16
1832 7.633333333333331e-09 4.385028849734725e-17 1.124366371726853e-03 2.810915929317132e-03 5.242944337466973e-03 1.124366371726853e-16
1833 7.637499999999998e-09 4.385028849781687e-17 1.124366371738894e-03 2.810915929347236e-03 5.242944337540988e-03 1.124366371738894e-16
1834 7.641666666666664e-09 4.385028849827484e-17 1.124366371750637e-03 2.810915929376593e-03 5.242944337603902e-03 1.124366371750637e-16
1835 7.645833333333330e-09 4.385028849872318e-17 1.124366371762133e-03 2.810915929405333e-03 5.242944337666813e-03 1.124366371762133e-16
1836 7.649999999999997e-09 4.385028849917412e-17 1.124366371773695e-03 2.810915929434239e-03 5.242944337737128e-03 1.124366371773695e-16
1837 7.654166666666663e-09 4.385028849962931e-17 1.124366371785367e-03 2.810915929463417e-03 5.242944337807442e-03 1.124366371785367e-16
1838 7.658333333333331e-09 4.385028850010004e-17 1.124366371797437e-03 2.810915929493593e-03 5.242944337881456e-03 1.124366371797437e-16
1839 7.662499999999997e-09 4.385028850055283e-17 1.124366371809047e-03 2.810915929522617e-03 5.242944337944370e-03 1.124366371809047e-16
1840 7.666666666666664e-09 4.385028850100728e-17 1.124366371820700e-03 2.810915929551749e-03 5.242944338003581e-03 1.124366371820700e-16
1841 7.670833333333330e-09 4.385028850144452e-17 1.124366371831911e-03 2.810915929579778e-03 5.242944338066493e-03 1.124366371831911e-16
1842 7.674999999999998e-09 4.385028850188250e-17 1.124366371843141e-03 2.810915929607853e-03 5.242944338136808e-03 1.124366371843141e-16
1843 7.679166666666663e-09 4.385028850229791e-17 1.124366371853793e-03 2.810915929634482e-03 5.242944338196020e-03 1.124366371853793e-16
1844 7.683333333333331e-09 4.385028850271573e-17 1.124366371864506e-03 2.810915929661265e-03 5.242944338255232e-03 1.124366371864506e-16
1845 7.687499999999997e-09 4.385028850314483e-17 1.124366371875509e-03 2.810915929688771e-03 5.242944338318144e-03 1.124366371875509e-16
1846 7.691666666666664e-09 4.385028850354617e-17 1.124366371885799e-03 2.810915929714499e-03 5.242944338377357e-03 1.124366371885799e-16
1847 7.695833333333330e-09 4.385028850396640e-17 1.124366371896574e-03 2.810915929741436e-03 5.242944338432869e-03 1.124366371896575e-16
1848 7.699999999999998e-09 4.385028850436903e-17 1.124366371906898e-03 2.810915929767246e-03 5.242944338495780e-03 1.124366371906898e-16
1849 7.704166666666664e-09 4.385028850474022e-17 1.124366371916416e-03 2.810915929791040e-03 5.242944338547591e-03 1.124366371916416e-16
1850 7.708333333333331e-09 4.385028850513379e-17 1.124366371926508e-03 2.810915929816269e-03 5.242944338610504e-03 1.124366371926508e-16
1851 7.712499999999997e-09 4.385028850551349e-17 1.124366371936243e-03 2.810915929840609e-03 5.242944338669716e-03 1.124366371936243e-16
1852 7.716666666666665e-09 4.385028850589041e-17 1.124366371945908e-03 2.810915929864770e-03 5.242944338721526e-03 1.124366371945908e-16
1853 7.720833333333331e-09 4.385028850626419e-17 1.124366371955492e-03 2.810915929888730e-03 5.242944338780736e-03 1.124366371955492e-16
1854 7.724999999999998e-09 4.385028850662094e-17 1.124366371964640e-03 2.810915929911599e-03 5.242944338839949e-03 1.124366371964639e-16
1855 7.729166666666664e-09 4.385028850699268e-17 1.124366371974171e-03 2.810915929935428e-03 5.242944338888059e-03 1.124366371974171e-16
1856 7.733333333333330e-09 4.385028850735887e-17 1.124366371983561e-03 2.810915929958902e-03 5.242944338950972e-03 1.124366371983561e-16
1857 7.737499999999997e-09 4.385028850771635e-17 1.124366371992727e-03 2.810915929981818e-03 5.242944339010183e-03 1.124366371992727e-16
1858 7.741666666666663e-09 4.385028850806478e-17 1.124366372001661e-03 2.810915930004153e-03 5.242944339047192e-03 1.124366372001661e-16
1859 7.745833333333331e-09 4.385028850842301e-17 1.124366372010847e-03 2.810915930027117e-03 5.242944339106404e-03 1.124366372010847e-16
1860 7.749999999999997e-09 4.385028850878290e-17 1.124366372020075e-03 2.810915930050186e-03 5.242944339150811e-03 1.124366372020075e-16
1861 7.754166666666664e-09 4.385028850911820e-17 1.124366372028672e-03 2.810915930071680e-03 5.242944339210024e-03 1.124366372028672e-16
1862 7.758333333333330e-09 4.385028850945423e-17 1.124366372037288e-03 2.810915930093220e-03 5.242944339250732e-03 1.124366372037288e-16
1863 7.762499999999998e-09 4.385028850979506e-17 1.124366372046027e-03 2.810915930115068e-03 5.242944339306243e-03 1.124366372046027e-16
1864 7.766666666666663e-09 4.385028851012813e-17 1.124366372054568e-03 2.810915930136419e-03 5.242944339365456e-03 1.124366372054568e-16
1865 7.770833333333331e-09 4.385028851046916e-17 1.124366372063312e-03 2.810915930158280e-03 5.242944339406163e-03 1.124366372063312e-16
1866 7.774999999999997e-09 4.385028851078723e-17 1.124366372071468e-03 2.810915930178669e-03 5.242944339454272e-03 1.124366372071468e-16
1867 7.779166666666664e-09 4.385028851111086e-17 1.124366372079766e-03 2.810915930199415e-03 5.242944339498683e-03 1.124366372079766e-16
1868 7.783333333333330e-09 4.385028851143116e-17 1.124366372087979e-03 2.810915930219946e-03 5.242944339543092e-03 1.124366372087979e-16
1869 7.787499999999998e-09 4.385028851174517e-17 1.124366372096030e-03 2.810915930240075e-03 5.242944339583799e-03 1.124366372096030e-16
1870 7.791666666666664e-09 4.385028851204030e-17 1.124366372103598e-03 2.810915930258994e-03 5.242944339631908e-03 1.124366372103598e-16
1871 7.795833333333331e-09 4.385028851233618e-17 1.124366372111184e-03 2.810915930277961e-03 5.242944339668917e-03 1.124366372111184e-16
1872 7.799999999999997e-09 4.385028851263501e-17 1.124366372118846e-03 2.810915930297116e-03 5.242944339720727e-03 1.124366372118846e-16
1873 7.804166666666665e-09 4.385028851292330e-17 1.124366372126238e-03 2.810915930315596e-03 5.242944339757733e-03 1.124366372126238e-16
1874 7.808333333333330e-09 4.385028851322288e-17 1.124366372133920e-03 2.810915930334800e-03 5.242944339809544e-03 1.124366372133920e-16
1875 7.812499999999998e-09 4.385028851350043e-17 1.124366372141037e-03 2.810915930352592e-03 5.242944339839150e-03 1.124366372141037e-16
1876 7.816666666666664e-09 4.385028851379131e-17 1.124366372148495e-03 2.810915930371239e-03 5.242944339890961e-03 1.124366372148495e-16
1877 7.820833333333331e-09 4.385028851409292e-17 1.124366372156229e-03 2.810915930390573e-03 5.242944339927969e-03 1.124366372156229e-16
1878 7.824999999999997e-09 4.385028851438750e-17 1.124366372163782e-03 2.810915930409456e-03 5.242944339968676e-03 1.124366372163782e-16
1879 7.829166666666663e-09 4.385028851467431e-17 1.124366372171136e-03 2.810915930427841e-03 5.242944340013086e-03 1.124366372171136e-16
1880 7.833333333333331e-09 4.385028851494224e-17 1.124366372178006e-03 2.810915930445016e-03 5.242944340053793e-03 1.124366372178006e-16
1881 7.837499999999997e-09 4.385028851520926e-17 1.124366372184853e-03 2.810915930462132e-03 5.242944340090801e-03 1.124366372184853e-16
1882 7.841666666666664e-09 4.385028851548274e-17 1.124366372191865e-03 2.810915930479663e-03 5.242944340120406e-03 1.124366372191865e-16
1883 7.845833333333330e-09 4.385028851573364e-17 1.124366372198299e-03 2.810915930495747e-03 5.242944340161115e-03 1.124366372198299e-16
1884 7.849999999999998e-09 4.385028851598752e-17 1.124366372204808e-03 2.810915930512021e-03 5.242944340187020e-03 1.124366372204808e-16
1885 7.854166666666663e-09 4.385028851624953e-17 1.124366372211527e-03 2.810915930528817e-03 5.242944340216625e-03 1.124366372211527e-16
1886 7.858333333333331e-09 4.385028851652135e-17 1.124366372218496e-03 2.810915930546241e-03 5.242944340268436e-03 1.124366372218496e-16
1887 7.862499999999997e-09 4.385028851678077e-17 1.124366372225148e-03 2.810915930562870e-03 5.242944340305444e-03 1.124366372225148e-16
1888 7.866666666666664e-09 4.385028851703927e-17 1.124366372231776e-03 2.810915930579441e-03 5.242944340346153e-03 1.124366372231776e-16
1889 7.870833333333330e-09 4.385028851728093e-17 1.124366372237973e-03 2.810915930594932e-03 5.242944340375758e-03 1.124366372237973e-16
1890 7.874999999999998e-09 4.385028851752277e-17 1.124366372244174e-03 2.810915930610435e-03 5.242944340416465e-03 1.124366372244174e-16
1891 7.879166666666664e-09 4.385028851775722e-17 1.124366372250185e-03 2.810915930625463e-03 5.242944340457174e-03 1.124366372250185e-16
1892 7.883333333333331e-09 4.385028851799074e-17 1.124366372256173e-03 2.810915930640432e-03 5.242944340490481e-03 1.124366372256173e-16
1893 7.887499999999997e-09 4.385028851822351e-17 1.124366372262141e-03 2.810915930655353e-03 5.242944340527488e-03 1.124366372262141e-16
1894 7.891666666666665e-09 4.385028851844056e-17 1.124366372267707e-03 2.810915930669267e-03 5.242944340553393e-03 1.124366372267707e-16
1895 7.895833333333330e-09 4.385028851867684e-17 1.124366372273765e-03 2.810915930684413e-03 5.242944340597802e-03 1.124366372273765e-16
1896 7.899999999999998e-09 4.385028851891796e-17 1.124366372279948e-03 2.810915930699869e-03 5.242944340627408e-03 1.124366372279948e-16
1897 7.904166666666664e-09 4.385028851915036e-17 1.124366372285907e-03 2.810915930714767e-03 5.242944340653313e-03 1.124366372285907e-16
1898 7.908333333333331e-09 4.385028851936352e-17 1.124366372291372e-03 2.810915930728431e-03 5.242944340682920e-03 1.124366372291372e-16
1899 7.912499999999997e-09 4.385028851957853e-17 1.124366372296886e-03 2.810915930742214e-03 5.242944340719926e-03 1.124366372296886e-16
1900 7.916666666666663e-09 4.385028851979614e-17 1.124366372302465e-03 2.810915930756163e-03 5.242944340738432e-03 1.124366372302465e-16
1901 7.920833333333331e-09 4.385028852001079e-17 1.124366372307969e-03 2.810915930769923e-03 5.242944340782840e-03 1.124366372307969e-16
1902 7.924999999999997e-09 4.385028852021599e-17 1.124366372313230e-03 2.810915930783077e-03 5.242944340808745e-03 1.124366372313230e-16
1903 7.929166666666664e-09 4.385028852041287e-17 1.124366372318279e-03 2.810915930795697e-03 5.242944340834650e-03 1.124366372318279e-16
1904 7.933333333333330e-09 4.385028852061881e-17 1.124366372323559e-03 2.810915930808898e-03 5.242944340871657e-03 1.124366372323559e-16
1905 7.937499999999997e-09 4.385028852082402e-17 1.124366372328821e-03 2.810915930822053e-03 5.242944340897562e-03 1.124366372328821e-16
1906 7.941666666666663e-09 4.385028852102497e-17 1.124366372333973e-03 2.810915930834934e-03 5.242944340919767e-03 1.124366372333973e-16
1907 7.945833333333331e-09 4.385028852124277e-17 1.124366372339558e-03 2.810915930848896e-03 5.242944340953074e-03 1.124366372339558e-16
1908 7.949999999999997e-09 4.385028852145092e-17 1.124366372344895e-03 2.810915930862239e-03 5.242944340986380e-03 1.124366372344896e-16
1909 7.954166666666664e-09 4.385028852164595e-17 1.124366372349896e-03 2.810915930874741e-03 5.242944341008585e-03 1.124366372349896e-16
1910 7.958333333333330e-09 4.385028852182637e-17 1.124366372354522e-03 2.810915930886306e-03 5.242944341041891e-03 1.124366372354522e-16
1911 7.962499999999998e-09 4.385028852202307e-17 1.124366372359566e-03 2.810915930898915e-03 5.242944341071498e-03 1.124366372359566e-16
1912 7.966666666666664e-09 4.385028852221290e-17 1.124366372364433e-03 2.810915930911084e-03 5.242944341093703e-03 1.124366372364434e-16
1913 7.970833333333331e-09 4.385028852240812e-17 1.124366372369439e-03 2.810915930923598e-03 5.242944341119608e-03 1.124366372369439e-16
1914 7.974999999999997e-09 4.385028852260759e-17 1.124366372374554e-03 2.810915930936384e-03 5.242944341156615e-03 1.124366372374554e-16
1915 7.979166666666664e-09 4.385028852278874e-17 1.124366372379199e-03 2.810915930947997e-03 5.242944341182520e-03 1.124366372379199e-16
1916 7.983333333333330e-09 4.385028852295028e-17 1.124366372383341e-03 2.810915930958352e-03 5.242944341212124e-03 1.124366372383341e-16
1917 7.987499999999998e-09 4.385028852312126e-17 1.124366372387725e-03 2.810915930969312e-03 5.242944341238031e-03 1.124366372387725e-16
1918 7.991666666666664e-09 4.385028852329112e-17 1.124366372392080e-03 2.810915930980201e-03 5.242944341260236e-03 1.124366372392080e-16
1919 7.995833333333331e-09 4.385028852346728e-17 1.124366372396597e-03 2.810915930991492e-03 5.242944341304645e-03 1.124366372396597e-16
1920 7.999999999999997e-09 4.385028852363955e-17 1.124366372401014e-03 2.810915931002535e-03 5.242944341323148e-03 1.124366372401014e-16
1921 8.004166666666663e-09 4.385028852380923e-17 1.124366372405365e-03 2.810915931013412e-03 5.242944341349053e-03 1.124366372405365e-16
1922 8.008333333333331e-09 4.385028852398483e-17 1.124366372409867e-03 2.810915931024669e-03 5.242944341374959e-03 1.124366372409867e-16
1923 8.012499999999996e-09 4.385028852414044e-17 1.124366372413857e-03 2.810915931034644e-03 5.242944341400864e-03 1.124366372413858e-16
1924 8.016666666666664e-09 4.385028852430254e-17 1.124366372418014e-03 2.810915931045035e-03 5.242944341415666e-03 1.124366372418014e-16
1925 8.020833333333330e-09 4.385028852446555e-17 1.124366372422194e-03 2.810915931055485e-03 5.242944341437870e-03 1.124366372422194e-16
1926 8.024999999999997e-09 4.385028852463431e-17 1.124366372426521e-03 2.810915931066302e-03 5.242944341467477e-03 1.124366372426521e-16
1927 8.029166666666663e-09 4.385028852478585e-17 1.124366372430407e-03 2.810915931076017e-03 5.242944341489682e-03 1.124366372430407e-16
1928 8.033333333333331e-09 4.385028852492741e-17 1.124366372434036e-03 2.810915931085090e-03 5.242944341504485e-03 1.124366372434036e-16
1929 8.037499999999997e-09 4.385028852507839e-17 1.124366372437907e-03 2.810915931094769e-03 5.242944341526690e-03 1.124366372437907e-16
1930 8.041666666666664e-09 4.385028852523364e-17 1.124366372441888e-03 2.810915931104721e-03 5.242944341559997e-03 1.124366372441888e-16
1931 8.045833333333330e-09 4.385028852537019e-17 1.124366372445390e-03 2.810915931113474e-03 5.242944341585902e-03 1.124366372445390e-16
1932 8.049999999999998e-09 4.385028852550231e-17 1.124366372448777e-03 2.810915931121944e-03 5.242944341597004e-03 1.124366372448777e-16
1933 8.054166666666664e-09 4.385028852563831e-17 1.124366372452264e-03 2.810915931130661e-03 5.242944341615507e-03 1.124366372452264e-16
1934 8.058333333333331e-09 4.385028852579356e-17 1.124366372456245e-03 2.810915931140613e-03 5.242944341641412e-03 1.124366372456245e-16
1935 8.062499999999997e-09 4.385028852593678e-17 1.124366372459918e-03 2.810915931149794e-03 5.242944341667316e-03 1.124366372459918e-16
1936 8.066666666666664e-09 4.385028852608315e-17 1.124366372463670e-03 2.810915931159176e-03 5.242944341682119e-03 1.124366372463670e-16
1937 8.070833333333330e-09 4.385028852621322e-17 1.124366372467006e-03 2.810915931167515e-03 5.242944341704324e-03 1.124366372467006e-16
1938 8.074999999999998e-09 4.385028852635330e-17 1.124366372470597e-03 2.810915931176494e-03 5.242944341722828e-03 1.124366372470598e-16
1939 8.079166666666664e-09 4.385028852649633e-17 1.124366372474265e-03 2.810915931185663e-03 5.242944341745034e-03 1.124366372474265e-16
1940 8.083333333333331e-09 4.385028852663178e-17 1.124366372477738e-03 2.810915931194345e-03 5.242944341767237e-03 1.124366372477738e-16
1941 8.087499999999997e-09 4.385028852675353e-17 1.124366372480860e-03 2.810915931202150e-03 5.242944341793143e-03 1.124366372480860e-16
1942 8.091666666666663e-09 4.385028852687288e-17 1.124366372483920e-03 2.810915931209800e-03 5.242944341819047e-03 1.124366372483920e-16
1943 8.095833333333331e-09 4.385028852700019e-17 1.124366372487184e-03 2.810915931217961e-03 5.242944341826450e-03 1.124366372487185e-16
1944 8.099999999999996e-09 4.385028852712287e-17 1.124366372490330e-03 2.810915931225825e-03 5.242944341852354e-03 1.124366372490330e-16
1945 8.104166666666664e-09 4.385028852724166e-17 1.124366372493376e-03 2.810915931233440e-03 5.242944341856055e-03 1.124366372493376e-16
1946 8.108333333333330e-09 4.385028852735806e-17 1.124366372496360e-03 2.810915931240901e-03 5.242944341878260e-03 1.124366372496360e-16
1947 8.112499999999997e-09 4.385028852747463e-17 1.124366372499349e-03 2.810915931248374e-03 5.242944341904165e-03 1.124366372499349e-16
1948 8.116666666666663e-09 4.385028852759231e-17 1.124366372502367e-03 2.810915931255918e-03 5.242944341926370e-03 1.124366372502367e-16
1949 8.120833333333331e-09 4.385028852770833e-17 1.124366372505342e-03 2.810915931263355e-03 5.242944341941174e-03 1.124366372505342e-16
1950 8.124999999999997e-09 4.385028852782212e-17 1.124366372508260e-03 2.810915931270649e-03 5.242944341952275e-03 1.124366372508260e-16
1951 8.129166666666664e-09 4.385028852792167e-17 1.124366372510812e-03 2.810915931277031e-03 5.242944341967078e-03 1.124366372510812e-16
1952 8.133333333333330e-09 4.385028852802308e-17 1.124366372513412e-03 2.810915931283531e-03 5.242944342000384e-03 1.124366372513413e-16
1953 8.137499999999998e-09 4.385028852813780e-17 1.124366372516354e-03 2.810915931290885e-03 5.242944342015186e-03 1.124366372516354e-16
1954 8.141666666666663e-09 4.385028852825992e-17 1.124366372519485e-03 2.810915931298713e-03 5.242944342029990e-03 1.124366372519485e-16
1955 8.145833333333331e-09 4.385028852837983e-17 1.124366372522560e-03 2.810915931306400e-03 5.242944342033690e-03 1.124366372522560e-16
1956 8.149999999999997e-09 4.385028852848289e-17 1.124366372525202e-03 2.810915931313007e-03 5.242944342052195e-03 1.124366372525203e-16
1957 8.154166666666664e-09 4.385028852858503e-17 1.124366372527821e-03 2.810915931319554e-03 5.242944342059594e-03 1.124366372527821e-16
1958 8.158333333333330e-09 4.385028852868366e-17 1.124366372530350e-03 2.810915931325876e-03 5.242944342089202e-03 1.124366372530350e-16
1959 8.162499999999998e-09 4.385028852879597e-17 1.124366372533230e-03 2.810915931333076e-03 5.242944342111405e-03 1.124366372533230e-16
1960 8.166666666666664e-09 4.385028852889459e-17 1.124366372535759e-03 2.810915931339397e-03 5.242944342126210e-03 1.124366372535759e-16
1961 8.170833333333331e-09 4.385028852900063e-17 1.124366372538478e-03 2.810915931346194e-03 5.242944342133611e-03 1.124366372538478e-16
1962 8.174999999999997e-09 4.385028852909074e-17 1.124366372540788e-03 2.810915931351971e-03 5.242944342144712e-03 1.124366372540788e-16
1963 8.179166666666663e-09 4.385028852917993e-17 1.124366372543075e-03 2.810915931357688e-03 5.242944342163216e-03 1.124366372543075e-16
1964 8.183333333333331e-09 4.385028852927670e-17 1.124366372545557e-03 2.810915931363892e-03 5.242944342185422e-03 1.124366372545557e-16
1965 8.187499999999996e-09 4.385028852938310e-17 1.124366372548285e-03 2.810915931370712e-03 5.242944342189122e-03 1.124366372548285e-16
1966 8.191666666666664e-09 4.385028852948653e-17 1.124366372550937e-03 2.810915931377342e-03 5.242944342215027e-03 1.124366372550937e-16
1967 8.195833333333330e-09 4.385028852958053e-17 1.124366372553347e-03 2.810915931383368e-03 5.242944342222429e-03 1.124366372553347e-16
1968 8.199999999999997e-09 4.385028852967102e-17 1.124366372555667e-03 2.810915931389168e-03 5.242944342237232e-03 1.124366372555667e-16
1969 8.204166666666663e-09 4.385028852976224e-17 1.124366372558006e-03 2.810915931395016e-03 5.242944342244634e-03 1.124366372558006e-16
1970 8.208333333333331e-09 4.385028852985458e-17 1.124366372560374e-03 2.810915931400935e-03 5.242944342259436e-03 1.124366372560374e-16
1971 8.212499999999997e-09 4.385028852995042e-17 1.124366372562831e-03 2.810915931407078e-03 5.242944342274240e-03 1.124366372562831e-16
1972 8.216666666666664e-09 4.385028853005386e-17 1.124366372565484e-03 2.810915931413709e-03 5.242944342292744e-03 1.124366372565484e-16
1973 8.220833333333330e-09 4.385028853014249e-17 1.124366372567756e-03 2.810915931419391e-03 5.242944342303845e-03 1.124366372567756e-16
1974 8.224999999999998e-09 4.385028853022390e-17 1.124366372569844e-03 2.810915931424610e-03 5.242944342314947e-03 1.124366372569844e-16
1975 8.229166666666663e-09 4.385028853030199e-17 1.124366372571846e-03 2.810915931429615e-03 5.242944342318648e-03 1.124366372571846e-16
1976 8.233333333333331e-09 4.385028853038600e-17 1.124366372574000e-03 2.810915931435001e-03 5.242944342322349e-03 1.124366372574000e-16
1977 8.237499999999997e-09 4.385028853045946e-17 1.124366372575884e-03 2.810915931439709e-03 5.242944342333451e-03 1.124366372575884e-16
1978 8.241666666666664e-09 4.385028853053624e-17 1.124366372577852e-03 2.810915931444631e-03 5.242944342351954e-03 1.124366372577852e-16
1979 8.245833333333330e-09 4.385028853060638e-17 1.124366372579651e-03 2.810915931449127e-03 5.242944342366758e-03 1.124366372579651e-16
1980 8.249999999999998e-09 4.385028853067836e-17 1.124366372581496e-03 2.810915931453741e-03 5.242944342385263e-03 1.124366372581496e-16
1981 8.254166666666664e-09 4.385028853074868e-17 1.124366372583299e-03 2.810915931458249e-03 5.242944342385263e-03 1.124366372583299e-16
1982 8.258333333333331e-09 4.385028853082343e-17 1.124366372585216e-03 2.810915931463041e-03 5.242944342392665e-03 1.124366372585216e-16
1983 8.262499999999997e-09 4.385028853089077e-17 1.124366372586943e-03 2.810915931467358e-03 5.242944342407466e-03 1.124366372586943e-16
1984 8.266666666666665e-09 4.385028853095777e-17 1.124366372588661e-03 2.810915931471652e-03 5.242944342407466e-03 1.124366372588661e-16
1985 8.270833333333330e-09 4.385028853102846e-17 1.124366372590473e-03 2.810915931476183e-03 5.242944342407467e-03 1.124366372590473e-16
1986 8.274999999999996e-09 4.385028853109377e-17 1.124366372592148e-03 2.810915931480370e-03 5.242944342414868e-03 1.124366372592148e-16
1987 8.279166666666664e-09 4.385028853116482e-17 1.124366372593970e-03 2.810915931484925e-03 5.242944342437071e-03 1.124366372593970e-16
1988 8.283333333333330e-09 4.385028853123402e-17 1.124366372595744e-03 2.810915931489361e-03 5.242944342455575e-03 1.124366372595744e-16
1989 8.287499999999997e-09 4.385028853130268e-17 1.124366372597505e-03 2.810915931493762e-03 5.242944342474079e-03 1.124366372597505e-16
1990 8.291666666666663e-09 4.385028853136800e-17 1.124366372599179e-03 2.810915931497949e-03 5.242944342477779e-03 1.124366372599179e-16
1991 8.295833333333331e-09 4.385028853143831e-17 1.124366372600982e-03 2.810915931502456e-03 5.242944342488881e-03 1.124366372600982e-16
1992 8.299999999999997e-09 4.385028853149197e-17 1.124366372602358e-03 2.810915931505896e-03 5.242944342496282e-03 1.124366372602358e-16
1993 8.304166666666664e-09 4.385028853155415e-17 1.124366372603953e-03 2.810915931509882e-03 5.242944342496282e-03 1.124366372603953e-16
1994 8.308333333333330e-09 4.385028853160818e-17 1.124366372605338e-03 2.810915931513345e-03 5.242944342496282e-03 1.124366372605338e-16
1995 8.312499999999998e-09 4.385028853167035e-17 1.124366372606932e-03 2.810915931517330e-03 5.242944342499983e-03 1.124366372606932e-16
1996 8.316666666666663e-09 4.385028853173474e-17 1.124366372608583e-03 2.810915931521458e-03 5.242944342525890e-03 1.124366372608583e-16
1997 8.320833333333331e-09 4.385028853180616e-17 1.124366372610414e-03 2.810915931526036e-03 5.242944342544394e-03 1.124366372610415e-16
1998 8.324999999999997e-09 4.385028853187148e-17 1.124366372612089e-03 2.810915931530224e-03 5.242944342559197e-03 1.124366372612089e-16
1999 8.329166666666664e-09 4.385028853193218e-17 1.124366372613646e-03 2.810915931534114e-03 5.242944342562897e-03 1.124366372613646e-16
2000 8.333333333333330e-09 4.385028853198694e-17 1.124366372615050e-03 2.810915931537625e-03 5.242944342566598e-03 1.124366372615050e-16
2001 8.337499999999998e-09 4.385028853204745e-17 1.124366372616601e-03 2.810915931541503e-03 5.242944342577701e-03 1.124366372616601e-16
2002 8.341666666666664e-09 4.385028853210981e-17 1.124366372618200e-03 2.810915931545501e-03 5.242944342581401e-03 1.124366372618200e-16
2003 8.345833333333331e-09 4.385028853216272e-17 1.124366372619557e-03 2.810915931548893e-03 5.242944342585101e-03 1.124366372619557e-16
2004 8.349999999999997e-09 4.385028853220380e-17 1.124366372620610e-03 2.810915931551526e-03 5.242944342585101e-03 1.124366372620610e-16
2005 8.354166666666665e-09 4.385028853225598e-17 1.124366372621948e-03 2.810915931554871e-03 5.242944342588802e-03 1.124366372621948e-16
2006 8.358333333333330e-09 4.385028853230983e-17 1.124366372623329e-03 2.810915931558323e-03 5.242944342611008e-03 1.124366372623329e-16
2007 8.362499999999996e-09 4.385028853235498e-17 1.124366372624487e-03 2.810915931561217e-03 5.242944342625811e-03 1.124366372624487e-16
2008 8.366666666666664e-09 4.385028853240179e-17 1.124366372625687e-03 2.810915931564217e-03 5.242944342629510e-03 1.124366372625687e-16
2009 8.370833333333330e-09 4.385028853244436e-17 1.124366372626779e-03 2.810915931566946e-03 5.242944342636913e-03 1.124366372626779e-16
2010 8.374999999999997e-09 4.385028853250283e-17 1.124366372628278e-03 2.810915931570694e-03 5.242944342648014e-03 1.124366372628278e-16
2011 8.379166666666663e-09 4.385028853255167e-17 1.124366372629530e-03 2.810915931573826e-03 5.242944342655416e-03 1.124366372629530e-16
2012 8.383333333333331e-09 4.385028853259794e-17 1.124366372630716e-03 2.810915931576791e-03 5.242944342659117e-03 1.124366372630716e-16
2013 8.387499999999997e-09 4.385028853262939e-17 1.124366372631523e-03 2.810915931578808e-03 5.242944342666518e-03 1.124366372631523e-16
2014 8.391666666666664e-09 4.385028853266307e-17 1.124366372632386e-03 2.810915931580966e-03 5.242944342670219e-03 1.124366372632387e-16
2015 8.395833333333330e-09 4.385028853269545e-17 1.124366372633217e-03 2.810915931583042e-03 5.242944342673920e-03 1.124366372633217e-16
2016 8.399999999999997e-09 4.385028853273616e-17 1.124366372634261e-03 2.810915931585652e-03 5.242944342673920e-03 1.124366372634261e-16
2017 8.404166666666663e-09 4.385028853277371e-17 1.124366372635223e-03 2.810915931588059e-03 5.242944342673920e-03 1.124366372635224e-16
2018 8.408333333333331e-09 4.385028853280721e-17 1.124366372636082e-03 2.810915931590206e-03 5.242944342673920e-03 1.124366372636083e-16
2019 8.412499999999997e-09 4.385028853283312e-17 1.124366372636747e-03 2.810915931591867e-03 5.242944342677621e-03 1.124366372636747e-16
2020 8.416666666666664e-09 4.385028853287235e-17 1.124366372637753e-03 2.810915931594382e-03 5.242944342699824e-03 1.124366372637753e-16
2021 8.420833333333330e-09 4.385028853288733e-17 1.124366372638137e-03 2.810915931595342e-03 5.242944342714628e-03 1.124366372638137e-16
2022 8.424999999999998e-09 4.385028853290731e-17 1.124366372638649e-03 2.810915931596623e-03 5.242944342714628e-03 1.124366372638649e-16
2023 8.429166666666664e-09 4.385028853292157e-17 1.124366372639015e-03 2.810915931597537e-03 5.242944342722030e-03 1.124366372639014e-16
2024 8.433333333333331e-09 4.385028853294544e-17 1.124366372639627e-03 2.810915931599067e-03 5.242944342729432e-03 1.124366372639627e-16
2025 8.437499999999997e-09 4.385028853297448e-17 1.124366372640371e-03 2.810915931600929e-03 5.242944342736832e-03 1.124366372640372e-16
2026 8.441666666666665e-09 4.385028853299836e-17 1.124366372640984e-03 2.810915931602459e-03 5.242944342744234e-03 1.124366372640983e-16
2027 8.445833333333330e-09 4.385028853302075e-17 1.124366372641558e-03 2.810915931603894e-03 5.242944342751635e-03 1.124366372641558e-16
2028 8.449999999999996e-09 4.385028853304295e-17 1.124366372642127e-03 2.810915931605318e-03 5.242944342755336e-03 1.124366372642127e-16
2029 8.454166666666664e-09 4.385028853305904e-17 1.124366372642540e-03 2.810915931606349e-03 5.242944342759038e-03 1.124366372642540e-16
2030 8.458333333333330e-09 4.385028853308236e-17 1.124366372643137e-03 2.810915931607844e-03 5.242944342759038e-03 1.124366372643138e-16
2031 8.462499999999997e-09 4.385028853310660e-17 1.124366372643759e-03 2.810915931609398e-03 5.242944342762737e-03 1.124366372643759e-16
2032 8.466666666666663e-09 4.385028853312622e-17 1.124366372644262e-03 2.810915931610656e-03 5.242944342762737e-03 1.124366372644262e-16
2033 8.470833333333331e-09 4.385028853314435e-17 1.124366372644727e-03 2.810915931611818e-03 5.242944342762737e-03 1.124366372644727e-16
2034 8.474999999999996e-09 4.385028853316952e-17 1.124366372645372e-03 2.810915931613431e-03 5.242944342762737e-03 1.124366372645372e-16
2035 8.479166666666664e-09 4.385028853318561e-17 1.124366372645785e-03 2.810915931614463e-03 5.242944342762737e-03 1.124366372645785e-16
2036 8.483333333333330e-09 4.385028853320412e-17 1.124366372646260e-03 2.810915931615649e-03 5.242944342762737e-03 1.124366372646260e-16
2037 8.487499999999997e-09 4.385028853322225e-17 1.124366372646724e-03 2.810915931616811e-03 5.242944342766438e-03 1.124366372646724e-16
2038 8.491666666666663e-09 4.385028853324631e-17 1.124366372647341e-03 2.810915931618353e-03 5.242944342788643e-03 1.124366372647341e-16
2039 8.495833333333331e-09 4.385028853326037e-17 1.124366372647702e-03 2.810915931619255e-03 5.242944342799745e-03 1.124366372647702e-16
2040 8.499999999999997e-09 4.385028853328332e-17 1.124366372648290e-03 2.810915931620726e-03 5.242944342803445e-03 1.124366372648290e-16
2041 8.504166666666664e-09 4.385028853329552e-17 1.124366372648603e-03 2.810915931621508e-03 5.242944342807148e-03 1.124366372648603e-16
2042 8.508333333333330e-09 4.385028853331144e-17 1.124366372649011e-03 2.810915931622528e-03 5.242944342807148e-03 1.124366372649011e-16
2043 8.512499999999998e-09 4.385028853332384e-17 1.124366372649329e-03 2.810915931623323e-03 5.242944342810849e-03 1.124366372649329e-16
2044 8.516666666666664e-09 4.385028853334345e-17 1.124366372649832e-03 2.810915931624581e-03 5.242944342818248e-03 1.124366372649832e-16
2045 8.520833333333331e-09 4.385028853335418e-17 1.124366372650107e-03 2.810915931625268e-03 5.242944342821950e-03 1.124366372650107e-16
2046 8.524999999999997e-09 4.385028853337084e-17 1.124366372650534e-03 2.810915931626336e-03 5.242944342821950e-03 1.124366372650534e-16
2047 8.529166666666664e-09 4.385028853337805e-17 1.124366372650719e-03 2.810915931626798e-03 5.242944342821950e-03 1.124366372650719e-16
2048 8.533333333333330e-09 4.385028853339507e-17 1.124366372651156e-03 2.810915931627890e-03 5.242944342821950e-03 1.124366372651156e-16
2049 8.537499999999996e-09 4.385028853340396e-17 1.124366372651384e-03 2.810915931628459e-03 5.242944342821950e-03 1.124366372651384e-16
2050 8.541666666666664e-09 4.385028853341950e-17 1.124366372651782e-03 2.810915931629456e-03 5.242944342821950e-03 1.124366372651782e-16
2051 8.545833333333330e-09 4.385028853342857e-17 1.124366372652015e-03 2.810915931630037e-03 5.242944342821950e-03 1.124366372652015e-16
2052 8.549999999999997e-09 4.385028853344263e-17 1.124366372652375e-03 2.810915931630938e-03 5.242944342821950e-03 1.124366372652375e-16
2053 8.554166666666663e-09 4.385028853345077e-17 1.124366372652584e-03 2.810915931631460e-03 5.242944342829350e-03 1.124366372652584e-16
2054 8.558333333333331e-09 4.385028853346669e-17 1.124366372652992e-03 2.810915931632481e-03 5.242944342829350e-03 1.124366372652992e-16
2055 8.562499999999996e-09 4.385028853347630e-17 1.124366372653239e-03 2.810915931633097e-03 5.242944342829350e-03 1.124366372653239e-16
2056 8.566666666666664e-09 4.385028853348723e-17 1.124366372653519e-03 2.810915931633797e-03 5.242944342829350e-03 1.124366372653519e-16
2057 8.570833333333330e-09 4.385028853349296e-17 1.124366372653666e-03 2.810915931634165e-03 5.242944342829350e-03 1.124366372653666e-16
2058 8.574999999999997e-09 4.385028853350480e-17 1.124366372653969e-03 2.810915931634923e-03 5.242944342829350e-03 1.124366372653969e-16
2059 8.579166666666663e-09 4.385028853351313e-17 1.124366372654183e-03 2.810915931635458e-03 5.242944342829350e-03 1.124366372654183e-16
2060 8.583333333333331e-09 4.385028853352441e-17 1.124366372654472e-03 2.810915931636181e-03 5.242944342829350e-03 1.124366372654472e-16
2061 8.587499999999997e-09 4.385028853353403e-17 1.124366372654719e-03 2.810915931636797e-03 5.242944342833052e-03 1.124366372654719e-16
2062 8.591666666666664e-09 4.385028853354940e-17 1.124366372655113e-03 2.810915931637782e-03 5.242944342840454e-03 1.124366372655113e-16
2063 8.595833333333330e-09 4.385028853355643e-17 1.124366372655293e-03 2.810915931638233e-03 5.242944342840454e-03 1.124366372655293e-16
2064 8.599999999999998e-09 4.385028853356827e-17 1.124366372655597e-03 2.810915931638992e-03 5.242944342840454e-03 1.124366372655597e-16
2065 8.604166666666663e-09 4.385028853357678e-17 1.124366372655815e-03 2.810915931639537e-03 5.242944342840454e-03 1.124366372655815e-16
2066 8.608333333333331e-09 4.385028853359251e-17 1.124366372656218e-03 2.810915931640546e-03 5.242944342840454e-03 1.124366372656218e-16
2067 8.612499999999997e-09 4.385028853360121e-17 1.124366372656441e-03 2.810915931641103e-03 5.242944342840454e-03 1.124366372656441e-16
2068 8.616666666666664e-09 4.385028853360786e-17 1.124366372656612e-03 2.810915931641530e-03 5.242944342840454e-03 1.124366372656612e-16
2069 8.620833333333330e-09 4.385028853361083e-17 1.124366372656688e-03 2.810915931641720e-03 5.242944342840454e-03 1.124366372656688e-16
2070 8.624999999999996e-09 4.385028853361805e-17 1.124366372656873e-03 2.810915931642183e-03 5.242944342840454e-03 1.124366372656873e-16
2071 8.629166666666664e-09 4.385028853362211e-17 1.124366372656977e-03 2.810915931642444e-03 5.242944342840454e-03 1.124366372656977e-16
2072 8.633333333333330e-09 4.385028853363008e-17 1.124366372657181e-03 2.810915931642954e-03 5.242944342840454e-03 1.124366372657181e-16
2073 8.637499999999997e-09 4.385028853363840e-17 1.124366372657395e-03 2.810915931643487e-03 5.242944342844154e-03 1.124366372657395e-16
2074 8.641666666666663e-09 4.385028853365062e-17 1.124366372657708e-03 2.810915931644271e-03 5.242944342844154e-03 1.124366372657708e-16
2075 8.645833333333331e-09 4.385028853365727e-17 1.124366372657879e-03 2.810915931644697e-03 5.242944342844154e-03 1.124366372657879e-16
2076 8.649999999999996e-09 4.385028853366763e-17 1.124366372658144e-03 2.810915931645361e-03 5.242944342844154e-03 1.124366372658145e-16
2077 8.654166666666664e-09 4.385028853367060e-17 1.124366372658221e-03 2.810915931645552e-03 5.242944342844154e-03 1.124366372658221e-16
2078 8.658333333333330e-09 4.385028853367911e-17 1.124366372658439e-03 2.810915931646097e-03 5.242944342844154e-03 1.124366372658439e-16
2079 8.662499999999997e-09 4.385028853368502e-17 1.124366372658591e-03 2.810915931646476e-03 5.242944342844154e-03 1.124366372658591e-16
2080 8.666666666666663e-09 4.385028853368873e-17 1.124366372658686e-03 2.810915931646714e-03 5.242944342844154e-03 1.124366372658686e-16
2081 8.670833333333331e-09 4.385028853368817e-17 1.124366372658671e-03 2.810915931646678e-03 5.242944342844154e-03 1.124366372658671e-16
2082 8.674999999999997e-09 4.385028853369224e-17 1.124366372658775e-03 2.810915931646939e-03 5.242944342844154e-03 1.124366372658776e-16
2083 8.679166666666664e-09 4.385028853369003e-17 1.124366372658719e-03 2.810915931646797e-03 5.242944342844154e-03 1.124366372658719e-16
2084 8.683333333333330e-09 4.385028853369077e-17 1.124366372658738e-03 2.810915931646845e-03 5.242944342844154e-03 1.124366372658738e-16
2085 8.687499999999998e-09 4.385028853369077e-17 1.124366372658738e-03 2.810915931646845e-03 5.242944342844154e-03 1.124366372658738e-16
2086 8.691666666666663e-09 4.385028853369632e-17 1.124366372658880e-03 2.810915931647200e-03 5.242944342844154e-03 1.124366372658880e-16
2087 8.695833333333331e-09 4.385028853369502e-17 1.124366372658847e-03 2.810915931647117e-03 5.242944342844154e-03 1.124366372658847e-16
2088 8.699999999999997e-09 4.385028853369761e-17 1.124366372658913e-03 2.810915931647283e-03 5.242944342844154e-03 1.124366372658913e-16
2089 8.704166666666664e-09 4.385028853369761e-17 1.124366372658913e-03 2.810915931647283e-03 5.242944342844154e-03 1.124366372658913e-16
2090 8.708333333333330e-09 4.385028853370131e-17 1.124366372659008e-03 2.810915931647521e-03 5.242944342844154e-03 1.124366372659008e-16
2091 8.712499999999996e-09 4.385028853370094e-17 1.124366372658998e-03 2.810915931647496e-03 5.242944342844154e-03 1.124366372658998e-16
2092 8.716666666666664e-09 4.385028853370131e-17 1.124366372659008e-03 2.810915931647521e-03 5.242944342844154e-03 1.124366372659008e-16
2093 8.720833333333330e-09 4.385028853369910e-17 1.124366372658951e-03 2.810915931647378e-03 5.242944342844154e-03 1.124366372658951e-16
2094 8.724999999999997e-09 4.385028853370298e-17 1.124366372659051e-03 2.810915931647627e-03 5.242944342844154e-03 1.124366372659051e-16
2095 8.729166666666663e-09 4.385028853370094e-17 1.124366372658998e-03 2.810915931647496e-03 5.242944342844154e-03 1.124366372658998e-16
2096 8.733333333333330e-09 4.385028853370150e-17 1.124366372659013e-03 2.810915931647532e-03 5.242944342844154e-03 1.124366372659013e-16
2097 8.737499999999996e-09 4.385028853369983e-17 1.124366372658970e-03 2.810915931647425e-03 5.242944342844154e-03 1.124366372658970e-16
2098 8.741666666666664e-09 4.385028853370224e-17 1.124366372659032e-03 2.810915931647580e-03 5.242944342844154e-03 1.124366372659032e-16
2099 8.745833333333330e-09 4.385028853370020e-17 1.124366372658980e-03 2.810915931647449e-03 5.242944342844154e-03 1.124366372658980e-16
2100 8.749999999999997e-09 4.385028853370205e-17 1.124366372659027e-03 2.810915931647567e-03 5.242944342844154e-03 1.124366372659027e-16
2101 8.754166666666663e-09 4.385028853369983e-17 1.124366372658970e-03 2.810915931647425e-03 5.242944342844154e-03 1.124366372658970e-16
2102 8.758333333333331e-09 4.385028853370242e-17 1.124366372659037e-03 2.810915931647592e-03 5.242944342844154e-03 1.124366372659037e-16
2103 8.762499999999997e-09 4.385028853370094e-17 1.124366372658998e-03 2.810915931647496e-03 5.242944342844154e-03 1.124366372658998e-16
2104 8.766666666666664e-09 4.385028853370131e-17 1.124366372659008e-03 2.810915931647521e-03 5.242944342844154e-03 1.124366372659008e-16
2105 8.770833333333330e-09 4.385028853369910e-17 1.124366372658951e-03 2.810915931647378e-03 5.242944342844154e-03 1.124366372658951e-16
2106 8.774999999999998e-09 4.385028853370298e-17 1.124366372659051e-03 2.810915931647627e-03 5.242944342844154e-03 1.124366372659051e-16
2107 8.779166666666663e-09 4.385028853370094e-17 1.124366372658998e-03 2.810915931647496e-03 5.242944342844154e-03 1.124366372658998e-16
2108 8.783333333333331e-09 4.385028853370150e-17 1.124366372659013e-03 2.810915931647532e-03 5.242944342844154e-03 1.124366372659013e-16
2109 8.787499999999997e-09 4.385028853369983e-17 1.124366372658970e-03 2.810915931647425e-03 5.242944342844154e-03 1.124366372658970e-16
2110 8.791666666666664e-09 4.385028853370224e-17 1.124366372659032e-03 2.810915931647580e-03 5.242944342844154e-03 1.124366372659032e-16
2111 8.795833333333330e-09 4.385028853370020e-17 1.124366372658980e-03 2.810915931647449e-03 5.242944342844154e-03 1.124366372658980e-16
2112 8.799999999999996e-09 4.385028853370205e-17 1.124366372659027e-03 2.810915931647567e-03 5.242944342844154e-03 1.124366372659027e-16
2113 8.804166666666664e-09 4.385028853369983e-17 1.124366372658970e-03 2.810915931647425e-03 5.242944342844154e-03 1.124366372658970e-16
2114 8.808333333333329e-09 4.385028853370242e-17 1.124366372659037e-03 2.810915931647592e-03 5.242944342844154e-03 1.124366372659037e-16
2115 8.812499999999997e-09 4.385028853370094e-17 1.124366372658998e-03 2.810915931647496e-03 5.242944342844154e-03 1.124366372658998e-16
2116 8.816666666666663e-09 4.385028853370131e-17 1.124366372659008e-03 2.810915931647521e-03 5.242944342844154e-03 1.124366372659008e-16
2117 8.820833333333330e-09 4.385028853369910e-17 1.124366372658951e-03 2.810915931647378e-03 5.242944342844154e-03 1.124366372658951e-16
2118 8.824999999999996e-09 4.385028853370298e-17 1.124366372659051e-03 2.810915931647627e-03 5.242944342844154e-03 1.124366372659051e-16
2119 8.829166666666664e-09 4.385028853370094e-17 1.124366372658998e-03 2.810915931647496e-03 5.242944342844154e-03 1.124366372658998e-16
2120 8.833333333333330e-09 4.385028853370150e-17 1.124366372659013e-03 2.810915931647532e-03 5.242944342844154e-03 1.124366372659013e-16
2121 8.837499999999997e-09 4.385028853369983e-17 1.124366372658970e-03 2.810915931647425e-03 5.242944342844154e-03 1.124366372658970e-16
2122 8.841666666666663e-09 4.385028853370224e-17 1.124366372659032e-03 2.810915931647580e-03 5.242944342844154e-03 1.124366372659032e-16
2123 8.845833333333331e-09 4.385028853370020e-17 1.124366372658980e-03 2.810915931647449e-03 5.242944342844154e-03 1.124366372658980e-16
2124 8.849999999999997e-09 4.385028853370205e-17 1.124366372659027e-03 2.810915931647567e-03 5.242944342844154e-03 1.124366372659027e-16
2125 8.854166666666664e-09 4.385028853369983e-17 1.124366372658970e-03 2.810915931647425e-03 5.242944342844154e-03 1.124366372658970e-16
2126 8.858333333333330e-09 4.385028853370242e-17 1.124366372659037e-03 2.810915931647592e-03 5.242944342844154e-03 1.124366372659037e-16
2127 8.862499999999997e-09 4.385028853370094e-17 1.124366372658998e-03 2.810915931647496e-03 5.242944342844154e-03 1.124366372658998e-16
2128 8.866666666666663e-09 4.385028853370131e-17 1.124366372659008e-03 2.810915931647521e-03 5.242944342844154e-03 1.124366372659008e-16
2129 8.870833333333331e-09 4.385028853369910e-17 1.124366372658951e-03 2.810915931647378e-03 5.242944342844154e-03 1.124366372658951e-16
2130 8.874999999999997e-09 4.385028853370298e-17 1.124366372659051e-03 2.810915931647627e-03 5.242944342844154e-03 1.124366372659051e-16
2131 8.879166666666664e-09 4.385028853370094e-17 1.124366372658998e-03 2.810915931647496e-03 5.242944342844154e-03 1.124366372658998e-16
2132 8.883333333333330e-09 4.385028853370150e-17 1.124366372659013e-03 2.810915931647532e-03 5.242944342844154e-03 1.124366372659013e-16
2133 8.887499999999998e-09 4.385028853369983e-17 1.124366372658970e-03 2.810915931647425e-03 5.242944342844154e-03 1.124366372658970e-16
2134 8.891666666666664e-09 4.385028853370224e-17 1.124366372659032e-03 2.810915931647580e-03 5.242944342844154e-03 1.124366372659032e-16
2135 8.895833333333329e-09 4.385028853370020e-17 1.124366372658980e-03 2.810915931647449e-03 5.242944342844154e-03 1.124366372658980e-16
2136 8.899999999999997e-09 4.385028853370205e-17 1.124366372659027e-03 2.810915931647567e-03 5.242944342844154e-03 1.124366372659027e-16
2137 8.904166666666663e-09 4.385028853369983e-17 1.124366372658970e-03 2.810915931647425e-03 5.242944342844154e-03 1.124366372658970e-16
2138 8.908333333333330e-09 4.385028853370242e-17 1.124366372659037e-03 2.810915931647592e-03 5.242944342844154e-03 1.124366372659037e-16
2139 8.912499999999996e-09 4.385028853370094e-17 1.124366372658998e-03 2.810915931647496e-03 5.242944342844154e-03 1.124366372658998e-16
2140 8.916666666666664e-09 4.385028853370131e-17 1.124366372659008e-03 2.810915931647521e-03 5.242944342844154e-03 1.124366372659008e-16
2141 8.920833333333330e-09 4.385028853369910e-17 1.124366372658951e-03 2.810915931647378e-03 5.242944342844154e-03 1.124366372658951e-16
2142 8.924999999999997e-09 4.385028853370298e-17 1.124366372659051e-03 2.810915931647627e-03 5.242944342844154e-03 1.124366372659051e-16
2143 8.929166666666663e-09 4.385028853370094e-17 1.124366372658998e-03 2.810915931647496e-03 5.242944342844154e-03 1.124366372658998e-16
2144 8.933333333333331e-09 4.385028853370150e-17 1.124366372659013e-03 2.810915931647532e-03 5.242944342844154e-03 1.124366372659013e-16
2145 8.937499999999996e-09 4.385028853369983e-17 1.124366372658970e-03 2.810915931647425e-03 5.242944342844154e-03 1.124366372658970e-16
2146 8.941666666666664e-09 4.385028853370224e-17 1.124366372659032e-03 2.810915931647580e-03 5.242944342844154e-03 1.124366372659032e-16
2147 8.945833333333330e-09 4.385028853370020e-17 1.124366372658980e-03 2.810915931647449e-03 5.242944342844154e-03 1.124366372658980e-16
2148 8.949999999999997e-09 4.385028853370205e-17 1.124366372659027e-03 2.810915931647567e-03 5.242944342844154e-03 1.124366372659027e-16
2149 8.954166666666663e-09 4.385028853369983e-17 1.124366372658970e-03 2.810915931647425e-03 5.242944342844154e-03 1.124366372658970e-16
2150 8.958333333333331e-09 4.385028853370242e-17 1.124366372659037e-03 2.810915931647592e-03 5.242944342844154e-03 1.124366372659037e-16
2151 8.962499999999997e-09 4.385028853370094e-17 1.124366372658998e-03 2.810915931647496e-03 5.242944342844154e-03 1.124366372658998e-16
2152 8.966666666666664e-09 4.385028853370131e-17 1.124366372659008e-03 2.810915931647521e-03 5.242944342844154e-03 1.124366372659008e-16
2153 8.970833333333330e-09 4.385028853369910e-17 1.124366372658951e-03 2.810915931647378e-03 5.242944342844154e-03 1.124366372658951e-16
2154 8.974999999999998e-09 4.385028853370298e-17 1.124366372659051e-03 2.810915931647627e-03 5.242944342844154e-03 1.124366372659051e-16
2155 8.979166666666664e-09 4.385028853370094e-17 1.124366372658998e-03 2.810915931647496e-03 5.242944342844154e-03 1.124366372658998e-16
2156 8.983333333333329e-09 4.385028853370150e-17 1.124366372659013e-03 2.810915931647532e-03 5.242944342844154e-03 1.124366372659013e-16
2157 8.987499999999997e-09 4.385028853369983e-17 1.124366372658970e-03 2.810915931647425e-03 5.242944342844154e-03 1.124366372658970e-16
2158 8.991666666666663e-09 4.385028853370224e-17 1.124366372659032e-03 2.810915931647580e-03 5.242944342844154e-03 1.124366372659032e-16
2159 8.995833333333330e-09 4.385028853370020e-17 1.124366372658980e-03 2.810915931647449e-03 5.242944342844154e-03 1.124366372658980e-16
2160 8.999999999999996e-09 4.385028853370205e-17 1.124366372659027e-03 2.810915931647567e-03 5.242944342844154e-03 1.124366372659027e-16
2161 9.004166666666664e-09 4.385028853369983e-17 1.124366372658970e-03 2.810915931647425e-03 5.242944342844154e-03 1.124366372658970e-16
2162 9.008333333333330e-09 4.385028853370242e-17 1.124366372659037e-03 2.810915931647592e-03 5.242944342844154e-03 1.124366372659037e-16
2163 9.012499999999997e-09 4.385028853370094e-17 1.124366372658998e-03 2.810915931647496e-03 5.242944342844154e-03 1.124366372658998e-16
2164 9.016666666666663e-09 4.385028853370131e-17 1.124366372659008e-03 2.810915931647521e-03 5.242944342844154e-03 1.124366372659008e-16
2165 9.020833333333331e-09 4.385028853369910e-17 1.124366372658951e-03 2.810915931647378e-03 5.242944342844154e-03 1.124366372658951e-16
2166 9.024999999999996e-09 4.385028853370298e-17 1.124366372659051e-03 2.810915931647627e-03 5.242944342844154e-03 1.124366372659051e-16
2167 9.029166666666664e-09 4.385028853370094e-17 1.124366372658998e-03 2.810915931647496e-03 5.242944342844154e-03 1.124366372658998e-16
2168 9.033333333333330e-09 4.385028853370150e-17 1.124366372659013e-03 2.810915931647532e-03 5.242944342844154e-03 1.124366372659013e-16
2169 9.037499999999997e-09 4.385028853369983e-17 1.124366372658970e-03 2.810915931647425e-03 5.242944342844154e-03 1.124366372658970e-16
2170 9.041666666666663e-09 4.385028853370224e-17 1.124366372659032e-03 2.810915931647580e-03 5.242944342844154e-03 1.124366372659032e-16
2171 9.045833333333331e-09 4.385028853370020e-17 1.124366372658980e-03 2.810915931647449e-03 5.242944342844154e-03 1.124366372658980e-16
2172 9.049999999999997e-09 4.385028853370205e-17 1.124366372659027e-03 2.810915931647567e-03 5.242944342844154e-03 1.124366372659027e-16
2173 9.054166666666664e-09 4.385028853369983e-17 1.124366372658970e-03 2.810915931647425e-03 5.242944342844154e-03 1.124366372658970e-16
2174 9.058333333333330e-09 4.385028853370242e-17 1.124366372659037e-03 2.810915931647592e-03 5.242944342844154e-03 1.124366372659037e-16
2175 9.062499999999998e-09 4.385028853370094e-17 1.124366372658998e-03 2.810915931647496e-03 5.242944342844154e-03 1.124366372658998e-16
2176 9.066666666666663e-09 4.385028853370131e-17 1.124366372659008e-03 2.810915931647521e-03 5.242944342844154e-03 1.124366372659008e-16
2177 9.070833333333329e-09 4.385028853369910e-17 1.124366372658951e-03 2.810915931647378e-03 5.242944342844154e-03 1.124366372658951e-16
2178 9.074999999999997e-09 4.385028853370298e-17 1.124366372659051e-03 2.810915931647627e-03 5.242944342844154e-03 1.124366372659051e-16
2179 9.079166666666663e-09 4.385028853370094e-17 1.124366372658998e-03 2.810915931647496e-03 5.242944342844154e-03 1.124366372658998e-16
2180 9.083333333333330e-09 4.385028853370150e-17 1.124366372659013e-03 2.810915931647532e-03 5.242944342844154e-03 1.124366372659013e-16
2181 9.087499999999996e-09 4.385028853369983e-17 1.124366372658970e-03 2.810915931647425e-03 5.242944342844154e-03 1.124366372658970e-16
2182 9.091666666666664e-09 4.385028853370224e-17 1.124366372659032e-03 2.810915931647580e-03 5.242944342844154e-03 1.124366372659032e-16
2183 9.095833333333330e-09 4.385028853370020e-17 1.124366372658980e-03 2.810915931647449e-03 5.242944342844154e-03 1.124366372658980e-16
2184 9.099999999999997e-09 4.385028853370205e-17 1.124366372659027e-03 2.810915931647567e-03 5.242944342844154e-03 1.124366372659027e-16
2185 9.104166666666663e-09 4.385028853369983e-17 1.124366372658970e-03 2.810915931647425e-03 5.242944342844154e-03 1.124366372658970e-16
2186 9.108333333333331e-09 4.385028853370242e-17 1.124366372659037e-03 2.810915931647592e-03 5.242944342844154e-03 1.124366372659037e-16
2187 9.112499999999996e-09 4.385028853370094e-17 1.124366372658998e-03 2.810915931647496e-03 5.242944342844154e-03 1.124366372658998e-16
2188 9.116666666666664e-09 4.385028853370131e-17 1.124366372659008e-03 2.810915931647521e-03 5.242944342844154e-03 1.124366372659008e-16
2189 9.120833333333330e-09 4.385028853369910e-17 1.124366372658951e-03 2.810915931647378e-03 5.242944342844154e-03 1.124366372658951e-16
2190 9.124999999999997e-09 4.385028853370298e-17 1.124366372659051e-03 2.810915931647627e-03 5.242944342844154e-03 1.124366372659051e-16
2191 9.129166666666663e-09 4.385028853370094e-17 1.124366372658998e-03 2.810915931647496e-03 5.242944342844154e-03 1.124366372658998e-16
2192 9.133333333333331e-09 4.385028853370150e-17 1.124366372659013e-03 2.810915931647532e-03 5.242944342844154e-03 1.124366372659013e-16
2193 9.137499999999997e-09 4.385028853369983e-17 1.124366372658970e-03 2.810915931647425e-03 5.242944342844154e-03 1.124366372658970e-16
2194 9.141666666666664e-09 4.385028853370224e-17 1.124366372659032e-03 2.810915931647580e-03 5.242944342844154e-03 1.124366372659032e-16
2195 9.145833333333330e-09 4.385028853370020e-17 1.124366372658980e-03 2.810915931647449e-03 5.242944342844154e-03 1.124366372658980e-16
2196 9.149999999999998e-09 4.385028853370205e-17 1.124366372659027e-03 2.810915931647567e-03 5.242944342844154e-03 1.124366372659027e-16
2197 9.154166666666663e-09 4.385028853369983e-17 1.124366372658970e-03 2.810915931647425e-03 5.242944342844154e-03 1.124366372658970e-16
2198 9.158333333333329e-09 4.385028853370242e-17 1.124366372659037e-03 2.810915931647592e-03 5.242944342844154e-03 1.124366372659037e-16
2199 9.162499999999997e-09 4.385028853370094e-17 1.124366372658998e-03 2.810915931647496e-03 5.242944342844154e-03 1.124366372658998e-16
2200 9.166666666666663e-09 4.385028853370131e-17 1.124366372659008e-03 2.810915931647521e-03 5.242944342844154e-03 1.124366372659008e-16
2201 9.170833333333330e-09 4.385028853369910e-17 1.124366372658951e-03 2.810915931647378e-03 5.242944342844154e-03 1.124366372658951e-16
2202 9.174999999999996e-09 4.385028853370298e-17 1.124366372659051e-03 2.810915931647627e-03 5.242944342844154e-03 1.124366372659051e-16
2203 9.179166666666664e-09 4.385028853370094e-17 1.124366372658998e-03 2.810915931647496e-03 5.242944342844154e-03 1.124366372658998e-16
2204 9.183333333333330e-09 4.385028853370150e-17 1.124366372659013e-03 2.810915931647532e-03 5.242944342844154e-03 1.124366372659013e-16
2205 9.187499999999997e-09 4.385028853369983e-17 1.124366372658970e-03 2.810915931647425e-03 5.242944342844154e-03 1.124366372658970e-16
2206 9.191666666666663e-09 4.385028853370224e-17 1.124366372659032e-03 2.810915931647580e-03 5.242944342844154e-03 1.124366372659032e-16
2207 9.195833333333330e-09 4.385028853370020e-17 1.124366372658980e-03 2.810915931647449e-03 5.242944342844154e-03 1.124366372658980e-16
2208 9.199999999999996e-09 4.385028853370205e-17 1.124366372659027e-03 2.810915931647567e-03 5.242944342844154e-03 1.124366372659027e-16
2209 9.204166666666664e-09 4.385028853369983e-17 1.124366372658970e-03 2.810915931647425e-03 5.242944342844154e-03 1.124366372658970e-16
2210 9.208333333333330e-09 4.385028853370242e-17 1.124366372659037e-03 2.810915931647592e-03 5.242944342844154e-03 1.124366372659037e-16
2211 9.212499999999997e-09 4.385028853370094e-17 1.124366372658998e-03 2.810915931647496e-03 5.242944342844154e-03 1.124366372658998e-16
2212 9.216666666666663e-09 4.385028853370131e-17 1.124366372659008e-03 2.810915931647521e-03 5.242944342844154e-03 1.124366372659008e-16
2213 9.220833333333331e-09 4.385028853369910e-17 1.124366372658951e-03 2.810915931647378e-03 5.242944342844154e-03 1.124366372658951e-16
2214 9.224999999999997e-09 4.385028853370298e-17 1.124366372659051e-03 2.810915931647627e-03 5.242944342844154e-03 1.124366372659051e-16
2215 9.229166666666664e-09 4.385028853370094e-17 1.124366372658998e-03 2.810915931647496e-03 5.242944342844154e-03 1.124366372658998e-16
2216 9.233333333333330e-09 4.385028853370150e-17 1.124366372659013e-03 2.810915931647532e-03 5.242944342844154e-03 1.124366372659013e-16
2217 9.237499999999998e-09 4.385028853369983e-17 1.124366372658970e-03 2.810915931647425e-03 5.242944342844154e-03 1.124366372658970e-16
2218 9.241666666666663e-09 4.385028853370224e-17 1.124366372659032e-03 2.810915931647580e-03 5.242944342844154e-03 1.124366372659032e-16
2219 9.245833333333329e-09 4.385028853370020e-17 1.124366372658980e-03 2.810915931647449e-03 5.242944342844154e-03 1.124366372658980e-16
2220 9.249999999999997e-09 4.385028853370205e-17 1.124366372659027e-03 2.810915931647567e-03 5.242944342844154e-03 1.124366372659027e-16
2221 9.254166666666663e-09 4.385028853369983e-17 1.124366372658970e-03 2.810915931647425e-03 5.242944342844154e-03 1.124366372658970e-16
2222 9.258333333333330e-09 4.385028853370242e-17 1.124366372659037e-03 2.810915931647592e-03 5.242944342844154e-03 1.124366372659037e-16
2223 9.262499999999996e-09 4.385028853370094e-17 1.124366372658998e-03 2.810915931647496e-03 5.242944342844154e-03 1.124366372658998e-16
2224 9.266666666666664e-09 4.385028853370131e-17 1.124366372659008e-03 2.810915931647521e-03 5.242944342844154e-03 1.124366372659008e-16
2225 9.270833333333329e-09 4.385028853369910e-17 1.124366372658951e-03 2.810915931647378e-03 5.242944342844154e-03 1.124366372658951e-16
2226 9.274999999999997e-09 4.385028853370298e-17 1.124366372659051e-03 2.810915931647627e-03 5.242944342844154e-03 1.124366372659051e-16
2227 9.279166666666663e-09 4.385028853370094e-17 1.124366372658998e-03 2.810915931647496e-03 5.242944342844154e-03 1.124366372658998e-16
2228 9.283333333333330e-09 4.385028853370150e-17 1.124366372659013e-03 2.810915931647532e-03 5.242944342844154e-03 1.124366372659013e-16
2229 9.287499999999996e-09 4.385028853369983e-17 1.124366372658970e-03 2.810915931647425e-03 5.242944342844154e-03 1.124366372658970e-16
2230 9.291666666666664e-09 4.385028853370224e-17 1.124366372659032e-03 2.810915931647580e-03 5.242944342844154e-03 1.124366372659032e-16
2231 9.295833333333330e-09 4.385028853370020e-17 1.124366372658980e-03 2.810915931647449e-03 5.242944342844154e-03 1.124366372658980e-16
2232 9.299999999999997e-09 4.385028853370205e-17 1.124366372659027e-03 2.810915931647567e-03 5.242944342844154e-03 1.124366372659027e-16
2233 9.304166666666663e-09 4.385028853369983e-17 1.124366372658970e-03 2.810915931647425e-03 5.242944342844154e-03 1.124366372658970e-16
2234 9.308333333333331e-09 4.385028853370242e-17 1.124366372659037e-03 2.810915931647592e-03 5.242944342844154e-03 1.124366372659037e-16
2235 9.312499999999997e-09 4.385028853370094e-17 1.124366372658998e-03 2.810915931647496e-03 5.242944342844154e-03 1.124366372658998e-16
2236 9.316666666666664e-09 4.385028853370131e-17 1.124366372659008e-03 2.810915931647521e-03 5.242944342844154e-03 1.124366372659008e-16
2237 9.320833333333330e-09 4.385028853369910e-17 1.124366372658951e-03 2.810915931647378e-03 5.242944342844154e-03 1.124366372658951e-16
2238 9.324999999999997e-09 4.385028853370298e-17 1.124366372659051e-03 2.810915931647627e-03 5.242944342844154e-03 1.124366372659051e-16
2239 9.329166666666663e-09 4.385028853370094e-17 1.124366372658998e-03 2.810915931647496e-03 5.242944342844154e-03 1.124366372658998e-16
2240 9.333333333333331e-09 4.385028853370150e-17 1.124366372659013e-03 2.810915931647532e-03 5.242944342844154e-03 1.124366372659013e-16
2241 9.337499999999997e-09 4.385028853369983e-17 1.124366372658970e-03 2.810915931647425e-03 5.242944342844154e-03 1.124366372658970e-16
2242 9.341666666666663e-09 4.385028853370224e-17 1.124366372659032e-03 2.810915931647580e-03 5.242944342844154e-03 1.124366372659032e-16
2243 9.345833333333330e-09 4.385028853370020e-17 1.124366372658980e-03 2.810915931647449e-03 5.242944342844154e-03 1.124366372658980e-16
2244 9.349999999999996e-09 4.385028853370205e-17 1.124366372659027e-03 2.810915931647567e-03 5.242944342844154e-03 1.124366372659027e-16
2245 9.354166666666664e-09 4.385028853369983e-17 1.124366372658970e-03 2.810915931647425e-03 5.242944342844154e-03 1.124366372658970e-16
2246 9.358333333333329e-09 4.385028853370242e-17 1.124366372659037e-03 2.810915931647592e-03 5.242944342844154e-03 1.124366372659037e-16
2247 9.362499999999997e-09 4.385028853370094e-17 1.124366372658998e-03 2.810915931647496e-03 5.242944342844154e-03 1.124366372658998e-16
2248 9.366666666666663e-09 4.385028853370131e-17 1.124366372659008e-03 2.810915931647521e-03 5.242944342844154e-03 1.124366372659008e-16
2249 9.370833333333330e-09 4.385028853369910e-17 1.124366372658951e-03 2.810915931647378e-03 5.242944342844154e-03 1.124366372658951e-16
2250 9.374999999999996e-09 4.385028853370298e-17 1.124366372659051e-03 2.810915931647627e-03 5.242944342844154e-03 1.124366372659051e-16
2251 9.379166666666664e-09 4.385028853370094e-17 1.124366372658998e-03 2.810915931647496e-03 5.242944342844154e-03 1.124366372658998e-16
2252 9.383333333333330e-09 4.385028853370150e-17 1.124366372659013e-03 2.810915931647532e-03 5.242944342844154e-03 1.124366372659013e-16
2253 9.387499999999997e-09 4.385028853369983e-17 1.124366372658970e-03 2.810915931647425e-03 5.242944342844154e-03 1.124366372658970e-16
2254 9.391666666666663e-09 4.385028853370224e-17 1.124366372659032e-03 2.810915931647580e-03 5.242944342844154e-03 1.124366372659032e-16
2255 9.395833333333331e-09 4.385028853370020e-17 1.124366372658980e-03 2.810915931647449e-03 5.242944342844154e-03 1.124366372658980e-16
2256 9.399999999999996e-09 4.385028853370205e-17 1.124366372659027e-03 2.810915931647567e-03 5.242944342844154e-03 1.124366372659027e-16
2257 9.404166666666664e-09 4.385028853369983e-17 1.124366372658970e-03 2.810915931647425e-03 5.242944342844154e-03 1.124366372658970e-16
2258 9.408333333333330e-09 4.385028853370242e-17 1.124366372659037e-03 2.810915931647592e-03 5.242944342844154e-03 1.124366372659037e-16
2259 9.412499999999997e-09 4.385028853370094e-17 1.124366372658998e-03 2.810915931647496e-03 5.242944342844154e-03 1.124366372658998e-16
2260 9.416666666666663e-09 4.385028853370131e-17 1.124366372659008e-03 2.810915931647521e-03 5.242944342844154e-03 1.124366372659008e-16
2261 9.420833333333331e-09 4.385028853369910e-17 1.124366372658951e-03 2.810915931647378e-03 5.242944342844154e-03 1.124366372658951e-16
2262 9.424999999999997e-09 4.385028853370298e-17 1.124366372659051e-03 2.810915931647627e-03 5.242944342844154e-03 1.124366372659051e-16
2263 9.429166666666663e-09 4.385028853370094e-17 1.124366372658998e-03 2.810915931647496e-03 5.242944342844154e-03 1.124366372658998e-16
2264 9.433333333333330e-09 4.385028853370150e-17 1.124366372659013e-03 2.810915931647532e-03 5.242944342844154e-03 1.124366372659013e-16
2265 9.437499999999996e-09 4.385028853369983e-17 1.124366372658970e-03 2.810915931647425e-03 5.242944342844154e-03 1.124366372658970e-16
2266 9.441666666666664e-09 4.385028853370224e-17 1.124366372659032e-03 2.810915931647580e-03 5.242944342844154e-03 1.124366372659032e-16
2267 9.445833333333329e-09 4.385028853370020e-17 1.124366372658980e-03 2.810915931647449e-03 5.242944342844154e-03 1.124366372658980e-16
2268 9.449999999999997e-09 4.385028853370205e-17 1.124366372659027e-03 2.810915931647567e-03 5.242944342844154e-03 1.124366372659027e-16
2269 9.454166666666663e-09 4.385028853369983e-17 1.124366372658970e-03 2.810915931647425e-03 5.242944342844154e-03 1.124366372658970e-16
2270 9.458333333333330e-09 4.385028853370242e-17 1.124366372659037e-03 2.810915931647592e-03 5.242944342844154e-03 1.124366372659037e-16
2271 9.462499999999996e-09 4.385028853370094e-17 1.124366372658998e-03 2.810915931647496e-03 5.242944342844154e-03 1.124366372658998e-16
2272 9.466666666666664e-09 4.385028853370131e-17 1.124366372659008e-03 2.810915931647521e-03 5.242944342844154e-03 1.124366372659008e-16
2273 9.470833333333330e-09 4.385028853369910e-17 1.124366372658951e-03 2.810915931647378e-03 5.242944342844154e-03 1.124366372658951e-16
2274 9.474999999999997e-09 4.385028853370298e-17 1.124366372659051e-03 2.810915931647627e-03 5.242944342844154e-03 1.124366372659051e-16
2275 9.479166666666663e-09 4.385028853370094e-17 1.124366372658998e-03 2.810915931647496e-03 5.242944342844154e-03 1.124366372658998e-16
2276 9.483333333333331e-09 4.385028853370150e-17 1.124366372659013e-03 2.810915931647532e-03 5.242944342844154e-03 1.124366372659013e-16
2277 9.487499999999996e-09 4.385028853369983e-17 1.124366372658970e-03 2.810915931647425e-03 5.242944342844154e-03 1.124366372658970e-16
2278 9.491666666666664e-09 4.385028853370224e-17 1.124366372659032e-03 2.810915931647580e-03 5.242944342844154e-03 1.124366372659032e-16
2279 9.495833333333330e-09 4.385028853370020e-17 1.124366372658980e-03 2.810915931647449e-03 5.242944342844154e-03 1.124366372658980e-16
2280 9.499999999999997e-09 4.385028853370205e-17 1.124366372659027e-03 2.810915931647567e-03 5.242944342844154e-03 1.124366372659027e-16
2281 9.504166666666663e-09 4.385028853369983e-17 1.124366372658970e-03 2.810915931647425e-03 5.242944342844154e-03 1.124366372658970e-16
2282 9.508333333333331e-09 4.385028853370242e-17 1.124366372659037e-03 2.810915931647592e-03 5.242944342844154e-03 1.124366372659037e-16
2283 9.512499999999997e-09 4.385028853370094e-17 1.124366372658998e-03 2.810915931647496e-03 5.242944342844154e-03 1.124366372658998e-16
2284 9.516666666666663e-09 4.385028853370131e-17 1.124366372659008e-03 2.810915931647521e-03 5.242944342844154e-03 1.124366372659008e-16
2285 9.520833333333330e-09 4.385028853369910e-17 1.124366372658951e-03 2.810915931647378e-03 5.242944342844154e-03 1.124366372658951e-16
2286 9.524999999999996e-09 4.385028853370298e-17 1.124366372659051e-03 2.810915931647627e-03 5.242944342844154e-03 1.124366372659051e-16
2287 9.529166666666663e-09 4.385028853370094e-17 1.124366372658998e-03 2.810915931647496e-03 5.242944342844154e-03 1.124366372658998e-16
2288 9.533333333333329e-09 4.385028853370150e-17 1.124366372659013e-03 2.810915931647532e-03 5.242944342844154e-03 1.124366372659013e-16
2289 9.537499999999997e-09 4.385028853369983e-17 1.124366372658970e-03 2.810915931647425e-03 5.242944342844154e-03 1.124366372658970e-16
2290 9.541666666666663e-09 4.385028853370224e-17 1.124366372659032e-03 2.810915931647580e-03 5.242944342844154e-03 1.124366372659032e-16
2291 9.545833333333330e-09 4.385028853370020e-17 1.124366372658980e-03 2.810915931647449e-03 5.242944342844154e-03 1.124366372658980e-16
2292 9.549999999999996e-09 4.385028853370205e-17 1.124366372659027e-03 2.810915931647567e-03 5.242944342844154e-03 1.124366372659027e-16
2293 9.554166666666664e-09 4.385028853369983e-17 1.124366372658970e-03 2.810915931647425e-03 5.242944342844154e-03 1.124366372658970e-16
2294 9.558333333333330e-09 4.385028853370242e-17 1.124366372659037e-03 2.810915931647592e-03 5.242944342844154e-03 1.124366372659037e-16
2295 9.562499999999997e-09 4.385028853370094e-17 1.124366372658998e-03 2.810915931647496e-03 5.242944342844154e-03 1.124366372658998e-16
2296 9.566666666666663e-09 4.385028853370131e-17 1.124366372659008e-03 2.810915931647521e-03 5.242944342844154e-03 1.124366372659008e-16
2297 9.570833333333331e-09 4.385028853369910e-17 1.124366372658951e-03 2.810915931647378e-03 5.242944342844154e-03 1.124366372658951e-16
2298 9.574999999999996e-09 4.385028853370298e-17 1.124366372659051e-03 2.810915931647627e-03 5.242944342844154e-03 1.124366372659051e-16
2299 9.579166666666664e-09 4.385028853370094e-17 1.124366372658998e-03 2.810915931647496e-03 5.242944342844154e-03 1.124366372658998e-16
2300 9.583333333333330e-09 4.385028853370150e-17 1.124366372659013e-03 2.810915931647532e-03 5.242944342844154e-03 1.124366372659013e-16
2301 9.587499999999997e-09 4.385028853369983e-17 1.124366372658970e-03 2.810915931647425e-03 5.242944342844154e-03 1.124366372658970e-16
2302 9.591666666666663e-09 4.385028853370224e-17 1.124366372659032e-03 2.810915931647580e-03 5.242944342844154e-03 1.124366372659032e-16
2303 9.595833333333331e-09 4.385028853370020e-17 1.124366372658980e-03 2.810915931647449e-03 5.242944342844154e-03 1.124366372658980e-16
2304 9.599999999999997e-09 4.385028853370205e-17 1.124366372659027e-03 2.810915931647567e-03 5.242944342844154e-03 1.124366372659027e-16
2305 9.604166666666663e-09 4.385028853369983e-17 1.124366372658970e-03 2.810915931647425e-03 5.242944342844154e-03 1.124366372658970e-16
2306 9.608333333333330e-09 4.385028853370242e-17 1.124366372659037e-03 2.810915931647592e-03 5.242944342844154e-03 1.124366372659037e-16
2307 9.612499999999996e-09 4.385028853370094e-17 1.124366372658998e-03 2.810915931647496e-03 5.242944342844154e-03 1.124366372658998e-16
2308 9.616666666666663e-09 4.385028853370131e-17 1.124366372659008e-03 2.810915931647521e-03 5.242944342844154e-03 1.124366372659008e-16
2309 9.620833333333329e-09 4.385028853369910e-17 1.124366372658951e-03 2.810915931647378e-03 5.242944342844154e-03 1.124366372658951e-16
2310 9.624999999999997e-09 4.385028853370298e-17 1.124366372659051e-03 2.810915931647627e-03 5.242944342844154e-03 1.124366372659051e-16
2311 9.629166666666663e-09 4.385028853370094e-17 1.124366372658998e-03 2.810915931647496e-03 5.242944342844154e-03 1.124366372658998e-16
2312 9.633333333333330e-09 4.385028853370150e-17 1.124366372659013e-03 2.810915931647532e-03 5.242944342844154e-03 1.124366372659013e-16
2313 9.637499999999996e-09 4.385028853369983e-17 1.124366372658970e-03 2.810915931647425e-03 5.242944342844154e-03 1.124366372658970e-16
2314 9.641666666666664e-09 4.385028853370224e-17 1.124366372659032e-03 2.810915931647580e-03 5.242944342844154e-03 1.124366372659032e-16
2315 9.645833333333330e-09 4.385028853370020e-17 1.124366372658980e-03 2.810915931647449e-03 5.242944342844154e-03 1.124366372658980e-16
2316 9.649999999999997e-09 4.385028853370205e-17 1.124366372659027e-03 2.810915931647567e-03 5.242944342844154e-03 1.124366372659027e-16
2317 9.654166666666663e-09 4.385028853369983e-17 1.124366372658970e-03 2.810915931647425e-03 5.242944342844154e-03 1.124366372658970e-16
2318 9.658333333333330e-09 4.385028853370242e-17 1.124366372659037e-03 2.810915931647592e-03 5.242944342844154e-03 1.124366372659037e-16
2319 9.662499999999996e-09 4.385028853370094e-17 1.124366372658998e-03 2.810915931647496e-03 5.242944342844154e-03 1.124366372658998e-16
2320 9.666666666666664e-09 4.385028853370131e-17 1.124366372659008e-03 2.810915931647521e-03 5.242944342844154e-03 1.124366372659008e-16
2321 9.670833333333330e-09 4.385028853369910e-17 1.124366372658951e-03 2.810915931647378e-03 5.242944342844154e-03 1.124366372658951e-16
2322 9.674999999999997e-09 4.385028853370298e-17 1.124366372659051e-03 2.810915931647627e-03 5.242944342844154e-03 1.124366372659051e-16
2323 9.679166666666663e-09 4.385028853370094e-17 1.124366372658998e-03 2.810915931647496e-03 5.242944342844154e-03 1.124366372658998e-16
2324 9.683333333333331e-09 4.385028853370150e-17 1.124366372659013e-03 2.810915931647532e-03 5.242944342844154e-03 1.124366372659013e-16
2325 9.687499999999997e-09 4.385028853369983e-17 1.124366372658970e-03 2.810915931647425e-03 5.242944342844154e-03 1.124366372658970e-16
2326 9.691666666666662e-09 4.385028853370224e-17 1.124366372659032e-03 2.810915931647580e-03 5.242944342844154e-03 1.124366372659032e-16
2327 9.695833333333330e-09 4.385028853370020e-17 1.124366372658980e-03 2.810915931647449e-03 5.242944342844154e-03 1.124366372658980e-16
2328 9.699999999999996e-09 4.385028853370205e-17 1.124366372659027e-03 2.810915931647567e-03 5.242944342844154e-03 1.124366372659027e-16
2329 9.704166666666663e-09 4.385028853369983e-17 1.124366372658970e-03 2.810915931647425e-03 5.242944342844154e-03 1.124366372658970e-16
2330 9.708333333333329e-09 4.385028853370242e-17 1.124366372659037e-03 2.810915931647592e-03 5.242944342844154e-03 1.124366372659037e-16
2331 9.712499999999997e-09 4.385028853370094e-17 1.124366372658998e-03 2.810915931647496e-03 5.242944342844154e-03 1.124366372658998e-16
2332 9.716666666666663e-09 4.385028853370131e-17 1.124366372659008e-03 2.810915931647521e-03 5.242944342844154e-03 1.124366372659008e-16
2333 9.720833333333330e-09 4.385028853369910e-17 1.124366372658951e-03 2.810915931647378e-03 5.242944342844154e-03 1.124366372658951e-16
2334 9.724999999999996e-09 4.385028853370298e-17 1.124366372659051e-03 2.810915931647627e-03 5.242944342844154e-03 1.124366372659051e-16
2335 9.729166666666664e-09 4.385028853370094e-17 1.124366372658998e-03 2.810915931647496e-03 5.242944342844154e-03 1.124366372658998e-16
2336 9.733333333333330e-09 4.385028853370150e-17 1.124366372659013e-03 2.810915931647532e-03 5.242944342844154e-03 1.124366372659013e-16
2337 9.737499999999997e-09 4.385028853369983e-17 1.124366372658970e-03 2.810915931647425e-03 5.242944342844154e-03 1.124366372658970e-16
2338 9.741666666666663e-09 4.385028853370224e-17 1.124366372659032e-03 2.810915931647580e-03 5.242944342844154e-03 1.124366372659032e-16
2339 9.745833333333330e-09 4.385028853370020e-17 1.124366372658980e-03 2.810915931647449e-03 5.242944342844154e-03 1.124366372658980e-16
2340 9.749999999999996e-09 4.385028853370205e-17 1.124366372659027e-03 2.810915931647567e-03 5.242944342844154e-03 1.124366372659027e-16
2341 9.754166666666664e-09 4.385028853369983e-17 1.124366372658970e-03 2.810915931647425e-03 5.242944342844154e-03 1.124366372658970e-16
2342 9.758333333333330e-09 4.385028853370242e-17 1.124366372659037e-03 2.810915931647592e-03 5.242944342844154e-03 1.124366372659037e-16
2343 9.762499999999997e-09 4.385028853370094e-17 1.124366372658998e-03 2.810915931647496e-03 5.242944342844154e-03 1.124366372658998e-16
2344 9.766666666666663e-09 4.385028853370131e-17 1.124366372659008e-03 2.810915931647521e-03 5.242944342844154e-03 1.124366372659008e-16
2345 9.770833333333331e-09 4.385028853369910e-17 1.124366372658951e-03 2.810915931647378e-03 5.242944342844154e-03 1.124366372658951e-16
2346 9.774999999999997e-09 4.385028853370298e-17 1.124366372659051e-03 2.810915931647627e-03 5.242944342844154e-03 1.124366372659051e-16
2347 9.779166666666662e-09 4.385028853370094e-17 1.124366372658998e-03 2.810915931647496e-03 5.242944342844154e-03 1.124366372658998e-16
2348 9.783333333333330e-09 4.385028853370150e-17 1.124366372659013e-03 2.810915931647532e-03 5.242944342844154e-03 1.124366372659013e-16
2349 9.787499999999996e-09 4.385028853369983e-17 1.124366372658970e-03 2.810915931647425e-03 5.242944342844154e-03 1.124366372658970e-16
2350 9.791666666666663e-09 4.385028853370224e-17 1.124366372659032e-03 2.810915931647580e-03 5.242944342844154e-03 1.124366372659032e-16
2351 9.795833333333329e-09 4.385028853370020e-17 1.124366372658980e-03 2.810915931647449e-03 5.242944342844154e-03 1.124366372658980e-16
2352 9.799999999999997e-09 4.385028853370205e-17 1.124366372659027e-03 2.810915931647567e-03 5.242944342844154e-03 1.124366372659027e-16
2353 9.804166666666663e-09 4.385028853369983e-17 1.124366372658970e-03 2.810915931647425e-03 5.242944342844154e-03 1.124366372658970e-16
2354 9.808333333333330e-09 4.385028853370242e-17 1.124366372659037e-03 2.810915931647592e-03 5.242944342844154e-03 1.124366372659037e-16
2355 9.812499999999996e-09 4.385028853370094e-17 1.124366372658998e-03 2.810915931647496e-03 5.242944342844154e-03 1.124366372658998e-16
2356 9.816666666666664e-09 4.385028853370131e-17 1.124366372659008e-03 2.810915931647521e-03 5.242944342844154e-03 1.124366372659008e-16
2357 9.820833333333329e-09 4.385028853369910e-17 1.124366372658951e-03 2.810915931647378e-03 5.242944342844154e-03 1.124366372658951e-16
2358 9.824999999999997e-09 4.385028853370298e-17 1.124366372659051e-03 2.810915931647627e-03 5.242944342844154e-03 1.124366372659051e-16
2359 9.829166666666663e-09 4.385028853370094e-17 1.124366372658998e-03 2.810915931647496e-03 5.242944342844154e-03 1.124366372658998e-16
2360 9.833333333333330e-09 4.385028853370150e-17 1.124366372659013e-03 2.810915931647532e-03 5.242944342844154e-03 1.124366372659013e-16
2361 9.837499999999996e-09 4.385028853369983e-17 1.124366372658970e-03 2.810915931647425e-03 5.242944342844154e-03 1.124366372658970e-16
2362 9.841666666666664e-09 4.385028853370224e-17 1.124366372659032e-03 2.810915931647580e-03 5.242944342844154e-03 1.124366372659032e-16
2363 9.845833333333330e-09 4.385028853370020e-17 1.124366372658980e-03 2.810915931647449e-03 5.242944342844154e-03 1.124366372658980e-16
2364 9.849999999999997e-09 4.385028853370205e-17 1.124366372659027e-03 2.810915931647567e-03 5.242944342844154e-03 1.124366372659027e-16
2365 9.854166666666663e-09 4.385028853369983e-17 1.124366372658970e-03 2.810915931647425e-03 5.242944342844154e-03 1.124366372658970e-16
2366 9.858333333333331e-09 4.385028853370242e-17 1.124366372659037e-03 2.810915931647592e-03 5.242944342844154e-03 1.124366372659037e-16
2367 9.862499999999996e-09 4.385028853370094e-17 1.124366372658998e-03 2.810915931647496e-03 5.242944342844154e-03 1.124366372658998e-16
2368 9.866666666666662e-09 4.385028853370131e-17 1.124366372659008e-03 2.810915931647521e-03 5.242944342844154e-03 1.124366372659008e-16
2369 9.870833333333330e-09 4.385028853369910e-17 1.124366372658951e-03 2.810915931647378e-03 5.242944342844154e-03 1.124366372658951e-16
2370 9.874999999999996e-09 4.385028853370298e-17 1.124366372659051e-03 2.810915931647627e-03 5.242944342844154e-03 1.124366372659051e-16
2371 9.879166666666663e-09 4.385028853370094e-17 1.124366372658998e-03 2.810915931647496e-03 5.242944342844154e-03 1.124366372658998e-16
2372 9.883333333333329e-09 4.385028853370150e-17 1.124366372659013e-03 2.810915931647532e-03 5.242944342844154e-03 1.124366372659013e-16
2373 9.887499999999997e-09 4.385028853369983e-17 1.124366372658970e-03 2.810915931647425e-03 5.242944342844154e-03 1.124366372658970e-16
2374 9.891666666666663e-09 4.385028853370224e-17 1.124366372659032e-03 2.810915931647580e-03 5.242944342844154e-03 1.124366372659032e-16
2375 9.895833333333330e-09 4.385028853370020e-17 1.124366372658980e-03 2.810915931647449e-03 5.242944342844154e-03 1.124366372658980e-16
2376 9.899999999999996e-09 4.385028853370205e-17 1.124366372659027e-03 2.810915931647567e-03 5.242944342844154e-03 1.124366372659027e-16
2377 9.904166666666664e-09 4.385028853369983e-17 1.124366372658970e-03 2.810915931647425e-03 5.242944342844154e-03 1.124366372658970e-16
2378 9.908333333333329e-09 4.385028853370242e-17 1.124366372659037e-03 2.810915931647592e-03 5.242944342844154e-03 1.124366372659037e-16
2379 9.912499999999997e-09 4.385028853370094e-17 1.124366372658998e-03 2.810915931647496e-03 5.242944342844154e-03 1.124366372658998e-16
2380 9.916666666666663e-09 4.385028853370131e-17 1.124366372659008e-03 2.810915931647521e-03 5.242944342844154e-03 1.124366372659008e-16
2381 9.920833333333330e-09 4.385028853369910e-17 1.124366372658951e-03 2.810915931647378e-03 5.242944342844154e-03 1.124366372658951e-16
2382 9.924999999999996e-09 4.385028853370298e-17 1.124366372659051e-03 2.810915931647627e-03 5.242944342844154e-03 1.124366372659051e-16
2383 9.929166666666664e-09 4.385028853370094e-17 1.124366372658998e-03 2.810915931647496e-03 5.242944342844154e-03 1.124366372658998e-16
2384 9.933333333333330e-09 4.385028853370150e-17 1.124366372659013e-03 2.810915931647532e-03 5.242944342844154e-03 1.124366372659013e-16
2385 9.937499999999997e-09 4.385028853369983e-17 1.124366372658970e-03 2.810915931647425e-03 5.242944342844154e-03 1.124366372658970e-16
2386 9.941666666666663e-09 4.385028853370224e-17 1.124366372659032e-03 2.810915931647580e-03 5.242944342844154e-03 1.124366372659032e-16
2387 9.945833333333331e-09 4.385028853370020e-17 1.124366372658980e-03 2.810915931647449e-03 5.242944342844154e-03 1.124366372658980e-16
2388 9.949999999999996e-09 4.385028853370205e-17 1.124366372659027e-03 2.810915931647567e-03 5.242944342844154e-03 1.124366372659027e-16
2389 9.954166666666664e-09 4.385028853369983e-17 1.124366372658970e-03 2.810915931647425e-03 5.242944342844154e-03 1.124366372658970e-16
2390 9.958333333333330e-09 4.385028853370242e-17 1.124366372659037e-03 2.810915931647592e-03 5.242944342844154e-03 1.124366372659037e-16
2391 9.962499999999996e-09 4.385028853370094e-17 1.124366372658998e-03 2.810915931647496e-03 5.242944342844154e-03 1.124366372658998e-16
2392 9.966666666666663e-09 4.385028853370131e-17 1.124366372659008e-03 2.810915931647521e-03 5.242944342844154e-03 1.124366372659008e-16
2393 9.970833333333329e-09 4.385028853369910e-17 1.124366372658951e-03 2.810915931647378e-03 5.242944342844154e-03 1.124366372658951e-16
2394 9.974999999999997e-09 4.385028853370298e-17 1.124366372659051e-03 2.810915931647627e-03 5.242944342844154e-03 1.124366372659051e-16
2395 9.979166666666663e-09 4.385028853370094e-17 1.124366372658998e-03 2.810915931647496e-03 5.242944342844154e-03 1.124366372658998e-16
2396 9.983333333333330e-09 4.385028853370150e-17 1.124366372659013e-03 2.810915931647532e-03 5.242944342844154e-03 1.124366372659013e-16
2397 9.987499999999996e-09 4.385028853369983e-17 1.124366372658970e-03 2.810915931647425e-03 5.242944342844154e-03 1.124366372658970e-16
2398 9.991666666666663e-09 4.385028853370224e-17 1.124366372659032e-03 2.810915931647580e-03 5.242944342844154e-03 1.124366372659032e-16
2399 9.995833333333329e-09 4.385028853370020e-17 1.124366372658980e-03 2.810915931647449e-03 5.242944342844154e-03 1.124366372658980e-16
2400 9.999999999999997e-09 4.385028853370205e-17 1.124366372659027e-03 2.810915931647567e-03 5.242944342844154e-03 1.124366372659027e-16
2401 1.000416666666666e-08 4.385028853369983e-17 1.124366372658970e-03 2.810915931647425e-03 5.242944342844154e-03 1.124366372658970e-16
2402 1.000833333333333e-08 4.385028853370242e-17 1.124366372659037e-03 2.810915931647592e-03 5.242944342844154e-03 1.124366372659037e-16
2403 1.001250000000000e-08 4.385028853370094e-17 1.124366372658998e-03 2.810915931647496e-03 5.242944342844154e-03 1.124366372658998e-16
2404 1.001666666666666e-08 4.385028853370131e-17 1.124366372659008e-03 2.810915931647521e-03 5.242944342844154e-03 1.124366372659008e-16
2405 1.002083333333333e-08 4.385028853369910e-17 1.124366372658951e-03 2.810915931647378e-03 5.242944342844154e-03 1.124366372658951e-16
2406 1.002500000000000e-08 4.385028853370298e-17 1.124366372659051e-03 2.810915931647627e-03 5.242944342844154e-03 1.124366372659051e-16
2407 1.002916666666666e-08 4.385028853370094e-17 1.124366372658998e-03 2.810915931647496e-03 5.242944342844154e-03 1.124366372658998e-16
2408 1.003333333333333e-08 4.385028853370150e-17 1.124366372659013e-03 2.810915931647532e-03 5.242944342844154e-03 1.124366372659013e-16
2409 1.003750000000000e-08 4.385028853369983e-17 1.124366372658970e-03 2.810915931647425e-03 5.242944342844154e-03 1.124366372658970e-16
2410 1.004166666666666e-08 4.385028853370224e-17 1.124366372659032e-03 2.810915931647580e-03 5.242944342844154e-03 1.124366372659032e-16
2411 1.004583333333333e-08 4.385028853370020e-17 1.124366372658980e-03 2.810915931647449e-03 5.242944342844154e-03 1.124366372658980e-16
2412 1.005000000000000e-08 4.385028853370205e-17 1.124366372659027e-03 2.810915931647567e-03 5.242944342844154e-03 1.124366372659027e-16
2413 1.005416666666666e-08 4.385028853369983e-17 1.124366372658970e-03 2.810915931647425e-03 5.242944342844154e-03 1.124366372658970e-16
2414 1.005833333333333e-08 4.385028853370242e-17 1.124366372659037e-03 2.810915931647592e-03 5.242944342844154e-03 1.124366372659037e-16
2415 1.006250000000000e-08 4.385028853370094e-17 1.124366372658998e-03 2.810915931647496e-03 5.242944342844154e-03 1.124366372658998e-16
2416 1.006666666666666e-08 4.385028853370131e-17 1.124366372659008e-03 2.810915931647521e-03 5.242944342844154e-03 1.124366372659008e-16
2417 1.007083333333333e-08 4.385028853369910e-17 1.124366372658951e-03 2.810915931647378e-03 5.242944342844154e-03 1.124366372658951e-16
2418 1.007500000000000e-08 4.385028853370298e-17 1.124366372659051e-03 2.810915931647627e-03 5.242944342844154e-03 1.124366372659051e-16
2419 1.007916666666666e-08 4.385028853370094e-17 1.124366372658998e-03 2.810915931647496e-03 5.242944342844154e-03 1.124366372658998e-16
2420 1.008333333333333e-08 4.385028853370150e-17 1.124366372659013e-03 2.810915931647532e-03 5.242944342844154e-03 1.124366372659013e-16
2421 1.008750000000000e-08 4.385028853369983e-17 1.124366372658970e-03 2.810915931647425e-03 5.242944342844154e-03 1.124366372658970e-16
2422 1.009166666666666e-08 4.385028853370224e-17 1.124366372659032e-03 2.810915931647580e-03 5.242944342844154e-03 1.124366372659032e-16
2423 1.009583333333333e-08 4.385028853370020e-17 1.124366372658980e-03 2.810915931647449e-03 5.242944342844154e-03 1.124366372658980e-16
2424 1.010000000000000e-08 4.385028853370205e-17 1.124366372659027e-03 2.810915931647567e-03 5.242944342844154e-03 1.124366372659027e-16
2425 1.010416666666666e-08 4.385028853369983e-17 1.124366372658970e-03 2.810915931647425e-03 5.242944342844154e-03 1.124366372658970e-16
2426 1.010833333333333e-08 4.385028853370242e-17 1.124366372659037e-03 2.810915931647592e-03 5.242944342844154e-03 1.124366372659037e-16
2427 1.011250000000000e-08 4.385028853370094e-17 1.124366372658998e-03 2.810915931647496e-03 5.242944342844154e-03 1.124366372658998e-16
2428 1.011666666666666e-08 4.385028853370131e-17 1.124366372659008e-03 2.810915931647521e-03 5.242944342844154e-03 1.124366372659008e-16
2429 1.012083333333333e-08 4.385028853369910e-17 1.124366372658951e-03 2.810915931647378e-03 5.242944342844154e-03 1.124366372658951e-16
2430 1.012500000000000e-08 4.385028853370298e-17 1.124366372659051e-03 2.810915931647627e-03 5.242944342844154e-03 1.124366372659051e-16
2431 1.012916666666666e-08 4.385028853370094e-17 1.124366372658998e-03 2.810915931647496e-03 5.242944342844154e-03 1.124366372658998e-16
2432 1.013333333333333e-08 4.385028853370150e-17 1.124366372659013e-03 2.810915931647532e-03 5.242944342844154e-03 1.124366372659013e-16
2433 1.013750000000000e-08 4.385028853369983e-17 1.124366372658970e-03 2.810915931647425e-03 5.242944342844154e-03 1.124366372658970e-16
2434 1.014166666666666e-08 4.385028853370224e-17 1.124366372659032e-03 2.810915931647580e-03 5.242944342844154e-03 1.124366372659032e-16
2435 1.014583333333333e-08 4.385028853370020e-17 1.124366372658980e-03 2.810915931647449e-03 5.242944342844154e-03 1.124366372658980e-16
2436 1.015000000000000e-08 4.385028853370205e-17 1.124366372659027e-03 2.810915931647567e-03 5.242944342844154e-03 1.124366372659027e-16
2437 1.015416666666666e-08 4.385028853369983e-17 1.124366372658970e-03 2.810915931647425e-03 5.242944342844154e-03 1.124366372658970e-16
2438 1.015833333333333e-08 4.385028853370242e-17 1.124366372659037e-03 2.810915931647592e-03 5.242944342844154e-03 1.124366372659037e-16
2439 1.016250000000000e-08 4.385028853370094e-17 1.124366372658998e-03 2.810915931647496e-03 5.242944342844154e-03 1.124366372658998e-16
2440 1.016666666666666e-08 4.385028853370131e-17 1.124366372659008e-03 2.810915931647521e-03 5.242944342844154e-03 1.124366372659008e-16
2441 1.017083333333333e-08 4.385028853369910e-17 1.124366372658951e-03 2.810915931647378e-03 5.242944342844154e-03 1.124366372658951e-16
2442 1.017500000000000e-08 4.385028853370298e-17 1.124366372659051e-03 2.810915931647627e-03 5.242944342844154e-03 1.124366372659051e-16
2443 1.017916666666666e-08 4.385028853370094e-17 1.124366372658998e-03 2.810915931647496e-03 5.242944342844154e-03 1.124366372658998e-16
2444 1.018333333333333e-08 4.385028853370150e-17 1.124366372659013e-03 2.810915931647532e-03 5.242944342844154e-03 1.124366372659013e-16
2445 1.018750000000000e-08 4.385028853369983e-17 1.124366372658970e-03 2.810915931647425e-03 5.242944342844154e-03 1.124366372658970e-16
2446 1.019166666666666e-08 4.385028853370224e-17 1.124366372659032e-03 2.810915931647580e-03 5.242944342844154e-03 1.124366372659032e-16
2447 1.019583333333333e-08 4.385028853370020e-17 1.124366372658980e-03 2.810915931647449e-03 5.242944342844154e-03 1.124366372658980e-16
2448 1.020000000000000e-08 4.385028853370205e-17 1.124366372659027e-03 2.810915931647567e-03 5.242944342844154e-03 1.124366372659027e-16
2449 1.020416666666666e-08 4.385028853369983e-17 1.124366372658970e-03 2.810915931647425e-03 5.242944342844154e-03 1.124366372658970e-16
2450 1.020833333333333e-08 4.385028853370242e-17 1.124366372659037e-03 2.810915931647592e-03 5.242944342844154e-03 1.124366372659037e-16
2451 1.021250000000000e-08 4.385028853370094e-17 1.124366372658998e-03 2.810915931647496e-03 5.242944342844154e-03 1.124366372658998e-16
2452 1.021666666666666e-08 4.385028853370131e-17 1.124366372659008e-03 2.810915931647521e-03 5.242944342844154e-03 1.124366372659008e-16
2453 1.022083333333333e-08 4.385028853369910e-17 1.124366372658951e-03 2.810915931647378e-03 5.242944342844154e-03 1.124366372658951e-16
2454 1.022500000000000e-08 4.385028853370298e-17 1.124366372659051e-03 2.810915931647627e-03 5.242944342844154e-03 1.124366372659051e-16
2455 1.022916666666666e-08 4.385028853370094e-17 1.124366372658998e-03 2.810915931647496e-03 5.242944342844154e-03 1.124366372658998e-16
2456 1.023333333333333e-08 4.385028853370150e-17 1.124366372659013e-03 2.810915931647532e-03 5.242944342844154e-03 1.124366372659013e-16
2457 1.023750000000000e-08 4.385028853369983e-17 1.124366372658970e-03 2.810915931647425e-03 5.242944342844154e-03 1.124366372658970e-16
2458 1.024166666666666e-08 4.385028853370224e-17 1.124366372659032e-03 2.810915931647580e-03 5.242944342844154e-03 1.124366372659032e-16
2459 1.024583333333333e-08 4.385028853370020e-17 1.124366372658980e-03 2.810915931647449e-03 5.242944342844154e-03 1.124366372658980e-16
2460 1.025000000000000e-08 4.385028853370205e-17 1.124366372659027e-03 2.810915931647567e-03 5.242944342844154e-03 1.124366372659027e-16
2461 1.025416666666666e-08 4.385028853369983e-17 1.124366372658970e-03 2.810915931647425e-03 5.242944342844154e-03 1.124366372658970e-16
2462 1.025833333333333e-08 4.385028853370242e-17 1.124366372659037e-03 2.810915931647592e-03 5.242944342844154e-03 1.124366372659037e-16
2463 1.026250000000000e-08 4.385028853370094e-17 1.124366372658998e-03 2.810915931647496e-03 5.242944342844154e-03 1.124366372658998e-16
2464 1.026666666666666e-08 4.385028853370131e-17 1.124366372659008e-03 2.810915931647521e-03 5.242944342844154e-03 1.124366372659008e-16
2465 1.027083333333333e-08 4.385028853369910e-17 1.124366372658951e-03 2.810915931647378e-03 5.242944342844154e-03 1.124366372658951e-16
2466 1.027500000000000e-08 4.385028853370298e-17 1.124366372659051e-03 2.810915931647627e-03 5.242944342844154e-03 1.124366372659051e-16
2467 1.027916666666666e-08 4.385028853370094e-17 1.124366372658998e-03 2.810915931647496e-03 5.242944342844154e-03 1.124366372658998e-16
2468 1.028333333333333e-08 4.385028853370150e-17 1.124366372659013e-03 2.810915931647532e-03 5.242944342844154e-03 1.124366372659013e-16
2469 1.028750000000000e-08 4.385028853369983e-17 1.124366372658970e-03 2.810915931647425e-03 5.242944342844154e-03 1.124366372658970e-16
2470 1.029166666666666e-08 4.385028853370224e-17 1.124366372659032e-03 2.810915931647580e-03 5.242944342844154e-03 1.124366372659032e-16
2471 1.029583333333333e-08 4.385028853370020e-17 1.124366372658980e-03 2.810915931647449e-03 5.242944342844154e-03 1.124366372658980e-16
2472 1.030000000000000e-08 4.385028853370205e-17 1.124366372659027e-03 2.810915931647567e-03 5.242944342844154e-03 1.124366372659027e-16
2473 1.030416666666666e-08 4.385028853369983e-17 1.124366372658970e-03 2.810915931647425e-03 5.242944342844154e-03 1.124366372658970e-16
2474 1.030833333333333e-08 4.385028853370242e-17 1.124366372659037e-03 2.810915931647592e-03 5.242944342844154e-03 1.124366372659037e-16
2475 1.031250000000000e-08 4.385028853370094e-17 1.124366372658998e-03 2.810915931647496e-03 5.242944342844154e-03 1.124366372658998e-16
2476 1.031666666666666e-08 4.385028853370131e-17 1.124366372659008e-03 2.810915931647521e-03 5.242944342844154e-03 1.124366372659008e-16
2477 1.032083333333333e-08 4.385028853369910e-17 1.124366372658951e-03 2.810915931647378e-03 5.242944342844154e-03 1.124366372658951e-16
2478 1.032500000000000e-08 4.385028853370298e-17 1.124366372659051e-03 2.810915931647627e-03 5.242944342844154e-03 1.124366372659051e-16
2479 1.032916666666666e-08 4.385028853370094e-17 1.124366372658998e-03 2.810915931647496e-03 5.242944342844154e-03 1.124366372658998e-16
2480 1.033333333333333e-08 4.385028853370150e-17 1.124366372659013e-03 2.810915931647532e-03 5.242944342844154e-03 1.124366372659013e-16
2481 1.033750000000000e-08 4.385028853369983e-17 1.124366372658970e-03 2.810915931647425e-03 5.242944342844154e-03 1.124366372658970e-16
2482 1.034166666666666e-08 4.385028853370224e-17 1.124366372659032e-03 2.810915931647580e-03 5.242944342844154e-03 1.124366372659032e-16
2483 1.034583333333333e-08 4.385028853370020e-17 1.124366372658980e-03 2.810915931647449e-03 5.242944342844154e-03 1.124366372658980e-16
2484 1.035000000000000e-08 4.385028853370205e-17 1.124366372659027e-03 2.810915931647567e-03 5.242944342844154e-03 1.124366372659027e-16
2485 1.035416666666666e-08 4.385028853369983e-17 1.124366372658970e-03 2.810915931647425e-03 5.242944342844154e-03 1.124366372658970e-16
2486 1.035833333333333e-08 4.385028853370242e-17 1.124366372659037e-03 2.810915931647592e-03 5.242944342844154e-03 1.124366372659037e-16
2487 1.036250000000000e-08 4.385028853370094e-17 1.124366372658998e-03 2.810915931647496e-03 5.242944342844154e-03 1.124366372658998e-16
2488 1.036666666666666e-08 4.385028853370131e-17 1.124366372659008e-03 2.810915931647521e-03 5.242944342844154e-03 1.124366372659008e-16
2489 1.037083333333333e-08 4.385028853369910e-17 1.124366372658951e-03 2.810915931647378e-03 5.242944342844154e-03 1.124366372658951e-16
2490 1.037500000000000e-08 4.385028853370298e-17 1.124366372659051e-03 2.810915931647627e-03 5.242944342844154e-03 1.124366372659051e-16
2491 1.037916666666666e-08 4.385028853370094e-17 1.124366372658998e-03 2.810915931647496e-03 5.242944342844154e-03 1.124366372658998e-16
2492 1.038333333333333e-08 4.385028853370150e-17 1.124366372659013e-03 2.810915931647532e-03 5.242944342844154e-03 1.124366372659013e-16
2493 1.038750000000000e-08 4.385028853369983e-17 1.124366372658970e-03 2.810915931647425e-03 5.242944342844154e-03 1.124366372658970e-16
2494 1.039166666666666e-08 4.385028853370224e-17 1.124366372659032e-03 2.810915931647580e-03 5.242944342844154e-03 1.124366372659032e-16
2495 1.039583333333333e-08 4.385028853370020e-17 1.124366372658980e-03 2.810915931647449e-03 5.242944342844154e-03 1.124366372658980e-16
2496 1.040000000000000e-08 4.385028853370205e-17 1.124366372659027e-03 2.810915931647567e-03 5.242944342844154e-03 1.124366372659027e-16
2497 1.040416666666666e-08 4.385028853369983e-17 1.124366372658970e-03 2.810915931647425e-03 5.242944342844154e-03 1.124366372658970e-16
2498 1.040833333333333e-08 4.385028853370242e-17 1.124366372659037e-03 2.810915931647592e-03 5.242944342844154e-03 1.124366372659037e-16
2499 1.041250000000000e-08 4.385028853370094e-17 1.124366372658998e-03 2.810915931647496e-03 5.242944342844154e-03 1.124366372658998e-16
2500 1.041666666666666e-08 4.385028853370131e-17 1.124366372659008e-03 2.810915931647521e-03 5.242944342844154e-03 1.124366372659008e-16
2501 1.042083333333333e-08 4.385028853369910e-17 1.124366372658951e-03 2.810915931647378e-03 5.242944342844154e-03 1.124366372658951e-16
2502 1.042500000000000e-08 4.385028853370298e-17 1.124366372659051e-03 2.810915931647627e-03 5.242944342844154e-03 1.124366372659051e-16
2503 1.042916666666666e-08 4.385028853370094e-17 1.124366372658998e-03 2.810915931647496e-03 5.242944342844154e-03 1.124366372658998e-16
2504 1.043333333333333e-08 4.385028853370150e-17 1.124366372659013e-03 2.810915931647532e-03 5.242944342844154e-03 1.124366372659013e-16
2505 1.043750000000000e-08 4.385028853369983e-17 1.124366372658970e-03 2.810915931647425e-03 5.242944342844154e-03 1.124366372658970e-16
2506 1.044166666666666e-08 4.385028853370224e-17 1.124366372659032e-03 2.810915931647580e-03 5.242944342844154e-03 1.124366372659032e-16
2507 1.044583333333333e-08 4.385028853370020e-17 1.124366372658980e-03 2.810915931647449e-03 5.242944342844154e-03 1.124366372658980e-16
2508 1.045000000000000e-08 4.385028853370205e-17 1.124366372659027e-03 2.810915931647567e-03 5.242944342844154e-03 1.124366372659027e-16
2509 1.045416666666666e-08 4.385028853369983e-17 1.124366372658970e-03 2.810915931647425e-03 5.242944342844154e-03 1.124366372658970e-16
2510 1.045833333333333e-08 4.385028853370242e-17 1.124366372659037e-03 2.810915931647592e-03 5.242944342844154e-03 1.124366372659037e-16
2511 1.046250000000000e-08 4.385028853370094e-17 1.124366372658998e-03 2.810915931647496e-03 5.242944342844154e-03 1.124366372658998e-16
2512 1.046666666666666e-08 4.385028853370131e-17 1.124366372659008e-03 2.810915931647521e-03 5.242944342844154e-03 1.124366372659008e-16
2513 1.047083333333333e-08 4.385028853369910e-17 1.124366372658951e-03 2.810915931647378e-03 5.242944342844154e-03 1.124366372658951e-16
2514 1.047500000000000e-08 4.385028853370298e-17 1.124366372659051e-03 2.810915931647627e-03 5.242944342844154e-03 1.124366372659051e-16
2515 1.047916666666666e-08 4.385028853370094e-17 1.124366372658998e-03 2.810915931647496e-03 5.242944342844154e-03 1.124366372658998e-16
2516 1.048333333333333e-08 4.385028853370150e-17 1.124366372659013e-03 2.810915931647532e-03 5.242944342844154e-03 1.124366372659013e-16
2517 1.048750000000000e-08 4.385028853369983e-17 1.124366372658970e-03 2.810915931647425e-03 5.242944342844154e-03 1.124366372658970e-16
2518 1.049166666666666e-08 4.385028853370224e-17 1.124366372659032e-03 2.810915931647580e-03 5.242944342844154e-03 1.124366372659032e-16
2519 1.049583333333333e-08 4.385028853370020e-17 1.124366372658980e-03 2.810915931647449e-03 5.242944342844154e-03 1.124366372658980e-16
2520 1.050000000000000e-08 4.385028853370205e-17 1.124366372659027e-03 2.810915931647567e-03 5.242944342844154e-03 1.124366372659027e-16
2521 1.050416666666666e-08 4.385028853369983e-17 1.124366372658970e-03 2.810915931647425e-03 5.242944342844154e-03 1.124366372658970e-16
2522 1.050833333333333e-08 4.385028853370242e-17 1.124366372659037e-03 2.810915931647592e-03 5.242944342844154e-03 1.124366372659037e-16
2523 1.051250000000000e-08 4.385028853370094e-17 1.124366372658998e-03 2.810915931647496e-03 5.242944342844154e-03 1.124366372658998e-16
2524 1.051666666666666e-08 4.385028853370131e-17 1.124366372659008e-03 2.810915931647521e-03 5.242944342844154e-03 1.124366372659008e-16
2525 1.052083333333333e-08 4.385028853369910e-17 1.124366372658951e-03 2.810915931647378e-03 5.242944342844154e-03 1.124366372658951e-16
2526 1.052500000000000e-08 4.385028853370298e-17 1.124366372659051e-03 2.810915931647627e-03 5.242944342844154e-03 1.124366372659051e-16
2527 1.052916666666666e-08 4.385028853370094e-17 1.124366372658998e-03 2.810915931647496e-03 5.242944342844154e-03 1.124366372658998e-16
2528 1.053333333333333e-08 4.385028853370150e-17 1.124366372659013e-03 2.810915931647532e-03 5.242944342844154e-03 1.124366372659013e-16
2529 1.053750000000000e-08 4.385028853369983e-17 1.124366372658970e-03 2.810915931647425e-03 5.242944342844154e-03 1.124366372658970e-16
2530 1.054166666666666e-08 4.385028853370224e-17 1.124366372659032e-03 2.810915931647580e-03 5.242944342844154e-03 1.124366372659032e-16
2531 1.054583333333333e-08 4.385028853370020e-17 1.124366372658980e-03 2.810915931647449e-03 5.242944342844154e-03 1.124366372658980e-16
2532 1.055000000000000e-08 4.385028853370205e-17 1.124366372659027e-03 2.810915931647567e-03 5.242944342844154e-03 1.124366372659027e-16
2533 1.055416666666666e-08 4.385028853369983e-17 1.124366372658970e-03 2.810915931647425e-03 5.242944342844154e-03 1.124366372658970e-16
2534 1.055833333333333e-08 4.385028853370242e-17 1.124366372659037e-03 2.810915931647592e-03 5.242944342844154e-03 1.124366372659037e-16
2535 1.056250000000000e-08 4.385028853370094e-17 1.124366372658998e-03 2.810915931647496e-03 5.242944342844154e-03 1.124366372658998e-16
2536 1.056666666666666e-08 4.385028853370131e-17 1.124366372659008e-03 2.810915931647521e-03 5.242944342844154e-03 1.124366372659008e-16
2537 1.057083333333333e-08 4.385028853369910e-17 1.124366372658951e-03 2.810915931647378e-03 5.242944342844154e-03 1.124366372658951e-16
2538 1.057500000000000e-08 4.385028853370298e-17 1.124366372659051e-03 2.810915931647627e-03 5.242944342844154e-03 1.124366372659051e-16
2539 1.057916666666666e-08 4.385028853370094e-17 1.124366372658998e-03 2.810915931647496e-03 5.242944342844154e-03 1.124366372658998e-16
2540 1.058333333333333e-08 4.385028853370150e-17 1.124366372659013e-03 2.810915931647532e-03 5.242944342844154e-03 1.124366372659013e-16
2541 1.058750000000000e-08 4.385028853369983e-17 1.124366372658970e-03 2.810915931647425e-03 5.242944342844154e-03 1.124366372658970e-16
2542 1.059166666666666e-08 4.385028853370224e-17 1.124366372659032e-03 2.810915931647580e-03 5.242944342844154e-03 1.124366372659032e-16
2543 1.059583333333333e-08 4.385028853370020e-17 1.124366372658980e-03 2.810915931647449e-03 5.242944342844154e-03 1.124366372658980e-16
2544 1.060000000000000e-08 4.385028853370205e-17 1.124366372659027e-03 2.810915931647567e-03 5.242944342844154e-03 1.124366372659027e-16
2545 1.060416666666666e-08 4.385028853369983e-17 1.124366372658970e-03 2.810915931647425e-03 5.242944342844154e-03 1.124366372658970e-16
2546 1.060833333333333e-08 4.385028853370242e-17 1.124366372659037e-03 2.810915931647592e-03 5.242944342844154e-03 1.124366372659037e-16
2547 1.061250000000000e-08 4.385028853370094e-17 1.124366372658998e-03 2.810915931647496e-03 5.242944342844154e-03 1.124366372658998e-16
2548 1.061666666666666e-08 4.385028853370131e-17 1.124366372659008e-03 2.810915931647521e-03 5.242944342844154e-03 1.124366372659008e-16
2549 1.062083333333333e-08 4.385028853369910e-17 1.124366372658951e-03 2.810915931647378e-03 5.242944342844154e-03 1.124366372658951e-16
2550 1.062500000000000e-08 4.385028853370298e-17 1.124366372659051e-03 2.810915931647627e-03 5.242944342844154e-03 1.124366372659051e-16
2551 1.062916666666666e-08 4.385028853370094e-17 1.124366372658998e-03 2.810915931647496e-03 5.242944342844154e-03 1.124366372658998e-16
2552 1.063333333333333e-08 4.385028853370150e-17 1.124366372659013e-03 2.810915931647532e-03 5.242944342844154e-03 1.124366372659013e-16
2553 1.063750000000000e-08 4.385028853369983e-17 1.124366372658970e-03 2.810915931647425e-03 5.242944342844154e-03 1.124366372658970e-16
2554 1.064166666666666e-08 4.385028853370224e-17 1.124366372659032e-03 2.810915931647580e-03 5.242944342844154e-03 1.124366372659032e-16
2555 1.064583333333333e-08 4.385028853370020e-17 1.124366372658980e-03 2.810915931647449e-03 5.242944342844154e-03 1.124366372658980e-16
2556 1.065000000000000e-08 4.385028853370205e-17 1.124366372659027e-03 2.810915931647567e-03 5.242944342844154e-03 1.124366372659027e-16
2557 1.065416666666666e-08 4.385028853369983e-17 1.124366372658970e-03 2.810915931647425e-03 5.242944342844154e-03 1.124366372658970e-16
2558 1.065833333333333e-08 4.385028853370242e-17 1.124366372659037e-03 2.810915931647592e-03 5.242944342844154e-03 1.124366372659037e-16
2559 1.066250000000000e-08 4.385028853370094e-17 1.124366372658998e-03 2.810915931647496e-03 5.242944342844154e-03 1.124366372658998e-16
2560 1.066666666666666e-08 4.385028853370131e-17 1.124366372659008e-03 2.810915931647521e-03 5.242944342844154e-03 1.124366372659008e-16
2561 1.067083333333333e-08 4.385028853369910e-17 1.124366372658951e-03 2.810915931647378e-03 5.242944342844154e-03 1.124366372658951e-16
2562 1.067500000000000e-08 4.385028853370298e-17 1.124366372659051e-03 2.810915931647627e-03 5.242944342844154e-03 1.124366372659051e-16
2563 1.067916666666666e-08 4.385028853370094e-17 1.124366372658998e-03 2.810915931647496e-03 5.242944342844154e-03 1.124366372658998e-16
2564 1.068333333333333e-08 4.385028853370150e-17 1.124366372659013e-03 2.810915931647532e-03 5.242944342844154e-03 1.124366372659013e-16
2565 1.068750000000000e-08 4.385028853369983e-17 1.124366372658970e-03 2.810915931647425e-03 5.242944342844154e-03 1.124366372658970e-16
2566 1.069166666666666e-08 4.385028853370224e-17 1.124366372659032e-03 2.810915931647580e-03 5.242944342844154e-03 1.124366372659032e-16
2567 1.069583333333333e-08 4.385028853370020e-17 1.124366372658980e-03 2.810915931647449e-03 5.242944342844154e-03 1.124366372658980e-16
2568 1.070000000000000e-08 4.385028853370205e-17 1.124366372659027e-03 2.810915931647567e-03 5.242944342844154e-03 1.124366372659027e-16
2569 1.070416666666666e-08 4.385028853369983e-17 1.124366372658970e-03 2.810915931647425e-03 5.242944342844154e-03 1.124366372658970e-16
2570 1.070833333333333e-08 4.385028853370242e-17 1.124366372659037e-03 2.810915931647592e-03 5.242944342844154e-03 1.124366372659037e-16
2571 1.071250000000000e-08 4.385028853370094e-17 1.124366372658998e-03 2.810915931647496e-03 5.242944342844154e-03 1.124366372658998e-16
2572 1.071666666666666e-08 4.385028853370131e-17 1.124366372659008e-03 2.810915931647521e-03 5.242944342844154e-03 1.124366372659008e-16
2573 1.072083333333333e-08 4.385028853369910e-17 1.124366372658951e-03 2.810915931647378e-03 5.242944342844154e-03 1.124366372658951e-16
2574 1.072500000000000e-08 4.385028853370298e-17 1.124366372659051e-03 2.810915931647627e-03 5.242944342844154e-03 1.124366372659051e-16
2575 1.072916666666666e-08 4.385028853370094e-17 1.124366372658998e-03 2.810915931647496e-03 5.242944342844154e-03 1.124366372658998e-16
2576 1.073333333333333e-08 4.385028853370150e-17 1.124366372659013e-03 2.810915931647532e-03 5.242944342844154e-03 1.124366372659013e-16
2577 1.073750000000000e-08 4.385028853369983e-17 1.124366372658970e-03 2.810915931647425e-03 5.242944342844154e-03 1.124366372658970e-16
2578 1.074166666666666e-08 4.385028853370224e-17 1.124366372659032e-03 2.810915931647580e-03 5.242944342844154e-03 1.124366372659032e-16
2579 1.074583333333333e-08 4.385028853370020e-17 1.124366372658980e-03 2.810915931647449e-03 5.242944342844154e-03 1.124366372658980e-16
2580 1.075000000000000e-08 4.385028853370205e-17 1.124366372659027e-03 2.810915931647567e-03 5.242944342844154e-03 1.124366372659027e-16
2581 1.075416666666666e-08 4.385028853369983e-17 1.124366372658970e-03 2.810915931647425e-03 5.242944342844154e-03 1.124366372658970e-16
2582 1.075833333333333e-08 4.385028853370242e-17 1.124366372659037e-03 2.810915931647592e-03 5.242944342844154e-03 1.124366372659037e-16
2583 1.076250000000000e-08 4.385028853370094e-17 1.124366372658998e-03 2.810915931647496e-03 5.242944342844154e-03 1.124366372658998e-16
2584 1.076666666666666e-08 4.385028853370131e-17 1.124366372659008e-03 2.810915931647521e-03 5.242944342844154e-03 1.124366372659008e-16
2585 1.077083333333333e-08 4.385028853369910e-17 1.124366372658951e-03 2.810915931647378e-03 5.242944342844154e-03 1.124366372658951e-16
2586 1.077500000000000e-08 4.385028853370298e-17 1.124366372659051e-03 2.810915931647627e-03 5.242944342844154e-03 1.124366372659051e-16
2587 1.077916666666666e-08 4.385028853370094e-17 1.124366372658998e-03 2.810915931647496e-03 5.242944342844154e-03 1.124366372658998e-16
2588 1.078333333333333e-08 4.385028853370150e-17 1.124366372659013e-03 2.810915931647532e-03 5.242944342844154e-03 1.124366372659013e-16
2589 1.078750000000000e-08 4.385028853369983e-17 1.124366372658970e-03 2.810915931647425e-03 5.242944342844154e-03 1.124366372658970e-16
2590 1.079166666666666e-08 4.385028853370224e-17 1.124366372659032e-03 2.810915931647580e-03 5.242944342844154e-03 1.124366372659032e-16
2591 1.079583333333333e-08 4.385028853370020e-17 1.124366372658980e-03 2.810915931647449e-03 5.242944342844154e-03 1.124366372658980e-16
2592 1.080000000000000e-08 4.385028853370205e-17 1.124366372659027e-03 2.810915931647567e-03 5.242944342844154e-03 1.124366372659027e-16
2593 1.080416666666666e-08 4.385028853369983e-17 1.124366372658970e-03 2.810915931647425e-03 5.242944342844154e-03 1.124366372658970e-16
2594 1.080833333333333e-08 4.385028853370242e-17 1.124366372659037e-03 2.810915931647592e-03 5.242944342844154e-03 1.124366372659037e-16
2595 1.081250000000000e-08 4.385028853370094e-17 1.124366372658998e-03 2.810915931647496e-03 5.242944342844154e-03 1.124366372658998e-16
2596 1.081666666666666e-08 4.385028853370131e-17 1.124366372659008e-03 2.810915931647521e-03 5.242944342844154e-03 1.124366372659008e-16
2597 1.082083333333333e-08 4.385028853369910e-17 1.124366372658951e-03 2.810915931647378e-03 5.242944342844154e-03 1.124366372658951e-16
2598 1.082500000000000e-08 4.385028853370298e-17 1.124366372659051e-03 2.810915931647627e-03 5.242944342844154e-03 1.124366372659051e-16
2599 1.082916666666666e-08 4.385028853370094e-17 1.124366372658998e-03 2.810915931647496e-03 5.242944342844154e-03 1.124366372658998e-16
2600 1.083333333333333e-08 4.385028853370150e-17 1.124366372659013e-03 2.810915931647532e-03 5.242944342844154e-03 1.124366372659013e-16
2601 1.083750000000000e-08 4.385028853369983e-17 1.124366372658970e-03 2.810915931647425e-03 5.242944342844154e-03 1.124366372658970e-16
2602 1.084166666666666e-08 4.385028853370224e-17 1.124366372659032e-03 2.810915931647580e-03 5.242944342844154e-03 1.124366372659032e-16
2603 1.084583333333333e-08 4.385028853370020e-17 1.124366372658980e-03 2.810915931647449e-03 5.242944342844154e-03 1.124366372658980e-16
2604 1.085000000000000e-08 4.385028853370205e-17 1.124366372659027e-03 2.810915931647567e-03 5.242944342844154e-03 1.124366372659027e-16
2605 1.085416666666666e-08 4.385028853369983e-17 1.124366372658970e-03 2.810915931647425e-03 5.242944342844154e-03 1.124366372658970e-16
2606 1.085833333333333e-08 4.385028853370242e-17 1.124366372659037e-03 2.810915931647592e-03 5.242944342844154e-03 1.124366372659037e-16
2607 1.086250000000000e-08 4.385028853370094e-17 1.124366372658998e-03 2.810915931647496e-03 5.242944342844154e-03 1.124366372658998e-16
2608 1.086666666666666e-08 4.385028853370131e-17 1.124366372659008e-03 2.810915931647521e-03 5.242944342844154e-03 1.124366372659008e-16
2609 1.087083333333333e-08 4.385028853369910e-17 1.124366372658951e-03 2.810915931647378e-03 5.242944342844154e-03 1.124366372658951e-16
2610 1.087500000000000e-08 4.385028853370298e-17 1.124366372659051e-03 2.810915931647627e-03 5.242944342844154e-03 1.124366372659051e-16
2611 1.087916666666666e-08 4.385028853370094e-17 1.124366372658998e-03 2.810915931647496e-03 5.242944342844154e-03 1.124366372658998e-16
2612 1.088333333333333e-08 4.385028853370150e-17 1.124366372659013e-03 2.810915931647532e-03 5.242944342844154e-03 1.124366372659013e-16
2613 1.088750000000000e-08 4.385028853369983e-17 1.124366372658970e-03 2.810915931647425e-03 5.242944342844154e-03 1.124366372658970e-16
2614 1.089166666666666e-08 4.385028853370224e-17 1.124366372659032e-03 2.810915931647580e-03 5.242944342844154e-03 1.124366372659032e-16
2615 1.089583333333333e-08 4.385028853370020e-17 1.124366372658980e-03 2.810915931647449e-03 5.242944342844154e-03 1.124366372658980e-16
2616 1.090000000000000e-08 4.385028853370205e-17 1.124366372659027e-03 2.810915931647567e-03 5.242944342844154e-03 1.124366372659027e-16
2617 1.090416666666666e-08 4.385028853369983e-17 1.124366372658970e-03 2.810915931647425e-03 5.242944342844154e-03 1.124366372658970e-16
2618 1.090833333333333e-08 4.385028853370242e-17 1.124366372659037e-03 2.810915931647592e-03 5.242944342844154e-03 1.124366372659037e-16
2619 1.091250000000000e-08 4.385028853370094e-17 1.124366372658998e-03 2.810915931647496e-03 5.242944342844154e-03 1.124366372658998e-16
2620 1.091666666666666e-08 4.385028853370131e-17 1.124366372659008e-03 2.810915931647521e-03 5.242944342844154e-03 1.124366372659008e-16
2621 1.092083333333333e-08 4.385028853369910e-17 1.124366372658951e-03 2.810915931647378e-03 5.242944342844154e-03 1.124366372658951e-16
2622 1.092500000000000e-08 4.385028853370298e-17 1.124366372659051e-03 2.810915931647627e-03 5.242944342844154e-03 1.124366372659051e-16
2623 1.092916666666666e-08 4.385028853370094e-17 1.124366372658998e-03 2.810915931647496e-03 5.242944342844154e-03 1.124366372658998e-16
2624 1.093333333333333e-08 4.385028853370150e-17 1.124366372659013e-03 2.810915931647532e-03 5.242944342844154e-03 1.124366372659013e-16
2625 1.093750000000000e-08 4.385028853369983e-17 1.124366372658970e-03 2.810915931647425e-03 5.242944342844154e-03 1.124366372658970e-16
2626 1.094166666666666e-08 4.385028853370224e-17 1.124366372659032e-03 2.810915931647580e-03 5.242944342844154e-03 1.124366372659032e-16
2627 1.094583333333333e-08 4.385028853370020e-17 1.124366372658980e-03 2.810915931647449e-03 5.242944342844154e-03 1.124366372658980e-16
2628 1.095000000000000e-08 4.385028853370205e-17 1.124366372659027e-03 2.810915931647567e-03 5.242944342844154e-03 1.124366372659027e-16
2629 1.095416666666666e-08 4.385028853369983e-17 1.124366372658970e-03 2.810915931647425e-03 5.242944342844154e-03 1.124366372658970e-16
2630 1.095833333333333e-08 4.385028853370242e-17 1.124366372659037e-03 2.810915931647592e-03 5.242944342844154e-03 1.124366372659037e-16
2631 1.096250000000000e-08 4.385028853370094e-17 1.124366372658998e-03 2.810915931647496e-03 5.242944342844154e-03 1.124366372658998e-16
2632 1.096666666666666e-08 4.385028853370131e-17 1.124366372659008e-03 2.810915931647521e-03 5.242944342844154e-03 1.124366372659008e-16
2633 1.097083333333333e-08 4.385028853369910e-17 1.124366372658951e-03 2.810915931647378e-03 5.242944342844154e-03 1.124366372658951e-16
2634 1.097500000000000e-08 4.385028853370298e-17 1.124366372659051e-03 2.810915931647627e-03 5.242944342844154e-03 1.124366372659051e-16
2635 1.097916666666666e-08 4.385028853370094e-17 1.124366372658998e-03 2.810915931647496e-03 5.242944342844154e-03 1.124366372658998e-16
2636 1.098333333333333e-08 4.385028853370150e-17 1.124366372659013e-03 2.810915931647532e-03 5.242944342844154e-03 1.124366372659013e-16
2637 1.098750000000000e-08 4.385028853369983e-17 1.124366372658970e-03 2.810915931647425e-03 5.242944342844154e-03 1.124366372658970e-16
2638 1.099166666666666e-08 4.385028853370224e-17 1.124366372659032e-03 2.810915931647580e-03 5.242944342844154e-03 1.124366372659032e-16
2639 1.099583333333333e-08 4.385028853370020e-17 1.124366372658980e-03 2.810915931647449e-03 5.242944342844154e-03 1.124366372658980e-16
2640 1.100000000000000e-08 4.385028853370205e-17 1.124366372659027e-03 2.810915931647567e-03 5.242944342844154e-03 1.124366372659027e-16
2641 1.100416666666666e-08 4.385028853369983e-17 1.124366372658970e-03 2.810915931647425e-03 5.242944342844154e-03 1.124366372658970e-16
2642 1.100833333333333e-08 4.385028853370242e-17 1.124366372659037e-03 2.810915931647592e-03 5.242944342844154e-03 1.124366372659037e-16
2643 1.101250000000000e-08 4.385028853370094e-17 1.124366372658998e-03 2.810915931647496e-03 5.242944342844154e-03 1.124366372658998e-16
2644 1.101666666666666e-08 4.385028853370131e-17 1.124366372659008e-03 2.810915931647521e-03 5.242944342844154e-03 1.124366372659008e-16
2645 1.102083333333333e-08 4.385028853369910e-17 1.124366372658951e-03 2.810915931647378e-03 5.242944342844154e-03 1.124366372658951e-16
2646 1.102500000000000e-08 4.385028853370298e-17 1.124366372659051e-03 2.810915931647627e-03 5.242944342844154e-03 1.124366372659051e-16
2647 1.102916666666666e-08 4.385028853370094e-17 1.124366372658998e-03 2.810915931647496e-03 5.242944342844154e-03 1.124366372658998e-16
2648 1.103333333333333e-08 4.385028853370150e-17 1.124366372659013e-03 2.810915931647532e-03 5.242944342844154e-03 1.124366372659013e-16
2649 1.103750000000000e-08 4.385028853369983e-17 1.124366372658970e-03 2.810915931647425e-03 5.242944342844154e-03 1.124366372658970e-16
2650 1.104166666666666e-08 4.385028853370224e-17 1.124366372659032e-03 2.810915931647580e-03 5.242944342844154e-03 1.124366372659032e-16
2651 1.104583333333333e-08 4.385028853370020e-17 1.124366372658980e-03 2.810915931647449e-03 5.242944342844154e-03 1.124366372658980e-16
2652 1.105000000000000e-08 4.385028853370205e-17 1.124366372659027e-03 2.810915931647567e-03 5.242944342844154e-03 1.124366372659027e-16
2653 1.105416666666666e-08 4.385028853369983e-17 1.124366372658970e-03 2.810915931647425e-03 5.242944342844154e-03 1.124366372658970e-16
2654 1.105833333333333e-08 4.385028853370242e-17 1.124366372659037e-03 2.810915931647592e-03 5.242944342844154e-03 1.124366372659037e-16
2655 1.106250000000000e-08 4.385028853370094e-17 1.124366372658998e-03 2.810915931647496e-03 5.242944342844154e-03 1.124366372658998e-16
2656 1.106666666666666e-08 4.385028853370131e-17 1.124366372659008e-03 2.810915931647521e-03 5.242944342844154e-03 1.124366372659008e-16
2657 1.107083333333333e-08 4.385028853369910e-17 1.124366372658951e-03 2.810915931647378e-03 5.242944342844154e-03 1.124366372658951e-16
2658 1.107500000000000e-08 4.385028853370298e-17 1.124366372659051e-03 2.810915931647627e-03 5.242944342844154e-03 1.124366372659051e-16
2659 1.107916666666666e-08 4.385028853370094e-17 1.124366372658998e-03 2.810915931647496e-03 5.242944342844154e-03 1.124366372658998e-16
2660 1.108333333333333e-08 4.385028853370150e-17 1.124366372659013e-03 2.810915931647532e-03 5.242944342844154e-03 1.124366372659013e-16
2661 1.108750000000000e-08 4.385028853369983e-17 1.124366372658970e-03 2.810915931647425e-03 5.242944342844154e-03 1.124366372658970e-16
2662 1.109166666666666e-08 4.385028853370224e-17 1.124366372659032e-03 2.810915931647580e-03 5.242944342844154e-03 1.124366372659032e-16
2663 1.109583333333333e-08 4.385028853370020e-17 1.124366372658980e-03 2.810915931647449e-03 5.242944342844154e-03 1.124366372658980e-16
2664 1.110000000000000e-08 4.385028853370205e-17 1.124366372659027e-03 2.810915931647567e-03 5.242944342844154e-03 1.124366372659027e-16
2665 1.110416666666666e-08 4.385028853369983e-17 1.124366372658970e-03 2.810915931647425e-03 5.242944342844154e-03 1.124366372658970e-16
2666 1.110833333333333e-08 4.385028853370242e-17 1.124366372659037e-03 2.810915931647592e-03 5.242944342844154e-03 1.124366372659037e-16
2667 1.111250000000000e-08 4.385028853370094e-17 1.124366372658998e-03 2.810915931647496e-03 5.242944342844154e-03 1.124366372658998e-16
2668 1.111666666666666e-08 4.385028853370131e-17 1.124366372659008e-03 2.810915931647521e-03 5.242944342844154e-03 1.124366372659008e-16
2669 1.112083333333333e-08 4.385028853369910e-17 1.124366372658951e-03 2.810915931647378e-03 5.242944342844154e-03 1.124366372658951e-16
2670 1.112500000000000e-08 4.385028853370298e-17 1.124366372659051e-03 2.810915931647627e-03 5.242944342844154e-03 1.124366372659051e-16
2671 1.112916666666666e-08 4.385028853370094e-17 1.124366372658998e-03 2.810915931647496e-03 5.242944342844154e-03 1.124366372658998e-16
2672 1.113333333333333e-08 4.385028853370150e-17 1.124366372659013e-03 2.810915931647532e-03 5.242944342844154e-03 1.124366372659013e-16
2673 1.113750000000000e-08 4.385028853369983e-17 1.124366372658970e-03 2.810915931647425e-03 5.242944342844154e-03 1.124366372658970e-16
2674 1.114166666666666e-08 4.385028853370224e-17 1.124366372659032e-03 2.810915931647580e-03 5.242944342844154e-03 1.124366372659032e-16
2675 1.114583333333333e-08 4.385028853370020e-17 1.124366372658980e-03 2.810915931647449e-03 5.242944342844154e-03 1.124366372658980e-16
2676 1.115000000000000e-08 4.385028853370205e-17 1.124366372659027e-03 2.810915931647567e-03 5.242944342844154e-03 1.124366372659027e-16
2677 1.115416666666666e-08 4.385028853369983e-17 1.124366372658970e-03 2.810915931647425e-03 5.242944342844154e-03 1.124366372658970e-16
2678 1.115833333333333e-08 4.385028853370242e-17 1.124366372659037e-03 2.810915931647592e-03 5.242944342844154e-03 1.124366372659037e-16
2679 1.116250000000000e-08 4.385028853370094e-17 1.124366372658998e-03 2.810915931647496e-03 5.242944342844154e-03 1.124366372658998e-16
2680 1.116666666666666e-08 4.385028853370131e-17 1.124366372659008e-03 2.810915931647521e-03 5.242944342844154e-03 1.124366372659008e-16
2681 1.117083333333333e-08 4.385028853369910e-17 1.124366372658951e-03 2.810915931647378e-03 5.242944342844154e-03 1.124366372658951e-16
2682 1.117500000000000e-08 4.385028853370298e-17 1.124366372659051e-03 2.810915931647627e-03 5.242944342844154e-03 1.124366372659051e-16
2683 1.117916666666666e-08 4.385028853370094e-17 1.124366372658998e-03 2.810915931647496e-03 5.242944342844154e-03 1.124366372658998e-16
2684 1.118333333333333e-08 4.385028853370150e-17 1.124366372659013e-03 2.810915931647532e-03 5.242944342844154e-03 1.124366372659013e-16
2685 1.118750000000000e-08 4.385028853369983e-17 1.124366372658970e-03 2.810915931647425e-03 5.242944342844154e-03 1.124366372658970e-16
2686 1.119166666666666e-08 4.385028853370224e-17 1.124366372659032e-03 2.810915931647580e-03 5.242944342844154e-03 1.124366372659032e-16
2687 1.119583333333333e-08 4.385028853370020e-17 1.124366372658980e-03 2.810915931647449e-03 5.242944342844154e-03 1.124366372658980e-16
2688 1.120000000000000e-08 4.385028853370205e-17 1.124366372659027e-03 2.810915931647567e-03 5.242944342844154e-03 1.124366372659027e-16
2689 1.120416666666666e-08 4.385028853369983e-17 1.124366372658970e-03 2.810915931647425e-03 5.242944342844154e-03 1.124366372658970e-16
2690 1.120833333333333e-08 4.385028853370242e-17 1.124366372659037e-03 2.810915931647592e-03 5.242944342844154e-03 1.124366372659037e-16
2691 1.121250000000000e-08 4.385028853370094e-17 1.124366372658998e-03 2.810915931647496e-03 5.242944342844154e-03 1.124366372658998e-16
2692 1.121666666666666e-08 4.385028853370131e-17 1.124366372659008e-03 2.810915931647521e-03 5.242944342844154e-03 1.124366372659008e-16
2693 1.122083333333333e-08 4.385028853369910e-17 1.124366372658951e-03 2.810915931647378e-03 5.242944342844154e-03 1.124366372658951e-16
2694 1.122500000000000e-08 4.385028853370298e-17 1.124366372659051e-03 2.810915931647627e-03 5.242944342844154e-03 1.124366372659051e-16
2695 1.122916666666666e-08 4.385028853370094e-17 1.124366372658998e-03 2.810915931647496e-03 5.242944342844154e-03 1.124366372658998e-16
2696 1.123333333333333e-08 4.385028853370150e-17 1.124366372659013e-03 2.810915931647532e-03 5.242944342844154e-03 1.124366372659013e-16
2697 1.123750000000000e-08 4.385028853369983e-17 1.124366372658970e-03 2.810915931647425e-03 5.242944342844154e-03 1.124366372658970e-16
2698 1.124166666666666e-08 4.385028853370224e-17 1.124366372659032e-03 2.810915931647580e-03 5.242944342844154e-03 1.124366372659032e-16
2699 1.124583333333333e-08 4.385028853370020e-17 1.124366372658980e-03 2.810915931647449e-03 5.242944342844154e-03 1.124366372658980e-16
2700 1.125000000000000e-08 4.385028853370205e-17 1.124366372659027e-03 2.810915931647567e-03 5.242944342844154e-03 1.124366372659027e-16
2701 1.125416666666666e-08 4.385028853369983e-17 1.124366372658970e-03 2.810915931647425e-03 5.242944342844154e-03 1.124366372658970e-16
2702 1.125833333333333e-08 4.385028853370242e-17 1.124366372659037e-03 2.810915931647592e-03 5.242944342844154e-03 1.124366372659037e-16
2703 1.126250000000000e-08 4.385028853370094e-17 1.124366372658998e-03 2.810915931647496e-03 5.242944342844154e-03 1.124366372658998e-16
2704 1.126666666666666e-08 4.385028853370131e-17 1.124366372659008e-03 2.810915931647521e-03 5.242944342844154e-03 1.124366372659008e-16
2705 1.127083333333333e-08 4.385028853369910e-17 1.124366372658951e-03 2.810915931647378e-03 5.242944342844154e-03 1.124366372658951e-16
2706 1.127500000000000e-08 4.385028853370298e-17 1.124366372659051e-03 2.810915931647627e-03 5.242944342844154e-03 1.124366372659051e-16
2707 1.127916666666666e-08 4.385028853370094e-17 1.124366372658998e-03 2.810915931647496e-03 5.242944342844154e-03 1.124366372658998e-16
2708 1.128333333333333e-08 4.385028853370150e-17 1.124366372659013e-03 2.810915931647532e-03 5.242944342844154e-03 1.124366372659013e-16
2709 1.128750000000000e-08 4.385028853369983e-17 1.124366372658970e-03 2.810915931647425e-03 5.242944342844154e-03 1.124366372658970e-16
2710 1.129166666666666e-08 4.385028853370224e-17 1.124366372659032e-03 2.810915931647580e-03 5.242944342844154e-03 1.124366372659032e-16
2711 1.129583333333333e-08 4.385028853370020e-17 1.124366372658980e-03 2.810915931647449e-03 5.242944342844154e-03 1.124366372658980e-16
2712 1.130000000000000e-08 4.385028853370205e-17 1.124366372659027e-03 2.810915931647567e-03 5.242944342844154e-03 1.124366372659027e-16
2713 1.130416666666666e-08 4.385028853369983e-17 1.124366372658970e-03 2.810915931647425e-03 5.242944342844154e-03 1.124366372658970e-16
2714 1.130833333333333e-08 4.385028853370242e-17 1.124366372659037e-03 2.810915931647592e-03 5.242944342844154e-03 1.124366372659037e-16
2715 1.131250000000000e-08 4.385028853370094e-17 1.124366372658998e-03 2.810915931647496e-03 5.242944342844154e-03 1.124366372658998e-16
2716 1.131666666666666e-08 4.385028853370131e-17 1.124366372659008e-03 2.810915931647521e-03 5.242944342844154e-03 1.124366372659008e-16
2717 1.132083333333333e-08 4.385028853369910e-17 1.124366372658951e-03 2.810915931647378e-03 5.242944342844154e-03 1.124366372658951e-16
2718 1.132500000000000e-08 4.385028853370298e-17 1.124366372659051e-03 2.810915931647627e-03 5.242944342844154e-03 1.124366372659051e-16
2719 1.132916666666666e-08 4.385028853370094e-17 1.124366372658998e-03 2.810915931647496e-03 5.242944342844154e-03 1.124366372658998e-16
2720 1.133333333333333e-08 4.385028853370150e-17 1.124366372659013e-03 2.810915931647532e-03 5.242944342844154e-03 1.124366372659013e-16
2721 1.133750000000000e-08 4.385028853369983e-17 1.124366372658970e-03 2.810915931647425e-03 5.242944342844154e-03 1.124366372658970e-16
2722 1.134166666666666e-08 4.385028853370224e-17 1.124366372659032e-03 2.810915931647580e-03 5.242944342844154e-03 1.124366372659032e-16
2723 1.134583333333333e-08 4.385028853370020e-17 1.124366372658980e-03 2.810915931647449e-03 5.242944342844154e-03 1.124366372658980e-16
2724 1.135000000000000e-08 4.385028853370205e-17 1.124366372659027e-03 2.810915931647567e-03 5.242944342844154e-03 1.124366372659027e-16
2725 1.135416666666666e-08 4.385028853369983e-17 1.124366372658970e-03 2.810915931647425e-03 5.242944342844154e-03 1.124366372658970e-16
2726 1.135833333333333e-08 4.385028853370242e-17 1.124366372659037e-03 2.810915931647592e-03 5.242944342844154e-03 1.124366372659037e-16
2727 1.136250000000000e-08 4.385028853370094e-17 1.124366372658998e-03 2.810915931647496e-03 5.242944342844154e-03 1.124366372658998e-16
2728 1.136666666666666e-08 4.385028853370131e-17 1.124366372659008e-03 2.810915931647521e-03 5.242944342844154e-03 1.124366372659008e-16
2729 1.137083333333333e-08 4.385028853369910e-17 1.124366372658951e-03 2.810915931647378e-03 5.242944342844154e-03 1.124366372658951e-16
2730 1.137500000000000e-08 4.385028853370298e-17 1.124366372659051e-03 2.810915931647627e-03 5.242944342844154e-03 1.124366372659051e-16
2731 1.137916666666666e-08 4.385028853370094e-17 1.124366372658998e-03 2.810915931647496e-03 5.242944342844154e-03 1.124366372658998e-16
2732 1.138333333333333e-08 4.385028853370150e-17 1.124366372659013e-03 2.810915931647532e-03 5.242944342844154e-03 1.124366372659013e-16
2733 1.138750000000000e-08 4.385028853369983e-17 1.124366372658970e-03 2.810915931647425e-03 5.242944342844154e-03 1.124366372658970e-16
2734 1.139166666666666e-08 4.385028853370224e-17 1.124366372659032e-03 2.810915931647580e-03 5.242944342844154e-03 1.124366372659032e-16
2735 1.139583333333333e-08 4.385028853370020e-17 1.124366372658980e-03 2.810915931647449e-03 5.242944342844154e-03 1.124366372658980e-16
2736 1.140000000000000e-08 4.385028853370205e-17 1.124366372659027e-03 2.810915931647567e-03 5.242944342844154e-03 1.124366372659027e-16
2737 1.140416666666666e-08 4.385028853369983e-17 1.124366372658970e-03 2.810915931647425e-03 5.242944342844154e-03 1.124366372658970e-16
2738 1.140833333333333e-08 4.385028853370242e-17 1.124366372659037e-03 2.810915931647592e-03 5.242944342844154e-03 1.124366372659037e-16
2739 1.141250000000000e-08 4.385028853370094e-17 1.124366372658998e-03 2.810915931647496e-03 5.242944342844154e-03 1.124366372658998e-16
2740 1.141666666666666e-08 4.385028853370131e-17 1.124366372659008e-03 2.810915931647521e-03 5.242944342844154e-03 1.124366372659008e-16
2741 1.142083333333333e-08 4.385028853369910e-17 1.124366372658951e-03 2.810915931647378e-03 5.242944342844154e-03 1.124366372658951e-16
2742 1.142500000000000e-08 4.385028853370298e-17 1.124366372659051e-03 2.810915931647627e-03 5.242944342844154e-03 1.124366372659051e-16
2743 1.142916666666666e-08 4.385028853370094e-17 1.124366372658998e-03 2.810915931647496e-03 5.242944342844154e-03 1.124366372658998e-16
2744 1.143333333333333e-08 4.385028853370150e-17 1.124366372659013e-03 2.810915931647532e-03 5.242944342844154e-03 1.124366372659013e-16
2745 1.143750000000000e-08 4.385028853369983e-17 1.124366372658970e-03 2.810915931647425e-03 5.242944342844154e-03 1.124366372658970e-16
2746 1.144166666666666e-08 4.385028853370224e-17 1.124366372659032e-03 2.810915931647580e-03 5.242944342844154e-03 1.124366372659032e-16
2747 1.144583333333333e-08 4.385028853370020e-17 1.124366372658980e-03 2.810915931647449e-03 5.242944342844154e-03 1.124366372658980e-16
2748 1.145000000000000e-08 4.385028853370205e-17 1.124366372659027e-03 2.810915931647567e-03 5.242944342844154e-03 1.124366372659027e-16
2749 1.145416666666666e-08 4.385028853369983e-17 1.124366372658970e-03 2.810915931647425e-03 5.242944342844154e-03 1.124366372658970e-16
2750 1.145833333333333e-08 4.385028853370242e-17 1.124366372659037e-03 2.810915931647592e-03 5.242944342844154e-03 1.124366372659037e-16
2751 1.146250000000000e-08 4.385028853370094e-17 1.124366372658998e-03 2.810915931647496e-03 5.242944342844154e-03 1.124366372658998e-16
2752 1.146666666666666e-08 4.385028853370131e-17 1.124366372659008e-03 2.810915931647521e-03 5.242944342844154e-03 1.124366372659008e-16
2753 1.147083333333333e-08 4.385028853369910e-17 1.124366372658951e-03 2.810915931647378e-03 5.242944342844154e-03 1.124366372658951e-16
2754 1.147500000000000e-08 4.385028853370298e-17 1.124366372659051e-03 2.810915931647627e-03 5.242944342844154e-03 1.124366372659051e-16
2755 1.147916666666666e-08 4.385028853370094e-17 1.124366372658998e-03 2.810915931647496e-03 5.242944342844154e-03 1.124366372658998e-16
2756 1.148333333333333e-08 4.385028853370150e-17 1.124366372659013e-03 2.810915931647532e-03 5.242944342844154e-03 1.124366372659013e-16
2757 1.148750000000000e-08 4.385028853369983e-17 1.124366372658970e-03 2.810915931647425e-03 5.242944342844154e-03 1.124366372658970e-16
2758 1.149166666666666e-08 4.385028853370224e-17 1.124366372659032e-03 2.810915931647580e-03 5.242944342844154e-03 1.124366372659032e-16
2759 1.149583333333333e-08 4.385028853370020e-17 1.124366372658980e-03 2.810915931647449e-03 5.242944342844154e-03 1.124366372658980e-16
2760 1.150000000000000e-08 4.385028853370205e-17 1.124366372659027e-03 2.810915931647567e-03 5.242944342844154e-03 1.124366372659027e-16
2761 1.150416666666666e-08 4.385028853369983e-17 1.124366372658970e-03 2.810915931647425e-03 5.242944342844154e-03 1.124366372658970e-16
2762 1.150833333333333e-08 4.385028853370242e-17 1.124366372659037e-03 2.810915931647592e-03 5.242944342844154e-03 1.124366372659037e-16
2763 1.151250000000000e-08 4.385028853370094e-17 1.124366372658998e-03 2.810915931647496e-03 5.242944342844154e-03 1.124366372658998e-16
2764 1.151666666666666e-08 4.385028853370131e-17 1.124366372659008e-03 2.810915931647521e-03 5.242944342844154e-03 1.124366372659008e-16
2765 1.152083333333333e-08 4.385028853369910e-17 1.124366372658951e-03 2.810915931647378e-03 5.242944342844154e-03 1.124366372658951e-16
2766 1.152500000000000e-08 4.385028853370298e-17 1.124366372659051e-03 2.810915931647627e-03 5.242944342844154e-03 1.124366372659051e-16
2767 1.152916666666666e-08 4.385028853370094e-17 1.124366372658998e-03 2.810915931647496e-03 5.242944342844154e-03 1.124366372658998e-16
2768 1.153333333333333e-08 4.385028853370150e-17 1.124366372659013e-03 2.810915931647532e-03 5.242944342844154e-03 1.124366372659013e-16
2769 1.153750000000000e-08 4.385028853369983e-17 1.124366372658970e-03 2.810915931647425e-03 5.242944342844154e-03 1.124366372658970e-16
2770 1.154166666666666e-08 4.385028853370224e-17 1.124366372659032e-03 2.810915931647580e-03 5.242944342844154e-03 1.124366372659032e-16
2771 1.154583333333333e-08 4.385028853370020e-17 1.124366372658980e-03 2.810915931647449e-03 5.242944342844154e-03 1.124366372658980e-16
2772 1.155000000000000e-08 4.385028853370205e-17 1.124366372659027e-03 2.810915931647567e-03 5.242944342844154e-03 1.124366372659027e-16
2773 1.155416666666666e-08 4.385028853369983e-17 1.124366372658970e-03 2.810915931647425e-03 5.242944342844154e-03 1.124366372658970e-16
2774 1.155833333333333e-08 4.385028853370242e-17 1.124366372659037e-03 2.810915931647592e-03 5.242944342844154e-03 1.124366372659037e-16
2775 1.156250000000000e-08 4.385028853370094e-17 1.124366372658998e-03 2.810915931647496e-03 5.242944342844154e-03 1.124366372658998e-16
2776 1.156666666666666e-08 4.385028853370131e-17 1.124366372659008e-03 2.810915931647521e-03 5.242944342844154e-03 1.124366372659008e-16
2777 1.157083333333333e-08 4.385028853369910e-17 1.124366372658951e-03 2.810915931647378e-03 5.242944342844154e-03 1.124366372658951e-16
2778 1.157500000000000e-08 4.385028853370298e-17 1.124366372659051e-03 2.810915931647627e-03 5.242944342844154e-03 1.124366372659051e-16
2779 1.157916666666666e-08 4.385028853370094e-17 1.124366372658998e-03 2.810915931647496e-03 5.242944342844154e-03 1.124366372658998e-16
2780 1.158333333333333e-08 4.385028853370150e-17 1.124366372659013e-03 2.810915931647532e-03 5.242944342844154e-03 1.124366372659013e-16
2781 1.158750000000000e-08 4.385028853369983e-17 1.124366372658970e-03 2.810915931647425e-03 5.242944342844154e-03 1.124366372658970e-16
2782 1.159166666666666e-08 4.385028853370224e-17 1.124366372659032e-03 2.810915931647580e-03 5.242944342844154e-03 1.124366372659032e-16
2783 1.159583333333333e-08 4.385028853370020e-17 1.124366372658980e-03 2.810915931647449e-03 5.242944342844154e-03 1.124366372658980e-16
2784 1.160000000000000e-08 4.385028853370205e-17 1.124366372659027e-03 2.810915931647567e-03 5.242944342844154e-03 1.124366372659027e-16
2785 1.160416666666666e-08 4.385028853369983e-17 1.124366372658970e-03 2.810915931647425e-03 5.242944342844154e-03 1.124366372658970e-16
2786 1.160833333333333e-08 4.385028853370242e-17 1.124366372659037e-03 2.810915931647592e-03 5.242944342844154e-03 1.124366372659037e-16
2787 1.161250000000000e-08 4.385028853370094e-17 1.124366372658998e-03 2.810915931647496e-03 5.242944342844154e-03 1.124366372658998e-16
2788 1.161666666666666e-08 4.385028853370131e-17 1.124366372659008e-03 2.810915931647521e-03 5.242944342844154e-03 1.124366372659008e-16
2789 1.162083333333333e-08 4.385028853369910e-17 1.124366372658951e-03 2.810915931647378e-03 5.242944342844154e-03 1.124366372658951e-16
2790 1.162500000000000e-08 4.385028853370298e-17 1.124366372659051e-03 2.810915931647627e-03 5.242944342844154e-03 1.124366372659051e-16
2791 1.162916666666666e-08 4.385028853370094e-17 1.124366372658998e-03 2.810915931647496e-03 5.242944342844154e-03 1.124366372658998e-16
2792 1.163333333333333e-08 4.385028853370150e-17 1.124366372659013e-03 2.810915931647532e-03 5.242944342844154e-03 1.124366372659013e-16
2793 1.163750000000000e-08 4.385028853369983e-17 1.124366372658970e-03 2.810915931647425e-03 5.242944342844154e-03 1.124366372658970e-16
2794 1.164166666666666e-08 4.385028853370224e-17 1.124366372659032e-03 2.810915931647580e-03 5.242944342844154e-03 1.124366372659032e-16
2795 1.164583333333333e-08 4.385028853370020e-17 1.124366372658980e-03 2.810915931647449e-03 5.242944342844154e-03 1.124366372658980e-16
2796 1.165000000000000e-08 4.385028853370205e-17 1.124366372659027e-03 2.810915931647567e-03 5.242944342844154e-03 1.124366372659027e-16
2797 1.165416666666666e-08 4.385028853369983e-17 1.124366372658970e-03 2.810915931647425e-03 5.242944342844154e-03 1.124366372658970e-16
2798 1.165833333333333e-08 4.385028853370242e-17 1.124366372659037e-03 2.810915931647592e-03 5.242944342844154e-03 1.124366372659037e-16
2799 1.166250000000000e-08 4.385028853370094e-17 1.124366372658998e-03 2.810915931647496e-03 5.242944342844154e-03 1.124366372658998e-16
2800 1.166666666666666e-08 4.385028853370131e-17 1.124366372659008e-03 2.810915931647521e-03 5.242944342844154e-03 1.124366372659008e-16
2801 1.167083333333333e-08 4.385028853369910e-17 1.124366372658951e-03 2.810915931647378e-03 5.242944342844154e-03 1.124366372658951e-16
2802 1.167500000000000e-08 4.385028853370298e-17 1.124366372659051e-03 2.810915931647627e-03 5.242944342844154e-03 1.124366372659051e-16
2803 1.167916666666666e-08 4.385028853370094e-17 1.124366372658998e-03 2.810915931647496e-03 5.242944342844154e-03 1.124366372658998e-16
2804 1.168333333333333e-08 4.385028853370150e-17 1.124366372659013e-03 2.810915931647532e-03 5.242944342844154e-03 1.124366372659013e-16
2805 1.168750000000000e-08 4.385028853369983e-17 1.124366372658970e-03 2.810915931647425e-03 5.242944342844154e-03 1.124366372658970e-16
2806 1.169166666666666e-08 4.385028853370224e-17 1.124366372659032e-03 2.810915931647580e-03 5.242944342844154e-03 1.124366372659032e-16
2807 1.169583333333333e-08 4.385028853370020e-17 1.124366372658980e-03 2.810915931647449e-03 5.242944342844154e-03 1.124366372658980e-16
2808 1.170000000000000e-08 4.385028853370205e-17 1.124366372659027e-03 2.810915931647567e-03 5.242944342844154e-03 1.124366372659027e-16
2809 1.170416666666666e-08 4.385028853369983e-17 1.124366372658970e-03 2.810915931647425e-03 5.242944342844154e-03 1.124366372658970e-16
2810 1.170833333333333e-08 4.385028853370242e-17 1.124366372659037e-03 2.810915931647592e-03 5.242944342844154e-03 1.124366372659037e-16
2811 1.171250000000000e-08 4.385028853370094e-17 1.124366372658998e-03 2.810915931647496e-03 5.242944342844154e-03 1.124366372658998e-16
2812 1.171666666666666e-08 4.385028853370131e-17 1.124366372659008e-03 2.810915931647521e-03 5.242944342844154e-03 1.124366372659008e-16
2813 1.172083333333333e-08 4.385028853369910e-17 1.124366372658951e-03 2.810915931647378e-03 5.242944342844154e-03 1.124366372658951e-16
2814 1.172500000000000e-08 4.385028853370298e-17 1.124366372659051e-03 2.810915931647627e-03 5.242944342844154e-03 1.124366372659051e-16
2815 1.172916666666666e-08 4.385028853370094e-17 1.124366372658998e-03 2.810915931647496e-03 5.242944342844154e-03 1.124366372658998e-16
2816 1.173333333333333e-08 4.385028853370150e-17 1.124366372659013e-03 2.810915931647532e-03 5.242944342844154e-03 1.124366372659013e-16
2817 1.173750000000000e-08 4.385028853369983e-17 1.124366372658970e-03 2.810915931647425e-03 5.242944342844154e-03 1.124366372658970e-16
2818 1.174166666666666e-08 4.385028853370224e-17 1.124366372659032e-03 2.810915931647580e-03 5.242944342844154e-03 1.124366372659032e-16
2819 1.174583333333333e-08 4.385028853370020e-17 1.124366372658980e-03 2.810915931647449e-03 5.242944342844154e-03 1.124366372658980e-16
2820 1.175000000000000e-08 4.385028853370205e-17 1.124366372659027e-03 2.810915931647567e-03 5.242944342844154e-03 1.124366372659027e-16
2821 1.175416666666666e-08 4.385028853369983e-17 1.124366372658970e-03 2.810915931647425e-03 5.242944342844154e-03 1.124366372658970e-16
2822 1.175833333333333e-08 4.385028853370242e-17 1.124366372659037e-03 2.810915931647592e-03 5.242944342844154e-03 1.124366372659037e-16
2823 1.176250000000000e-08 4.385028853370094e-17 1.124366372658998e-03 2.810915931647496e-03 5.242944342844154e-03 1.124366372658998e-16
2824 1.176666666666666e-08 4.385028853370131e-17 1.124366372659008e-03 2.810915931647521e-03 5.242944342844154e-03 1.124366372659008e-16
2825 1.177083333333333e-08 4.385028853369910e-17 1.124366372658951e-03 2.810915931647378e-03 5.242944342844154e-03 1.124366372658951e-16
2826 1.177500000000000e-08 4.385028853370298e-17 1.124366372659051e-03 2.810915931647627e-03 5.242944342844154e-03 1.124366372659051e-16
2827 1.177916666666666e-08 4.385028853370094e-17 1.124366372658998e-03 2.810915931647496e-03 5.242944342844154e-03 1.124366372658998e-16
2828 1.178333333333333e-08 4.385028853370150e-17 1.124366372659013e-03 2.810915931647532e-03 5.242944342844154e-03 1.124366372659013e-16
2829 1.178750000000000e-08 4.385028853369983e-17 1.124366372658970e-03 2.810915931647425e-03 5.242944342844154e-03 1.124366372658970e-16
2830 1.179166666666666e-08 4.385028853370224e-17 1.124366372659032e-03 2.810915931647580e-03 5.242944342844154e-03 1.124366372659032e-16
2831 1.179583333333333e-08 4.385028853370020e-17 1.124366372658980e-03 2.810915931647449e-03 5.242944342844154e-03 1.124366372658980e-16
2832 1.180000000000000e-08 4.385028853370205e-17 1.124366372659027e-03 2.810915931647567e-03 5.242944342844154e-03 1.124366372659027e-16
2833 1.180416666666666e-08 4.385028853369983e-17 1.124366372658970e-03 2.810915931647425e-03 5.242944342844154e-03 1.124366372658970e-16
2834 1.180833333333333e-08 4.385028853370242e-17 1.124366372659037e-03 2.810915931647592e-03 5.242944342844154e-03 1.124366372659037e-16
2835 1.181250000000000e-08 4.385028853370094e-17 1.124366372658998e-03 2.810915931647496e-03 5.242944342844154e-03 1.124366372658998e-16
2836 1.181666666666666e-08 4.385028853370131e-17 1.124366372659008e-03 2.810915931647521e-03 5.242944342844154e-03 1.124366372659008e-16
2837 1.182083333333333e-08 4.385028853369910e-17 1.124366372658951e-03 2.810915931647378e-03 5.242944342844154e-03 1.124366372658951e-16
2838 1.182500000000000e-08 4.385028853370298e-17 1.124366372659051e-03 2.810915931647627e-03 5.242944342844154e-03 1.124366372659051e-16
2839 1.182916666666666e-08 4.385028853370094e-17 1.124366372658998e-03 2.810915931647496e-03 5.242944342844154e-03 1.124366372658998e-16
2840 1.183333333333333e-08 4.385028853370150e-17 1.124366372659013e-03 2.810915931647532e-03 5.242944342844154e-03 1.124366372659013e-16
2841 1.183750000000000e-08 4.385028853369983e-17 1.124366372658970e-03 2.810915931647425e-03 5.242944342844154e-03 1.124366372658970e-16
2842 1.184166666666666e-08 4.385028853370224e-17 1.124366372659032e-03 2.810915931647580e-03 5.242944342844154e-03 1.124366372659032e-16
2843 1.184583333333333e-08 4.385028853370020e-17 1.124366372658980e-03 2.810915931647449e-03 5.242944342844154e-03 1.124366372658980e-16
2844 1.185000000000000e-08 4.385028853370205e-17 1.124366372659027e-03 2.810915931647567e-03 5.242944342844154e-03 1.124366372659027e-16
2845 1.185416666666666e-08 4.385028853369983e-17 1.124366372658970e-03 2.810915931647425e-03 5.242944342844154e-03 1.124366372658970e-16
2846 1.185833333333333e-08 4.385028853370242e-17 1.124366372659037e-03 2.810915931647592e-03 5.242944342844154e-03 1.124366372659037e-16
2847 1.186250000000000e-08 4.385028853370094e-17 1.124366372658998e-03 2.810915931647496e-03 5.242944342844154e-03 1.124366372658998e-16
2848 1.186666666666666e-08 4.385028853370131e-17 1.124366372659008e-03 2.810915931647521e-03 5.242944342844154e-03 1.124366372659008e-16
2849 1.187083333333333e-08 4.385028853369910e-17 1.124366372658951e-03 2.810915931647378e-03 5.242944342844154e-03 1.124366372658951e-16
2850 1.187500000000000e-08 4.385028853370298e-17 1.124366372659051e-03 2.810915931647627e-03 5.242944342844154e-03 1.124366372659051e-16
2851 1.187916666666666e-08 4.385028853370094e-17 1.124366372658998e-03 2.810915931647496e-03 5.242944342844154e-03 1.124366372658998e-16
2852 1.188333333333333e-08 4.385028853370150e-17 1.124366372659013e-03 2.810915931647532e-03 5.242944342844154e-03 1.124366372659013e-16
2853 1.188750000000000e-08 4.385028853369983e-17 1.124366372658970e-03 2.810915931647425e-03 5.242944342844154e-03 1.124366372658970e-16
2854 1.189166666666666e-08 4.385028853370224e-17 1.124366372659032e-03 2.810915931647580e-03 5.242944342844154e-03 1.124366372659032e-16
2855 1.189583333333333e-08 4.385028853370020e-17 1.124366372658980e-03 2.810915931647449e-03 5.242944342844154e-03 1.124366372658980e-16
2856 1.190000000000000e-08 4.385028853370205e-17 1.124366372659027e-03 2.810915931647567e-03 5.242944342844154e-03 1.124366372659027e-16
2857 1.190416666666666e-08 4.385028853369983e-17 1.124366372658970e-03 2.810915931647425e-03 5.242944342844154e-03 1.124366372658970e-16
2858 1.190833333333333e-08 4.385028853370242e-17 1.124366372659037e-03 2.810915931647592e-03 5.242944342844154e-03 1.124366372659037e-16
2859 1.191250000000000e-08 4.385028853370094e-17 1.124366372658998e-03 2.810915931647496e-03 5.242944342844154e-03 1.124366372658998e-16
2860 1.191666666666666e-08 4.385028853370131e-17 1.124366372659008e-03 2.810915931647521e-03 5.242944342844154e-03 1.124366372659008e-16
2861 1.192083333333333e-08 4.385028853369910e-17 1.124366372658951e-03 2.810915931647378e-03 5.242944342844154e-03 1.124366372658951e-16
2862 1.192500000000000e-08 4.385028853370298e-17 1.124366372659051e-03 2.810915931647627e-03 5.242944342844154e-03 1.124366372659051e-16
2863 1.192916666666666e-08 4.385028853370094e-17 1.124366372658998e-03 2.810915931647496e-03 5.242944342844154e-03 1.124366372658998e-16
2864 1.193333333333333e-08 4.385028853370150e-17 1.124366372659013e-03 2.810915931647532e-03 5.242944342844154e-03 1.124366372659013e-16
2865 1.193750000000000e-08 4.385028853369983e-17 1.124366372658970e-03 2.810915931647425e-03 5.242944342844154e-03 1.124366372658970e-16
2866 1.194166666666666e-08 4.385028853370224e-17 1.124366372659032e-03 2.810915931647580e-03 5.242944342844154e-03 1.124366372659032e-16
2867 1.194583333333333e-08 4.385028853370020e-17 1.124366372658980e-03 2.810915931647449e-03 5.242944342844154e-03 1.124366372658980e-16
2868 1.195000000000000e-08 4.385028853370205e-17 1.124366372659027e-03 2.810915931647567e-03 5.242944342844154e-03 1.124366372659027e-16
2869 1.195416666666666e-08 4.385028853369983e-17 1.124366372658970e-03 2.810915931647425e-03 5.242944342844154e-03 1.124366372658970e-16
2870 1.195833333333333e-08 4.385028853370242e-17 1.124366372659037e-03 2.810915931647592e-03 5.242944342844154e-03 1.124366372659037e-16
2871 1.196250000000000e-08 4.385028853370094e-17 1.124366372658998e-03 2.810915931647496e-03 5.242944342844154e-03 1.124366372658998e-16
2872 1.196666666666666e-08 4.385028853370131e-17 1.124366372659008e-03 2.810915931647521e-03 5.242944342844154e-03 1.124366372659008e-16
2873 1.197083333333333e-08 4.385028853369910e-17 1.124366372658951e-03 2.810915931647378e-03 5.242944342844154e-03 1.124366372658951e-16
2874 1.197500000000000e-08 4.385028853370298e-17 1.124366372659051e-03 2.810915931647627e-03 5.242944342844154e-03 1.124366372659051e-16
2875 1.197916666666666e-08 4.385028853370094e-17 1.124366372658998e-03 2.810915931647496e-03 5.242944342844154e-03 1.124366372658998e-16
2876 1.198333333333333e-08 4.385028853370150e-17 1.124366372659013e-03 2.810915931647532e-03 5.242944342844154e-03 1.124366372659013e-16
2877 1.198750000000000e-08 4.385028853369983e-17 1.124366372658970e-03 2.810915931647425e-03 5.242944342844154e-03 1.124366372658970e-16
2878 1.199166666666666e-08 4.385028853370224e-17 1.124366372659032e-03 2.810915931647580e-03 5.242944342844154e-03 1.124366372659032e-16
2879 1.199583333333333e-08 4.385028853370020e-17 1.124366372658980e-03 2.810915931647449e-03 5.242944342844154e-03 1.124366372658980e-16
2880 1.199999999999999e-08 4.385028853370205e-17 1.124366372659027e-03 2.810915931647567e-03 5.242944342844154e-03 1.124366372659027e-16
2881 1.200416666666666e-08 4.385028853369983e-17 1.124366372658970e-03 2.810915931647425e-03 5.242944342844154e-03 1.124366372658970e-16
2882 1.200833333333333e-08 4.385028853370242e-17 1.124366372659037e-03 2.810915931647592e-03 5.242944342844154e-03 1.124366372659037e-16
2883 1.201250000000000e-08 4.385028853370094e-17 1.124366372658998e-03 2.810915931647496e-03 5.242944342844154e-03 1.124366372658998e-16
2884 1.201666666666666e-08 4.385028853370131e-17 1.124366372659008e-03 2.810915931647521e-03 5.242944342844154e-03 1.124366372659008e-16
2885 1.202083333333333e-08 4.385028853369910e-17 1.124366372658951e-03 2.810915931647378e-03 5.242944342844154e-03 1.124366372658951e-16
2886 1.202500000000000e-08 4.385028853370298e-17 1.124366372659051e-03 2.810915931647627e-03 5.242944342844154e-03 1.124366372659051e-16
2887 1.202916666666666e-08 4.385028853370094e-17 1.124366372658998e-03 2.810915931647496e-03 5.242944342844154e-03 1.124366372658998e-16
2888 1.203333333333333e-08 4.385028853370150e-17 1.124366372659013e-03 2.810915931647532e-03 5.242944342844154e-03 1.124366372659013e-16
2889 1.203750000000000e-08 4.385028853369983e-17 1.124366372658970e-03 2.810915931647425e-03 5.242944342844154e-03 1.124366372658970e-16
2890 1.204166666666666e-08 4.385028853370224e-17 1.124366372659032e-03 2.810915931647580e-03 5.242944342844154e-03 1.124366372659032e-16
2891 1.204583333333333e-08 4.385028853370020e-17 1.124366372658980e-03 2.810915931647449e-03 5.242944342844154e-03 1.124366372658980e-16
2892 1.205000000000000e-08 4.385028853370205e-17 1.124366372659027e-03 2.810915931647567e-03 5.242944342844154e-03 1.124366372659027e-16
2893 1.205416666666666e-08 4.385028853369983e-17 1.124366372658970e-03 2.810915931647425e-03 5.242944342844154e-03 1.124366372658970e-16
2894 1.205833333333333e-08 4.385028853370242e-17 1.124366372659037e-03 2.810915931647592e-03 5.242944342844154e-03 1.124366372659037e-16
2895 1.206250000000000e-08 4.385028853370094e-17 1.124366372658998e-03 2.810915931647496e-03 5.242944342844154e-03 1.124366372658998e-16
2896 1.206666666666666e-08 4.385028853370131e-17 1.124366372659008e-03 2.810915931647521e-03 5.242944342844154e-03 1.124366372659008e-16
2897 1.207083333333333e-08 4.385028853369910e-17 1.124366372658951e-03 2.810915931647378e-03 5.242944342844154e-03 1.124366372658951e-16
2898 1.207500000000000e-08 4.385028853370298e-17 1.124366372659051e-03 2.810915931647627e-03 5.242944342844154e-03 1.124366372659051e-16
2899 1.207916666666666e-08 4.385028853370094e-17 1.124366372658998e-03 2.810915931647496e-03 5.242944342844154e-03 1.124366372658998e-16
2900 1.208333333333333e-08 4.385028853370150e-17 1.124366372659013e-03 2.810915931647532e-03 5.242944342844154e-03 1.124366372659013e-16
2901 1.208750000000000e-08 4.385028853369983e-17 1.124366372658970e-03 2.810915931647425e-03 5.242944342844154e-03 1.124366372658970e-16
2902 1.209166666666666e-08 4.385028853370224e-17 1.124366372659032e-03 2.810915931647580e-03 5.242944342844154e-03 1.124366372659032e-16
2903 1.209583333333333e-08 4.385028853370020e-17 1.124366372658980e-03 2.810915931647449e-03 5.242944342844154e-03 1.124366372658980e-16
2904 1.210000000000000e-08 4.385028853370205e-17 1.124366372659027e-03 2.810915931647567e-03 5.242944342844154e-03 1.124366372659027e-16
2905 1.210416666666666e-08 4.385028853369983e-17 1.124366372658970e-03 2.810915931647425e-03 5.242944342844154e-03 1.124366372658970e-16
2906 1.210833333333333e-08 4.385028853370242e-17 1.124366372659037e-03 2.810915931647592e-03 5.242944342844154e-03 1.124366372659037e-16
2907 1.211250000000000e-08 4.385028853370094e-17 1.124366372658998e-03 2.810915931647496e-03 5.242944342844154e-03 1.124366372658998e-16
2908 1.211666666666666e-08 4.385028853370131e-17 1.124366372659008e-03 2.810915931647521e-03 5.242944342844154e-03 1.124366372659008e-16
2909 1.212083333333333e-08 4.385028853369910e-17 1.124366372658951e-03 2.810915931647378e-03 5.242944342844154e-03 1.124366372658951e-16
2910 1.212500000000000e-08 4.385028853370298e-17 1.124366372659051e-03 2.810915931647627e-03 5.242944342844154e-03 1.124366372659051e-16
2911 1.212916666666666e-08 4.385028853370094e-17 1.124366372658998e-03 2.810915931647496e-03 5.242944342844154e-03 1.124366372658998e-16
2912 1.213333333333333e-08 4.385028853370150e-17 1.124366372659013e-03 2.810915931647532e-03 5.242944342844154e-03 1.124366372659013e-16
2913 1.213750000000000e-08 4.385028853369983e-17 1.124366372658970e-03 2.810915931647425e-03 5.242944342844154e-03 1.124366372658970e-16
2914 1.214166666666666e-08 4.385028853370224e-17 1.124366372659032e-03 2.810915931647580e-03 5.242944342844154e-03 1.124366372659032e-16
2915 1.214583333333333e-08 4.385028853370020e-17 1.124366372658980e-03 2.810915931647449e-03 5.242944342844154e-03 1.124366372658980e-16
2916 1.215000000000000e-08 4.385028853370205e-17 1.124366372659027e-03 2.810915931647567e-03 5.242944342844154e-03 1.124366372659027e-16
2917 1.215416666666666e-08 4.385028853369983e-17 1.124366372658970e-03 2.810915931647425e-03 5.242944342844154e-03 1.124366372658970e-16
2918 1.215833333333333e-08 4.385028853370242e-17 1.124366372659037e-03 2.810915931647592e-03 5.242944342844154e-03 1.124366372659037e-16
2919 1.216250000000000e-08 4.385028853370094e-17 1.124366372658998e-03 2.810915931647496e-03 5.242944342844154e-03 1.124366372658998e-16
2920 1.216666666666666e-08 4.385028853370131e-17 1.124366372659008e-03 2.810915931647521e-03 5.242944342844154e-03 1.124366372659008e-16
2921 1.217083333333333e-08 4.385028853369910e-17 1.124366372658951e-03 2.810915931647378e-03 5.242944342844154e-03 1.124366372658951e-16
2922 1.217500000000000e-08 4.385028853370298e-17 1.124366372659051e-03 2.810915931647627e-03 5.242944342844154e-03 1.124366372659051e-16
2923 1.217916666666666e-08 4.385028853370094e-17 1.124366372658998e-03 2.810915931647496e-03 5.242944342844154e-03 1.124366372658998e-16
2924 1.218333333333333e-08 4.385028853370150e-17 1.124366372659013e-03 2.810915931647532e-03 5.242944342844154e-03 1.124366372659013e-16
2925 1.218750000000000e-08 4.385028853369983e-17 1.124366372658970e-03 2.810915931647425e-03 5.242944342844154e-03 1.124366372658970e-16
2926 1.219166666666666e-08 4.385028853370224e-17 1.124366372659032e-03 2.810915931647580e-03 5.242944342844154e-03 1.124366372659032e-16
2927 1.219583333333333e-08 4.385028853370020e-17 1.124366372658980e-03 2.810915931647449e-03 5.242944342844154e-03 1.124366372658980e-16
2928 1.220000000000000e-08 4.385028853370205e-17 1.124366372659027e-03 2.810915931647567e-03 5.242944342844154e-03 1.124366372659027e-16
2929 1.220416666666666e-08 4.385028853369983e-17 1.124366372658970e-03 2.810915931647425e-03 5.242944342844154e-03 1.124366372658970e-16
2930 1.220833333333333e-08 4.385028853370242e-17 1.124366372659037e-03 2.810915931647592e-03 5.242944342844154e-03 1.124366372659037e-16
2931 1.221250000000000e-08 4.385028853370094e-17 1.124366372658998e-03 2.810915931647496e-03 5.242944342844154e-03 1.124366372658998e-16
2932 1.221666666666666e-08 4.385028853370131e-17 1.124366372659008e-03 2.810915931647521e-03 5.242944342844154e-03 1.124366372659008e-16
2933 1.222083333333333e-08 4.385028853369910e-17 1.124366372658951e-03 2.810915931647378e-03 5.242944342844154e-03 1.124366372658951e-16
2934 1.222500000000000e-08 4.385028853370298e-17 1.124366372659051e-03 2.810915931647627e-03 5.242944342844154e-03 1.124366372659051e-16
2935 1.222916666666666e-08 4.385028853370094e-17 1.124366372658998e-03 2.810915931647496e-03 5.242944342844154e-03 1.124366372658998e-16
2936 1.223333333333333e-08 4.385028853370150e-17 1.124366372659013e-03 2.810915931647532e-03 5.242944342844154e-03 1.124366372659013e-16
2937 1.223750000000000e-08 4.385028853369983e-17 1.124366372658970e-03 2.810915931647425e-03 5.242944342844154e-03 1.124366372658970e-16
2938 1.224166666666666e-08 4.385028853370224e-17 1.124366372659032e-03 2.810915931647580e-03 5.242944342844154e-03 1.124366372659032e-16
2939 1.224583333333333e-08 4.385028853370020e-17 1.124366372658980e-03 2.810915931647449e-03 5.242944342844154e-03 1.124366372658980e-16
2940 1.225000000000000e-08 4.385028853370205e-17 1.124366372659027e-03 2.810915931647567e-03 5.242944342844154e-03 1.124366372659027e-16
2941 1.225416666666666e-08 4.385028853369983e-17 1.124366372658970e-03 2.810915931647425e-03 5.242944342844154e-03 1.124366372658970e-16
2942 1.225833333333333e-08 4.385028853370242e-17 1.124366372659037e-03 2.810915931647592e-03 5.242944342844154e-03 1.124366372659037e-16
2943 1.226250000000000e-08 4.385028853370094e-17 1.124366372658998e-03 2.810915931647496e-03 5.242944342844154e-03 1.124366372658998e-16
2944 1.226666666666666e-08 4.385028853370131e-17 1.124366372659008e-03 2.810915931647521e-03 5.242944342844154e-03 1.124366372659008e-16
2945 1.227083333333333e-08 4.385028853369910e-17 1.124366372658951e-03 2.810915931647378e-03 5.242944342844154e-03 1.124366372658951e-16
2946 1.227500000000000e-08 4.385028853370298e-17 1.124366372659051e-03 2.810915931647627e-03 5.242944342844154e-03 1.124366372659051e-16
2947 1.227916666666666e-08 4.385028853370094e-17 1.124366372658998e-03 2.810915931647496e-03 5.242944342844154e-03 1.124366372658998e-16
2948 1.228333333333333e-08 4.385028853370150e-17 1.124366372659013e-03 2.810915931647532e-03 5.242944342844154e-03 1.124366372659013e-16
2949 1.228750000000000e-08 4.385028853369983e-17 1.124366372658970e-03 2.810915931647425e-03 5.242944342844154e-03 1.124366372658970e-16
2950 1.229166666666666e-08 4.385028853370224e-17 1.124366372659032e-03 2.810915931647580e-03 5.242944342844154e-03 1.124366372659032e-16
2951 1.229583333333333e-08 4.385028853370020e-17 1.124366372658980e-03 2.810915931647449e-03 5.242944342844154e-03 1.124366372658980e-16
2952 1.230000000000000e-08 4.385028853370205e-17 1.124366372659027e-03 2.810915931647567e-03 5.242944342844154e-03 1.124366372659027e-16
2953 1.230416666666666e-08 4.385028853369983e-17 1.124366372658970e-03 2.810915931647425e-03 5.242944342844154e-03 1.124366372658970e-16
2954 1.230833333333333e-08 4.385028853370242e-17 1.124366372659037e-03 2.810915931647592e-03 5.242944342844154e-03 1.124366372659037e-16
2955 1.231250000000000e-08 4.385028853370094e-17 1.124366372658998e-03 2.810915931647496e-03 5.242944342844154e-03 1.124366372658998e-16
2956 1.231666666666666e-08 4.385028853370131e-17 1.124366372659008e-03 2.810915931647521e-03 5.242944342844154e-03 1.124366372659008e-16
2957 1.232083333333333e-08 4.385028853369910e-17 1.124366372658951e-03 2.810915931647378e-03 5.242944342844154e-03 1.124366372658951e-16
2958 1.232500000000000e-08 4.385028853370298e-17 1.124366372659051e-03 2.810915931647627e-03 5.242944342844154e-03 1.124366372659051e-16
2959 1.232916666666666e-08 4.385028853370094e-17 1.124366372658998e-03 2.810915931647496e-03 5.242944342844154e-03 1.124366372658998e-16
2960 1.233333333333333e-08 4.385028853370150e-17 1.124366372659013e-03 2.810915931647532e-03 5.242944342844154e-03 1.124366372659013e-16
2961 1.233750000000000e-08 4.385028853369983e-17 1.124366372658970e-03 2.810915931647425e-03 5.242944342844154e-03 1.124366372658970e-16
2962 1.234166666666666e-08 4.385028853370224e-17 1.124366372659032e-03 2.810915931647580e-03 5.242944342844154e-03 1.124366372659032e-16
2963 1.234583333333333e-08 4.385028853370020e-17 1.124366372658980e-03 2.810915931647449e-03 5.242944342844154e-03 1.124366372658980e-16
2964 1.235000000000000e-08 4.385028853370205e-17 1.124366372659027e-03 2.810915931647567e-03 5.242944342844154e-03 1.124366372659027e-16
2965 1.235416666666666e-08 4.385028853369983e-17 1.124366372658970e-03 2.810915931647425e-03 5.242944342844154e-03 1.124366372658970e-16
2966 1.235833333333333e-08 4.385028853370242e-17 1.124366372659037e-03 2.810915931647592e-03 5.242944342844154e-03 1.124366372659037e-16
2967 1.236250000000000e-08 4.385028853370094e-17 1.124366372658998e-03 2.810915931647496e-03 5.242944342844154e-03 1.124366372658998e-16
2968 1.236666666666666e-08 4.385028853370131e-17 1.124366372659008e-03 2.810915931647521e-03 5.242944342844154e-03 1.124366372659008e-16
2969 1.237083333333333e-08 4.385028853369910e-17 1.124366372658951e-03 2.810915931647378e-03 5.242944342844154e-03 1.124366372658951e-16
2970 1.237500000000000e-08 4.385028853370298e-17 1.124366372659051e-03 2.810915931647627e-03 5.242944342844154e-03 1.124366372659051e-16
2971 1.237916666666666e-08 4.385028853370094e-17 1.124366372658998e-03 2.810915931647496e-03 5.242944342844154e-03 1.124366372658998e-16
2972 1.238333333333333e-08 4.385028853370150e-17 1.124366372659013e-03 2.810915931647532e-03 5.242944342844154e-03 1.124366372659013e-16
2973 1.238750000000000e-08 4.385028853369983e-17 1.124366372658970e-03 2.810915931647425e-03 5.242944342844154e-03 1.124366372658970e-16
2974 1.239166666666666e-08 4.385028853370224e-17 1.124366372659032e-03 2.810915931647580e-03 5.242944342844154e-03 1.124366372659032e-16
2975 1.239583333333333e-08 4.385028853370020e-17 1.124366372658980e-03 2.810915931647449e-03 5.242944342844154e-03 1.124366372658980e-16
2976 1.240000000000000e-08 4.385028853370205e-17 1.124366372659027e-03 2.810915931647567e-03 5.242944342844154e-03 1.124366372659027e-16
2977 1.240416666666666e-08 4.385028853369983e-17 1.124366372658970e-03 2.810915931647425e-03 5.242944342844154e-03 1.124366372658970e-16
2978 1.240833333333333e-08 4.385028853370242e-17 1.124366372659037e-03 2.810915931647592e-03 5.242944342844154e-03 1.124366372659037e-16
2979 1.241250000000000e-08 4.385028853370094e-17 1.124366372658998e-03 2.810915931647496e-03 5.242944342844154e-03 1.124366372658998e-16
2980 1.241666666666666e-08 4.385028853370131e-17 1.124366372659008e-03 2.810915931647521e-03 5.242944342844154e-03 1.124366372659008e-16
2981 1.242083333333333e-08 4.385028853369910e-17 1.124366372658951e-03 2.810915931647378e-03 5.242944342844154e-03 1.124366372658951e-16
2982 1.242500000000000e-08 4.385028853370298e-17 1.124366372659051e-03 2.810915931647627e-03 5.242944342844154e-03 1.124366372659051e-16
2983 1.242916666666666e-08 4.385028853370094e-17 1.124366372658998e-03 2.810915931647496e-03 5.242944342844154e-03 1.124366372658998e-16
2984 1.243333333333333e-08 4.385028853370150e-17 1.124366372659013e-03 2.810915931647532e-03 5.242944342844154e-03 1.124366372659013e-16
2985 1.243750000000000e-08 4.385028853369983e-17 1.124366372658970e-03 2.810915931647425e-03 5.242944342844154e-03 1.124366372658970e-16
2986 1.244166666666666e-08 4.385028853370224e-17 1.124366372659032e-03 2.810915931647580e-03 5.242944342844154e-03 1.124366372659032e-16
2987 1.244583333333333e-08 4.385028853370020e-17 1.124366372658980e-03 2.810915931647449e-03 5.242944342844154e-03 1.124366372658980e-16
2988 1.245000000000000e-08 4.385028853370205e-17 1.124366372659027e-03 2.810915931647567e-03 5.242944342844154e-03 1.124366372659027e-16
2989 1.245416666666666e-08 4.385028853369983e-17 1.124366372658970e-03 2.810915931647425e-03 5.242944342844154e-03 1.124366372658970e-16
2990 1.245833333333333e-08 4.385028853370242e-17 1.124366372659037e-03 2.810915931647592e-03 5.242944342844154e-03 1.124366372659037e-16
2991 1.246249999999999e-08 4.385028853370094e-17 1.124366372658998e-03 2.810915931647496e-03 5.242944342844154e-03 1.124366372658998e-16
2992 1.246666666666666e-08 4.385028853370131e-17 1.124366372659008e-03 2.810915931647521e-03 5.242944342844154e-03 1.124366372659008e-16
2993 1.247083333333333e-08 4.385028853369910e-17 1.124366372658951e-03 2.810915931647378e-03 5.242944342844154e-03 1.124366372658951e-16
2994 1.247500000000000e-08 4.385028853370298e-17 1.124366372659051e-03 2.810915931647627e-03 5.242944342844154e-03 1.124366372659051e-16
2995 1.247916666666666e-08 4.385028853370094e-17 1.124366372658998e-03 2.810915931647496e-03 5.242944342844154e-03 1.124366372658998e-16
2996 1.248333333333333e-08 4.385028853370150e-17 1.124366372659013e-03 2.810915931647532e-03 5.242944342844154e-03 1.124366372659013e-16
2997 1.248750000000000e-08 4.385028853369983e-17 1.124366372658970e-03 2.810915931647425e-03 5.242944342844154e-03 1.124366372658970e-16
2998 1.249166666666666e-08 4.385028853370224e-17 1.124366372659032e-03 2.810915931647580e-03 5.242944342844154e-03 1.124366372659032e-16
2999 1.249583333333333e-08 4.385028853370020e-17 1.124366372658980e-03 2.810915931647449e-03 5.242944342844154e-03 1.124366372658980e-16
3000 1.250000000000000e-08 4.385028853370205e-17 1.124366372659027e-03 2.810915931647567e-03 5.242944342844154e-03 1.124366372659027e-16
3001 1.250416666666666e-08 4.385028853369983e-17 1.124366372658970e-03 2.810915931647425e-03 5.242944342844154e-03 1.124366372658970e-16
3002 1.250833333333333e-08 4.385028853370242e-17 1.124366372659037e-03 2.810915931647592e-03 5.242944342844154e-03 1.124366372659037e-16
3003 1.251250000000000e-08 4.385028853370094e-17 1.124366372658998e-03 2.810915931647496e-03 5.242944342844154e-03 1.124366372658998e-16
3004 1.251666666666666e-08 4.385028853370131e-17 1.124366372659008e-03 2.810915931647521e-03 5.242944342844154e-03 1.124366372659008e-16
3005 1.252083333333333e-08 4.385028853369910e-17 1.124366372658951e-03 2.810915931647378e-03 5.242944342844154e-03 1.124366372658951e-16
3006 1.252500000000000e-08 4.385028853370298e-17 1.124366372659051e-03 2.810915931647627e-03 5.242944342844154e-03 1.124366372659051e-16
3007 1.252916666666666e-08 4.385028853370094e-17 1.124366372658998e-03 2.810915931647496e-03 5.242944342844154e-03 1.124366372658998e-16
3008 1.253333333333333e-08 4.385028853370150e-17 1.124366372659013e-03 2.810915931647532e-03 5.242944342844154e-03 1.124366372659013e-16
3009 1.253750000000000e-08 4.385028853369983e-17 1.124366372658970e-03 2.810915931647425e-03 5.242944342844154e-03 1.124366372658970e-16
3010 1.254166666666666e-08 4.385028853370224e-17 1.124366372659032e-03 2.810915931647580e-03 5.242944342844154e-03 1.124366372659032e-16
3011 1.254583333333333e-08 4.385028853370020e-17 1.124366372658980e-03 2.810915931647449e-03 5.242944342844154e-03 1.124366372658980e-16
3012 1.254999999999999e-08 4.385028853370205e-17 1.124366372659027e-03 2.810915931647567e-03 5.242944342844154e-03 1.124366372659027e-16
3013 1.255416666666666e-08 4.385028853369983e-17 1.124366372658970e-03 2.810915931647425e-03 5.242944342844154e-03 1.124366372658970e-16
3014 1.255833333333333e-08 4.385028853370242e-17 1.124366372659037e-03 2.810915931647592e-03 5.242944342844154e-03 1.124366372659037e-16
3015 1.256250000000000e-08 4.385028853370094e-17 1.124366372658998e-03 2.810915931647496e-03 5.242944342844154e-03 1.124366372658998e-16
3016 1.256666666666666e-08 4.385028853370131e-17 1.124366372659008e-03 2.810915931647521e-03 5.242944342844154e-03 1.124366372659008e-16
3017 1.257083333333333e-08 4.385028853369910e-17 1.124366372658951e-03 2.810915931647378e-03 5.242944342844154e-03 1.124366372658951e-16
3018 1.257500000000000e-08 4.385028853370298e-17 1.124366372659051e-03 2.810915931647627e-03 5.242944342844154e-03 1.124366372659051e-16
3019 1.257916666666666e-08 4.385028853370094e-17 1.124366372658998e-03 2.810915931647496e-03 5.242944342844154e-03 1.124366372658998e-16
3020 1.258333333333333e-08 4.385028853370150e-17 1.124366372659013e-03 2.810915931647532e-03 5.242944342844154e-03 1.124366372659013e-16
3021 1.258750000000000e-08 4.385028853369983e-17 1.124366372658970e-03 2.810915931647425e-03 5.242944342844154e-03 1.124366372658970e-16
3022 1.259166666666666e-08 4.385028853370224e-17 1.124366372659032e-03 2.810915931647580e-03 5.242944342844154e-03 1.124366372659032e-16
3023 1.259583333333333e-08 4.385028853370020e-17 1.124366372658980e-03 2.810915931647449e-03 5.242944342844154e-03 1.124366372658980e-16
3024 1.260000000000000e-08 4.385028853370205e-17 1.124366372659027e-03 2.810915931647567e-03 5.242944342844154e-03 1.124366372659027e-16
3025 1.260416666666666e-08 4.385028853369983e-17 1.124366372658970e-03 2.810915931647425e-03 5.242944342844154e-03 1.124366372658970e-16
3026 1.260833333333333e-08 4.385028853370242e-17 1.124366372659037e-03 2.810915931647592e-03 5.242944342844154e-03 1.124366372659037e-16
3027 1.261250000000000e-08 4.385028853370094e-17 1.124366372658998e-03 2.810915931647496e-03 5.242944342844154e-03 1.124366372658998e-16
3028 1.261666666666666e-08 4.385028853370131e-17 1.124366372659008e-03 2.810915931647521e-03 5.242944342844154e-03 1.124366372659008e-16
3029 1.262083333333333e-08 4.385028853369910e-17 1.124366372658951e-03 2.810915931647378e-03 5.242944342844154e-03 1.124366372658951e-16
3030 1.262500000000000e-08 4.385028853370298e-17 1.124366372659051e-03 2.810915931647627e-03 5.242944342844154e-03 1.124366372659051e-16
3031 1.262916666666666e-08 4.385028853370094e-17 1.124366372658998e-03 2.810915931647496e-03 5.242944342844154e-03 1.124366372658998e-16
3032 1.263333333333333e-08 4.385028853370150e-17 1.124366372659013e-03 2.810915931647532e-03 5.242944342844154e-03 1.124366372659013e-16
3033 1.263749999999999e-08 4.385028853369983e-17 1.124366372658970e-03 2.810915931647425e-03 5.242944342844154e-03 1.124366372658970e-16
3034 1.264166666666666e-08 4.385028853370224e-17 1.124366372659032e-03 2.810915931647580e-03 5.242944342844154e-03 1.124366372659032e-16
3035 1.264583333333333e-08 4.385028853370020e-17 1.124366372658980e-03 2.810915931647449e-03 5.242944342844154e-03 1.124366372658980e-16
3036 1.265000000000000e-08 4.385028853370205e-17 1.124366372659027e-03 2.810915931647567e-03 5.242944342844154e-03 1.124366372659027e-16
3037 1.265416666666666e-08 4.385028853369983e-17 1.124366372658970e-03 2.810915931647425e-03 5.242944342844154e-03 1.124366372658970e-16
3038 1.265833333333333e-08 4.385028853370242e-17 1.124366372659037e-03 2.810915931647592e-03 5.242944342844154e-03 1.124366372659037e-16
3039 1.266250000000000e-08 4.385028853370094e-17 1.124366372658998e-03 2.810915931647496e-03 5.242944342844154e-03 1.124366372658998e-16
3040 1.266666666666666e-08 4.385028853370131e-17 1.124366372659008e-03 2.810915931647521e-03 5.242944342844154e-03 1.124366372659008e-16
3041 1.267083333333333e-08 4.385028853369910e-17 1.124366372658951e-03 2.810915931647378e-03 5.242944342844154e-03 1.124366372658951e-16
3042 1.267500000000000e-08 4.385028853370298e-17 1.124366372659051e-03 2.810915931647627e-03 5.242944342844154e-03 1.124366372659051e-16
3043 1.267916666666666e-08 4.385028853370094e-17 1.124366372658998e-03 2.810915931647496e-03 5.242944342844154e-03 1.124366372658998e-16
3044 1.268333333333333e-08 4.385028853370150e-17 1.124366372659013e-03 2.810915931647532e-03 5.242944342844154e-03 1.124366372659013e-16
3045 1.268750000000000e-08 4.385028853369983e-17 1.124366372658970e-03 2.810915931647425e-03 5.242944342844154e-03 1.124366372658970e-16
3046 1.269166666666666e-08 4.385028853370224e-17 1.124366372659032e-03 2.810915931647580e-03 5.242944342844154e-03 1.124366372659032e-16
3047 1.269583333333333e-08 4.385028853370020e-17 1.124366372658980e-03 2.810915931647449e-03 5.242944342844154e-03 1.124366372658980e-16
3048 1.270000000000000e-08 4.385028853370205e-17 1.124366372659027e-03 2.810915931647567e-03 5.242944342844154e-03 1.124366372659027e-16
3049 1.270416666666666e-08 4.385028853369983e-17 1.124366372658970e-03 2.810915931647425e-03 5.242944342844154e-03 1.124366372658970e-16
3050 1.270833333333333e-08 4.385028853370242e-17 1.124366372659037e-03 2.810915931647592e-03 5.242944342844154e-03 1.124366372659037e-16
3051 1.271250000000000e-08 4.385028853370094e-17 1.124366372658998e-03 2.810915931647496e-03 5.242944342844154e-03 1.124366372658998e-16
3052 1.271666666666666e-08 4.385028853370131e-17 1.124366372659008e-03 2.810915931647521e-03 5.242944342844154e-03 1.124366372659008e-16
3053 1.272083333333333e-08 4.385028853369910e-17 1.124366372658951e-03 2.810915931647378e-03 5.242944342844154e-03 1.124366372658951e-16
3054 1.272499999999999e-08 4.385028853370298e-17 1.124366372659051e-03 2.810915931647627e-03 5.242944342844154e-03 1.124366372659051e-16
3055 1.272916666666666e-08 4.385028853370094e-17 1.124366372658998e-03 2.810915931647496e-03 5.242944342844154e-03 1.124366372658998e-16
3056 1.273333333333333e-08 4.385028853370150e-17 1.124366372659013e-03 2.810915931647532e-03 5.242944342844154e-03 1.124366372659013e-16
3057 1.273750000000000e-08 4.385028853369983e-17 1.124366372658970e-03 2.810915931647425e-03 5.242944342844154e-03 1.124366372658970e-16
3058 1.274166666666666e-08 4.385028853370224e-17 1.124366372659032e-03 2.810915931647580e-03 5.242944342844154e-03 1.124366372659032e-16
3059 1.274583333333333e-08 4.385028853370020e-17 1.124366372658980e-03 2.810915931647449e-03 5.242944342844154e-03 1.124366372658980e-16
3060 1.275000000000000e-08 4.385028853370205e-17 1.124366372659027e-03 2.810915931647567e-03 5.242944342844154e-03 1.124366372659027e-16
3061 1.275416666666666e-08 4.385028853369983e-17 1.124366372658970e-03 2.810915931647425e-03 5.242944342844154e-03 1.124366372658970e-16
3062 1.275833333333333e-08 4.385028853370242e-17 1.124366372659037e-03 2.810915931647592e-03 5.242944342844154e-03 1.124366372659037e-16
3063 1.276250000000000e-08 4.385028853370094e-17 1.124366372658998e-03 2.810915931647496e-03 5.242944342844154e-03 1.124366372658998e-16
3064 1.276666666666666e-08 4.385028853370131e-17 1.124366372659008e-03 2.810915931647521e-03 5.242944342844154e-03 1.124366372659008e-16
3065 1.277083333333333e-08 4.385028853369910e-17 1.124366372658951e-03 2.810915931647378e-03 5.242944342844154e-03 1.124366372658951e-16
3066 1.277500000000000e-08 4.385028853370298e-17 1.124366372659051e-03 2.810915931647627e-03 5.242944342844154e-03 1.124366372659051e-16
3067 1.277916666666666e-08 4.385028853370094e-17 1.124366372658998e-03 2.810915931647496e-03 5.242944342844154e-03 1.124366372658998e-16
3068 1.278333333333333e-08 4.385028853370150e-17 1.124366372659013e-03 2.810915931647532e-03 5.242944342844154e-03 1.124366372659013e-16
3069 1.278750000000000e-08 4.385028853369983e-17 1.124366372658970e-03 2.810915931647425e-03 5.242944342844154e-03 1.124366372658970e-16
3070 1.279166666666666e-08 4.385028853370224e-17 1.124366372659032e-03 2.810915931647580e-03 5.242944342844154e-03 1.124366372659032e-16
3071 1.279583333333333e-08 4.385028853370020e-17 1.124366372658980e-03 2.810915931647449e-03 5.242944342844154e-03 1.124366372658980e-16
3072 1.280000000000000e-08 4.385028853370205e-17 1.124366372659027e-03 2.810915931647567e-03 5.242944342844154e-03 1.124366372659027e-16
3073 1.280416666666666e-08 4.385028853369983e-17 1.124366372658970e-03 2.810915931647425e-03 5.242944342844154e-03 1.124366372658970e-16
3074 1.280833333333333e-08 4.385028853370242e-17 1.124366372659037e-03 2.810915931647592e-03 5.242944342844154e-03 1.124366372659037e-16
3075 1.281249999999999e-08 4.385028853370094e-17 1.124366372658998e-03 2.810915931647496e-03 5.242944342844154e-03 1.124366372658998e-16
3076 1.281666666666666e-08 4.385028853370131e-17 1.124366372659008e-03 2.810915931647521e-03 5.242944342844154e-03 1.124366372659008e-16
3077 1.282083333333333e-08 4.385028853369910e-17 1.124366372658951e-03 2.810915931647378e-03 5.242944342844154e-03 1.124366372658951e-16
3078 1.282500000000000e-08 4.385028853370298e-17 1.124366372659051e-03 2.810915931647627e-03 5.242944342844154e-03 1.124366372659051e-16
3079 1.282916666666666e-08 4.385028853370094e-17 1.124366372658998e-03 2.810915931647496e-03 5.242944342844154e-03 1.124366372658998e-16
3080 1.283333333333333e-08 4.385028853370150e-17 1.124366372659013e-03 2.810915931647532e-03 5.242944342844154e-03 1.124366372659013e-16
3081 1.283750000000000e-08 4.385028853369983e-17 1.124366372658970e-03 2.810915931647425e-03 5.242944342844154e-03 1.124366372658970e-16
3082 1.284166666666666e-08 4.385028853370224e-17 1.124366372659032e-03 2.810915931647580e-03 5.242944342844154e-03 1.124366372659032e-16
3083 1.284583333333333e-08 4.385028853370020e-17 1.124366372658980e-03 2.810915931647449e-03 5.242944342844154e-03 1.124366372658980e-16
3084 1.285000000000000e-08 4.385028853370205e-17 1.124366372659027e-03 2.810915931647567e-03 5.242944342844154e-03 1.124366372659027e-16
3085 1.285416666666666e-08 4.385028853369983e-17 1.124366372658970e-03 2.810915931647425e-03 5.242944342844154e-03 1.124366372658970e-16
3086 1.285833333333333e-08 4.385028853370242e-17 1.124366372659037e-03 2.810915931647592e-03 5.242944342844154e-03 1.124366372659037e-16
3087 1.286250000000000e-08 4.385028853370094e-17 1.124366372658998e-03 2.810915931647496e-03 5.242944342844154e-03 1.124366372658998e-16
3088 1.286666666666666e-08 4.385028853370131e-17 1.124366372659008e-03 2.810915931647521e-03 5.242944342844154e-03 1.124366372659008e-16
3089 1.287083333333333e-08 4.385028853369910e-17 1.124366372658951e-03 2.810915931647378e-03 5.242944342844154e-03 1.124366372658951e-16
3090 1.287500000000000e-08 4.385028853370298e-17 1.124366372659051e-03 2.810915931647627e-03 5.242944342844154e-03 1.124366372659051e-16
3091 1.287916666666666e-08 4.385028853370094e-17 1.124366372658998e-03 2.810915931647496e-03 5.242944342844154e-03 1.124366372658998e-16
3092 1.288333333333333e-08 4.385028853370150e-17 1.124366372659013e-03 2.810915931647532e-03 5.242944342844154e-03 1.124366372659013e-16
3093 1.288750000000000e-08 4.385028853369983e-17 1.124366372658970e-03 2.810915931647425e-03 5.242944342844154e-03 1.124366372658970e-16
3094 1.289166666666666e-08 4.385028853370224e-17 1.124366372659032e-03 2.810915931647580e-03 5.242944342844154e-03 1.124366372659032e-16
3095 1.289583333333333e-08 4.385028853370020e-17 1.124366372658980e-03 2.810915931647449e-03 5.242944342844154e-03 1.124366372658980e-16
3096 1.289999999999999e-08 4.385028853370205e-17 1.124366372659027e-03 2.810915931647567e-03 5.242944342844154e-03 1.124366372659027e-16
3097 1.290416666666666e-08 4.385028853369983e-17 1.124366372658970e-03 2.810915931647425e-03 5.242944342844154e-03 1.124366372658970e-16
3098 1.290833333333333e-08 4.385028853370242e-17 1.124366372659037e-03 2.810915931647592e-03 5.242944342844154e-03 1.124366372659037e-16
3099 1.291250000000000e-08 4.385028853370094e-17 1.124366372658998e-03 2.810915931647496e-03 5.242944342844154e-03 1.124366372658998e-16
3100 1.291666666666666e-08 4.385028853370131e-17 1.124366372659008e-03 2.810915931647521e-03 5.242944342844154e-03 1.124366372659008e-16
3101 1.292083333333333e-08 4.385028853369910e-17 1.124366372658951e-03 2.810915931647378e-03 5.242944342844154e-03 1.124366372658951e-16
3102 1.292499999999999e-08 4.385028853370298e-17 1.124366372659051e-03 2.810915931647627e-03 5.242944342844154e-03 1.124366372659051e-16
3103 1.292916666666666e-08 4.385028853370094e-17 1.124366372658998e-03 2.810915931647496e-03 5.242944342844154e-03 1.124366372658998e-16
3104 1.293333333333333e-08 4.385028853370150e-17 1.124366372659013e-03 2.810915931647532e-03 5.242944342844154e-03 1.124366372659013e-16
3105 1.293750000000000e-08 4.385028853369983e-17 1.124366372658970e-03 2.810915931647425e-03 5.242944342844154e-03 1.124366372658970e-16
3106 1.294166666666666e-08 4.385028853370224e-17 1.124366372659032e-03 2.810915931647580e-03 5.242944342844154e-03 1.124366372659032e-16
3107 1.294583333333333e-08 4.385028853370020e-17 1.124366372658980e-03 2.810915931647449e-03 5.242944342844154e-03 1.124366372658980e-16
3108 1.295000000000000e-08 4.385028853370205e-17 1.124366372659027e-03 2.810915931647567e-03 5.242944342844154e-03 1.124366372659027e-16
3109 1.295416666666666e-08 4.385028853369983e-17 1.124366372658970e-03 2.810915931647425e-03 5.242944342844154e-03 1.124366372658970e-16
3110 1.295833333333333e-08 4.385028853370242e-17 1.124366372659037e-03 2.810915931647592e-03 5.242944342844154e-03 1.124366372659037e-16
3111 1.296250000000000e-08 4.385028853370094e-17 1.124366372658998e-03 2.810915931647496e-03 5.242944342844154e-03 1.124366372658998e-16
3112 1.296666666666666e-08 4.385028853370131e-17 1.124366372659008e-03 2.810915931647521e-03 5.242944342844154e-03 1.124366372659008e-16
3113 1.297083333333333e-08 4.385028853369910e-17 1.124366372658951e-03 2.810915931647378e-03 5.242944342844154e-03 1.124366372658951e-16
3114 1.297500000000000e-08 4.385028853370298e-17 1.124366372659051e-03 2.810915931647627e-03 5.242944342844154e-03 1.124366372659051e-16
3115 1.297916666666666e-08 4.385028853370094e-17 1.124366372658998e-03 2.810915931647496e-03 5.242944342844154e-03 1.124366372658998e-16
3116 1.298333333333333e-08 4.385028853370150e-17 1.124366372659013e-03 2.810915931647532e-03 5.242944342844154e-03 1.124366372659013e-16
3117 1.298749999999999e-08 4.385028853369983e-17 1.124366372658970e-03 2.810915931647425e-03 5.242944342844154e-03 1.124366372658970e-16
3118 1.299166666666666e-08 4.385028853370224e-17 1.124366372659032e-03 2.810915931647580e-03 5.242944342844154e-03 1.124366372659032e-16
3119 1.299583333333333e-08 4.385028853370020e-17 1.124366372658980e-03 2.810915931647449e-03 5.242944342844154e-03 1.124366372658980e-16
3120 1.300000000000000e-08 4.385028853370205e-17 1.124366372659027e-03 2.810915931647567e-03 5.242944342844154e-03 1.124366372659027e-16
3121 1.300416666666666e-08 4.385028853369983e-17 1.124366372658970e-03 2.810915931647425e-03 5.242944342844154e-03 1.124366372658970e-16
3122 1.300833333333333e-08 4.385028853370242e-17 1.124366372659037e-03 2.810915931647592e-03 5.242944342844154e-03 1.124366372659037e-16
3123 1.301249999999999e-08 4.385028853370094e-17 1.124366372658998e-03 2.810915931647496e-03 5.242944342844154e-03 1.124366372658998e-16
3124 1.301666666666666e-08 4.385028853370131e-17 1.124366372659008e-03 2.810915931647521e-03 5.242944342844154e-03 1.124366372659008e-16
3125 1.302083333333333e-08 4.385028853369910e-17 1.124366372658951e-03 2.810915931647378e-03 5.242944342844154e-03 1.124366372658951e-16
3126 1.302500000000000e-08 4.385028853370298e-17 1.124366372659051e-03 2.810915931647627e-03 5.242944342844154e-03 1.124366372659051e-16
3127 1.302916666666666e-08 4.385028853370094e-17 1.124366372658998e-03 2.810915931647496e-03 5.242944342844154e-03 1.124366372658998e-16
3128 1.303333333333333e-08 4.385028853370150e-17 1.124366372659013e-03 2.810915931647532e-03 5.242944342844154e-03 1.124366372659013e-16
3129 1.303750000000000e-08 4.385028853369983e-17 1.124366372658970e-03 2.810915931647425e-03 5.242944342844154e-03 1.124366372658970e-16
3130 1.304166666666666e-08 4.385028853370224e-17 1.124366372659032e-03 2.810915931647580e-03 5.242944342844154e-03 1.124366372659032e-16
3131 1.304583333333333e-08 4.385028853370020e-17 1.124366372658980e-03 2.810915931647449e-03 5.242944342844154e-03 1.124366372658980e-16
3132 1.305000000000000e-08 4.385028853370205e-17 1.124366372659027e-03 2.810915931647567e-03 5.242944342844154e-03 1.124366372659027e-16
3133 1.305416666666666e-08 4.385028853369983e-17 1.124366372658970e-03 2.810915931647425e-03 5.242944342844154e-03 1.124366372658970e-16
3134 1.305833333333333e-08 4.385028853370242e-17 1.124366372659037e-03 2.810915931647592e-03 5.242944342844154e-03 1.124366372659037e-16
3135 1.306250000000000e-08 4.385028853370094e-17 1.124366372658998e-03 2.810915931647496e-03 5.242944342844154e-03 1.124366372658998e-16
3136 1.306666666666666e-08 4.385028853370131e-17 1.124366372659008e-03 2.810915931647521e-03 5.242944342844154e-03 1.124366372659008e-16
3137 1.307083333333333e-08 4.385028853369910e-17 1.124366372658951e-03 2.810915931647378e-03 5.242944342844154e-03 1.124366372658951e-16
3138 1.307499999999999e-08 4.385028853370298e-17 1.124366372659051e-03 2.810915931647627e-03 5.242944342844154e-03 1.124366372659051e-16
3139 1.307916666666666e-08 4.385028853370094e-17 1.124366372658998e-03 2.810915931647496e-03 5.242944342844154e-03 1.124366372658998e-16
3140 1.308333333333333e-08 4.385028853370150e-17 1.124366372659013e-03 2.810915931647532e-03 5.242944342844154e-03 1.124366372659013e-16
3141 1.308750000000000e-08 4.385028853369983e-17 1.124366372658970e-03 2.810915931647425e-03 5.242944342844154e-03 1.124366372658970e-16
3142 1.309166666666666e-08 4.385028853370224e-17 1.124366372659032e-03 2.810915931647580e-03 5.242944342844154e-03 1.124366372659032e-16
3143 1.309583333333333e-08 4.385028853370020e-17 1.124366372658980e-03 2.810915931647449e-03 5.242944342844154e-03 1.124366372658980e-16
3144 1.309999999999999e-08 4.385028853370205e-17 1.124366372659027e-03 2.810915931647567e-03 5.242944342844154e-03 1.124366372659027e-16
3145 1.310416666666666e-08 4.385028853369983e-17 1.124366372658970e-03 2.810915931647425e-03 5.242944342844154e-03 1.124366372658970e-16
3146 1.310833333333333e-08 4.385028853370242e-17 1.124366372659037e-03 2.810915931647592e-03 5.242944342844154e-03 1.124366372659037e-16
3147 1.311250000000000e-08 4.385028853370094e-17 1.124366372658998e-03 2.810915931647496e-03 5.242944342844154e-03 1.124366372658998e-16
3148 1.311666666666666e-08 4.385028853370131e-17 1.124366372659008e-03 2.810915931647521e-03 5.242944342844154e-03 1.124366372659008e-16
3149 1.312083333333333e-08 4.385028853369910e-17 1.124366372658951e-03 2.810915931647378e-03 5.242944342844154e-03 1.124366372658951e-16
3150 1.312500000000000e-08 4.385028853370298e-17 1.124366372659051e-03 2.810915931647627e-03 5.242944342844154e-03 1.124366372659051e-16
3151 1.312916666666666e-08 4.385028853370094e-17 1.124366372658998e-03 2.810915931647496e-03 5.242944342844154e-03 1.124366372658998e-16
3152 1.313333333333333e-08 4.385028853370150e-17 1.124366372659013e-03 2.810915931647532e-03 5.242944342844154e-03 1.124366372659013e-16
3153 1.313750000000000e-08 4.385028853369983e-17 1.124366372658970e-03 2.810915931647425e-03 5.242944342844154e-03 1.124366372658970e-16
3154 1.314166666666666e-08 4.385028853370224e-17 1.124366372659032e-03 2.810915931647580e-03 5.242944342844154e-03 1.124366372659032e-16
3155 1.314583333333333e-08 4.385028853370020e-17 1.124366372658980e-03 2.810915931647449e-03 5.242944342844154e-03 1.124366372658980e-16
3156 1.315000000000000e-08 4.385028853370205e-17 1.124366372659027e-03 2.810915931647567e-03 5.242944342844154e-03 1.124366372659027e-16
3157 1.315416666666666e-08 4.385028853369983e-17 1.124366372658970e-03 2.810915931647425e-03 5.242944342844154e-03 1.124366372658970e-16
3158 1.315833333333333e-08 4.385028853370242e-17 1.124366372659037e-03 2.810915931647592e-03 5.242944342844154e-03 1.124366372659037e-16
3159 1.316249999999999e-08 4.385028853370094e-17 1.124366372658998e-03 2.810915931647496e-03 5.242944342844154e-03 1.124366372658998e-16
3160 1.316666666666666e-08 4.385028853370131e-17 1.124366372659008e-03 2.810915931647521e-03 5.242944342844154e-03 1.124366372659008e-16
3161 1.317083333333333e-08 4.385028853369910e-17 1.124366372658951e-03 2.810915931647378e-03 5.242944342844154e-03 1.124366372658951e-16
3162 1.317500000000000e-08 4.385028853370298e-17 1.124366372659051e-03 2.810915931647627e-03 5.242944342844154e-03 1.124366372659051e-16
3163 1.317916666666666e-08 4.385028853370094e-17 1.124366372658998e-03 2.810915931647496e-03 5.242944342844154e-03 1.124366372658998e-16
3164 1.318333333333333e-08 4.385028853370150e-17 1.124366372659013e-03 2.810915931647532e-03 5.242944342844154e-03 1.124366372659013e-16
3165 1.318749999999999e-08 4.385028853369983e-17 1.124366372658970e-03 2.810915931647425e-03 5.242944342844154e-03 1.124366372658970e-16
3166 1.319166666666666e-08 4.385028853370224e-17 1.124366372659032e-03 2.810915931647580e-03 5.242944342844154e-03 1.124366372659032e-16
3167 1.319583333333333e-08 4.385028853370020e-17 1.124366372658980e-03 2.810915931647449e-03 5.242944342844154e-03 1.124366372658980e-16
3168 1.320000000000000e-08 4.385028853370205e-17 1.124366372659027e-03 2.810915931647567e-03 5.242944342844154e-03 1.124366372659027e-16
3169 1.320416666666666e-08 4.385028853369983e-17 1.124366372658970e-03 2.810915931647425e-03 5.242944342844154e-03 1.124366372658970e-16
3170 1.320833333333333e-08 4.385028853370242e-17 1.124366372659037e-03 2.810915931647592e-03 5.242944342844154e-03 1.124366372659037e-16
3171 1.321250000000000e-08 4.385028853370094e-17 1.124366372658998e-03 2.810915931647496e-03 5.242944342844154e-03 1.124366372658998e-16
3172 1.321666666666666e-08 4.385028853370131e-17 1.124366372659008e-03 2.810915931647521e-03 5.242944342844154e-03 1.124366372659008e-16
3173 1.322083333333333e-08 4.385028853369910e-17 1.124366372658951e-03 2.810915931647378e-03 5.242944342844154e-03 1.124366372658951e-16
3174 1.322500000000000e-08 4.385028853370298e-17 1.124366372659051e-03 2.810915931647627e-03 5.242944342844154e-03 1.124366372659051e-16
3175 1.322916666666666e-08 4.385028853370094e-17 1.124366372658998e-03 2.810915931647496e-03 5.242944342844154e-03 1.124366372658998e-16
3176 1.323333333333333e-08 4.385028853370150e-17 1.124366372659013e-03 2.810915931647532e-03 5.242944342844154e-03 1.124366372659013e-16
3177 1.323750000000000e-08 4.385028853369983e-17 1.124366372658970e-03 2.810915931647425e-03 5.242944342844154e-03 1.124366372658970e-16
3178 1.324166666666666e-08 4.385028853370224e-17 1.124366372659032e-03 2.810915931647580e-03 5.242944342844154e-03 1.124366372659032e-16
3179 1.324583333333333e-08 4.385028853370020e-17 1.124366372658980e-03 2.810915931647449e-03 5.242944342844154e-03 1.124366372658980e-16
3180 1.324999999999999e-08 4.385028853370205e-17 1.124366372659027e-03 2.810915931647567e-03 5.242944342844154e-03 1.124366372659027e-16
3181 1.325416666666666e-08 4.385028853369983e-17 1.124366372658970e-03 2.810915931647425e-03 5.242944342844154e-03 1.124366372658970e-16
3182 1.325833333333333e-08 4.385028853370242e-17 1.124366372659037e-03 2.810915931647592e-03 5.242944342844154e-03 1.124366372659037e-16
3183 1.326250000000000e-08 4.385028853370094e-17 1.124366372658998e-03 2.810915931647496e-03 5.242944342844154e-03 1.124366372658998e-16
3184 1.326666666666666e-08 4.385028853370131e-17 1.124366372659008e-03 2.810915931647521e-03 5.242944342844154e-03 1.124366372659008e-16
3185 1.327083333333333e-08 4.385028853369910e-17 1.124366372658951e-03 2.810915931647378e-03 5.242944342844154e-03 1.124366372658951e-16
3186 1.327499999999999e-08 4.385028853370298e-17 1.124366372659051e-03 2.810915931647627e-03 5.242944342844154e-03 1.124366372659051e-16
3187 1.327916666666666e-08 4.385028853370094e-17 1.124366372658998e-03 2.810915931647496e-03 5.242944342844154e-03 1.124366372658998e-16
3188 1.328333333333333e-08 4.385028853370150e-17 1.124366372659013e-03 2.810915931647532e-03 5.242944342844154e-03 1.124366372659013e-16
3189 1.328750000000000e-08 4.385028853369983e-17 1.124366372658970e-03 2.810915931647425e-03 5.242944342844154e-03 1.124366372658970e-16
3190 1.329166666666666e-08 4.385028853370224e-17 1.124366372659032e-03 2.810915931647580e-03 5.242944342844154e-03 1.124366372659032e-16
3191 1.329583333333333e-08 4.385028853370020e-17 1.124366372658980e-03 2.810915931647449e-03 5.242944342844154e-03 1.124366372658980e-16
3192 1.330000000000000e-08 4.385028853370205e-17 1.124366372659027e-03 2.810915931647567e-03 5.242944342844154e-03 1.124366372659027e-16
3193 1.330416666666666e-08 4.385028853369983e-17 1.124366372658970e-03 2.810915931647425e-03 5.242944342844154e-03 1.124366372658970e-16
3194 1.330833333333333e-08 4.385028853370242e-17 1.124366372659037e-03 2.810915931647592e-03 5.242944342844154e-03 1.124366372659037e-16
3195 1.331250000000000e-08 4.385028853370094e-17 1.124366372658998e-03 2.810915931647496e-03 5.242944342844154e-03 1.124366372658998e-16
3196 1.331666666666666e-08 4.385028853370131e-17 1.124366372659008e-03 2.810915931647521e-03 5.242944342844154e-03 1.124366372659008e-16
3197 1.332083333333333e-08 4.385028853369910e-17 1.124366372658951e-03 2.810915931647378e-03 5.242944342844154e-03 1.124366372658951e-16
3198 1.332500000000000e-08 4.385028853370298e-17 1.124366372659051e-03 2.810915931647627e-03 5.242944342844154e-03 1.124366372659051e-16
3199 1.332916666666666e-08 4.385028853370094e-17 1.124366372658998e-03 2.810915931647496e-03 5.242944342844154e-03 1.124366372658998e-16
3200 1.333333333333333e-08 4.385028853370150e-17 1.124366372659013e-03 2.810915931647532e-03 5.242944342844154e-03 1.124366372659013e-16
3201 1.333749999999999e-08 4.385028853369983e-17 1.124366372658970e-03 2.810915931647425e-03 5.242944342844154e-03 1.124366372658970e-16
3202 1.334166666666666e-08 4.385028853370224e-17 1.124366372659032e-03 2.810915931647580e-03 5.242944342844154e-03 1.124366372659032e-16
3203 1.334583333333333e-08 4.385028853370020e-17 1.124366372658980e-03 2.810915931647449e-03 5.242944342844154e-03 1.124366372658980e-16
3204 1.335000000000000e-08 4.385028853370205e-17 1.124366372659027e-03 2.810915931647567e-03 5.242944342844154e-03 1.124366372659027e-16
3205 1.335416666666666e-08 4.385028853369983e-17 1.124366372658970e-03 2.810915931647425e-03 5.242944342844154e-03 1.124366372658970e-16
3206 1.335833333333333e-08 4.385028853370242e-17 1.124366372659037e-03 2.810915931647592e-03 5.242944342844154e-03 1.124366372659037e-16
3207 1.336249999999999e-08 4.385028853370094e-17 1.124366372658998e-03 2.810915931647496e-03 5.242944342844154e-03 1.124366372658998e-16
3208 1.336666666666666e-08 4.385028853370131e-17 1.124366372659008e-03 2.810915931647521e-03 5.242944342844154e-03 1.124366372659008e-16
3209 1.337083333333333e-08 4.385028853369910e-17 1.124366372658951e-03 2.810915931647378e-03 5.242944342844154e-03 1.124366372658951e-16
3210 1.337500000000000e-08 4.385028853370298e-17 1.124366372659051e-03 2.810915931647627e-03 5.242944342844154e-03 1.124366372659051e-16
3211 1.337916666666666e-08 4.385028853370094e-17 1.124366372658998e-03 2.810915931647496e-03 5.242944342844154e-03 1.124366372658998e-16
3212 1.338333333333333e-08 4.385028853370150e-17 1.124366372659013e-03 2.810915931647532e-03 5.242944342844154e-03 1.124366372659013e-16
3213 1.338749999999999e-08 4.385028853369983e-17 1.124366372658970e-03 2.810915931647425e-03 5.242944342844154e-03 1.124366372658970e-16
3214 1.339166666666666e-08 4.385028853370224e-17 1.124366372659032e-03 2.810915931647580e-03 5.242944342844154e-03 1.124366372659032e-16
3215 1.339583333333333e-08 4.385028853370020e-17 1.124366372658980e-03 2.810915931647449e-03 5.242944342844154e-03 1.124366372658980e-16
3216 1.340000000000000e-08 4.385028853370205e-17 1.124366372659027e-03 2.810915931647567e-03 5.242944342844154e-03 1.124366372659027e-16
3217 1.340416666666666e-08 4.385028853369983e-17 1.124366372658970e-03 2.810915931647425e-03 5.242944342844154e-03 1.124366372658970e-16
3218 1.340833333333333e-08 4.385028853370242e-17 1.124366372659037e-03 2.810915931647592e-03 5.242944342844154e-03 1.124366372659037e-16
3219 1.341250000000000e-08 4.385028853370094e-17 1.124366372658998e-03 2.810915931647496e-03 5.242944342844154e-03 1.124366372658998e-16
3220 1.341666666666666e-08 4.385028853370131e-17 1.124366372659008e-03 2.810915931647521e-03 5.242944342844154e-03 1.124366372659008e-16
3221 1.342083333333333e-08 4.385028853369910e-17 1.124366372658951e-03 2.810915931647378e-03 5.242944342844154e-03 1.124366372658951e-16
3222 1.342499999999999e-08 4.385028853370298e-17 1.124366372659051e-03 2.810915931647627e-03 5.242944342844154e-03 1.124366372659051e-16
3223 1.342916666666666e-08 4.385028853370094e-17 1.124366372658998e-03 2.810915931647496e-03 5.242944342844154e-03 1.124366372658998e-16
3224 1.343333333333333e-08 4.385028853370150e-17 1.124366372659013e-03 2.810915931647532e-03 5.242944342844154e-03 1.124366372659013e-16
3225 1.343750000000000e-08 4.385028853369983e-17 1.124366372658970e-03 2.810915931647425e-03 5.242944342844154e-03 1.124366372658970e-16
3226 1.344166666666666e-08 4.385028853370224e-17 1.124366372659032e-03 2.810915931647580e-03 5.242944342844154e-03 1.124366372659032e-16
3227 1.344583333333333e-08 4.385028853370020e-17 1.124366372658980e-03 2.810915931647449e-03 5.242944342844154e-03 1.124366372658980e-16
3228 1.344999999999999e-08 4.385028853370205e-17 1.124366372659027e-03 2.810915931647567e-03 5.242944342844154e-03 1.124366372659027e-16
3229 1.345416666666666e-08 4.385028853369983e-17 1.124366372658970e-03 2.810915931647425e-03 5.242944342844154e-03 1.124366372658970e-16
3230 1.345833333333333e-08 4.385028853370242e-17 1.124366372659037e-03 2.810915931647592e-03 5.242944342844154e-03 1.124366372659037e-16
3231 1.346250000000000e-08 4.385028853370094e-17 1.124366372658998e-03 2.810915931647496e-03 5.242944342844154e-03 1.124366372658998e-16
3232 1.346666666666666e-08 4.385028853370131e-17 1.124366372659008e-03 2.810915931647521e-03 5.242944342844154e-03 1.124366372659008e-16
3233 1.347083333333333e-08 4.385028853369910e-17 1.124366372658951e-03 2.810915931647378e-03 5.242944342844154e-03 1.124366372658951e-16
3234 1.347499999999999e-08 4.385028853370298e-17 1.124366372659051e-03 2.810915931647627e-03 5.242944342844154e-03 1.124366372659051e-16
3235 1.347916666666666e-08 4.385028853370094e-17 1.124366372658998e-03 2.810915931647496e-03 5.242944342844154e-03 1.124366372658998e-16
3236 1.348333333333333e-08 4.385028853370150e-17 1.124366372659013e-03 2.810915931647532e-03 5.242944342844154e-03 1.124366372659013e-16
3237 1.348750000000000e-08 4.385028853369983e-17 1.124366372658970e-03 2.810915931647425e-03 5.242944342844154e-03 1.124366372658970e-16
3238 1.349166666666666e-08 4.385028853370224e-17 1.124366372659032e-03 2.810915931647580e-03 5.242944342844154e-03 1.124366372659032e-16
3239 1.349583333333333e-08 4.385028853370020e-17 1.124366372658980e-03 2.810915931647449e-03 5.242944342844154e-03 1.124366372658980e-16
3240 1.350000000000000e-08 4.385028853370205e-17 1.124366372659027e-03 2.810915931647567e-03 5.242944342844154e-03 1.124366372659027e-16
3241 1.350416666666666e-08 4.385028853369983e-17 1.124366372658970e-03 2.810915931647425e-03 5.242944342844154e-03 1.124366372658970e-16
3242 1.350833333333333e-08 4.385028853370242e-17 1.124366372659037e-03 2.810915931647592e-03 5.242944342844154e-03 1.124366372659037e-16
3243 1.351249999999999e-08 4.385028853370094e-17 1.124366372658998e-03 2.810915931647496e-03 5.242944342844154e-03 1.124366372658998e-16
3244 1.351666666666666e-08 4.385028853370131e-17 1.124366372659008e-03 2.810915931647521e-03 5.242944342844154e-03 1.124366372659008e-16
3245 1.352083333333333e-08 4.385028853369910e-17 1.124366372658951e-03 2.810915931647378e-03 5.242944342844154e-03 1.124366372658951e-16
3246 1.352500000000000e-08 4.385028853370298e-17 1.124366372659051e-03 2.810915931647627e-03 5.242944342844154e-03 1.124366372659051e-16
3247 1.352916666666666e-08 4.385028853370094e-17 1.124366372658998e-03 2.810915931647496e-03 5.242944342844154e-03 1.124366372658998e-16
3248 1.353333333333333e-08 4.385028853370150e-17 1.124366372659013e-03 2.810915931647532e-03 5.242944342844154e-03 1.124366372659013e-16
3249 1.353749999999999e-08 4.385028853369983e-17 1.124366372658970e-03 2.810915931647425e-03 5.242944342844154e-03 1.124366372658970e-16
3250 1.354166666666666e-08 4.385028853370224e-17 1.124366372659032e-03 2.810915931647580e-03 5.242944342844154e-03 1.124366372659032e-16
3251 1.354583333333333e-08 4.385028853370020e-17 1.124366372658980e-03 2.810915931647449e-03 5.242944342844154e-03 1.124366372658980e-16
3252 1.355000000000000e-08 4.385028853370205e-17 1.124366372659027e-03 2.810915931647567e-03 5.242944342844154e-03 1.124366372659027e-16
3253 1.355416666666666e-08 4.385028853369983e-17 1.124366372658970e-03 2.810915931647425e-03 5.242944342844154e-03 1.124366372658970e-16
3254 1.355833333333333e-08 4.385028853370242e-17 1.124366372659037e-03 2.810915931647592e-03 5.242944342844154e-03 1.124366372659037e-16
3255 1.356249999999999e-08 4.385028853370094e-17 1.124366372658998e-03 2.810915931647496e-03 5.242944342844154e-03 1.124366372658998e-16
3256 1.356666666666666e-08 4.385028853370131e-17 1.124366372659008e-03 2.810915931647521e-03 5.242944342844154e-03 1.124366372659008e-16
3257 1.357083333333333e-08 4.385028853369910e-17 1.124366372658951e-03 2.810915931647378e-03 5.242944342844154e-03 1.124366372658951e-16
3258 1.357500000000000e-08 4.385028853370298e-17 1.124366372659051e-03 2.810915931647627e-03 5.242944342844154e-03 1.124366372659051e-16
3259 1.357916666666666e-08 4.385028853370094e-17 1.124366372658998e-03 2.810915931647496e-03 5.242944342844154e-03 1.124366372658998e-16
3260 1.358333333333333e-08 4.385028853370150e-17 1.124366372659013e-03 2.810915931647532e-03 5.242944342844154e-03 1.124366372659013e-16
3261 1.358750000000000e-08 4.385028853369983e-17 1.124366372658970e-03 2.810915931647425e-03 5.242944342844154e-03 1.124366372658970e-16
3262 1.359166666666666e-08 4.385028853370224e-17 1.124366372659032e-03 2.810915931647580e-03 5.242944342844154e-03 1.124366372659032e-16
3263 1.359583333333333e-08 4.385028853370020e-17 1.124366372658980e-03 2.810915931647449e-03 5.242944342844154e-03 1.124366372658980e-16
3264 1.360000000000000e-08 4.385028853370205e-17 1.124366372659027e-03 2.810915931647567e-03 5.242944342844154e-03 1.124366372659027e-16
3265 1.360416666666666e-08 4.385028853369983e-17 1.124366372658970e-03 2.810915931647425e-03 5.242944342844154e-03 1.124366372658970e-16
3266 1.360833333333333e-08 4.385028853370242e-17 1.124366372659037e-03 2.810915931647592e-03 5.242944342844154e-03 1.124366372659037e-16
3267 1.361250000000000e-08 4.385028853370094e-17 1.124366372658998e-03 2.810915931647496e-03 5.242944342844154e-03 1.124366372658998e-16
3268 1.361666666666666e-08 4.385028853370131e-17 1.124366372659008e-03 2.810915931647521e-03 5.242944342844154e-03 1.124366372659008e-16
3269 1.362083333333333e-08 4.385028853369910e-17 1.124366372658951e-03 2.810915931647378e-03 5.242944342844154e-03 1.124366372658951e-16
3270 1.362499999999999e-08 4.385028853370298e-17 1.124366372659051e-03 2.810915931647627e-03 5.242944342844154e-03 1.124366372659051e-16
3271 1.362916666666666e-08 4.385028853370094e-17 1.124366372658998e-03 2.810915931647496e-03 5.242944342844154e-03 1.124366372658998e-16
3272 1.363333333333333e-08 4.385028853370150e-17 1.124366372659013e-03 2.810915931647532e-03 5.242944342844154e-03 1.124366372659013e-16
3273 1.363750000000000e-08 4.385028853369983e-17 1.124366372658970e-03 2.810915931647425e-03 5.242944342844154e-03 1.124366372658970e-16
3274 1.364166666666666e-08 4.385028853370224e-17 1.124366372659032e-03 2.810915931647580e-03 5.242944342844154e-03 1.124366372659032e-16
3275 1.364583333333333e-08 4.385028853370020e-17 1.124366372658980e-03 2.810915931647449e-03 5.242944342844154e-03 1.124366372658980e-16
3276 1.364999999999999e-08 4.385028853370205e-17 1.124366372659027e-03 2.810915931647567e-03 5.242944342844154e-03 1.124366372659027e-16
3277 1.365416666666666e-08 4.385028853369983e-17 1.124366372658970e-03 2.810915931647425e-03 5.242944342844154e-03 1.124366372658970e-16
3278 1.365833333333333e-08 4.385028853370242e-17 1.124366372659037e-03 2.810915931647592e-03 5.242944342844154e-03 1.124366372659037e-16
3279 1.366250000000000e-08 4.385028853370094e-17 1.124366372658998e-03 2.810915931647496e-03 5.242944342844154e-03 1.124366372658998e-16
3280 1.366666666666666e-08 4.385028853370131e-17 1.124366372659008e-03 2.810915931647521e-03 5.242944342844154e-03 1.124366372659008e-16
3281 1.367083333333333e-08 4.385028853369910e-17 1.124366372658951e-03 2.810915931647378e-03 5.242944342844154e-03 1.124366372658951e-16
3282 1.367500000000000e-08 4.385028853370298e-17 1.124366372659051e-03 2.810915931647627e-03 5.242944342844154e-03 1.124366372659051e-16
3283 1.367916666666666e-08 4.385028853370094e-17 1.124366372658998e-03 2.810915931647496e-03 5.242944342844154e-03 1.124366372658998e-16
3284 1.368333333333333e-08 4.385028853370150e-17 1.124366372659013e-03 2.810915931647532e-03 5.242944342844154e-03 1.124366372659013e-16
3285 1.368750000000000e-08 4.385028853369983e-17 1.124366372658970e-03 2.810915931647425e-03 5.242944342844154e-03 1.124366372658970e-16
3286 1.369166666666666e-08 4.385028853370224e-17 1.124366372659032e-03 2.810915931647580e-03 5.242944342844154e-03 1.124366372659032e-16
3287 1.369583333333333e-08 4.385028853370020e-17 1.124366372658980e-03 2.810915931647449e-03 5.242944342844154e-03 1.124366372658980e-16
3288 1.370000000000000e-08 4.385028853370205e-17 1.124366372659027e-03 2.810915931647567e-03 5.242944342844154e-03 1.124366372659027e-16
3289 1.370416666666666e-08 4.385028853369983e-17 1.124366372658970e-03 2.810915931647425e-03 5.242944342844154e-03 1.124366372658970e-16
3290 1.370833333333333e-08 4.385028853370242e-17 1.124366372659037e-03 2.810915931647592e-03 5.242944342844154e-03 1.124366372659037e-16
3291 1.371249999999999e-08 4.385028853370094e-17 1.124366372658998e-03 2.810915931647496e-03 5.242944342844154e-03 1.124366372658998e-16
3292 1.371666666666666e-08 4.385028853370131e-17 1.124366372659008e-03 2.810915931647521e-03 5.242944342844154e-03 1.124366372659008e-16
3293 1.372083333333333e-08 4.385028853369910e-17 1.124366372658951e-03 2.810915931647378e-03 5.242944342844154e-03 1.124366372658951e-16
3294 1.372500000000000e-08 4.385028853370298e-17 1.124366372659051e-03 2.810915931647627e-03 5.242944342844154e-03 1.124366372659051e-16
3295 1.372916666666666e-08 4.385028853370094e-17 1.124366372658998e-03 2.810915931647496e-03 5.242944342844154e-03 1.124366372658998e-16
3296 1.373333333333333e-08 4.385028853370150e-17 1.124366372659013e-03 2.810915931647532e-03 5.242944342844154e-03 1.124366372659013e-16
3297 1.373749999999999e-08 4.385028853369983e-17 1.124366372658970e-03 2.810915931647425e-03 5.242944342844154e-03 1.124366372658970e-16
3298 1.374166666666666e-08 4.385028853370224e-17 1.124366372659032e-03 2.810915931647580e-03 5.242944342844154e-03 1.124366372659032e-16
3299 1.374583333333333e-08 4.385028853370020e-17 1.124366372658980e-03 2.810915931647449e-03 5.242944342844154e-03 1.124366372658980e-16
3300 1.375000000000000e-08 4.385028853370205e-17 1.124366372659027e-03 2.810915931647567e-03 5.242944342844154e-03 1.124366372659027e-16
3301 1.375416666666666e-08 4.385028853369983e-17 1.124366372658970e-03 2.810915931647425e-03 5.242944342844154e-03 1.124366372658970e-16
3302 1.375833333333333e-08 4.385028853370242e-17 1.124366372659037e-03 2.810915931647592e-03 5.242944342844154e-03 1.124366372659037e-16
3303 1.376250000000000e-08 4.385028853370094e-17 1.124366372658998e-03 2.810915931647496e-03 5.242944342844154e-03 1.124366372658998e-16
3304 1.376666666666666e-08 4.385028853370131e-17 1.124366372659008e-03 2.810915931647521e-03 5.242944342844154e-03 1.124366372659008e-16
3305 1.377083333333333e-08 4.385028853369910e-17 1.124366372658951e-03 2.810915931647378e-03 5.242944342844154e-03 1.124366372658951e-16
3306 1.377500000000000e-08 4.385028853370298e-17 1.124366372659051e-03 2.810915931647627e-03 5.242944342844154e-03 1.124366372659051e-16
3307 1.377916666666666e-08 4.385028853370094e-17 1.124366372658998e-03 2.810915931647496e-03 5.242944342844154e-03 1.124366372658998e-16
3308 1.378333333333333e-08 4.385028853370150e-17 1.124366372659013e-03 2.810915931647532e-03 5.242944342844154e-03 1.124366372659013e-16
3309 1.378750000000000e-08 4.385028853369983e-17 1.124366372658970e-03 2.810915931647425e-03 5.242944342844154e-03 1.124366372658970e-16
3310 1.379166666666666e-08 4.385028853370224e-17 1.124366372659032e-03 2.810915931647580e-03 5.242944342844154e-03 1.124366372659032e-16
3311 1.379583333333333e-08 4.385028853370020e-17 1.124366372658980e-03 2.810915931647449e-03 5.242944342844154e-03 1.124366372658980e-16
3312 1.379999999999999e-08 4.385028853370205e-17 1.124366372659027e-03 2.810915931647567e-03 5.242944342844154e-03 1.124366372659027e-16
3313 1.380416666666666e-08 4.385028853369983e-17 1.124366372658970e-03 2.810915931647425e-03 5.242944342844154e-03 1.124366372658970e-16
3314 1.380833333333333e-08 4.385028853370242e-17 1.124366372659037e-03 2.810915931647592e-03 5.242944342844154e-03 1.124366372659037e-16
3315 1.381250000000000e-08 4.385028853370094e-17 1.124366372658998e-03 2.810915931647496e-03 5.242944342844154e-03 1.124366372658998e-16
3316 1.381666666666666e-08 4.385028853370131e-17 1.124366372659008e-03 2.810915931647521e-03 5.242944342844154e-03 1.124366372659008e-16
3317 1.382083333333333e-08 4.385028853369910e-17 1.124366372658951e-03 2.810915931647378e-03 5.242944342844154e-03 1.124366372658951e-16
3318 1.382499999999999e-08 4.385028853370298e-17 1.124366372659051e-03 2.810915931647627e-03 5.242944342844154e-03 1.124366372659051e-16
3319 1.382916666666666e-08 4.385028853370094e-17 1.124366372658998e-03 2.810915931647496e-03 5.242944342844154e-03 1.124366372658998e-16
3320 1.383333333333333e-08 4.385028853370150e-17 1.124366372659013e-03 2.810915931647532e-03 5.242944342844154e-03 1.124366372659013e-16
3321 1.383750000000000e-08 4.385028853369983e-17 1.124366372658970e-03 2.810915931647425e-03 5.242944342844154e-03 1.124366372658970e-16
3322 1.384166666666666e-08 4.385028853370224e-17 1.124366372659032e-03 2.810915931647580e-03 5.242944342844154e-03 1.124366372659032e-16
3323 1.384583333333333e-08 4.385028853370020e-17 1.124366372658980e-03 2.810915931647449e-03 5.242944342844154e-03 1.124366372658980e-16
3324 1.384999999999999e-08 4.385028853370205e-17 1.124366372659027e-03 2.810915931647567e-03 5.242944342844154e-03 1.124366372659027e-16
3325 1.385416666666666e-08 4.385028853369983e-17 1.124366372658970e-03 2.810915931647425e-03 5.242944342844154e-03 1.124366372658970e-16
3326 1.385833333333333e-08 4.385028853370242e-17 1.124366372659037e-03 2.810915931647592e-03 5.242944342844154e-03 1.124366372659037e-16
3327 1.386250000000000e-08 4.385028853370094e-17 1.124366372658998e-03 2.810915931647496e-03 5.242944342844154e-03 1.124366372658998e-16
3328 1.386666666666666e-08 4.385028853370131e-17 1.124366372659008e-03 2.810915931647521e-03 5.242944342844154e-03 1.124366372659008e-16
3329 1.387083333333333e-08 4.385028853369910e-17 1.124366372658951e-03 2.810915931647378e-03 5.242944342844154e-03 1.124366372658951e-16
3330 1.387500000000000e-08 4.385028853370298e-17 1.124366372659051e-03 2.810915931647627e-03 5.242944342844154e-03 1.124366372659051e-16
3331 1.387916666666666e-08 4.385028853370094e-17 1.124366372658998e-03 2.810915931647496e-03 5.242944342844154e-03 1.124366372658998e-16
3332 1.388333333333333e-08 4.385028853370150e-17 1.124366372659013e-03 2.810915931647532e-03 5.242944342844154e-03 1.124366372659013e-16
3333 1.388749999999999e-08 4.385028853369983e-17 1.124366372658970e-03 2.810915931647425e-03 5.242944342844154e-03 1.124366372658970e-16
3334 1.389166666666666e-08 4.385028853370224e-17 1.124366372659032e-03 2.810915931647580e-03 5.242944342844154e-03 1.124366372659032e-16
3335 1.389583333333333e-08 4.385028853370020e-17 1.124366372658980e-03 2.810915931647449e-03 5.242944342844154e-03 1.124366372658980e-16
3336 1.390000000000000e-08 4.385028853370205e-17 1.124366372659027e-03 2.810915931647567e-03 5.242944342844154e-03 1.124366372659027e-16
3337 1.390416666666666e-08 4.385028853369983e-17 1.124366372658970e-03 2.810915931647425e-03 5.242944342844154e-03 1.124366372658970e-16
3338 1.390833333333333e-08 4.385028853370242e-17 1.124366372659037e-03 2.810915931647592e-03 5.242944342844154e-03 1.124366372659037e-16
3339 1.391249999999999e-08 4.385028853370094e-17 1.124366372658998e-03 2.810915931647496e-03 5.242944342844154e-03 1.124366372658998e-16
3340 1.391666666666666e-08 4.385028853370131e-17 1.124366372659008e-03 2.810915931647521e-03 5.242944342844154e-03 1.124366372659008e-16
3341 1.392083333333333e-08 4.385028853369910e-17 1.124366372658951e-03 2.810915931647378e-03 5.242944342844154e-03 1.124366372658951e-16
3342 1.392500000000000e-08 4.385028853370298e-17 1.124366372659051e-03 2.810915931647627e-03 5.242944342844154e-03 1.124366372659051e-16
3343 1.392916666666666e-08 4.385028853370094e-17 1.124366372658998e-03 2.810915931647496e-03 5.242944342844154e-03 1.124366372658998e-16
3344 1.393333333333333e-08 4.385028853370150e-17 1.124366372659013e-03 2.810915931647532e-03 5.242944342844154e-03 1.124366372659013e-16
3345 1.393749999999999e-08 4.385028853369983e-17 1.124366372658970e-03 2.810915931647425e-03 5.242944342844154e-03 1.124366372658970e-16
3346 1.394166666666666e-08 4.385028853370224e-17 1.124366372659032e-03 2.810915931647580e-03 5.242944342844154e-03 1.124366372659032e-16
3347 1.394583333333333e-08 4.385028853370020e-17 1.124366372658980e-03 2.810915931647449e-03 5.242944342844154e-03 1.124366372658980e-16
3348 1.395000000000000e-08 4.385028853370205e-17 1.124366372659027e-03 2.810915931647567e-03 5.242944342844154e-03 1.124366372659027e-16
3349 1.395416666666666e-08 4.385028853369983e-17 1.124366372658970e-03 2.810915931647425e-03 5.242944342844154e-03 1.124366372658970e-16
3350 1.395833333333333e-08 4.385028853370242e-17 1.124366372659037e-03 2.810915931647592e-03 5.242944342844154e-03 1.124366372659037e-16
3351 1.396250000000000e-08 4.385028853370094e-17 1.124366372658998e-03 2.810915931647496e-03 5.242944342844154e-03 1.124366372658998e-16
3352 1.396666666666666e-08 4.385028853370131e-17 1.124366372659008e-03 2.810915931647521e-03 5.242944342844154e-03 1.124366372659008e-16
3353 1.397083333333333e-08 4.385028853369910e-17 1.124366372658951e-03 2.810915931647378e-03 5.242944342844154e-03 1.124366372658951e-16
3354 1.397499999999999e-08 4.385028853370298e-17 1.124366372659051e-03 2.810915931647627e-03 5.242944342844154e-03 1.124366372659051e-16
3355 1.397916666666666e-08 4.385028853370094e-17 1.124366372658998e-03 2.810915931647496e-03 5.242944342844154e-03 1.124366372658998e-16
3356 1.398333333333333e-08 4.385028853370150e-17 1.124366372659013e-03 2.810915931647532e-03 5.242944342844154e-03 1.124366372659013e-16
3357 1.398750000000000e-08 4.385028853369983e-17 1.124366372658970e-03 2.810915931647425e-03 5.242944342844154e-03 1.124366372658970e-16
3358 1.399166666666666e-08 4.385028853370224e-17 1.124366372659032e-03 2.810915931647580e-03 5.242944342844154e-03 1.124366372659032e-16
3359 1.399583333333333e-08 4.385028853370020e-17 1.124366372658980e-03 2.810915931647449e-03 5.242944342844154e-03 1.124366372658980e-16
3360 1.399999999999999e-08 4.385028853370205e-17 1.124366372659027e-03 2.810915931647567e-03 5.242944342844154e-03 1.124366372659027e-16
3361 1.400416666666666e-08 4.385028853369983e-17 1.124366372658970e-03 2.810915931647425e-03 5.242944342844154e-03 1.124366372658970e-16
3362 1.400833333333333e-08 4.385028853370242e-17 1.124366372659037e-03 2.810915931647592e-03 5.242944342844154e-03 1.124366372659037e-16
3363 1.401250000000000e-08 4.385028853370094e-17 1.124366372658998e-03 2.810915931647496e-03 5.242944342844154e-03 1.124366372658998e-16
3364 1.401666666666666e-08 4.385028853370131e-17 1.124366372659008e-03 2.810915931647521e-03 5.242944342844154e-03 1.124366372659008e-16
3365 1.402083333333333e-08 4.385028853369910e-17 1.124366372658951e-03 2.810915931647378e-03 5.242944342844154e-03 1.124366372658951e-16
3366 1.402499999999999e-08 4.385028853370298e-17 1.124366372659051e-03 2.810915931647627e-03 5.242944342844154e-03 1.124366372659051e-16
3367 1.402916666666666e-08 4.385028853370094e-17 1.124366372658998e-03 2.810915931647496e-03 5.242944342844154e-03 1.124366372658998e-16
3368 1.403333333333333e-08 4.385028853370150e-17 1.124366372659013e-03 2.810915931647532e-03 5.242944342844154e-03 1.124366372659013e-16
3369 1.403750000000000e-08 4.385028853369983e-17 1.124366372658970e-03 2.810915931647425e-03 5.242944342844154e-03 1.124366372658970e-16
3370 1.404166666666666e-08 4.385028853370224e-17 1.124366372659032e-03 2.810915931647580e-03 5.242944342844154e-03 1.124366372659032e-16
3371 1.404583333333333e-08 4.385028853370020e-17 1.124366372658980e-03 2.810915931647449e-03 5.242944342844154e-03 1.124366372658980e-16
3372 1.405000000000000e-08 4.385028853370205e-17 1.124366372659027e-03 2.810915931647567e-03 5.242944342844154e-03 1.124366372659027e-16
3373 1.405416666666666e-08 4.385028853369983e-17 1.124366372658970e-03 2.810915931647425e-03 5.242944342844154e-03 1.124366372658970e-16
3374 1.405833333333333e-08 4.385028853370242e-17 1.124366372659037e-03 2.810915931647592e-03 5.242944342844154e-03 1.124366372659037e-16
3375 1.406249999999999e-08 4.385028853370094e-17 1.124366372658998e-03 2.810915931647496e-03 5.242944342844154e-03 1.124366372658998e-16
3376 1.406666666666666e-08 4.385028853370131e-17 1.124366372659008e-03 2.810915931647521e-03 5.242944342844154e-03 1.124366372659008e-16
3377 1.407083333333333e-08 4.385028853369910e-17 1.124366372658951e-03 2.810915931647378e-03 5.242944342844154e-03 1.124366372658951e-16
3378 1.407500000000000e-08 4.385028853370298e-17 1.124366372659051e-03 2.810915931647627e-03 5.242944342844154e-03 1.124366372659051e-16
3379 1.407916666666666e-08 4.385028853370094e-17 1.124366372658998e-03 2.810915931647496e-03 5.242944342844154e-03 1.124366372658998e-16
3380 1.408333333333333e-08 4.385028853370150e-17 1.124366372659013e-03 2.810915931647532e-03 5.242944342844154e-03 1.124366372659013e-16
3381 1.408749999999999e-08 4.385028853369983e-17 1.124366372658970e-03 2.810915931647425e-03 5.242944342844154e-03 1.124366372658970e-16
3382 1.409166666666666e-08 4.385028853370224e-17 1.124366372659032e-03 2.810915931647580e-03 5.242944342844154e-03 1.124366372659032e-16
3383 1.409583333333333e-08 4.385028853370020e-17 1.124366372658980e-03 2.810915931647449e-03 5.242944342844154e-03 1.124366372658980e-16
3384 1.410000000000000e-08 4.385028853370205e-17 1.124366372659027e-03 2.810915931647567e-03 5.242944342844154e-03 1.124366372659027e-16
3385 1.410416666666666e-08 4.385028853369983e-17 1.124366372658970e-03 2.810915931647425e-03 5.242944342844154e-03 1.124366372658970e-16
3386 1.410833333333333e-08 4.385028853370242e-17 1.124366372659037e-03 2.810915931647592e-03 5.242944342844154e-03 1.124366372659037e-16
3387 1.411249999999999e-08 4.385028853370094e-17 1.124366372658998e-03 2.810915931647496e-03 5.242944342844154e-03 1.124366372658998e-16
3388 1.411666666666666e-08 4.385028853370131e-17 1.124366372659008e-03 2.810915931647521e-03 5.242944342844154e-03 1.124366372659008e-16
3389 1.412083333333333e-08 4.385028853369910e-17 1.124366372658951e-03 2.810915931647378e-03 5.242944342844154e-03 1.124366372658951e-16
3390 1.412500000000000e-08 4.385028853370298e-17 1.124366372659051e-03 2.810915931647627e-03 5.242944342844154e-03 1.124366372659051e-16
3391 1.412916666666666e-08 4.385028853370094e-17 1.124366372658998e-03 2.810915931647496e-03 5.242944342844154e-03 1.124366372658998e-16
3392 1.413333333333333e-08 4.385028853370150e-17 1.124366372659013e-03 2.810915931647532e-03 5.242944342844154e-03 1.124366372659013e-16
3393 1.413750000000000e-08 4.385028853369983e-17 1.124366372658970e-03 2.810915931647425e-03 5.242944342844154e-03 1.124366372658970e-16
3394 1.414166666666666e-08 4.385028853370224e-17 1.124366372659032e-03 2.810915931647580e-03 5.242944342844154e-03 1.124366372659032e-16
3395 1.414583333333333e-08 4.385028853370020e-17 1.124366372658980e-03 2.810915931647449e-03 5.242944342844154e-03 1.124366372658980e-16
3396 1.414999999999999e-08 4.385028853370205e-17 1.124366372659027e-03 2.810915931647567e-03 5.242944342844154e-03 1.124366372659027e-16
3397 1.415416666666666e-08 4.385028853369983e-17 1.124366372658970e-03 2.810915931647425e-03 5.242944342844154e-03 1.124366372658970e-16
3398 1.415833333333333e-08 4.385028853370242e-17 1.124366372659037e-03 2.810915931647592e-03 5.242944342844154e-03 1.124366372659037e-16
3399 1.416250000000000e-08 4.385028853370094e-17 1.124366372658998e-03 2.810915931647496e-03 5.242944342844154e-03 1.124366372658998e-16
3400 1.416666666666666e-08 4.385028853370131e-17 1.124366372659008e-03 2.810915931647521e-03 5.242944342844154e-03 1.124366372659008e-16
3401 1.417083333333333e-08 4.385028853369910e-17 1.124366372658951e-03 2.810915931647378e-03 5.242944342844154e-03 1.124366372658951e-16
3402 1.417499999999999e-08 4.385028853370298e-17 1.124366372659051e-03 2.810915931647627e-03 5.242944342844154e-03 1.124366372659051e-16
3403 1.417916666666666e-08 4.385028853370094e-17 1.124366372658998e-03 2.810915931647496e-03 5.242944342844154e-03 1.124366372658998e-16
3404 1.418333333333333e-08 4.385028853370150e-17 1.124366372659013e-03 2.810915931647532e-03 5.242944342844154e-03 1.124366372659013e-16
3405 1.418750000000000e-08 4.385028853369983e-17 1.124366372658970e-03 2.810915931647425e-03 5.242944342844154e-03 1.124366372658970e-16
3406 1.419166666666666e-08 4.385028853370224e-17 1.124366372659032e-03 2.810915931647580e-03 5.242944342844154e-03 1.124366372659032e-16
3407 1.419583333333333e-08 4.385028853370020e-17 1.124366372658980e-03 2.810915931647449e-03 5.242944342844154e-03 1.124366372658980e-16
3408 1.419999999999999e-08 4.385028853370205e-17 1.124366372659027e-03 2.810915931647567e-03 5.242944342844154e-03 1.124366372659027e-16
3409 1.420416666666666e-08 4.385028853369983e-17 1.124366372658970e-03 2.810915931647425e-03 5.242944342844154e-03 1.124366372658970e-16
3410 1.420833333333333e-08 4.385028853370242e-17 1.124366372659037e-03 2.810915931647592e-03 5.242944342844154e-03 1.124366372659037e-16
3411 1.421250000000000e-08 4.385028853370094e-17 1.124366372658998e-03 2.810915931647496e-03 5.242944342844154e-03 1.124366372658998e-16
3412 1.421666666666666e-08 4.385028853370131e-17 1.124366372659008e-03 2.810915931647521e-03 5.242944342844154e-03 1.124366372659008e-16
3413 1.422083333333333e-08 4.385028853369910e-17 1.124366372658951e-03 2.810915931647378e-03 5.242944342844154e-03 1.124366372658951e-16
3414 1.422500000000000e-08 4.385028853370298e-17 1.124366372659051e-03 2.810915931647627e-03 5.242944342844154e-03 1.124366372659051e-16
3415 1.422916666666666e-08 4.385028853370094e-17 1.124366372658998e-03 2.810915931647496e-03 5.242944342844154e-03 1.124366372658998e-16
3416 1.423333333333333e-08 4.385028853370150e-17 1.124366372659013e-03 2.810915931647532e-03 5.242944342844154e-03 1.124366372659013e-16
3417 1.423749999999999e-08 4.385028853369983e-17 1.124366372658970e-03 2.810915931647425e-03 5.242944342844154e-03 1.124366372658970e-16
3418 1.424166666666666e-08 4.385028853370224e-17 1.124366372659032e-03 2.810915931647580e-03 5.242944342844154e-03 1.124366372659032e-16
3419 1.424583333333333e-08 4.385028853370020e-17 1.124366372658980e-03 2.810915931647449e-03 5.242944342844154e-03 1.124366372658980e-16
3420 1.425000000000000e-08 4.385028853370205e-17 1.124366372659027e-03 2.810915931647567e-03 5.242944342844154e-03 1.124366372659027e-16
3421 1.425416666666666e-08 4.385028853369983e-17 1.124366372658970e-03 2.810915931647425e-03 5.242944342844154e-03 1.124366372658970e-16
3422 1.425833333333333e-08 4.385028853370242e-17 1.124366372659037e-03 2.810915931647592e-03 5.242944342844154e-03 1.124366372659037e-16
3423 1.426249999999999e-08 4.385028853370094e-17 1.124366372658998e-03 2.810915931647496e-03 5.242944342844154e-03 1.124366372658998e-16
3424 1.426666666666666e-08 4.385028853370131e-17 1.124366372659008e-03 2.810915931647521e-03 5.242944342844154e-03 1.124366372659008e-16
3425 1.427083333333333e-08 4.385028853369910e-17 1.124366372658951e-03 2.810915931647378e-03 5.242944342844154e-03 1.124366372658951e-16
3426 1.427500000000000e-08 4.385028853370298e-17 1.124366372659051e-03 2.810915931647627e-03 5.242944342844154e-03 1.124366372659051e-16
3427 1.427916666666666e-08 4.385028853370094e-17 1.124366372658998e-03 2.810915931647496e-03 5.242944342844154e-03 1.124366372658998e-16
3428 1.428333333333333e-08 4.385028853370150e-17 1.124366372659013e-03 2.810915931647532e-03 5.242944342844154e-03 1.124366372659013e-16
3429 1.428749999999999e-08 4.385028853369983e-17 1.124366372658970e-03 2.810915931647425e-03 5.242944342844154e-03 1.124366372658970e-16
3430 1.429166666666666e-08 4.385028853370224e-17 1.124366372659032e-03 2.810915931647580e-03 5.242944342844154e-03 1.124366372659032e-16
3431 1.429583333333333e-08 4.385028853370020e-17 1.124366372658980e-03 2.810915931647449e-03 5.242944342844154e-03 1.124366372658980e-16
3432 1.430000000000000e-08 4.385028853370205e-17 1.124366372659027e-03 2.810915931647567e-03 5.242944342844154e-03 1.124366372659027e-16
3433 1.430416666666666e-08 4.385028853369983e-17 1.124366372658970e-03 2.810915931647425e-03 5.242944342844154e-03 1.124366372658970e-16
3434 1.430833333333333e-08 4.385028853370242e-17 1.124366372659037e-03 2.810915931647592e-03 5.242944342844154e-03 1.124366372659037e-16
3435 1.431249999999999e-08 4.385028853370094e-17 1.124366372658998e-03 2.810915931647496e-03 5.242944342844154e-03 1.124366372658998e-16
3436 1.431666666666666e-08 4.385028853370131e-17 1.124366372659008e-03 2.810915931647521e-03 5.242944342844154e-03 1.124366372659008e-16
3437 1.432083333333333e-08 4.385028853369910e-17 1.124366372658951e-03 2.810915931647378e-03 5.242944342844154e-03 1.124366372658951e-16
3438 1.432499999999999e-08 4.385028853370298e-17 1.124366372659051e-03 2.810915931647627e-03 5.242944342844154e-03 1.124366372659051e-16
3439 1.432916666666666e-08 4.385028853370094e-17 1.124366372658998e-03 2.810915931647496e-03 5.242944342844154e-03 1.124366372658998e-16
3440 1.433333333333333e-08 4.385028853370150e-17 1.124366372659013e-03 2.810915931647532e-03 5.242944342844154e-03 1.124366372659013e-16
3441 1.433750000000000e-08 4.385028853369983e-17 1.124366372658970e-03 2.810915931647425e-03 5.242944342844154e-03 1.124366372658970e-16
3442 1.434166666666666e-08 4.385028853370224e-17 1.124366372659032e-03 2.810915931647580e-03 5.242944342844154e-03 1.124366372659032e-16
3443 1.434583333333333e-08 4.385028853370020e-17 1.124366372658980e-03 2.810915931647449e-03 5.242944342844154e-03 1.124366372658980e-16
3444 1.434999999999999e-08 4.385028853370205e-17 1.124366372659027e-03 2.810915931647567e-03 5.242944342844154e-03 1.124366372659027e-16
3445 1.435416666666666e-08 4.385028853369983e-17 1.124366372658970e-03 2.810915931647425e-03 5.242944342844154e-03 1.124366372658970e-16
3446 1.435833333333333e-08 4.385028853370242e-17 1.124366372659037e-03 2.810915931647592e-03 5.242944342844154e-03 1.124366372659037e-16
3447 1.436250000000000e-08 4.385028853370094e-17 1.124366372658998e-03 2.810915931647496e-03 5.242944342844154e-03 1.124366372658998e-16
3448 1.436666666666666e-08 4.385028853370131e-17 1.124366372659008e-03 2.810915931647521e-03 5.242944342844154e-03 1.124366372659008e-16
3449 1.437083333333333e-08 4.385028853369910e-17 1.124366372658951e-03 2.810915931647378e-03 5.242944342844154e-03 1.124366372658951e-16
3450 1.437499999999999e-08 4.385028853370298e-17 1.124366372659051e-03 2.810915931647627e-03 5.242944342844154e-03 1.124366372659051e-16
3451 1.437916666666666e-08 4.385028853370094e-17 1.124366372658998e-03 2.810915931647496e-03 5.242944342844154e-03 1.124366372658998e-16
3452 1.438333333333333e-08 4.385028853370150e-17 1.124366372659013e-03 2.810915931647532e-03 5.242944342844154e-03 1.124366372659013e-16
3453 1.438750000000000e-08 4.385028853369983e-17 1.124366372658970e-03 2.810915931647425e-03 5.242944342844154e-03 1.124366372658970e-16
3454 1.439166666666666e-08 4.385028853370224e-17 1.124366372659032e-03 2.810915931647580e-03 5.242944342844154e-03 1.124366372659032e-16
3455 1.439583333333333e-08 4.385028853370020e-17 1.124366372658980e-03 2.810915931647449e-03 5.242944342844154e-03 1.124366372658980e-16
3456 1.439999999999999e-08 4.385028853370205e-17 1.124366372659027e-03 2.810915931647567e-03 5.242944342844154e-03 1.124366372659027e-16
3457 1.440416666666666e-08 4.385028853369983e-17 1.124366372658970e-03 2.810915931647425e-03 5.242944342844154e-03 1.124366372658970e-16
3458 1.440833333333333e-08 4.385028853370242e-17 1.124366372659037e-03 2.810915931647592e-03 5.242944342844154e-03 1.124366372659037e-16
3459 1.441249999999999e-08 4.385028853370094e-17 1.124366372658998e-03 2.810915931647496e-03 5.242944342844154e-03 1.124366372658998e-16
3460 1.441666666666666e-08 4.385028853370131e-17 1.124366372659008e-03 2.810915931647521e-03 5.242944342844154e-03 1.124366372659008e-16
3461 1.442083333333333e-08 4.385028853369910e-17 1.124366372658951e-03 2.810915931647378e-03 5.242944342844154e-03 1.124366372658951e-16
3462 1.442500000000000e-08 4.385028853370298e-17 1.124366372659051e-03 2.810915931647627e-03 5.242944342844154e-03 1.124366372659051e-16
3463 1.442916666666666e-08 4.385028853370094e-17 1.124366372658998e-03 2.810915931647496e-03 5.242944342844154e-03 1.124366372658998e-16
3464 1.443333333333333e-08 4.385028853370150e-17 1.124366372659013e-03 2.810915931647532e-03 5.242944342844154e-03 1.124366372659013e-16
3465 1.443749999999999e-08 4.385028853369983e-17 1.124366372658970e-03 2.810915931647425e-03 5.242944342844154e-03 1.124366372658970e-16
3466 1.444166666666666e-08 4.385028853370224e-17 1.124366372659032e-03 2.810915931647580e-03 5.242944342844154e-03 1.124366372659032e-16
3467 1.444583333333333e-08 4.385028853370020e-17 1.124366372658980e-03 2.810915931647449e-03 5.242944342844154e-03 1.124366372658980e-16
3468 1.445000000000000e-08 4.385028853370205e-17 1.124366372659027e-03 2.810915931647567e-03 5.242944342844154e-03 1.124366372659027e-16
3469 1.445416666666666e-08 4.385028853369983e-17 1.124366372658970e-03 2.810915931647425e-03 5.242944342844154e-03 1.124366372658970e-16
3470 1.445833333333333e-08 4.385028853370242e-17 1.124366372659037e-03 2.810915931647592e-03 5.242944342844154e-03 1.124366372659037e-16
3471 1.446249999999999e-08 4.385028853370094e-17 1.124366372658998e-03 2.810915931647496e-03 5.242944342844154e-03 1.124366372658998e-16
3472 1.446666666666666e-08 4.385028853370131e-17 1.124366372659008e-03 2.810915931647521e-03 5.242944342844154e-03 1.124366372659008e-16
3473 1.447083333333333e-08 4.385028853369910e-17 1.124366372658951e-03 2.810915931647378e-03 5.242944342844154e-03 1.124366372658951e-16
3474 1.447500000000000e-08 4.385028853370298e-17 1.124366372659051e-03 2.810915931647627e-03 5.242944342844154e-03 1.124366372659051e-16
3475 1.447916666666666e-08 4.385028853370094e-17 1.124366372658998e-03 2.810915931647496e-03 5.242944342844154e-03 1.124366372658998e-16
3476 1.448333333333333e-08 4.385028853370150e-17 1.124366372659013e-03 2.810915931647532e-03 5.242944342844154e-03 1.124366372659013e-16
3477 1.448749999999999e-08 4.385028853369983e-17 1.124366372658970e-03 2.810915931647425e-03 5.242944342844154e-03 1.124366372658970e-16
3478 1.449166666666666e-08 4.385028853370224e-17 1.124366372659032e-03 2.810915931647580e-03 5.242944342844154e-03 1.124366372659032e-16
3479 1.449583333333333e-08 4.385028853370020e-17 1.124366372658980e-03 2.810915931647449e-03 5.242944342844154e-03 1.124366372658980e-16
3480 1.449999999999999e-08 4.385028853370205e-17 1.124366372659027e-03 2.810915931647567e-03 5.242944342844154e-03 1.124366372659027e-16
3481 1.450416666666666e-08 4.385028853369983e-17 1.124366372658970e-03 2.810915931647425e-03 5.242944342844154e-03 1.124366372658970e-16
3482 1.450833333333333e-08 4.385028853370242e-17 1.124366372659037e-03 2.810915931647592e-03 5.242944342844154e-03 1.124366372659037e-16
3483 1.451250000000000e-08 4.385028853370094e-17 1.124366372658998e-03 2.810915931647496e-03 5.242944342844154e-03 1.124366372658998e-16
3484 1.451666666666666e-08 4.385028853370131e-17 1.124366372659008e-03 2.810915931647521e-03 5.242944342844154e-03 1.124366372659008e-16
3485 1.452083333333333e-08 4.385028853369910e-17 1.124366372658951e-03 2.810915931647378e-03 5.242944342844154e-03 1.124366372658951e-16
3486 1.452499999999999e-08 4.385028853370298e-17 1.124366372659051e-03 2.810915931647627e-03 5.242944342844154e-03 1.124366372659051e-16
3487 1.452916666666666e-08 4.385028853370094e-17 1.124366372658998e-03 2.810915931647496e-03 5.242944342844154e-03 1.124366372658998e-16
3488 1.453333333333333e-08 4.385028853370150e-17 1.124366372659013e-03 2.810915931647532e-03 5.242944342844154e-03 1.124366372659013e-16
3489 1.453750000000000e-08 4.385028853369983e-17 1.124366372658970e-03 2.810915931647425e-03 5.242944342844154e-03 1.124366372658970e-16
3490 1.454166666666666e-08 4.385028853370224e-17 1.124366372659032e-03 2.810915931647580e-03 5.242944342844154e-03 1.124366372659032e-16
3491 1.454583333333333e-08 4.385028853370020e-17 1.124366372658980e-03 2.810915931647449e-03 5.242944342844154e-03 1.124366372658980e-16
3492 1.454999999999999e-08 4.385028853370205e-17 1.124366372659027e-03 2.810915931647567e-03 5.242944342844154e-03 1.124366372659027e-16
3493 1.455416666666666e-08 4.385028853369983e-17 1.124366372658970e-03 2.810915931647425e-03 5.242944342844154e-03 1.124366372658970e-16
3494 1.455833333333333e-08 4.385028853370242e-17 1.124366372659037e-03 2.810915931647592e-03 5.242944342844154e-03 1.124366372659037e-16
3495 1.456250000000000e-08 4.385028853370094e-17 1.124366372658998e-03 2.810915931647496e-03 5.242944342844154e-03 1.124366372658998e-16
3496 1.456666666666666e-08 4.385028853370131e-17 1.124366372659008e-03 2.810915931647521e-03 5.242944342844154e-03 1.124366372659008e-16
3497 1.457083333333333e-08 4.385028853369910e-17 1.124366372658951e-03 2.810915931647378e-03 5.242944342844154e-03 1.124366372658951e-16
3498 1.457499999999999e-08 4.385028853370298e-17 1.124366372659051e-03 2.810915931647627e-03 5.242944342844154e-03 1.124366372659051e-16
3499 1.457916666666666e-08 4.385028853370094e-17 1.124366372658998e-03 2.810915931647496e-03 5.242944342844154e-03 1.124366372658998e-16
3500 1.458333333333333e-08 4.385028853370150e-17 1.124366372659013e-03 2.810915931647532e-03 5.242944342844154e-03 1.124366372659013e-16
3501 1.458749999999999e-08 4.385028853369983e-17 1.124366372658970e-03 2.810915931647425e-03 5.242944342844154e-03 1.124366372658970e-16
3502 1.459166666666666e-08 4.385028853370224e-17 1.124366372659032e-03 2.810915931647580e-03 5.242944342844154e-03 1.124366372659032e-16
3503 1.459583333333333e-08 4.385028853370020e-17 1.124366372658980e-03 2.810915931647449e-03 5.242944342844154e-03 1.124366372658980e-16
3504 1.460000000000000e-08 4.385028853370205e-17 1.124366372659027e-03 2.810915931647567e-03 5.242944342844154e-03 1.124366372659027e-16
3505 1.460416666666666e-08 4.385028853369983e-17 1.124366372658970e-03 2.810915931647425e-03 5.242944342844154e-03 1.124366372658970e-16
3506 1.460833333333333e-08 4.385028853370242e-17 1.124366372659037e-03 2.810915931647592e-03 5.242944342844154e-03 1.124366372659037e-16
3507 1.461249999999999e-08 4.385028853370094e-17 1.124366372658998e-03 2.810915931647496e-03 5.242944342844154e-03 1.124366372658998e-16
3508 1.461666666666666e-08 4.385028853370131e-17 1.124366372659008e-03 2.810915931647521e-03 5.242944342844154e-03 1.124366372659008e-16
3509 1.462083333333333e-08 4.385028853369910e-17 1.124366372658951e-03 2.810915931647378e-03 5.242944342844154e-03 1.124366372658951e-16
3510 1.462500000000000e-08 4.385028853370298e-17 1.124366372659051e-03 2.810915931647627e-03 5.242944342844154e-03 1.124366372659051e-16
3511 1.462916666666666e-08 4.385028853370094e-17 1.124366372658998e-03 2.810915931647496e-03 5.242944342844154e-03 1.124366372658998e-16
3512 1.463333333333333e-08 4.385028853370150e-17 1.124366372659013e-03 2.810915931647532e-03 5.242944342844154e-03 1.124366372659013e-16
3513 1.463749999999999e-08 4.385028853369983e-17 1.124366372658970e-03 2.810915931647425e-03 5.242944342844154e-03 1.124366372658970e-16
3514 1.464166666666666e-08 4.385028853370224e-17 1.124366372659032e-03 2.810915931647580e-03 5.242944342844154e-03 1.124366372659032e-16
3515 1.464583333333333e-08 4.385028853370020e-17 1.124366372658980e-03 2.810915931647449e-03 5.242944342844154e-03 1.124366372658980e-16
3516 1.465000000000000e-08 4.385028853370205e-17 1.124366372659027e-03 2.810915931647567e-03 5.242944342844154e-03 1.124366372659027e-16
3517 1.465416666666666e-08 4.385028853369983e-17 1.124366372658970e-03 2.810915931647425e-03 5.242944342844154e-03 1.124366372658970e-16
3518 1.465833333333333e-08 4.385028853370242e-17 1.124366372659037e-03 2.810915931647592e-03 5.242944342844154e-03 1.124366372659037e-16
3519 1.466249999999999e-08 4.385028853370094e-17 1.124366372658998e-03 2.810915931647496e-03 5.242944342844154e-03 1.124366372658998e-16
3520 1.466666666666666e-08 4.385028853370131e-17 1.124366372659008e-03 2.810915931647521e-03 5.242944342844154e-03 1.124366372659008e-16
3521 1.467083333333333e-08 4.385028853369910e-17 1.124366372658951e-03 2.810915931647378e-03 5.242944342844154e-03 1.124366372658951e-16
3522 1.467499999999999e-08 4.385028853370298e-17 1.124366372659051e-03 2.810915931647627e-03 5.242944342844154e-03 1.124366372659051e-16
3523 1.467916666666666e-08 4.385028853370094e-17 1.124366372658998e-03 2.810915931647496e-03 5.242944342844154e-03 1.124366372658998e-16
3524 1.468333333333333e-08 4.385028853370150e-17 1.124366372659013e-03 2.810915931647532e-03 5.242944342844154e-03 1.124366372659013e-16
3525 1.468750000000000e-08 4.385028853369983e-17 1.124366372658970e-03 2.810915931647425e-03 5.242944342844154e-03 1.124366372658970e-16
3526 1.469166666666666e-08 4.385028853370224e-17 1.124366372659032e-03 2.810915931647580e-03 5.242944342844154e-03 1.124366372659032e-16
3527 1.469583333333333e-08 4.385028853370020e-17 1.124366372658980e-03 2.810915931647449e-03 5.242944342844154e-03 1.124366372658980e-16
3528 1.469999999999999e-08 4.385028853370205e-17 1.124366372659027e-03 2.810915931647567e-03 5.242944342844154e-03 1.124366372659027e-16
3529 1.470416666666666e-08 4.385028853369983e-17 1.124366372658970e-03 2.810915931647425e-03 5.242944342844154e-03 1.124366372658970e-16
3530 1.470833333333333e-08 4.385028853370242e-17 1.124366372659037e-03 2.810915931647592e-03 5.242944342844154e-03 1.124366372659037e-16
3531 1.471250000000000e-08 4.385028853370094e-17 1.124366372658998e-03 2.810915931647496e-03 5.242944342844154e-03 1.124366372658998e-16
3532 1.471666666666666e-08 4.385028853370131e-17 1.124366372659008e-03 2.810915931647521e-03 5.242944342844154e-03 1.124366372659008e-16
3533 1.472083333333333e-08 4.385028853369910e-17 1.124366372658951e-03 2.810915931647378e-03 5.242944342844154e-03 1.124366372658951e-16
3534 1.472499999999999e-08 4.385028853370298e-17 1.124366372659051e-03 2.810915931647627e-03 5.242944342844154e-03 1.124366372659051e-16
3535 1.472916666666666e-08 4.385028853370094e-17 1.124366372658998e-03 2.810915931647496e-03 5.242944342844154e-03 1.124366372658998e-16
3536 1.473333333333333e-08 4.385028853370150e-17 1.124366372659013e-03 2.810915931647532e-03 5.242944342844154e-03 1.124366372659013e-16
3537 1.473750000000000e-08 4.385028853369983e-17 1.124366372658970e-03 2.810915931647425e-03 5.242944342844154e-03 1.124366372658970e-16
3538 1.474166666666666e-08 4.385028853370224e-17 1.124366372659032e-03 2.810915931647580e-03 5.242944342844154e-03 1.124366372659032e-16
3539 1.474583333333333e-08 4.385028853370020e-17 1.124366372658980e-03 2.810915931647449e-03 5.242944342844154e-03 1.124366372658980e-16
3540 1.474999999999999e-08 4.385028853370205e-17 1.124366372659027e-03 2.810915931647567e-03 5.242944342844154e-03 1.124366372659027e-16
3541 1.475416666666666e-08 4.385028853369983e-17 1.124366372658970e-03 2.810915931647425e-03 5.242944342844154e-03 1.124366372658970e-16
3542 1.475833333333333e-08 4.385028853370242e-17 1.124366372659037e-03 2.810915931647592e-03 5.242944342844154e-03 1.124366372659037e-16
3543 1.476249999999999e-08 4.385028853370094e-17 1.124366372658998e-03 2.810915931647496e-03 5.242944342844154e-03 1.124366372658998e-16
3544 1.476666666666666e-08 4.385028853370131e-17 1.124366372659008e-03 2.810915931647521e-03 5.242944342844154e-03 1.124366372659008e-16
3545 1.477083333333333e-08 4.385028853369910e-17 1.124366372658951e-03 2.810915931647378e-03 5.242944342844154e-03 1.124366372658951e-16
3546 1.477499999999999e-08 4.385028853370298e-17 1.124366372659051e-03 2.810915931647627e-03 5.242944342844154e-03 1.124366372659051e-16
3547 1.477916666666666e-08 4.385028853370094e-17 1.124366372658998e-03 2.810915931647496e-03 5.242944342844154e-03 1.124366372658998e-16
3548 1.478333333333333e-08 4.385028853370150e-17 1.124366372659013e-03 2.810915931647532e-03 5.242944342844154e-03 1.124366372659013e-16
3549 1.478749999999999e-08 4.385028853369983e-17 1.124366372658970e-03 2.810915931647425e-03 5.242944342844154e-03 1.124366372658970e-16
3550 1.479166666666666e-08 4.385028853370224e-17 1.124366372659032e-03 2.810915931647580e-03 5.242944342844154e-03 1.124366372659032e-16
3551 1.479583333333333e-08 4.385028853370020e-17 1.124366372658980e-03 2.810915931647449e-03 5.242944342844154e-03 1.124366372658980e-16
3552 1.480000000000000e-08 4.385028853370205e-17 1.124366372659027e-03 2.810915931647567e-03 5.242944342844154e-03 1.124366372659027e-16
3553 1.480416666666666e-08 4.385028853369983e-17 1.124366372658970e-03 2.810915931647425e-03 5.242944342844154e-03 1.124366372658970e-16
3554 1.480833333333333e-08 4.385028853370242e-17 1.124366372659037e-03 2.810915931647592e-03 5.242944342844154e-03 1.124366372659037e-16
3555 1.481249999999999e-08 4.385028853370094e-17 1.124366372658998e-03 2.810915931647496e-03 5.242944342844154e-03 1.124366372658998e-16
3556 1.481666666666666e-08 4.385028853370131e-17 1.124366372659008e-03 2.810915931647521e-03 5.242944342844154e-03 1.124366372659008e-16
3557 1.482083333333333e-08 4.385028853369910e-17 1.124366372658951e-03 2.810915931647378e-03 5.242944342844154e-03 1.124366372658951e-16
3558 1.482500000000000e-08 4.385028853370298e-17 1.124366372659051e-03 2.810915931647627e-03 5.242944342844154e-03 1.124366372659051e-16
3559 1.482916666666666e-08 4.385028853370094e-17 1.124366372658998e-03 2.810915931647496e-03 5.242944342844154e-03 1.124366372658998e-16
3560 1.483333333333333e-08 4.385028853370150e-17 1.124366372659013e-03 2.810915931647532e-03 5.242944342844154e-03 1.124366372659013e-16
3561 1.483749999999999e-08 4.385028853369983e-17 1.124366372658970e-03 2.810915931647425e-03 5.242944342844154e-03 1.124366372658970e-16
3562 1.484166666666666e-08 4.385028853370224e-17 1.124366372659032e-03 2.810915931647580e-03 5.242944342844154e-03 1.124366372659032e-16
3563 1.484583333333333e-08 4.385028853370020e-17 1.124366372658980e-03 2.810915931647449e-03 5.242944342844154e-03 1.124366372658980e-16
3564 1.484999999999999e-08 4.385028853370205e-17 1.124366372659027e-03 2.810915931647567e-03 5.242944342844154e-03 1.124366372659027e-16
3565 1.485416666666666e-08 4.385028853369983e-17 1.124366372658970e-03 2.810915931647425e-03 5.242944342844154e-03 1.124366372658970e-16
3566 1.485833333333333e-08 4.385028853370242e-17 1.124366372659037e-03 2.810915931647592e-03 5.242944342844154e-03 1.124366372659037e-16
3567 1.486249999999999e-08 4.385028853370094e-17 1.124366372658998e-03 2.810915931647496e-03 5.242944342844154e-03 1.124366372658998e-16
3568 1.486666666666666e-08 4.385028853370131e-17 1.124366372659008e-03 2.810915931647521e-03 5.242944342844154e-03 1.124366372659008e-16
3569 1.487083333333333e-08 4.385028853369910e-17 1.124366372658951e-03 2.810915931647378e-03 5.242944342844154e-03 1.124366372658951e-16
3570 1.487499999999999e-08 4.385028853370298e-17 1.124366372659051e-03 2.810915931647627e-03 5.242944342844154e-03 1.124366372659051e-16
3571 1.487916666666666e-08 4.385028853370094e-17 1.124366372658998e-03 2.810915931647496e-03 5.242944342844154e-03 1.124366372658998e-16
3572 1.488333333333333e-08 4.385028853370150e-17 1.124366372659013e-03 2.810915931647532e-03 5.242944342844154e-03 1.124366372659013e-16
3573 1.488750000000000e-08 4.385028853369983e-17 1.124366372658970e-03 2.810915931647425e-03 5.242944342844154e-03 1.124366372658970e-16
3574 1.489166666666666e-08 4.385028853370224e-17 1.124366372659032e-03 2.810915931647580e-03 5.242944342844154e-03 1.124366372659032e-16
3575 1.489583333333333e-08 4.385028853370020e-17 1.124366372658980e-03 2.810915931647449e-03 5.242944342844154e-03 1.124366372658980e-16
3576 1.489999999999999e-08 4.385028853370205e-17 1.124366372659027e-03 2.810915931647567e-03 5.242944342844154e-03 1.124366372659027e-16
3577 1.490416666666666e-08 4.385028853369983e-17 1.124366372658970e-03 2.810915931647425e-03 5.242944342844154e-03 1.124366372658970e-16
3578 1.490833333333333e-08 4.385028853370242e-17 1.124366372659037e-03 2.810915931647592e-03 5.242944342844154e-03 1.124366372659037e-16
3579 1.491250000000000e-08 4.385028853370094e-17 1.124366372658998e-03 2.810915931647496e-03 5.242944342844154e-03 1.124366372658998e-16
3580 1.491666666666666e-08 4.385028853370131e-17 1.124366372659008e-03 2.810915931647521e-03 5.242944342844154e-03 1.124366372659008e-16
3581 1.492083333333333e-08 4.385028853369910e-17 1.124366372658951e-03 2.810915931647378e-03 5.242944342844154e-03 1.124366372658951e-16
3582 1.492500000000000e-08 4.385028853370298e-17 1.124366372659051e-03 2.810915931647627e-03 5.242944342844154e-03 1.124366372659051e-16
3583 1.492916666666666e-08 4.385028853370094e-17 1.124366372658998e-03 2.810915931647496e-03 5.242944342844154e-03 1.124366372658998e-16
3584 1.493333333333333e-08 4.385028853370150e-17 1.124366372659013e-03 2.810915931647532e-03 5.242944342844154e-03 1.124366372659013e-16
3585 1.493749999999999e-08 4.385028853369983e-17 1.124366372658970e-03 2.810915931647425e-03 5.242944342844154e-03 1.124366372658970e-16
3586 1.494166666666666e-08 4.385028853370224e-17 1.124366372659032e-03 2.810915931647580e-03 5.242944342844154e-03 1.124366372659032e-16
3587 1.494583333333333e-08 4.385028853370020e-17 1.124366372658980e-03 2.810915931647449e-03 5.242944342844154e-03 1.124366372658980e-16
3588 1.494999999999999e-08 4.385028853370205e-17 1.124366372659027e-03 2.810915931647567e-03 5.242944342844154e-03 1.124366372659027e-16
3589 1.495416666666666e-08 4.385028853369983e-17 1.124366372658970e-03 2.810915931647425e-03 5.242944342844154e-03 1.124366372658970e-16
3590 1.495833333333333e-08 4.385028853370242e-17 1.124366372659037e-03 2.810915931647592e-03 5.242944342844154e-03 1.124366372659037e-16
3591 1.496250000000000e-08 4.385028853370094e-17 1.124366372658998e-03 2.810915931647496e-03 5.242944342844154e-03 1.124366372658998e-16
3592 1.496666666666666e-08 4.385028853370131e-17 1.124366372659008e-03 2.810915931647521e-03 5.242944342844154e-03 1.124366372659008e-16
3593 1.497083333333333e-08 4.385028853369910e-17 1.124366372658951e-03 2.810915931647378e-03 5.242944342844154e-03 1.124366372658951e-16
3594 1.497499999999999e-08 4.385028853370298e-17 1.124366372659051e-03 2.810915931647627e-03 5.242944342844154e-03 1.124366372659051e-16
3595 1.497916666666666e-08 4.385028853370094e-17 1.124366372658998e-03 2.810915931647496e-03 5.242944342844154e-03 1.124366372658998e-16
3596 1.498333333333333e-08 4.385028853370150e-17 1.124366372659013e-03 2.810915931647532e-03 5.242944342844154e-03 1.124366372659013e-16
3597 1.498749999999999e-08 4.385028853369983e-17 1.124366372658970e-03 2.810915931647425e-03 5.242944342844154e-03 1.124366372658970e-16
3598 1.499166666666666e-08 4.385028853370224e-17 1.124366372659032e-03 2.810915931647580e-03 5.242944342844154e-03 1.124366372659032e-16
3599 1.499583333333333e-08 4.385028853370020e-17 1.124366372658980e-03 2.810915931647449e-03 5.242944342844154e-03 1.124366372658980e-16
3600 1.500000000000000e-08 4.385028853370205e-17 1.124366372659027e-03 2.810915931647567e-03 5.242944342844154e-03 1.124366372659027e-16
3601 1.500416666666666e-08 4.385028853369983e-17 1.124366372658970e-03 2.810915931647425e-03 5.242944342844154e-03 1.124366372658970e-16
3602 1.500833333333333e-08 4.385028853370242e-17 1.124366372659037e-03 2.810915931647592e-03 5.242944342844154e-03 1.124366372659037e-16
3603 1.501250000000000e-08 4.385028853370094e-17 1.124366372658998e-03 2.810915931647496e-03 5.242944342844154e-03 1.124366372658998e-16
3604 1.501666666666666e-08 4.385028853370131e-17 1.124366372659008e-03 2.810915931647521e-03 5.242944342844154e-03 1.124366372659008e-16
3605 1.502083333333333e-08 4.385028853369910e-17 1.124366372658951e-03 2.810915931647378e-03 5.242944342844154e-03 1.124366372658951e-16
3606 1.502499999999999e-08 4.385028853370298e-17 1.124366372659051e-03 2.810915931647627e-03 5.242944342844154e-03 1.124366372659051e-16
3607 1.502916666666666e-08 4.385028853370094e-17 1.124366372658998e-03 2.810915931647496e-03 5.242944342844154e-03 1.124366372658998e-16
3608 1.503333333333333e-08 4.385028853370150e-17 1.124366372659013e-03 2.810915931647532e-03 5.242944342844154e-03 1.124366372659013e-16
3609 1.503749999999999e-08 4.385028853369983e-17 1.124366372658970e-03 2.810915931647425e-03 5.242944342844154e-03 1.124366372658970e-16
3610 1.504166666666666e-08 4.385028853370224e-17 1.124366372659032e-03 2.810915931647580e-03 5.242944342844154e-03 1.124366372659032e-16
3611 1.504583333333333e-08 4.385028853370020e-17 1.124366372658980e-03 2.810915931647449e-03 5.242944342844154e-03 1.124366372658980e-16
3612 1.505000000000000e-08 4.385028853370205e-17 1.124366372659027e-03 2.810915931647567e-03 5.242944342844154e-03 1.124366372659027e-16
3613 1.505416666666666e-08 4.385028853369983e-17 1.124366372658970e-03 2.810915931647425e-03 5.242944342844154e-03 1.124366372658970e-16
3614 1.505833333333333e-08 4.385028853370242e-17 1.124366372659037e-03 2.810915931647592e-03 5.242944342844154e-03 1.124366372659037e-16
3615 1.506249999999999e-08 4.385028853370094e-17 1.124366372658998e-03 2.810915931647496e-03 5.242944342844154e-03 1.124366372658998e-16
3616 1.506666666666666e-08 4.385028853370131e-17 1.124366372659008e-03 2.810915931647521e-03 5.242944342844154e-03 1.124366372659008e-16
3617 1.507083333333333e-08 4.385028853369910e-17 1.124366372658951e-03 2.810915931647378e-03 5.242944342844154e-03 1.124366372658951e-16
3618 1.507499999999999e-08 4.385028853370298e-17 1.124366372659051e-03 2.810915931647627e-03 5.242944342844154e-03 1.124366372659051e-16
3619 1.507916666666666e-08 4.385028853370094e-17 1.124366372658998e-03 2.810915931647496e-03 5.242944342844154e-03 1.124366372658998e-16
3620 1.508333333333333e-08 4.385028853370150e-17 1.124366372659013e-03 2.810915931647532e-03 5.242944342844154e-03 1.124366372659013e-16
3621 1.508750000000000e-08 4.385028853369983e-17 1.124366372658970e-03 2.810915931647425e-03 5.242944342844154e-03 1.124366372658970e-16
3622 1.509166666666666e-08 4.385028853370224e-17 1.124366372659032e-03 2.810915931647580e-03 5.242944342844154e-03 1.124366372659032e-16
3623 1.509583333333333e-08 4.385028853370020e-17 1.124366372658980e-03 2.810915931647449e-03 5.242944342844154e-03 1.124366372658980e-16
3624 1.510000000000000e-08 4.385028853370205e-17 1.124366372659027e-03 2.810915931647567e-03 5.242944342844154e-03 1.124366372659027e-16
3625 1.510416666666666e-08 4.385028853369983e-17 1.124366372658970e-03 2.810915931647425e-03 5.242944342844154e-03 1.124366372658970e-16
3626 1.510833333333333e-08 4.385028853370242e-17 1.124366372659037e-03 2.810915931647592e-03 5.242944342844154e-03 1.124366372659037e-16
3627 1.511249999999999e-08 4.385028853370094e-17 1.124366372658998e-03 2.810915931647496e-03 5.242944342844154e-03 1.124366372658998e-16
3628 1.511666666666666e-08 4.385028853370131e-17 1.124366372659008e-03 2.810915931647521e-03 5.242944342844154e-03 1.124366372659008e-16
3629 1.512083333333333e-08 4.385028853369910e-17 1.124366372658951e-03 2.810915931647378e-03 5.242944342844154e-03 1.124366372658951e-16
3630 1.512499999999999e-08 4.385028853370298e-17 1.124366372659051e-03 2.810915931647627e-03 5.242944342844154e-03 1.124366372659051e-16
3631 1.512916666666666e-08 4.385028853370094e-17 1.124366372658998e-03 2.810915931647496e-03 5.242944342844154e-03 1.124366372658998e-16
3632 1.513333333333333e-08 4.385028853370150e-17 1.124366372659013e-03 2.810915931647532e-03 5.242944342844154e-03 1.124366372659013e-16
3633 1.513750000000000e-08 4.385028853369983e-17 1.124366372658970e-03 2.810915931647425e-03 5.242944342844154e-03 1.124366372658970e-16
3634 1.514166666666666e-08 4.385028853370224e-17 1.124366372659032e-03 2.810915931647580e-03 5.242944342844154e-03 1.124366372659032e-16
3635 1.514583333333333e-08 4.385028853370020e-17 1.124366372658980e-03 2.810915931647449e-03 5.242944342844154e-03 1.124366372658980e-16
3636 1.514999999999999e-08 4.385028853370205e-17 1.124366372659027e-03 2.810915931647567e-03 5.242944342844154e-03 1.124366372659027e-16
3637 1.515416666666666e-08 4.385028853369983e-17 1.124366372658970e-03 2.810915931647425e-03 5.242944342844154e-03 1.124366372658970e-16
3638 1.515833333333333e-08 4.385028853370242e-17 1.124366372659037e-03 2.810915931647592e-03 5.242944342844154e-03 1.124366372659037e-16
3639 1.516249999999999e-08 4.385028853370094e-17 1.124366372658998e-03 2.810915931647496e-03 5.242944342844154e-03 1.124366372658998e-16
3640 1.516666666666666e-08 4.385028853370131e-17 1.124366372659008e-03 2.810915931647521e-03 5.242944342844154e-03 1.124366372659008e-16
3641 1.517083333333333e-08 4.385028853369910e-17 1.124366372658951e-03 2.810915931647378e-03 5.242944342844154e-03 1.124366372658951e-16
3642 1.517500000000000e-08 4.385028853370298e-17 1.124366372659051e-03 2.810915931647627e-03 5.242944342844154e-03 1.124366372659051e-16
3643 1.517916666666666e-08 4.385028853370094e-17 1.124366372658998e-03 2.810915931647496e-03 5.242944342844154e-03 1.124366372658998e-16
3644 1.518333333333333e-08 4.385028853370150e-17 1.124366372659013e-03 2.810915931647532e-03 5.242944342844154e-03 1.124366372659013e-16
3645 1.518750000000000e-08 4.385028853369983e-17 1.124366372658970e-03 2.810915931647425e-03 5.242944342844154e-03 1.124366372658970e-16
3646 1.519166666666666e-08 4.385028853370224e-17 1.124366372659032e-03 2.810915931647580e-03 5.242944342844154e-03 1.124366372659032e-16
3647 1.519583333333333e-08 4.385028853370020e-17 1.124366372658980e-03 2.810915931647449e-03 5.242944342844154e-03 1.124366372658980e-16
3648 1.519999999999999e-08 4.385028853370205e-17 1.124366372659027e-03 2.810915931647567e-03 5.242944342844154e-03 1.124366372659027e-16
3649 1.520416666666666e-08 4.385028853369983e-17 1.124366372658970e-03 2.810915931647425e-03 5.242944342844154e-03 1.124366372658970e-16
3650 1.520833333333333e-08 4.385028853370242e-17 1.124366372659037e-03 2.810915931647592e-03 5.242944342844154e-03 1.124366372659037e-16
3651 1.521249999999999e-08 4.385028853370094e-17 1.124366372658998e-03 2.810915931647496e-03 5.242944342844154e-03 1.124366372658998e-16
3652 1.521666666666666e-08 4.385028853370131e-17 1.124366372659008e-03 2.810915931647521e-03 5.242944342844154e-03 1.124366372659008e-16
3653 1.522083333333333e-08 4.385028853369910e-17 1.124366372658951e-03 2.810915931647378e-03 5.242944342844154e-03 1.124366372658951e-16
3654 1.522500000000000e-08 4.385028853370298e-17 1.124366372659051e-03 2.810915931647627e-03 5.242944342844154e-03 1.124366372659051e-16
3655 1.522916666666666e-08 4.385028853370094e-17 1.124366372658998e-03 2.810915931647496e-03 5.242944342844154e-03 1.124366372658998e-16
3656 1.523333333333333e-08 4.385028853370150e-17 1.124366372659013e-03 2.810915931647532e-03 5.242944342844154e-03 1.124366372659013e-16
3657 1.523749999999999e-08 4.385028853369983e-17 1.124366372658970e-03 2.810915931647425e-03 5.242944342844154e-03 1.124366372658970e-16
3658 1.524166666666666e-08 4.385028853370224e-17 1.124366372659032e-03 2.810915931647580e-03 5.242944342844154e-03 1.124366372659032e-16
3659 1.524583333333333e-08 4.385028853370020e-17 1.124366372658980e-03 2.810915931647449e-03 5.242944342844154e-03 1.124366372658980e-16
3660 1.524999999999999e-08 4.385028853370205e-17 1.124366372659027e-03 2.810915931647567e-03 5.242944342844154e-03 1.124366372659027e-16
3661 1.525416666666666e-08 4.385028853369983e-17 1.124366372658970e-03 2.810915931647425e-03 5.242944342844154e-03 1.124366372658970e-16
3662 1.525833333333333e-08 4.385028853370242e-17 1.124366372659037e-03 2.810915931647592e-03 5.242944342844154e-03 1.124366372659037e-16
3663 1.526250000000000e-08 4.385028853370094e-17 1.124366372658998e-03 2.810915931647496e-03 5.242944342844154e-03 1.124366372658998e-16
3664 1.526666666666666e-08 4.385028853370131e-17 1.124366372659008e-03 2.810915931647521e-03 5.242944342844154e-03 1.124366372659008e-16
3665 1.527083333333333e-08 4.385028853369910e-17 1.124366372658951e-03 2.810915931647378e-03 5.242944342844154e-03 1.124366372658951e-16
3666 1.527500000000000e-08 4.385028853370298e-17 1.124366372659051e-03 2.810915931647627e-03 5.242944342844154e-03 1.124366372659051e-16
3667 1.527916666666666e-08 4.385028853370094e-17 1.124366372658998e-03 2.810915931647496e-03 5.242944342844154e-03 1.124366372658998e-16
3668 1.528333333333333e-08 4.385028853370150e-17 1.124366372659013e-03 2.810915931647532e-03 5.242944342844154e-03 1.124366372659013e-16
3669 1.528749999999999e-08 4.385028853369983e-17 1.124366372658970e-03 2.810915931647425e-03 5.242944342844154e-03 1.124366372658970e-16
3670 1.529166666666666e-08 4.385028853370224e-17 1.124366372659032e-03 2.810915931647580e-03 5.242944342844154e-03 1.124366372659032e-16
3671 1.529583333333333e-08 4.385028853370020e-17 1.124366372658980e-03 2.810915931647449e-03 5.242944342844154e-03 1.124366372658980e-16
3672 1.529999999999999e-08 4.385028853370205e-17 1.124366372659027e-03 2.810915931647567e-03 5.242944342844154e-03 1.124366372659027e-16
3673 1.530416666666666e-08 4.385028853369983e-17 1.124366372658970e-03 2.810915931647425e-03 5.242944342844154e-03 1.124366372658970e-16
3674 1.530833333333333e-08 4.385028853370242e-17 1.124366372659037e-03 2.810915931647592e-03 5.242944342844154e-03 1.124366372659037e-16
3675 1.531250000000000e-08 4.385028853370094e-17 1.124366372658998e-03 2.810915931647496e-03 5.242944342844154e-03 1.124366372658998e-16
3676 1.531666666666666e-08 4.385028853370131e-17 1.124366372659008e-03 2.810915931647521e-03 5.242944342844154e-03 1.124366372659008e-16
3677 1.532083333333333e-08 4.385028853369910e-17 1.124366372658951e-03 2.810915931647378e-03 5.242944342844154e-03 1.124366372658951e-16
3678 1.532499999999999e-08 4.385028853370298e-17 1.124366372659051e-03 2.810915931647627e-03 5.242944342844154e-03 1.124366372659051e-16
3679 1.532916666666666e-08 4.385028853370094e-17 1.124366372658998e-03 2.810915931647496e-03 5.242944342844154e-03 1.124366372658998e-16
3680 1.533333333333333e-08 4.385028853370150e-17 1.124366372659013e-03 2.810915931647532e-03 5.242944342844154e-03 1.124366372659013e-16
3681 1.533749999999999e-08 4.385028853369983e-17 1.124366372658970e-03 2.810915931647425e-03 5.242944342844154e-03 1.124366372658970e-16
3682 1.534166666666666e-08 4.385028853370224e-17 1.124366372659032e-03 2.810915931647580e-03 5.242944342844154e-03 1.124366372659032e-16
3683 1.534583333333333e-08 4.385028853370020e-17 1.124366372658980e-03 2.810915931647449e-03 5.242944342844154e-03 1.124366372658980e-16
3684 1.535000000000000e-08 4.385028853370205e-17 1.124366372659027e-03 2.810915931647567e-03 5.242944342844154e-03 1.124366372659027e-16
3685 1.535416666666666e-08 4.385028853369983e-17 1.124366372658970e-03 2.810915931647425e-03 5.242944342844154e-03 1.124366372658970e-16
3686 1.535833333333333e-08 4.385028853370242e-17 1.124366372659037e-03 2.810915931647592e-03 5.242944342844154e-03 1.124366372659037e-16
3687 1.536250000000000e-08 4.385028853370094e-17 1.124366372658998e-03 2.810915931647496e-03 5.242944342844154e-03 1.124366372658998e-16
3688 1.536666666666666e-08 4.385028853370131e-17 1.124366372659008e-03 2.810915931647521e-03 5.242944342844154e-03 1.124366372659008e-16
3689 1.537083333333333e-08 4.385028853369910e-17 1.124366372658951e-03 2.810915931647378e-03 5.242944342844154e-03 1.124366372658951e-16
3690 1.537499999999999e-08 4.385028853370298e-17 1.124366372659051e-03 2.810915931647627e-03 5.242944342844154e-03 1.124366372659051e-16
3691 1.537916666666666e-08 4.385028853370094e-17 1.124366372658998e-03 2.810915931647496e-03 5.242944342844154e-03 1.124366372658998e-16
3692 1.538333333333333e-08 4.385028853370150e-17 1.124366372659013e-03 2.810915931647532e-03 5.242944342844154e-03 1.124366372659013e-16
3693 1.538749999999999e-08 4.385028853369983e-17 1.124366372658970e-03 2.810915931647425e-03 5.242944342844154e-03 1.124366372658970e-16
3694 1.539166666666666e-08 4.385028853370224e-17 1.124366372659032e-03 2.810915931647580e-03 5.242944342844154e-03 1.124366372659032e-16
3695 1.539583333333333e-08 4.385028853370020e-17 1.124366372658980e-03 2.810915931647449e-03 5.242944342844154e-03 1.124366372658980e-16
3696 1.540000000000000e-08 4.385028853370205e-17 1.124366372659027e-03 2.810915931647567e-03 5.242944342844154e-03 1.124366372659027e-16
3697 1.540416666666666e-08 4.385028853369983e-17 1.124366372658970e-03 2.810915931647425e-03 5.242944342844154e-03 1.124366372658970e-16
3698 1.540833333333333e-08 4.385028853370242e-17 1.124366372659037e-03 2.810915931647592e-03 5.242944342844154e-03 1.124366372659037e-16
3699 1.541249999999999e-08 4.385028853370094e-17 1.124366372658998e-03 2.810915931647496e-03 5.242944342844154e-03 1.124366372658998e-16
3700 1.541666666666666e-08 4.385028853370131e-17 1.124366372659008e-03 2.810915931647521e-03 5.242944342844154e-03 1.124366372659008e-16
3701 1.542083333333333e-08 4.385028853369910e-17 1.124366372658951e-03 2.810915931647378e-03 5.242944342844154e-03 1.124366372658951e-16
3702 1.542499999999999e-08 4.385028853370298e-17 1.124366372659051e-03 2.810915931647627e-03 5.242944342844154e-03 1.124366372659051e-16
3703 1.542916666666666e-08 4.385028853370094e-17 1.124366372658998e-03 2.810915931647496e-03 5.242944342844154e-03 1.124366372658998e-16
3704 1.543333333333333e-08 4.385028853370150e-17 1.124366372659013e-03 2.810915931647532e-03 5.242944342844154e-03 1.124366372659013e-16
3705 1.543750000000000e-08 4.385028853369983e-17 1.124366372658970e-03 2.810915931647425e-03 5.242944342844154e-03 1.124366372658970e-16
3706 1.544166666666666e-08 4.385028853370224e-17 1.124366372659032e-03 2.810915931647580e-03 5.242944342844154e-03 1.124366372659032e-16
3707 1.544583333333333e-08 4.385028853370020e-17 1.124366372658980e-03 2.810915931647449e-03 5.242944342844154e-03 1.124366372658980e-16
3708 1.545000000000000e-08 4.385028853370205e-17 1.124366372659027e-03 2.810915931647567e-03 5.242944342844154e-03 1.124366372659027e-16
3709 1.545416666666666e-08 4.385028853369983e-17 1.124366372658970e-03 2.810915931647425e-03 5.242944342844154e-03 1.124366372658970e-16
3710 1.545833333333333e-08 4.385028853370242e-17 1.124366372659037e-03 2.810915931647592e-03 5.242944342844154e-03 1.124366372659037e-16
3711 1.546249999999999e-08 4.385028853370094e-17 1.124366372658998e-03 2.810915931647496e-03 5.242944342844154e-03 1.124366372658998e-16
3712 1.546666666666666e-08 4.385028853370131e-17 1.124366372659008e-03 2.810915931647521e-03 5.242944342844154e-03 1.124366372659008e-16
3713 1.547083333333333e-08 4.385028853369910e-17 1.124366372658951e-03 2.810915931647378e-03 5.242944342844154e-03 1.124366372658951e-16
3714 1.547499999999999e-08 4.385028853370298e-17 1.124366372659051e-03 2.810915931647627e-03 5.242944342844154e-03 1.124366372659051e-16
3715 1.547916666666666e-08 4.385028853370094e-17 1.124366372658998e-03 2.810915931647496e-03 5.242944342844154e-03 1.124366372658998e-16
3716 1.548333333333333e-08 4.385028853370150e-17 1.124366372659013e-03 2.810915931647532e-03 5.242944342844154e-03 1.124366372659013e-16
3717 1.548750000000000e-08 4.385028853369983e-17 1.124366372658970e-03 2.810915931647425e-03 5.242944342844154e-03 1.124366372658970e-16
3718 1.549166666666666e-08 4.385028853370224e-17 1.124366372659032e-03 2.810915931647580e-03 5.242944342844154e-03 1.124366372659032e-16
3719 1.549583333333333e-08 4.385028853370020e-17 1.124366372658980e-03 2.810915931647449e-03 5.242944342844154e-03 1.124366372658980e-16
3720 1.549999999999999e-08 4.385028853370205e-17 1.124366372659027e-03 2.810915931647567e-03 5.242944342844154e-03 1.124366372659027e-16
3721 1.550416666666666e-08 4.385028853369983e-17 1.124366372658970e-03 2.810915931647425e-03 5.242944342844154e-03 1.124366372658970e-16
3722 1.550833333333333e-08 4.385028853370242e-17 1.124366372659037e-03 2.810915931647592e-03 5.242944342844154e-03 1.124366372659037e-16
3723 1.551249999999999e-08 4.385028853370094e-17 1.124366372658998e-03 2.810915931647496e-03 5.242944342844154e-03 1.124366372658998e-16
3724 1.551666666666666e-08 4.385028853370131e-17 1.124366372659008e-03 2.810915931647521e-03 5.242944342844154e-03 1.124366372659008e-16
3725 1.552083333333333e-08 4.385028853369910e-17 1.124366372658951e-03 2.810915931647378e-03 5.242944342844154e-03 1.124366372658951e-16
3726 1.552500000000000e-08 4.385028853370298e-17 1.124366372659051e-03 2.810915931647627e-03 5.242944342844154e-03 1.124366372659051e-16
3727 1.552916666666666e-08 4.385028853370094e-17 1.124366372658998e-03 2.810915931647496e-03 5.242944342844154e-03 1.124366372658998e-16
3728 1.553333333333333e-08 4.385028853370150e-17 1.124366372659013e-03 2.810915931647532e-03 5.242944342844154e-03 1.124366372659013e-16
3729 1.553750000000000e-08 4.385028853369983e-17 1.124366372658970e-03 2.810915931647425e-03 5.242944342844154e-03 1.124366372658970e-16
3730 1.554166666666666e-08 4.385028853370224e-17 1.124366372659032e-03 2.810915931647580e-03 5.242944342844154e-03 1.124366372659032e-16
3731 1.554583333333333e-08 4.385028853370020e-17 1.124366372658980e-03 2.810915931647449e-03 5.242944342844154e-03 1.124366372658980e-16
3732 1.554999999999999e-08 4.385028853370205e-17 1.124366372659027e-03 2.810915931647567e-03 5.242944342844154e-03 1.124366372659027e-16
3733 1.555416666666666e-08 4.385028853369983e-17 1.124366372658970e-03 2.810915931647425e-03 5.242944342844154e-03 1.124366372658970e-16
3734 1.555833333333333e-08 4.385028853370242e-17 1.124366372659037e-03 2.810915931647592e-03 5.242944342844154e-03 1.124366372659037e-16
3735 1.556249999999999e-08 4.385028853370094e-17 1.124366372658998e-03 2.810915931647496e-03 5.242944342844154e-03 1.124366372658998e-16
3736 1.556666666666666e-08 4.385028853370131e-17 1.124366372659008e-03 2.810915931647521e-03 5.242944342844154e-03 1.124366372659008e-16
3737 1.557083333333333e-08 4.385028853369910e-17 1.124366372658951e-03 2.810915931647378e-03 5.242944342844154e-03 1.124366372658951e-16
3738 1.557500000000000e-08 4.385028853370298e-17 1.124366372659051e-03 2.810915931647627e-03 5.242944342844154e-03 1.124366372659051e-16
3739 1.557916666666666e-08 4.385028853370094e-17 1.124366372658998e-03 2.810915931647496e-03 5.242944342844154e-03 1.124366372658998e-16
3740 1.558333333333333e-08 4.385028853370150e-17 1.124366372659013e-03 2.810915931647532e-03 5.242944342844154e-03 1.124366372659013e-16
3741 1.558749999999999e-08 4.385028853369983e-17 1.124366372658970e-03 2.810915931647425e-03 5.242944342844154e-03 1.124366372658970e-16
3742 1.559166666666666e-08 4.385028853370224e-17 1.124366372659032e-03 2.810915931647580e-03 5.242944342844154e-03 1.124366372659032e-16
3743 1.559583333333333e-08 4.385028853370020e-17 1.124366372658980e-03 2.810915931647449e-03 5.242944342844154e-03 1.124366372658980e-16
3744 1.559999999999999e-08 4.385028853370205e-17 1.124366372659027e-03 2.810915931647567e-03 5.242944342844154e-03 1.124366372659027e-16
3745 1.560416666666666e-08 4.385028853369983e-17 1.124366372658970e-03 2.810915931647425e-03 5.242944342844154e-03 1.124366372658970e-16
3746 1.560833333333333e-08 4.385028853370242e-17 1.124366372659037e-03 2.810915931647592e-03 5.242944342844154e-03 1.124366372659037e-16
3747 1.561250000000000e-08 4.385028853370094e-17 1.124366372658998e-03 2.810915931647496e-03 5.242944342844154e-03 1.124366372658998e-16
3748 1.561666666666666e-08 4.385028853370131e-17 1.124366372659008e-03 2.810915931647521e-03 5.242944342844154e-03 1.124366372659008e-16
3749 1.562083333333333e-08 4.385028853369910e-17 1.124366372658951e-03 2.810915931647378e-03 5.242944342844154e-03 1.124366372658951e-16
3750 1.562500000000000e-08 4.385028853370298e-17 1.124366372659051e-03 2.810915931647627e-03 5.242944342844154e-03 1.124366372659051e-16
3751 1.562916666666666e-08 4.385028853370094e-17 1.124366372658998e-03 2.810915931647496e-03 5.242944342844154e-03 1.124366372658998e-16
3752 1.563333333333333e-08 4.385028853370150e-17 1.124366372659013e-03 2.810915931647532e-03 5.242944342844154e-03 1.124366372659013e-16
3753 1.563749999999999e-08 4.385028853369983e-17 1.124366372658970e-03 2.810915931647425e-03 5.242944342844154e-03 1.124366372658970e-16
3754 1.564166666666666e-08 4.385028853370224e-17 1.124366372659032e-03 2.810915931647580e-03 5.242944342844154e-03 1.124366372659032e-16
3755 1.564583333333333e-08 4.385028853370020e-17 1.124366372658980e-03 2.810915931647449e-03 5.242944342844154e-03 1.124366372658980e-16
3756 1.564999999999999e-08 4.385028853370205e-17 1.124366372659027e-03 2.810915931647567e-03 5.242944342844154e-03 1.124366372659027e-16
3757 1.565416666666666e-08 4.385028853369983e-17 1.124366372658970e-03 2.810915931647425e-03 5.242944342844154e-03 1.124366372658970e-16
3758 1.565833333333333e-08 4.385028853370242e-17 1.124366372659037e-03 2.810915931647592e-03 5.242944342844154e-03 1.124366372659037e-16
3759 1.566250000000000e-08 4.385028853370094e-17 1.124366372658998e-03 2.810915931647496e-03 5.242944342844154e-03 1.124366372658998e-16
3760 1.566666666666666e-08 4.385028853370131e-17 1.124366372659008e-03 2.810915931647521e-03 5.242944342844154e-03 1.124366372659008e-16
3761 1.567083333333333e-08 4.385028853369910e-17 1.124366372658951e-03 2.810915931647378e-03 5.242944342844154e-03 1.124366372658951e-16
3762 1.567499999999999e-08 4.385028853370298e-17 1.124366372659051e-03 2.810915931647627e-03 5.242944342844154e-03 1.124366372659051e-16
3763 1.567916666666666e-08 4.385028853370094e-17 1.124366372658998e-03 2.810915931647496e-03 5.242944342844154e-03 1.124366372658998e-16
3764 1.568333333333333e-08 4.385028853370150e-17 1.124366372659013e-03 2.810915931647532e-03 5.242944342844154e-03 1.124366372659013e-16
3765 1.568749999999999e-08 4.385028853369983e-17 1.124366372658970e-03 2.810915931647425e-03 5.242944342844154e-03 1.124366372658970e-16
3766 1.569166666666666e-08 4.385028853370224e-17 1.124366372659032e-03 2.810915931647580e-03 5.242944342844154e-03 1.124366372659032e-16
3767 1.569583333333333e-08 4.385028853370020e-17 1.124366372658980e-03 2.810915931647449e-03 5.242944342844154e-03 1.124366372658980e-16
3768 1.570000000000000e-08 4.385028853370205e-17 1.124366372659027e-03 2.810915931647567e-03 5.242944342844154e-03 1.124366372659027e-16
3769 1.570416666666666e-08 4.385028853369983e-17 1.124366372658970e-03 2.810915931647425e-03 5.242944342844154e-03 1.124366372658970e-16
3770 1.570833333333333e-08 4.385028853370242e-17 1.124366372659037e-03 2.810915931647592e-03 5.242944342844154e-03 1.124366372659037e-16
3771 1.571250000000000e-08 4.385028853370094e-17 1.124366372658998e-03 2.810915931647496e-03 5.242944342844154e-03 1.124366372658998e-16
3772 1.571666666666666e-08 4.385028853370131e-17 1.124366372659008e-03 2.810915931647521e-03 5.242944342844154e-03 1.124366372659008e-16
3773 1.572083333333333e-08 4.385028853369910e-17 1.124366372658951e-03 2.810915931647378e-03 5.242944342844154e-03 1.124366372658951e-16
3774 1.572499999999999e-08 4.385028853370298e-17 1.124366372659051e-03 2.810915931647627e-03 5.242944342844154e-03 1.124366372659051e-16
3775 1.572916666666666e-08 4.385028853370094e-17 1.124366372658998e-03 2.810915931647496e-03 5.242944342844154e-03 1.124366372658998e-16
3776 1.573333333333333e-08 4.385028853370150e-17 1.124366372659013e-03 2.810915931647532e-03 5.242944342844154e-03 1.124366372659013e-16
3777 1.573749999999999e-08 4.385028853369983e-17 1.124366372658970e-03 2.810915931647425e-03 5.242944342844154e-03 1.124366372658970e-16
3778 1.574166666666666e-08 4.385028853370224e-17 1.124366372659032e-03 2.810915931647580e-03 5.242944342844154e-03 1.124366372659032e-16
3779 1.574583333333333e-08 4.385028853370020e-17 1.124366372658980e-03 2.810915931647449e-03 5.242944342844154e-03 1.124366372658980e-16
3780 1.575000000000000e-08 4.385028853370205e-17 1.124366372659027e-03 2.810915931647567e-03 5.242944342844154e-03 1.124366372659027e-16
3781 1.575416666666666e-08 4.385028853369983e-17 1.124366372658970e-03 2.810915931647425e-03 5.242944342844154e-03 1.124366372658970e-16
3782 1.575833333333333e-08 4.385028853370242e-17 1.124366372659037e-03 2.810915931647592e-03 5.242944342844154e-03 1.124366372659037e-16
3783 1.576249999999999e-08 4.385028853370094e-17 1.124366372658998e-03 2.810915931647496e-03 5.242944342844154e-03 1.124366372658998e-16
3784 1.576666666666666e-08 4.385028853370131e-17 1.124366372659008e-03 2.810915931647521e-03 5.242944342844154e-03 1.124366372659008e-16
3785 1.577083333333333e-08 4.385028853369910e-17 1.124366372658951e-03 2.810915931647378e-03 5.242944342844154e-03 1.124366372658951e-16
3786 1.577499999999999e-08 4.385028853370298e-17 1.124366372659051e-03 2.810915931647627e-03 5.242944342844154e-03 1.124366372659051e-16
3787 1.577916666666666e-08 4.385028853370094e-17 1.124366372658998e-03 2.810915931647496e-03 5.242944342844154e-03 1.124366372658998e-16
3788 1.578333333333333e-08 4.385028853370150e-17 1.124366372659013e-03 2.810915931647532e-03 5.242944342844154e-03 1.124366372659013e-16
3789 1.578749999999999e-08 4.385028853369983e-17 1.124366372658970e-03 2.810915931647425e-03 5.242944342844154e-03 1.124366372658970e-16
3790 1.579166666666666e-08 4.385028853370224e-17 1.124366372659032e-03 2.810915931647580e-03 5.242944342844154e-03 1.124366372659032e-16
3791 1.579583333333333e-08 4.385028853370020e-17 1.124366372658980e-03 2.810915931647449e-03 5.242944342844154e-03 1.124366372658980e-16
3792 1.580000000000000e-08 4.385028853370205e-17 1.124366372659027e-03 2.810915931647567e-03 5.242944342844154e-03 1.124366372659027e-16
3793 1.580416666666666e-08 4.385028853369983e-17 1.124366372658970e-03 2.810915931647425e-03 5.242944342844154e-03 1.124366372658970e-16
3794 1.580833333333333e-08 4.385028853370242e-17 1.124366372659037e-03 2.810915931647592e-03 5.242944342844154e-03 1.124366372659037e-16
3795 1.581249999999999e-08 4.385028853370094e-17 1.124366372658998e-03 2.810915931647496e-03 5.242944342844154e-03 1.124366372658998e-16
3796 1.581666666666666e-08 4.385028853370131e-17 1.124366372659008e-03 2.810915931647521e-03 5.242944342844154e-03 1.124366372659008e-16
3797 1.582083333333333e-08 4.385028853369910e-17 1.124366372658951e-03 2.810915931647378e-03 5.242944342844154e-03 1.124366372658951e-16
3798 1.582499999999999e-08 4.385028853370298e-17 1.124366372659051e-03 2.810915931647627e-03 5.242944342844154e-03 1.124366372659051e-16
3799 1.582916666666666e-08 4.385028853370094e-17 1.124366372658998e-03 2.810915931647496e-03 5.242944342844154e-03 1.124366372658998e-16
3800 1.583333333333333e-08 4.385028853370150e-17 1.124366372659013e-03 2.810915931647532e-03 5.242944342844154e-03 1.124366372659013e-16
3801 1.583750000000000e-08 4.385028853369983e-17 1.124366372658970e-03 2.810915931647425e-03 5.242944342844154e-03 1.124366372658970e-16
3802 1.584166666666666e-08 4.385028853370224e-17 1.124366372659032e-03 2.810915931647580e-03 5.242944342844154e-03 1.124366372659032e-16
3803 1.584583333333333e-08 4.385028853370020e-17 1.124366372658980e-03 2.810915931647449e-03 5.242944342844154e-03 1.124366372658980e-16
3804 1.584999999999999e-08 4.385028853370205e-17 1.124366372659027e-03 2.810915931647567e-03 5.242944342844154e-03 1.124366372659027e-16
3805 1.585416666666666e-08 4.385028853369983e-17 1.124366372658970e-03 2.810915931647425e-03 5.242944342844154e-03 1.124366372658970e-16
3806 1.585833333333333e-08 4.385028853370242e-17 1.124366372659037e-03 2.810915931647592e-03 5.242944342844154e-03 1.124366372659037e-16
3807 1.586249999999999e-08 4.385028853370094e-17 1.124366372658998e-03 2.810915931647496e-03 5.242944342844154e-03 1.124366372658998e-16
3808 1.586666666666666e-08 4.385028853370131e-17 1.124366372659008e-03 2.810915931647521e-03 5.242944342844154e-03 1.124366372659008e-16
3809 1.587083333333333e-08 4.385028853369910e-17 1.124366372658951e-03 2.810915931647378e-03 5.242944342844154e-03 1.124366372658951e-16
3810 1.587499999999999e-08 4.385028853370298e-17 1.124366372659051e-03 2.810915931647627e-03 5.242944342844154e-03 1.124366372659051e-16
3811 1.587916666666666e-08 4.385028853370094e-17 1.124366372658998e-03 2.810915931647496e-03 5.242944342844154e-03 1.124366372658998e-16
3812 1.588333333333333e-08 4.385028853370150e-17 1.124366372659013e-03 2.810915931647532e-03 5.242944342844154e-03 1.124366372659013e-16
3813 1.588750000000000e-08 4.385028853369983e-17 1.124366372658970e-03 2.810915931647425e-03 5.242944342844154e-03 1.124366372658970e-16
3814 1.589166666666666e-08 4.385028853370224e-17 1.124366372659032e-03 2.810915931647580e-03 5.242944342844154e-03 1.124366372659032e-16
3815 1.589583333333333e-08 4.385028853370020e-17 1.124366372658980e-03 2.810915931647449e-03 5.242944342844154e-03 1.124366372658980e-16
3816 1.589999999999999e-08 4.385028853370205e-17 1.124366372659027e-03 2.810915931647567e-03 5.242944342844154e-03 1.124366372659027e-16
3817 1.590416666666666e-08 4.385028853369983e-17 1.124366372658970e-03 2.810915931647425e-03 5.242944342844154e-03 1.124366372658970e-16
3818 1.590833333333333e-08 4.385028853370242e-17 1.124366372659037e-03 2.810915931647592e-03 5.242944342844154e-03 1.124366372659037e-16
3819 1.591249999999999e-08 4.385028853370094e-17 1.124366372658998e-03 2.810915931647496e-03 5.242944342844154e-03 1.124366372658998e-16
3820 1.591666666666666e-08 4.385028853370131e-17 1.124366372659008e-03 2.810915931647521e-03 5.242944342844154e-03 1.124366372659008e-16
3821 1.592083333333333e-08 4.385028853369910e-17 1.124366372658951e-03 2.810915931647378e-03 5.242944342844154e-03 1.124366372658951e-16
3822 1.592500000000000e-08 4.385028853370298e-17 1.124366372659051e-03 2.810915931647627e-03 5.242944342844154e-03 1.124366372659051e-16
3823 1.592916666666666e-08 4.385028853370094e-17 1.124366372658998e-03 2.810915931647496e-03 5.242944342844154e-03 1.124366372658998e-16
3824 1.593333333333333e-08 4.385028853370150e-17 1.124366372659013e-03 2.810915931647532e-03 5.242944342844154e-03 1.124366372659013e-16
3825 1.593749999999999e-08 4.385028853369983e-17 1.124366372658970e-03 2.810915931647425e-03 5.242944342844154e-03 1.124366372658970e-16
3826 1.594166666666666e-08 4.385028853370224e-17 1.124366372659032e-03 2.810915931647580e-03 5.242944342844154e-03 1.124366372659032e-16
3827 1.594583333333333e-08 4.385028853370020e-17 1.124366372658980e-03 2.810915931647449e-03 5.242944342844154e-03 1.124366372658980e-16
3828 1.594999999999999e-08 4.385028853370205e-17 1.124366372659027e-03 2.810915931647567e-03 5.242944342844154e-03 1.124366372659027e-16
3829 1.595416666666666e-08 4.385028853369983e-17 1.124366372658970e-03 2.810915931647425e-03 5.242944342844154e-03 1.124366372658970e-16
3830 1.595833333333333e-08 4.385028853370242e-17 1.124366372659037e-03 2.810915931647592e-03 5.242944342844154e-03 1.124366372659037e-16
3831 1.596249999999999e-08 4.385028853370094e-17 1.124366372658998e-03 2.810915931647496e-03 5.242944342844154e-03 1.124366372658998e-16
3832 1.596666666666666e-08 4.385028853370131e-17 1.124366372659008e-03 2.810915931647521e-03 5.242944342844154e-03 1.124366372659008e-16
3833 1.597083333333333e-08 4.385028853369910e-17 1.124366372658951e-03 2.810915931647378e-03 5.242944342844154e-03 1.124366372658951e-16
3834 1.597500000000000e-08 4.385028853370298e-17 1.124366372659051e-03 2.810915931647627e-03 5.242944342844154e-03 1.124366372659051e-16
3835 1.597916666666666e-08 4.385028853370094e-17 1.124366372658998e-03 2.810915931647496e-03 5.242944342844154e-03 1.124366372658998e-16
3836 1.598333333333333e-08 4.385028853370150e-17 1.124366372659013e-03 2.810915931647532e-03 5.242944342844154e-03 1.124366372659013e-16
3837 1.598749999999999e-08 4.385028853369983e-17 1.124366372658970e-03 2.810915931647425e-03 5.242944342844154e-03 1.124366372658970e-16
3838 1.599166666666666e-08 4.385028853370224e-17 1.124366372659032e-03 2.810915931647580e-03 5.242944342844154e-03 1.124366372659032e-16
3839 1.599583333333333e-08 4.385028853370020e-17 1.124366372658980e-03 2.810915931647449e-03 5.242944342844154e-03 1.124366372658980e-16
3840 1.599999999999999e-08 4.385028853370205e-17 1.124366372659027e-03 2.810915931647567e-03 5.242944342844154e-03 1.124366372659027e-16
3841 1.600416666666666e-08 4.385028853369983e-17 1.124366372658970e-03 2.810915931647425e-03 5.242944342844154e-03 1.124366372658970e-16
3842 1.600833333333333e-08 4.385028853370242e-17 1.124366372659037e-03 2.810915931647592e-03 5.242944342844154e-03 1.124366372659037e-16
3843 1.601250000000000e-08 4.385028853370094e-17 1.124366372658998e-03 2.810915931647496e-03 5.242944342844154e-03 1.124366372658998e-16
3844 1.601666666666666e-08 4.385028853370131e-17 1.124366372659008e-03 2.810915931647521e-03 5.242944342844154e-03 1.124366372659008e-16
3845 1.602083333333333e-08 4.385028853369910e-17 1.124366372658951e-03 2.810915931647378e-03 5.242944342844154e-03 1.124366372658951e-16
3846 1.602499999999999e-08 4.385028853370298e-17 1.124366372659051e-03 2.810915931647627e-03 5.242944342844154e-03 1.124366372659051e-16
3847 1.602916666666666e-08 4.385028853370094e-17 1.124366372658998e-03 2.810915931647496e-03 5.242944342844154e-03 1.124366372658998e-16
3848 1.603333333333333e-08 4.385028853370150e-17 1.124366372659013e-03 2.810915931647532e-03 5.242944342844154e-03 1.124366372659013e-16
3849 1.603749999999999e-08 4.385028853369983e-17 1.124366372658970e-03 2.810915931647425e-03 5.242944342844154e-03 1.124366372658970e-16
3850 1.604166666666666e-08 4.385028853370224e-17 1.124366372659032e-03 2.810915931647580e-03 5.242944342844154e-03 1.124366372659032e-16
3851 1.604583333333333e-08 4.385028853370020e-17 1.124366372658980e-03 2.810915931647449e-03 5.242944342844154e-03 1.124366372658980e-16
3852 1.604999999999999e-08 4.385028853370205e-17 1.124366372659027e-03 2.810915931647567e-03 5.242944342844154e-03 1.124366372659027e-16
3853 1.605416666666666e-08 4.385028853369983e-17 1.124366372658970e-03 2.810915931647425e-03 5.242944342844154e-03 1.124366372658970e-16
3854 1.605833333333333e-08 4.385028853370242e-17 1.124366372659037e-03 2.810915931647592e-03 5.242944342844154e-03 1.124366372659037e-16
3855 1.606250000000000e-08 4.385028853370094e-17 1.124366372658998e-03 2.810915931647496e-03 5.242944342844154e-03 1.124366372658998e-16
3856 1.606666666666666e-08 4.385028853370131e-17 1.124366372659008e-03 2.810915931647521e-03 5.242944342844154e-03 1.124366372659008e-16
3857 1.607083333333333e-08 4.385028853369910e-17 1.124366372658951e-03 2.810915931647378e-03 5.242944342844154e-03 1.124366372658951e-16
3858 1.607499999999999e-08 4.385028853370298e-17 1.124366372659051e-03 2.810915931647627e-03 5.242944342844154e-03 1.124366372659051e-16
3859 1.607916666666666e-08 4.385028853370094e-17 1.124366372658998e-03 2.810915931647496e-03 5.242944342844154e-03 1.124366372658998e-16
3860 1.608333333333333e-08 4.385028853370150e-17 1.124366372659013e-03 2.810915931647532e-03 5.242944342844154e-03 1.124366372659013e-16
3861 1.608749999999999e-08 4.385028853369983e-17 1.124366372658970e-03 2.810915931647425e-03 5.242944342844154e-03 1.124366372658970e-16
3862 1.609166666666666e-08 4.385028853370224e-17 1.124366372659032e-03 2.810915931647580e-03 5.242944342844154e-03 1.124366372659032e-16
3863 1.609583333333333e-08 4.385028853370020e-17 1.124366372658980e-03 2.810915931647449e-03 5.242944342844154e-03 1.124366372658980e-16
3864 1.610000000000000e-08 4.385028853370205e-17 1.124366372659027e-03 2.810915931647567e-03 5.242944342844154e-03 1.124366372659027e-16
3865 1.610416666666666e-08 4.385028853369983e-17 1.124366372658970e-03 2.810915931647425e-03 5.242944342844154e-03 1.124366372658970e-16
3866 1.610833333333333e-08 4.385028853370242e-17 1.124366372659037e-03 2.810915931647592e-03 5.242944342844154e-03 1.124366372659037e-16
3867 1.611249999999999e-08 4.385028853370094e-17 1.124366372658998e-03 2.810915931647496e-03 5.242944342844154e-03 1.124366372658998e-16
3868 1.611666666666666e-08 4.385028853370131e-17 1.124366372659008e-03 2.810915931647521e-03 5.242944342844154e-03 1.124366372659008e-16
3869 1.612083333333333e-08 4.385028853369910e-17 1.124366372658951e-03 2.810915931647378e-03 5.242944342844154e-03 1.124366372658951e-16
3870 1.612499999999999e-08 4.385028853370298e-17 1.124366372659051e-03 2.810915931647627e-03 5.242944342844154e-03 1.124366372659051e-16
3871 1.612916666666666e-08 4.385028853370094e-17 1.124366372658998e-03 2.810915931647496e-03 5.242944342844154e-03 1.124366372658998e-16
3872 1.613333333333333e-08 4.385028853370150e-17 1.124366372659013e-03 2.810915931647532e-03 5.242944342844154e-03 1.124366372659013e-16
3873 1.613749999999999e-08 4.385028853369983e-17 1.124366372658970e-03 2.810915931647425e-03 5.242944342844154e-03 1.124366372658970e-16
3874 1.614166666666666e-08 4.385028853370224e-17 1.124366372659032e-03 2.810915931647580e-03 5.242944342844154e-03 1.124366372659032e-16
3875 1.614583333333333e-08 4.385028853370020e-17 1.124366372658980e-03 2.810915931647449e-03 5.242944342844154e-03 1.124366372658980e-16
3876 1.615000000000000e-08 4.385028853370205e-17 1.124366372659027e-03 2.810915931647567e-03 5.242944342844154e-03 1.124366372659027e-16
3877 1.615416666666666e-08 4.385028853369983e-17 1.124366372658970e-03 2.810915931647425e-03 5.242944342844154e-03 1.124366372658970e-16
3878 1.615833333333333e-08 4.385028853370242e-17 1.124366372659037e-03 2.810915931647592e-03 5.242944342844154e-03 1.124366372659037e-16
3879 1.616249999999999e-08 4.385028853370094e-17 1.124366372658998e-03 2.810915931647496e-03 5.242944342844154e-03 1.124366372658998e-16
3880 1.616666666666666e-08 4.385028853370131e-17 1.124366372659008e-03 2.810915931647521e-03 5.242944342844154e-03 1.124366372659008e-16
3881 1.617083333333333e-08 4.385028853369910e-17 1.124366372658951e-03 2.810915931647378e-03 5.242944342844154e-03 1.124366372658951e-16
3882 1.617499999999999e-08 4.385028853370298e-17 1.124366372659051e-03 2.810915931647627e-03 5.242944342844154e-03 1.124366372659051e-16
3883 1.617916666666666e-08 4.385028853370094e-17 1.124366372658998e-03 2.810915931647496e-03 5.242944342844154e-03 1.124366372658998e-16
3884 1.618333333333333e-08 4.385028853370150e-17 1.124366372659013e-03 2.810915931647532e-03 5.242944342844154e-03 1.124366372659013e-16
3885 1.618750000000000e-08 4.385028853369983e-17 1.124366372658970e-03 2.810915931647425e-03 5.242944342844154e-03 1.124366372658970e-16
3886 1.619166666666666e-08 4.385028853370224e-17 1.124366372659032e-03 2.810915931647580e-03 5.242944342844154e-03 1.124366372659032e-16
3887 1.619583333333333e-08 4.385028853370020e-17 1.124366372658980e-03 2.810915931647449e-03 5.242944342844154e-03 1.124366372658980e-16
3888 1.619999999999999e-08 4.385028853370205e-17 1.124366372659027e-03 2.810915931647567e-03 5.242944342844154e-03 1.124366372659027e-16
3889 1.620416666666666e-08 4.385028853369983e-17 1.124366372658970e-03 2.810915931647425e-03 5.242944342844154e-03 1.124366372658970e-16
3890 1.620833333333333e-08 4.385028853370242e-17 1.124366372659037e-03 2.810915931647592e-03 5.242944342844154e-03 1.124366372659037e-16
3891 1.621249999999999e-08 4.385028853370094e-17 1.124366372658998e-03 2.810915931647496e-03 5.242944342844154e-03 1.124366372658998e-16
3892 1.621666666666666e-08 4.385028853370131e-17 1.124366372659008e-03 2.810915931647521e-03 5.242944342844154e-03 1.124366372659008e-16
3893 1.622083333333333e-08 4.385028853369910e-17 1.124366372658951e-03 2.810915931647378e-03 5.242944342844154e-03 1.124366372658951e-16
3894 1.622499999999999e-08 4.385028853370298e-17 1.124366372659051e-03 2.810915931647627e-03 5.242944342844154e-03 1.124366372659051e-16
3895 1.622916666666666e-08 4.385028853370094e-17 1.124366372658998e-03 2.810915931647496e-03 5.242944342844154e-03 1.124366372658998e-16
3896 1.623333333333333e-08 4.385028853370150e-17 1.124366372659013e-03 2.810915931647532e-03 5.242944342844154e-03 1.124366372659013e-16
3897 1.623750000000000e-08 4.385028853369983e-17 1.124366372658970e-03 2.810915931647425e-03 5.242944342844154e-03 1.124366372658970e-16
3898 1.624166666666666e-08 4.385028853370224e-17 1.124366372659032e-03 2.810915931647580e-03 5.242944342844154e-03 1.124366372659032e-16
3899 1.624583333333333e-08 4.385028853370020e-17 1.124366372658980e-03 2.810915931647449e-03 5.242944342844154e-03 1.124366372658980e-16
3900 1.624999999999999e-08 4.385028853370205e-17 1.124366372659027e-03 2.810915931647567e-03 5.242944342844154e-03 1.124366372659027e-16
3901 1.625416666666666e-08 4.385028853369983e-17 1.124366372658970e-03 2.810915931647425e-03 5.242944342844154e-03 1.124366372658970e-16
3902 1.625833333333333e-08 4.385028853370242e-17 1.124366372659037e-03 2.810915931647592e-03 5.242944342844154e-03 1.124366372659037e-16
3903 1.626249999999999e-08 4.385028853370094e-17 1.124366372658998e-03 2.810915931647496e-03 5.242944342844154e-03 1.124366372658998e-16
3904 1.626666666666666e-08 4.385028853370131e-17 1.124366372659008e-03 2.810915931647521e-03 5.242944342844154e-03 1.124366372659008e-16
3905 1.627083333333333e-08 4.385028853369910e-17 1.124366372658951e-03 2.810915931647378e-03 5.242944342844154e-03 1.124366372658951e-16
3906 1.627500000000000e-08 4.385028853370298e-17 1.124366372659051e-03 2.810915931647627e-03 5.242944342844154e-03 1.124366372659051e-16
3907 1.627916666666666e-08 4.385028853370094e-17 1.124366372658998e-03 2.810915931647496e-03 5.242944342844154e-03 1.124366372658998e-16
3908 1.628333333333333e-08 4.385028853370150e-17 1.124366372659013e-03 2.810915931647532e-03 5.242944342844154e-03 1.124366372659013e-16
3909 1.628749999999999e-08 4.385028853369983e-17 1.124366372658970e-03 2.810915931647425e-03 5.242944342844154e-03 1.124366372658970e-16
