# iT  physTime_s  Qy_m3_per_s  qy_cell_m_per_s  u_y_fluid_average_m_per_s  u_y_fluid_max_m_per_s  B_yy_m2
0 0.000000000000000e+00 1.023611110260759e-19 2.624643872463485e-06 6.561609681158712e-06 6.249999994740092e-06 2.624643872463485e-18
1 4.166666666666665e-12 1.649305556200789e-19 4.228988605643048e-06 1.057247151410762e-05 1.041666667309140e-05 4.228988605643047e-18
2 8.333333333333330e-12 2.239969137594639e-19 5.743510609217024e-06 1.435877652304256e-05 1.458333335884420e-05 5.743510609217024e-18
3 1.250000000000000e-11 2.808043983428665e-19 7.200112778022219e-06 1.800028194505555e-05 1.875000002979402e-05 7.200112778022219e-18
4 1.666666666666666e-11 3.359636489502985e-19 8.614452537187142e-06 2.153613134296786e-05 2.291666668594087e-05 8.614452537187143e-18
5 2.083333333333333e-11 3.897133630735324e-19 9.992650335218779e-06 2.498162583804695e-05 2.708333333468623e-05 9.992650335218780e-18
6 2.499999999999999e-11 4.421739491935318e-19 1.133779356906492e-05 2.834448392266230e-05 3.124998511014381e-05 1.133779356906492e-17
7 2.916666666666666e-11 4.934416492843165e-19 1.265234998164914e-05 3.163087495412285e-05 3.541655007726309e-05 1.265234998164914e-17
8 3.333333333333332e-11 5.436011399053544e-19 1.393849076680396e-05 3.484622691700990e-05 3.958284423508146e-05 1.393849076680396e-17
9 3.749999999999999e-11 5.927242943121407e-19 1.519805882851643e-05 3.799514707129108e-05 4.374852509829954e-05 1.519805882851643e-17
10 4.166666666666665e-11 6.408723040975796e-19 1.643262318198922e-05 4.108155795497306e-05 4.791306625096946e-05 1.643262318198922e-17
11 4.583333333333332e-11 6.880984442858779e-19 1.764354985348405e-05 4.410887463371013e-05 5.207575454503212e-05 1.764354985348405e-17
12 4.999999999999998e-11 7.344495600749414e-19 1.883204000192158e-05 4.708010000480394e-05 5.623570518084648e-05 1.883204000192158e-17
13 5.416666666666665e-11 7.799669690837262e-19 1.999915305342888e-05 4.999788263357220e-05 6.039188784183983e-05 1.999915305342888e-17
14 5.833333333333331e-11 8.246873750025044e-19 2.114583012826935e-05 5.286457532067337e-05 6.454315821373916e-05 2.114583012826935e-17
15 6.249999999999998e-11 8.686437198424319e-19 2.227291589339569e-05 5.568228973348923e-05 6.868829027725840e-05 2.227291589339569e-17
16 6.666666666666664e-11 9.118658286089372e-19 2.338117509253685e-05 5.845293773134214e-05 7.282600649136159e-05 2.338117509253685e-17
17 7.083333333333331e-11 9.543808714283542e-19 2.447130439559883e-05 6.117826098899707e-05 7.695500471987210e-05 2.447130439559883e-17
18 7.499999999999997e-11 9.962137246007767e-19 2.554394165643017e-05 6.385985414107544e-05 8.107398068018207e-05 2.554394165643018e-17
19 7.916666666666664e-11 1.037387273769400e-18 2.659967368639488e-05 6.649918421598721e-05 8.518164651728369e-05 2.659967368639488e-17
20 8.333333333333330e-11 1.077922667430327e-18 2.763904275462377e-05 6.909760688655942e-05 8.927674498501792e-05 2.763904275462377e-17
21 8.749999999999997e-11 1.117839527494690e-18 2.866255198704334e-05 7.165637996760837e-05 9.335806052980106e-05 2.866255198704335e-17
22 9.166666666666663e-11 1.157156123927846e-18 2.967066984430374e-05 7.417667461075935e-05 9.742442702147766e-05 2.967066984430374e-17
23 9.583333333333330e-11 1.195889523229302e-18 3.066383392895646e-05 7.665958482239117e-05 1.014747330564860e-04 3.066383392895646e-17
24 9.999999999999996e-11 1.234055715028866e-18 3.164245423150939e-05 7.910613557877348e-05 1.055079252108114e-04 3.164245423150939e-17
25 1.041666666666666e-10 1.271669721293911e-18 3.260691593061310e-05 8.151728982653275e-05 1.095230097719341e-04 3.260691593061310e-17
26 1.083333333333333e-10 1.308745690237408e-18 3.355758180095917e-05 8.389395450239794e-05 1.135190529053630e-04 3.355758180095917e-17
27 1.125000000000000e-10 1.345296978485348e-18 3.449479432013712e-05 8.623698580034282e-05 1.174951802660572e-04 3.449479432013712e-17
28 1.166666666666666e-10 1.381336222712585e-18 3.541887750545090e-05 8.854719376362726e-05 1.214505756217497e-04 3.541887750545090e-17
29 1.208333333333333e-10 1.416875402700176e-18 3.633013853077375e-05 9.082534632693436e-05 1.253844791024959e-04 3.633013853077375e-17
30 1.250000000000000e-10 1.451925896958661e-18 3.722886915278618e-05 9.307217288196546e-05 1.292961849617234e-04 3.722886915278619e-17
31 1.291666666666666e-10 1.486498532158157e-18 3.811534697841429e-05 9.528836744603574e-05 1.331850394409034e-04 3.811534697841429e-17
32 1.333333333333333e-10 1.520603627268602e-18 3.898983659663082e-05 9.747459149157705e-05 1.370504381975341e-04 3.898983659663082e-17
33 1.374999999999999e-10 1.554251033112190e-18 3.985259059262026e-05 9.963147648155065e-05 1.408918237627294e-04 3.985259059262025e-17
34 1.416666666666666e-10 1.587450167461224e-18 4.070385044772370e-05 1.017596261193093e-04 1.447086831912475e-04 4.070385044772370e-17
35 1.458333333333333e-10 1.620210047007542e-18 4.154384735916775e-05 1.038596183979194e-04 1.485005456190001e-04 4.154384735916775e-17
36 1.499999999999999e-10 1.652539316145788e-18 4.237280297809714e-05 1.059320074452429e-04 1.522669797428458e-04 4.237280297809714e-17
37 1.541666666666666e-10 1.684446273131009e-18 4.319093008028229e-05 1.079773252007057e-04 1.560075917074657e-04 4.319093008028229e-17
38 1.583333333333333e-10 1.715938893542105e-18 4.399843316774630e-05 1.099960829193657e-04 1.597220229922394e-04 4.399843316774629e-17
39 1.625000000000000e-10 1.747024852120105e-18 4.479550902872064e-05 1.119887725718016e-04 1.634099481611923e-04 4.479550902872063e-17
40 1.666666666666666e-10 1.777711542232407e-18 4.558234723672840e-05 1.139558680918210e-04 1.670710731310483e-04 4.558234723672840e-17
41 1.708333333333333e-10 1.808006093805848e-18 4.635913061040636e-05 1.158978265260159e-04 1.707051332283388e-04 4.635913061040636e-17
42 1.749999999999999e-10 1.837915389976893e-18 4.712603564043315e-05 1.178150891010829e-04 1.743118915203684e-04 4.712603564043315e-17
43 1.791666666666666e-10 1.867446082045425e-18 4.788323287295961e-05 1.197080821823990e-04 1.778911372090914e-04 4.788323287295960e-17
44 1.833333333333333e-10 1.896604603443564e-18 4.863088726778369e-05 1.215772181694592e-04 1.814426840286901e-04 4.863088726778369e-17
45 1.874999999999999e-10 1.925397182486951e-18 4.936915852530644e-05 1.234228963132661e-04 1.849663689651177e-04 4.936915852530644e-17
46 1.916666666666666e-10 1.953829854105734e-18 5.009820138732652e-05 1.252455034683163e-04 1.884620508350131e-04 5.009820138732652e-17
47 1.958333333333333e-10 1.981908470793773e-18 5.081816591778906e-05 1.270454147944727e-04 1.919296090422505e-04 5.081816591778907e-17
48 1.999999999999999e-10 2.009638712602128e-18 5.152919775902893e-05 1.288229943975723e-04 1.953689423863006e-04 5.152919775902894e-17
49 2.041666666666666e-10 2.037026096576322e-18 5.223143837375185e-05 1.305785959343797e-04 1.987799680260218e-04 5.223143837375185e-17
50 2.083333333333333e-10 2.064075985169985e-18 5.292502526076886e-05 1.323125631519221e-04 2.021626203879418e-04 5.292502526076886e-17
51 2.124999999999999e-10 2.090793594341893e-18 5.361009216261263e-05 1.340252304065316e-04 2.055168501855597e-04 5.361009216261263e-17
52 2.166666666666666e-10 2.117184001070512e-18 5.428676925821826e-05 1.357169231455457e-04 2.088426235570731e-04 5.428676925821826e-17
53 2.208333333333332e-10 2.143252150018116e-18 5.495518333379785e-05 1.373879583344946e-04 2.121399211660978e-04 5.495518333379785e-17
54 2.249999999999999e-10 2.169002860204702e-18 5.561545795396672e-05 1.390386448849168e-04 2.154087373578979e-04 5.561545795396672e-17
55 2.291666666666666e-10 2.194440830817235e-18 5.626771361069833e-05 1.406692840267458e-04 2.186490794488430e-04 5.626771361069834e-17
56 2.333333333333333e-10 2.219570646842736e-18 5.691206786776246e-05 1.422801696694062e-04 2.218609669973621e-04 5.691206786776246e-17
57 2.374999999999999e-10 2.244396784289841e-18 5.754863549461132e-05 1.438715887365283e-04 2.250444310785977e-04 5.754863549461132e-17
58 2.416666666666666e-10 2.268923614995148e-18 5.817752858961919e-05 1.454438214740480e-04 2.281995136330750e-04 5.817752858961918e-17
59 2.458333333333333e-10 2.293155411282633e-18 5.879885669955470e-05 1.469971417488867e-04 2.313262669300937e-04 5.879885669955469e-17
60 2.499999999999999e-10 2.317096350094420e-18 5.941272692549796e-05 1.485318173137449e-04 2.344247529126974e-04 5.941272692549796e-17
61 2.541666666666666e-10 2.340750516938369e-18 6.001924402406075e-05 1.500481100601519e-04 2.374950426388603e-04 6.001924402406076e-17
62 2.583333333333333e-10 2.364121909706866e-18 6.061851050530427e-05 1.515462762632607e-04 2.405372158522015e-04 6.061851050530427e-17
63 2.624999999999999e-10 2.387214442263960e-18 6.121062672471691e-05 1.530265668117923e-04 2.435513604009683e-04 6.121062672471692e-17
64 2.666666666666666e-10 2.410031947497730e-18 6.179569096148027e-05 1.544892274037007e-04 2.465375718050489e-04 6.179569096148027e-17
65 2.708333333333332e-10 2.432578180604702e-18 6.237379950268467e-05 1.559344987567117e-04 2.494959527563722e-04 6.237379950268467e-17
66 2.749999999999999e-10 2.454856821932013e-18 6.294504671620546e-05 1.573626167905137e-04 2.524266128191480e-04 6.294504671620546e-17
67 2.791666666666666e-10 2.476871479729289e-18 6.350952512126382e-05 1.587738128031596e-04 2.553296678636526e-04 6.350952512126382e-17
68 2.833333333333332e-10 2.498625692643682e-18 6.406732545240211e-05 1.601683136310053e-04 2.582052398330821e-04 6.406732545240211e-17
69 2.874999999999999e-10 2.520122932284860e-18 6.461853672525282e-05 1.615463418131321e-04 2.610534562513540e-04 6.461853672525282e-17
70 2.916666666666666e-10 2.541366605475237e-18 6.516324629423686e-05 1.629081157355922e-04 2.638744500121645e-04 6.516324629423687e-17
71 2.958333333333332e-10 2.562360056275215e-18 6.570153990449270e-05 1.642538497612318e-04 2.666683589423002e-04 6.570153990449269e-17
72 2.999999999999999e-10 2.583106568291697e-18 6.623350175106917e-05 1.655837543776729e-04 2.694353255092807e-04 6.623350175106917e-17
73 3.041666666666665e-10 2.603609366410968e-18 6.675921452335816e-05 1.668980363083954e-04 2.721754965549040e-04 6.675921452335815e-17
74 3.083333333333332e-10 2.623871618746947e-18 6.727875945504992e-05 1.681968986376248e-04 2.748890229917855e-04 6.727875945504991e-17
75 3.124999999999999e-10 2.643896438312999e-18 6.779221636699998e-05 1.694805409175000e-04 2.775760594924966e-04 6.779221636699998e-17
76 3.166666666666666e-10 2.663686884811060e-18 6.829966371310412e-05 1.707491592827603e-04 2.802367643378330e-04 6.829966371310412e-17
77 3.208333333333332e-10 2.683245966003690e-18 6.880117861547923e-05 1.720029465386981e-04 2.828712990800479e-04 6.880117861547922e-17
78 3.249999999999999e-10 2.702576639348313e-18 6.929683690636701e-05 1.732420922659175e-04 2.854798283393104e-04 6.929683690636701e-17
79 3.291666666666666e-10 2.721681813341707e-18 6.978671316260788e-05 1.744667829065197e-04 2.880625195187492e-04 6.978671316260788e-17
80 3.333333333333332e-10 2.740564348927207e-18 7.027088074172328e-05 1.756772018543082e-04 2.906195427267359e-04 7.027088074172328e-17
81 3.374999999999999e-10 2.759227060815499e-18 7.074941181578203e-05 1.768735295394551e-04 2.931510704697241e-04 7.074941181578203e-17
82 3.416666666666665e-10 2.777672718629262e-18 7.122237740075030e-05 1.780559435018758e-04 2.956572774376062e-04 7.122237740075031e-17
83 3.458333333333332e-10 2.795904048134591e-18 7.168984738806644e-05 1.792246184701661e-04 2.981383404519023e-04 7.168984738806645e-17
84 3.499999999999999e-10 2.813923732365650e-18 7.215189057347821e-05 1.803797264336955e-04 3.005944381548987e-04 7.215189057347822e-17
85 3.541666666666665e-10 2.831734412529693e-18 7.260857468024855e-05 1.815214367006214e-04 3.030257508986249e-04 7.260857468024855e-17
86 3.583333333333332e-10 2.849338689391509e-18 7.305996639465409e-05 1.826499159866352e-04 3.054324605598170e-04 7.305996639465409e-17
87 3.624999999999999e-10 2.866739123882934e-18 7.350613138161369e-05 1.837653284540342e-04 3.078147504696028e-04 7.350613138161369e-17
88 3.666666666666665e-10 2.883938238278950e-18 7.394713431484487e-05 1.848678357871122e-04 3.101728051396477e-04 7.394713431484487e-17
89 3.708333333333332e-10 2.900938516966882e-18 7.438303889658673e-05 1.859575972414668e-04 3.125068102621540e-04 7.438303889658672e-17
90 3.749999999999998e-10 2.917742407456518e-18 7.481390788350048e-05 1.870347697087512e-04 3.148169524249038e-04 7.481390788350049e-17
91 3.791666666666665e-10 2.934352321046612e-18 7.523980310375928e-05 1.880995077593982e-04 3.171034191667707e-04 7.523980310375928e-17
92 3.833333333333332e-10 2.950770633844436e-18 7.566078548319066e-05 1.891519637079767e-04 3.193663987038638e-04 7.566078548319067e-17
93 3.874999999999999e-10 2.966999687250768e-18 7.607691505771201e-05 1.901922876442800e-04 3.216060798703170e-04 7.607691505771201e-17
94 3.916666666666666e-10 2.983041788916531e-18 7.648825099785976e-05 1.912206274946494e-04 3.238226520923823e-04 7.648825099785976e-17
95 3.958333333333332e-10 2.998899213400228e-18 7.689485162564687e-05 1.922371290641172e-04 3.260163050664667e-04 7.689485162564688e-17
96 3.999999999999999e-10 3.014574202849808e-18 7.729677443204635e-05 1.932419360801159e-04 3.281872289441683e-04 7.729677443204636e-17
97 4.041666666666665e-10 3.030068967725420e-18 7.769407609552359e-05 1.942351902388090e-04 3.303356140362173e-04 7.769407609552359e-17
98 4.083333333333332e-10 3.045385687220371e-18 7.808681249283004e-05 1.952170312320751e-04 3.324616508124757e-04 7.808681249283004e-17
99 4.124999999999999e-10 3.060526510263104e-18 7.847503872469497e-05 1.961875968117374e-04 3.345655297687109e-04 7.847503872469497e-17
100 4.166666666666665e-10 3.075493555774952e-18 7.885880912243468e-05 1.971470228060867e-04 3.366474413303760e-04 7.885880912243469e-17
101 4.208333333333332e-10 3.090288913374951e-18 7.923817726602439e-05 1.980954431650610e-04 3.387075759340264e-04 7.923817726602439e-17
102 4.249999999999999e-10 3.104914643994340e-18 7.961319599985488e-05 1.990329899996372e-04 3.407461237534648e-04 7.961319599985489e-17
103 4.291666666666665e-10 3.119372780388749e-18 7.998391744586537e-05 1.999597936146634e-04 3.427632747034420e-04 7.998391744586537e-17
104 4.333333333333332e-10 3.133665327630583e-18 8.035039301616881e-05 2.008759825404220e-04 3.447592184359554e-04 8.035039301616882e-17
105 4.374999999999998e-10 3.147794263591412e-18 8.071267342542084e-05 2.017816835635521e-04 3.467341442144250e-04 8.071267342542083e-17
106 4.416666666666665e-10 3.161761539527802e-18 8.107080870584107e-05 2.026770217646027e-04 3.486882408655826e-04 8.107080870584106e-17
107 4.458333333333332e-10 3.175569080488202e-18 8.142484821764621e-05 2.035621205441156e-04 3.506216967054580e-04 8.142484821764621e-17
108 4.499999999999998e-10 3.189218785843833e-18 8.177484066266239e-05 2.044371016566560e-04 3.525346995467794e-04 8.177484066266239e-17
109 4.541666666666665e-10 3.202712529708519e-18 8.212083409509023e-05 2.053020852377256e-04 3.544274365916524e-04 8.212083409509022e-17
110 4.583333333333332e-10 3.216052161350037e-18 8.246287593205223e-05 2.061571898301306e-04 3.563000944278592e-04 8.246287593205224e-17
111 4.624999999999999e-10 3.229239505646783e-18 8.280101296530214e-05 2.070025324132554e-04 3.581528589215370e-04 8.280101296530214e-17
112 4.666666666666665e-10 3.242276363556289e-18 8.313529137323820e-05 2.078382284330955e-04 3.599859152134778e-04 8.313529137323820e-17
113 4.708333333333332e-10 3.255164512398513e-18 8.346575672816700e-05 2.086643918204175e-04 3.617994477265286e-04 8.346575672816701e-17
114 4.749999999999998e-10 3.267905706342487e-18 8.379245400878171e-05 2.094811350219543e-04 3.635936400582711e-04 8.379245400878171e-17
115 4.791666666666665e-10 3.280501676857066e-18 8.411542761171965e-05 2.102885690292991e-04 3.653686749625174e-04 8.411542761171965e-17
116 4.833333333333331e-10 3.292954132983495e-18 8.443472135855116e-05 2.110868033963779e-04 3.671247342900982e-04 8.443472135855117e-17
117 4.874999999999998e-10 3.305264761661620e-18 8.475037850414411e-05 2.118759462603603e-04 3.688619990443739e-04 8.475037850414411e-17
118 4.916666666666665e-10 3.317435228170837e-18 8.506244174797019e-05 2.126561043699255e-04 3.705806492591102e-04 8.506244174797018e-17
119 4.958333333333331e-10 3.329467176466858e-18 8.537095324273996e-05 2.134273831068499e-04 3.722808640465877e-04 8.537095324273995e-17
120 4.999999999999998e-10 3.341362229423370e-18 8.567595460059925e-05 2.141898865014981e-04 3.739628214828788e-04 8.567595460059924e-17
121 5.041666666666665e-10 3.353121989412312e-18 8.597748690800799e-05 2.149437172700200e-04 3.756266986337528e-04 8.597748690800800e-17
122 5.083333333333331e-10 3.364748038329780e-18 8.627559072640462e-05 2.156889768160116e-04 3.772726715842823e-04 8.627559072640462e-17
123 5.124999999999998e-10 3.376241938132264e-18 8.657030610595548e-05 2.164257652648887e-04 3.789009152908130e-04 8.657030610595548e-17
124 5.166666666666665e-10 3.387605231034823e-18 8.686167259063650e-05 2.171541814765913e-04 3.805116036919861e-04 8.686167259063650e-17
125 5.208333333333331e-10 3.398839439859326e-18 8.714972922716222e-05 2.178743230679056e-04 3.821049095903148e-04 8.714972922716222e-17
126 5.249999999999998e-10 3.409946068214677e-18 8.743451456960710e-05 2.185862864240178e-04 3.836810046928918e-04 8.743451456960710e-17
127 5.291666666666664e-10 3.420926601012143e-18 8.771606669261906e-05 2.192901667315477e-04 3.852400595817845e-04 8.771606669261907e-17
128 5.333333333333331e-10 3.431782504590628e-18 8.799442319463148e-05 2.199860579865787e-04 3.867822437029312e-04 8.799442319463148e-17
129 5.374999999999998e-10 3.442515226999403e-18 8.826962120511291e-05 2.206740530127823e-04 3.883077252773250e-04 8.826962120511290e-17
130 5.416666666666665e-10 3.453126198223674e-18 8.854169739035062e-05 2.213542434758766e-04 3.898166714342390e-04 8.854169739035062e-17
131 5.458333333333332e-10 3.463616830675851e-18 8.881068796604746e-05 2.220267199151187e-04 3.913092481224095e-04 8.881068796604747e-17
132 5.499999999999998e-10 3.473988519212939e-18 8.907662869776767e-05 2.226915717444192e-04 3.927856200249184e-04 8.907662869776767e-17
133 5.541666666666665e-10 3.484242641441486e-18 8.933955490875606e-05 2.233488872718902e-04 3.942459506702160e-04 8.933955490875607e-17
134 5.583333333333332e-10 3.494380558050278e-18 8.959950148846867e-05 2.239987537211717e-04 3.956904023951129e-04 8.959950148846867e-17
135 5.624999999999998e-10 3.504403613066056e-18 8.985650289912964e-05 2.246412572478241e-04 3.971191362818676e-04 8.985650289912963e-17
136 5.666666666666665e-10 3.514313133951771e-18 9.011059317825055e-05 2.252764829456264e-04 3.985323121692891e-04 9.011059317825055e-17
137 5.708333333333332e-10 3.524110431846588e-18 9.036180594478432e-05 2.259045148619608e-04 3.999300887156489e-04 9.036180594478433e-17
138 5.749999999999998e-10 3.533796802100258e-18 9.061017441282712e-05 2.265254360320678e-04 4.013126233394697e-04 9.061017441282711e-17
139 5.791666666666665e-10 3.543373524184495e-18 9.085573138934602e-05 2.271393284733651e-04 4.026800721566128e-04 9.085573138934602e-17
140 5.833333333333332e-10 3.552841861835267e-18 9.109850927782736e-05 2.277462731945684e-04 4.040325900616935e-04 9.109850927782738e-17
141 5.874999999999998e-10 3.562203063644914e-18 9.133854009345935e-05 2.283463502336484e-04 4.053703307021770e-04 9.133854009345935e-17
142 5.916666666666665e-10 3.571458363013300e-18 9.157585546187949e-05 2.289396386546988e-04 4.066934465301883e-04 9.157585546187950e-17
143 5.958333333333331e-10 3.580608978397057e-18 9.181048662556558e-05 2.295262165639140e-04 4.080020886470812e-04 9.181048662556559e-17
144 5.999999999999998e-10 3.589656113529779e-18 9.204246444948153e-05 2.301061611237038e-04 4.092964069403654e-04 9.204246444948152e-17
145 6.041666666666665e-10 3.598600957695879e-18 9.227181942809947e-05 2.306795485702487e-04 4.105765500578016e-04 9.227181942809947e-17
146 6.083333333333331e-10 3.607444685782396e-18 9.249858168672810e-05 2.312464542168203e-04 4.118426653333867e-04 9.249858168672810e-17
147 6.124999999999998e-10 3.616188458503816e-18 9.272278098727733e-05 2.318069524681934e-04 4.130948989464856e-04 9.272278098727733e-17
148 6.166666666666664e-10 3.624833422808601e-18 9.294444673868210e-05 2.323611168467053e-04 4.143333957367943e-04 9.294444673868210e-17
149 6.208333333333331e-10 3.633380711724130e-18 9.316360799292642e-05 2.329090199823160e-04 4.155582992598503e-04 9.316360799292643e-17
150 6.249999999999998e-10 3.641831444895146e-18 9.338029345884990e-05 2.334507336471248e-04 4.167697518795523e-04 9.338029345884991e-17
151 6.291666666666664e-10 3.650186728403175e-18 9.359453149751733e-05 2.339863287437933e-04 4.179678947311517e-04 9.359453149751733e-17
152 6.333333333333331e-10 3.658447655304602e-18 9.380635013601545e-05 2.345158753400386e-04 4.191528676287350e-04 9.380635013601545e-17
153 6.374999999999998e-10 3.666615305543524e-18 9.401577706521857e-05 2.350394426630464e-04 4.203248091725444e-04 9.401577706521857e-17
154 6.416666666666664e-10 3.674690746225603e-18 9.422283964681034e-05 2.355570991170259e-04 4.214838567045695e-04 9.422283964681034e-17
155 6.458333333333331e-10 3.682675031710404e-18 9.442756491565140e-05 2.360689122891285e-04 4.226301463344528e-04 9.442756491565140e-17
156 6.499999999999998e-10 3.690569203961663e-18 9.462997958876058e-05 2.365749489719015e-04 4.237638129616926e-04 9.462997958876059e-17
157 6.541666666666664e-10 3.698374292522497e-18 9.483011006467941e-05 2.370752751616986e-04 4.248849901831266e-04 9.483011006467942e-17
158 6.583333333333331e-10 3.706091314783893e-18 9.502798243035623e-05 2.375699560758906e-04 4.259938104594639e-04 9.502798243035623e-17
159 6.624999999999997e-10 3.713721276022639e-18 9.522362246211895e-05 2.380590561552974e-04 4.270904049339488e-04 9.522362246211895e-17
160 6.666666666666664e-10 3.721265169800263e-18 9.541705563590419e-05 2.385426390897605e-04 4.281749035803908e-04 9.541705563590418e-17
161 6.708333333333331e-10 3.728723977789659e-18 9.560830712281177e-05 2.390207678070294e-04 4.292474351402518e-04 9.560830712281178e-17
162 6.749999999999997e-10 3.736098670212690e-18 9.579740180032538e-05 2.394935045008135e-04 4.303081271559530e-04 9.579740180032539e-17
163 6.791666666666664e-10 3.743390205816512e-18 9.598436425170544e-05 2.399609106292636e-04 4.313571059745752e-04 9.598436425170544e-17
164 6.833333333333330e-10 3.750599532062494e-18 9.616921877083319e-05 2.404230469270830e-04 4.323944967478592e-04 9.616921877083319e-17
165 6.874999999999997e-10 3.757727585297934e-18 9.635198936661369e-05 2.408799734165342e-04 4.334204233840964e-04 9.635198936661368e-17
166 6.916666666666664e-10 3.764775290948491e-18 9.653269976791003e-05 2.413317494197751e-04 4.344350086813544e-04 9.653269976791003e-17
167 6.958333333333331e-10 3.771743563508572e-18 9.671137342329674e-05 2.417784335582419e-04 4.354383742164561e-04 9.671137342329674e-17
168 6.999999999999998e-10 3.778633306756342e-18 9.688803350657288e-05 2.422200837664322e-04 4.364306403671831e-04 9.688803350657289e-17
169 7.041666666666665e-10 3.785445414019988e-18 9.706270292358945e-05 2.426567573089736e-04 4.374119264232988e-04 9.706270292358946e-17
170 7.083333333333331e-10 3.792180768053198e-18 9.723540430905635e-05 2.430885107726409e-04 4.383823504496205e-04 9.723540430905636e-17
171 7.124999999999998e-10 3.798840241385239e-18 9.740616003551896e-05 2.435154000887974e-04 4.393420293711361e-04 9.740616003551896e-17
172 7.166666666666665e-10 3.805424696291179e-18 9.757499221259434e-05 2.439374805314859e-04 4.402910789656036e-04 9.757499221259433e-17
173 7.208333333333331e-10 3.811934985030023e-18 9.774192269307753e-05 2.443548067326938e-04 4.412296138561487e-04 9.774192269307754e-17
174 7.249999999999998e-10 3.818371949932421e-18 9.790697307519030e-05 2.447674326879758e-04 4.421577476222877e-04 9.790697307519030e-17
175 7.291666666666664e-10 3.824736423563315e-18 9.807016470675167e-05 2.451754117668792e-04 4.430755926185905e-04 9.807016470675167e-17
176 7.333333333333331e-10 3.831029228797620e-18 9.823151868711846e-05 2.455787967177962e-04 4.439832601338132e-04 9.823151868711846e-17
177 7.374999999999998e-10 3.837251178938467e-18 9.839105587021710e-05 2.459776396755428e-04 4.448808603205836e-04 9.839105587021711e-17
178 7.416666666666664e-10 3.843403077733847e-18 9.854879686497046e-05 2.463719921624262e-04 4.457685022435108e-04 9.854879686497046e-17
179 7.458333333333331e-10 3.849485719819603e-18 9.870476204665649e-05 2.467619051166413e-04 4.466462939161930e-04 9.870476204665649e-17
180 7.499999999999997e-10 3.855499890493298e-18 9.885897155111021e-05 2.471474288777755e-04 4.475143421975960e-04 9.885897155111022e-17
181 7.541666666666664e-10 3.861446365943308e-18 9.901144528059765e-05 2.475286132014941e-04 4.483727529178796e-04 9.901144528059764e-17
182 7.583333333333331e-10 3.867325913439214e-18 9.916220290869780e-05 2.479055072717445e-04 4.492216307673741e-04 9.916220290869781e-17
183 7.624999999999997e-10 3.873139291344572e-18 9.931126388063005e-05 2.482781597015751e-04 4.500610794964213e-04 9.931126388063004e-17
184 7.666666666666664e-10 3.878887249360423e-18 9.945864741949804e-05 2.486466185487451e-04 4.508912017266359e-04 9.945864741949804e-17
185 7.708333333333331e-10 3.884570528318426e-18 9.960437252098529e-05 2.490109313024632e-04 4.517120990101181e-04 9.960437252098530e-17
186 7.749999999999997e-10 3.890189860616794e-18 9.974845796453318e-05 2.493711449113330e-04 4.525238719293731e-04 9.974845796453318e-17
187 7.791666666666664e-10 3.895745970248985e-18 9.989092231407655e-05 2.497273057851914e-04 4.533266199603841e-04 9.989092231407654e-17
188 7.833333333333331e-10 3.901239572774833e-18 1.000317839173034e-04 2.500794597932586e-04 4.541204416280430e-04 1.000317839173034e-16
189 7.874999999999997e-10 3.906671375545739e-18 1.001710609114292e-04 2.504276522785730e-04 4.549054344173327e-04 1.001710609114292e-16
190 7.916666666666664e-10 3.912042077756663e-18 1.003087712245298e-04 2.507719280613246e-04 4.556816947807287e-04 1.003087712245298e-16
191 7.958333333333330e-10 3.917352370607849e-18 1.004449325796885e-04 2.511123314492212e-04 4.564493182455212e-04 1.004449325796885e-16
192 7.999999999999997e-10 3.922602937324443e-18 1.005795624954985e-04 2.514489062387464e-04 4.572083993101929e-04 1.005795624954985e-16
193 8.041666666666664e-10 3.927794453214585e-18 1.007126782875535e-04 2.517816957188837e-04 4.579590314592237e-04 1.007126782875535e-16
194 8.083333333333330e-10 3.932927585934948e-18 1.008442970752551e-04 2.521107426881377e-04 4.587013072852133e-04 1.008442970752551e-16
195 8.124999999999997e-10 3.938002995382666e-18 1.009744357790427e-04 2.524360894476069e-04 4.594353183223497e-04 1.009744357790427e-16
196 8.166666666666663e-10 3.943021333931082e-18 1.011031111264380e-04 2.527577778160951e-04 4.601611552388465e-04 1.011031111264380e-16
197 8.208333333333330e-10 3.947983246455646e-18 1.012303396527089e-04 2.530758491317722e-04 4.608789076963150e-04 1.012303396527089e-16
198 8.249999999999997e-10 3.952889370478058e-18 1.013561377045656e-04 2.533903442614140e-04 4.615886644348820e-04 1.013561377045656e-16
199 8.291666666666663e-10 3.957740336193473e-18 1.014805214408583e-04 2.537013036021458e-04 4.622905133027942e-04 1.014805214408583e-16
200 8.333333333333330e-10 3.962536766455884e-18 1.016035068322022e-04 2.540087670805054e-04 4.629845411639013e-04 1.016035068322022e-16
201 8.374999999999997e-10 3.967279277169653e-18 1.017251096710168e-04 2.543127741775419e-04 4.636708340012758e-04 1.017251096710167e-16
202 8.416666666666663e-10 3.971968477206994e-18 1.018453455694101e-04 2.546133639235253e-04 4.643494769098117e-04 1.018453455694101e-16
203 8.458333333333330e-10 3.976604968246242e-18 1.019642299550319e-04 2.549105748875797e-04 4.650205540481150e-04 1.019642299550319e-16
204 8.499999999999998e-10 3.981189345335299e-18 1.020817780855205e-04 2.552044452138012e-04 4.656841486755112e-04 1.020817780855205e-16
205 8.541666666666664e-10 3.985722196606853e-18 1.021980050412014e-04 2.554950126030034e-04 4.663403432741696e-04 1.021980050412014e-16
206 8.583333333333331e-10 3.990204103440851e-18 1.023129257292526e-04 2.557823143231315e-04 4.669892193529636e-04 1.023129257292526e-16
207 8.624999999999997e-10 3.994635640653042e-18 1.024265548885395e-04 2.560663872213489e-04 4.676308575473918e-04 1.024265548885395e-16
208 8.666666666666664e-10 3.999017376450573e-18 1.025389070884762e-04 2.563472677211906e-04 4.682653376972925e-04 1.025389070884762e-16
209 8.708333333333331e-10 4.003349872580576e-18 1.026499967328353e-04 2.566249918320882e-04 4.688927387580265e-04 1.026499967328353e-16
210 8.749999999999997e-10 4.007633684418241e-18 1.027598380620062e-04 2.568995951550155e-04 4.695131388448857e-04 1.027598380620062e-16
211 8.791666666666664e-10 4.011869360913528e-18 1.028684451516289e-04 2.571711128790723e-04 4.701266152886047e-04 1.028684451516289e-16
212 8.833333333333330e-10 4.016057444920345e-18 1.029758319210345e-04 2.574395798025863e-04 4.707332445354401e-04 1.029758319210345e-16
213 8.874999999999997e-10 4.020198472967294e-18 1.030820121273665e-04 2.577050303184163e-04 4.713331022248866e-04 1.030820121273665e-16
214 8.916666666666664e-10 4.024292975439923e-18 1.031869993702544e-04 2.579674984256361e-04 4.719262632044799e-04 1.031869993702544e-16
215 8.958333333333330e-10 4.028341476837011e-18 1.032908070983849e-04 2.582270177459623e-04 4.725128014742851e-04 1.032908070983849e-16
216 8.999999999999997e-10 4.032344495549997e-18 1.033934486038461e-04 2.584836215096153e-04 4.730927903238249e-04 1.033934486038461e-16
217 9.041666666666664e-10 4.036302544132403e-18 1.034949370290360e-04 2.587373425725900e-04 4.736663021951518e-04 1.034949370290360e-16
218 9.083333333333330e-10 4.040216129310738e-18 1.035952853669420e-04 2.589882134173550e-04 4.742334087790670e-04 1.035952853669420e-16
219 9.124999999999997e-10 4.044085752093868e-18 1.036945064639453e-04 2.592362661598634e-04 4.747941809633108e-04 1.036945064639453e-16
220 9.166666666666664e-10 4.047911907740625e-18 1.037926130189904e-04 2.594815325474760e-04 4.753486889139782e-04 1.037926130189904e-16
221 9.208333333333330e-10 4.051695085871948e-18 1.038896175864602e-04 2.597240439661505e-04 4.758970019830009e-04 1.038896175864602e-16
222 9.249999999999997e-10 4.055435770561542e-18 1.039855325785011e-04 2.599638314462528e-04 4.764391888006657e-04 1.039855325785011e-16
223 9.291666666666663e-10 4.059134440374558e-18 1.040803702660143e-04 2.602009256650358e-04 4.769753173385267e-04 1.040803702660143e-16
224 9.333333333333330e-10 4.062791568456223e-18 1.041741427809288e-04 2.604353569523220e-04 4.775054547095657e-04 1.041741427809288e-16
225 9.374999999999997e-10 4.066407622614182e-18 1.042668621183123e-04 2.606671552957809e-04 4.780296673532294e-04 1.042668621183124e-16
226 9.416666666666664e-10 4.069983065291666e-18 1.043585401356837e-04 2.608963503392093e-04 4.785480209984215e-04 1.043585401356837e-16
227 9.458333333333329e-10 4.073518353676481e-18 1.044491885558072e-04 2.611229713895181e-04 4.790605806524009e-04 1.044491885558072e-16
228 9.499999999999996e-10 4.077013939904178e-18 1.045388189719020e-04 2.613470474297550e-04 4.795674105970807e-04 1.045388189719020e-16
229 9.541666666666663e-10 4.080470270764401e-18 1.046274428401128e-04 2.615686071002822e-04 4.800685744667438e-04 1.046274428401128e-16
230 9.583333333333330e-10 4.083887788246186e-18 1.047150714934920e-04 2.617876787337299e-04 4.805641351592254e-04 1.047150714934920e-16
231 9.624999999999997e-10 4.087266929123669e-18 1.048017161313761e-04 2.620042903284403e-04 4.810541548877233e-04 1.048017161313761e-16
232 9.666666666666662e-10 4.090608125233269e-18 1.048873878264941e-04 2.622184695662352e-04 4.815386951956001e-04 1.048873878264941e-16
233 9.708333333333329e-10 4.093911803620978e-18 1.049720975287430e-04 2.624302438218576e-04 4.820178169933918e-04 1.049720975287430e-16
234 9.749999999999996e-10 4.097178386428929e-18 1.050558560622802e-04 2.626396401557006e-04 4.824915804810917e-04 1.050558560622802e-16
235 9.791666666666663e-10 4.100408291061384e-18 1.051386741297791e-04 2.628466853244477e-04 4.829600452332671e-04 1.051386741297791e-16
236 9.833333333333330e-10 4.103601930166222e-18 1.052205623119544e-04 2.630514057798860e-04 4.834232701768555e-04 1.052205623119544e-16
237 9.874999999999997e-10 4.106759711701367e-18 1.053015310692658e-04 2.632538276731646e-04 4.838813135467552e-04 1.053015310692658e-16
238 9.916666666666662e-10 4.109882039098184e-18 1.053815907461073e-04 2.634539768652682e-04 4.843342329931472e-04 1.053815907461073e-16
239 9.958333333333329e-10 4.112969311123802e-18 1.054607515672770e-04 2.636518789181925e-04 4.847820855037794e-04 1.054607515672770e-16
240 9.999999999999996e-10 4.116021922055426e-18 1.055390236424468e-04 2.638475591061171e-04 4.852249274853828e-04 1.055390236424468e-16
241 1.004166666666666e-09 4.119040261729551e-18 1.056164169674244e-04 2.640410424185610e-04 4.856628146822556e-04 1.056164169674244e-16
242 1.008333333333333e-09 4.122024715644847e-18 1.056929414267910e-04 2.642323535669774e-04 4.860958022243725e-04 1.056929414267910e-16
243 1.012500000000000e-09 4.124975664812463e-18 1.057686067900632e-04 2.644215169751579e-04 4.865239446828956e-04 1.057686067900632e-16
244 1.016666666666666e-09 4.127893485949760e-18 1.058434227166605e-04 2.646085567916514e-04 4.869472959813577e-04 1.058434227166605e-16
245 1.020833333333333e-09 4.130778551631674e-18 1.059173987597865e-04 2.647934968994663e-04 4.873659095214857e-04 1.059173987597865e-16
246 1.025000000000000e-09 4.133631230120473e-18 1.059905443620634e-04 2.649763609051586e-04 4.877798380684797e-04 1.059905443620634e-16
247 1.029166666666666e-09 4.136451885594663e-18 1.060628688614016e-04 2.651571721535040e-04 4.881891337991209e-04 1.060628688614016e-16
248 1.033333333333333e-09 4.139240877946172e-18 1.061343814857993e-04 2.653359537144983e-04 4.885938483461812e-04 1.061343814857993e-16
249 1.037500000000000e-09 4.141998563337325e-18 1.062050913676237e-04 2.655127284190594e-04 4.889940327355115e-04 1.062050913676237e-16
250 1.041666666666666e-09 4.144725293556904e-18 1.062750075271001e-04 2.656875188177503e-04 4.893897374600544e-04 1.062750075271001e-16
251 1.045833333333333e-09 4.147421416578040e-18 1.063441388866164e-04 2.658603472165410e-04 4.897810124946493e-04 1.063441388866164e-16
252 1.050000000000000e-09 4.150087276479389e-18 1.064124942687023e-04 2.660312356717557e-04 4.901679071813076e-04 1.064124942687023e-16
253 1.054166666666666e-09 4.152723213385913e-18 1.064800823945106e-04 2.662002059862765e-04 4.905504703550399e-04 1.064800823945106e-16
254 1.058333333333333e-09 4.155329563625434e-18 1.065469118878316e-04 2.663672797195791e-04 4.909287503771612e-04 1.065469118878316e-16
255 1.062500000000000e-09 4.157906659750822e-18 1.066129912756621e-04 2.665324781891553e-04 4.913027949687575e-04 1.066129912756621e-16
256 1.066666666666666e-09 4.160454830459520e-18 1.066783289861415e-04 2.666958224653539e-04 4.916726513994248e-04 1.066783289861416e-16
257 1.070833333333333e-09 4.162974400873307e-18 1.067429333557258e-04 2.668573333893146e-04 4.920383663873475e-04 1.067429333557259e-16
258 1.075000000000000e-09 4.165465692307752e-18 1.068068126232757e-04 2.670170315581893e-04 4.923999861326069e-04 1.068068126232757e-16
259 1.079166666666666e-09 4.167929022635803e-18 1.068699749393796e-04 2.671749373484489e-04 4.927575563356833e-04 1.068699749393796e-16
260 1.083333333333333e-09 4.170364705949731e-18 1.069324283576854e-04 2.673310708942136e-04 4.931111222122595e-04 1.069324283576854e-16
261 1.087500000000000e-09 4.172773052975241e-18 1.069941808455190e-04 2.674854521137975e-04 4.934607284451119e-04 1.069941808455190e-16
262 1.091666666666666e-09 4.175154370783369e-18 1.070552402764966e-04 2.676381006912416e-04 4.938064192322188e-04 1.070552402764966e-16
263 1.095833333333333e-09 4.177508963099490e-18 1.071156144384485e-04 2.677890360961212e-04 4.941482382978637e-04 1.071156144384485e-16
264 1.100000000000000e-09 4.179837130102195e-18 1.071753110282614e-04 2.679382775706535e-04 4.944862288778320e-04 1.071753110282614e-16
265 1.104166666666666e-09 4.182139168683620e-18 1.072343376585544e-04 2.680858441463859e-04 4.948204336564983e-04 1.072343376585544e-16
266 1.108333333333333e-09 4.184415372435955e-18 1.072927018573322e-04 2.682317546433305e-04 4.951508949962723e-04 1.072927018573322e-16
267 1.112500000000000e-09 4.186666031551328e-18 1.073504110654187e-04 2.683760276635467e-04 4.954776546711457e-04 1.073504110654187e-16
268 1.116666666666666e-09 4.188891432911925e-18 1.074074726387673e-04 2.685186815969183e-04 4.958007540295249e-04 1.074074726387673e-16
269 1.120833333333333e-09 4.191091860309439e-18 1.074638938540882e-04 2.686597346352205e-04 4.961202339794275e-04 1.074638938540882e-16
270 1.125000000000000e-09 4.193267594212111e-18 1.075196819028747e-04 2.687992047571866e-04 4.964361349070663e-04 1.075196819028747e-16
271 1.129166666666666e-09 4.195418912019342e-18 1.075748438979319e-04 2.689371097448297e-04 4.967484968137768e-04 1.075748438979319e-16
272 1.133333333333333e-09 4.197546087956403e-18 1.076293868706770e-04 2.690734671766925e-04 4.970573592753093e-04 1.076293868706770e-16
273 1.137500000000000e-09 4.199649393183982e-18 1.076833177739483e-04 2.692082944348707e-04 4.973627614048209e-04 1.076833177739483e-16
274 1.141666666666666e-09 4.201729095748956e-18 1.077366434807425e-04 2.693416087018562e-04 4.976647418528759e-04 1.077366434807425e-16
275 1.145833333333333e-09 4.203785460774439e-18 1.077893707890882e-04 2.694734269727205e-04 4.979633388999639e-04 1.077893707890882e-16
276 1.150000000000000e-09 4.205818750331904e-18 1.078415064187668e-04 2.696037660469170e-04 4.982585903158727e-04 1.078415064187668e-16
277 1.154166666666666e-09 4.207829223598289e-18 1.078930570153408e-04 2.697326425383519e-04 4.985505334966140e-04 1.078930570153408e-16
278 1.158333333333333e-09 4.209817136732949e-18 1.079440291469987e-04 2.698600728674968e-04 4.988392054496222e-04 1.079440291469987e-16
279 1.162500000000000e-09 4.211782743152616e-18 1.079944293116055e-04 2.699860732790139e-04 4.991246427641473e-04 1.079944293116056e-16
280 1.166666666666666e-09 4.213726293227014e-18 1.080442639288978e-04 2.701106598222445e-04 4.994068815927520e-04 1.080442639288978e-16
281 1.170833333333333e-09 4.215648034772725e-18 1.080935393531468e-04 2.702338483828670e-04 4.996859577068220e-04 1.080935393531468e-16
282 1.175000000000000e-09 4.217548212617056e-18 1.081422618619758e-04 2.703556546549395e-04 4.999619064669605e-04 1.081422618619758e-16
283 1.179166666666666e-09 4.219427068838402e-18 1.081904376625231e-04 2.704760941563078e-04 5.002347628414922e-04 1.081904376625231e-16
284 1.183333333333333e-09 4.221284842892253e-18 1.082380728946732e-04 2.705951822366829e-04 5.005045614434702e-04 1.082380728946731e-16
285 1.187500000000000e-09 4.223121771461323e-18 1.082851736272134e-04 2.707129340680336e-04 5.007713364492600e-04 1.082851736272134e-16
286 1.191666666666666e-09 4.224938088616150e-18 1.083317458619526e-04 2.708293646548815e-04 5.010351216688534e-04 1.083317458619526e-16
287 1.195833333333333e-09 4.226734025761076e-18 1.083777955323353e-04 2.709444888308382e-04 5.012959505976790e-04 1.083777955323353e-16
288 1.200000000000000e-09 4.228509811698816e-18 1.084233285050979e-04 2.710583212627447e-04 5.015538562833757e-04 1.084233285050979e-16
289 1.204166666666666e-09 4.230265672711699e-18 1.084683505823513e-04 2.711708764558782e-04 5.018088714072084e-04 1.084683505823513e-16
290 1.208333333333333e-09 4.232001832480612e-18 1.085128674995029e-04 2.712821687487572e-04 5.020610283395798e-04 1.085128674995029e-16
291 1.212499999999999e-09 4.233718512116833e-18 1.085568849260726e-04 2.713922123151816e-04 5.023103590697159e-04 1.085568849260727e-16
292 1.216666666666666e-09 4.235415930365014e-18 1.086004084708978e-04 2.715010211772445e-04 5.025568952093672e-04 1.086004084708978e-16
293 1.220833333333333e-09 4.237094303480872e-18 1.086434436789967e-04 2.716086091974918e-04 5.028006680446184e-04 1.086434436789967e-16
294 1.225000000000000e-09 4.238753845251728e-18 1.086859960320956e-04 2.717149900802390e-04 5.030417084544724e-04 1.086859960320956e-16
295 1.229166666666666e-09 4.240394767024819e-18 1.087280709493543e-04 2.718201773733858e-04 5.032800470551797e-04 1.087280709493543e-16
296 1.233333333333333e-09 4.242017277863465e-18 1.087696737913709e-04 2.719241844784273e-04 5.035157140855145e-04 1.087696737913709e-16
297 1.237500000000000e-09 4.243621584392385e-18 1.088108098562150e-04 2.720270246405375e-04 5.037487394511848e-04 1.088108098562150e-16
298 1.241666666666666e-09 4.245207890971627e-18 1.088514843838879e-04 2.721287109597197e-04 5.039791527026264e-04 1.088514843838879e-16
299 1.245833333333333e-09 4.246776399687685e-18 1.088917025560945e-04 2.722292563902363e-04 5.042069831238218e-04 1.088917025560945e-16
300 1.250000000000000e-09 4.248327310324638e-18 1.089314694955035e-04 2.723286737387589e-04 5.044322595879716e-04 1.089314694955035e-16
301 1.254166666666666e-09 4.249860820386537e-18 1.089707902663215e-04 2.724269756658037e-04 5.046550106981213e-04 1.089707902663215e-16
302 1.258333333333333e-09 4.251377125196582e-18 1.090096698768355e-04 2.725241746920887e-04 5.048752647094471e-04 1.090096698768355e-16
303 1.262500000000000e-09 4.252876417854384e-18 1.090481132783175e-04 2.726202831957939e-04 5.050930496106712e-04 1.090481132783175e-16
304 1.266666666666666e-09 4.254358889295731e-18 1.090861253665572e-04 2.727153134163930e-04 5.053083930389455e-04 1.090861253665572e-16
305 1.270833333333333e-09 4.255824728364745e-18 1.091237109837114e-04 2.728092774592785e-04 5.055213223353626e-04 1.091237109837114e-16
306 1.275000000000000e-09 4.257274121729887e-18 1.091608749161509e-04 2.729021872903774e-04 5.057318645227506e-04 1.091608749161509e-16
307 1.279166666666666e-09 4.258707253951116e-18 1.091976218961825e-04 2.729940547404562e-04 5.059400463426817e-04 1.091976218961825e-16
308 1.283333333333333e-09 4.260124307543731e-18 1.092339566036854e-04 2.730848915092136e-04 5.061458942110622e-04 1.092339566036854e-16
309 1.287500000000000e-09 4.261525462959129e-18 1.092698836656187e-04 2.731747091640467e-04 5.063494342551405e-04 1.092698836656187e-16
310 1.291666666666666e-09 4.262910898614031e-18 1.093054076567700e-04 2.732635191419251e-04 5.065506923320112e-04 1.093054076567700e-16
311 1.295833333333333e-09 4.264280790967103e-18 1.093405331017206e-04 2.733513327543015e-04 5.067496940397163e-04 1.093405331017206e-16
312 1.300000000000000e-09 4.265635314443078e-18 1.093752644728994e-04 2.734381611822486e-04 5.069464646062237e-04 1.093752644728995e-16
313 1.304166666666666e-09 4.266974641554147e-18 1.094096061936961e-04 2.735240154842402e-04 5.071410290189529e-04 1.094096061936961e-16
314 1.308333333333333e-09 4.268298942800403e-18 1.094435626359078e-04 2.736089065897695e-04 5.073334120321766e-04 1.094435626359078e-16
315 1.312500000000000e-09 4.269608386781427e-18 1.094771381226007e-04 2.736928453065017e-04 5.075236380226917e-04 1.094771381226007e-16
316 1.316666666666666e-09 4.270903140341902e-18 1.095103369318436e-04 2.737758423296091e-04 5.077117311785570e-04 1.095103369318436e-16
317 1.320833333333333e-09 4.272183368221722e-18 1.095431632877365e-04 2.738579082193412e-04 5.078977153991740e-04 1.095431632877365e-16
318 1.324999999999999e-09 4.273449233473046e-18 1.095756213711037e-04 2.739390534277594e-04 5.080816142952852e-04 1.095756213711037e-16
319 1.329166666666666e-09 4.274700897346519e-18 1.096077153165774e-04 2.740192882914436e-04 5.082634512333845e-04 1.096077153165774e-16
320 1.333333333333333e-09 4.275938519181350e-18 1.096394492097782e-04 2.740986230244455e-04 5.084432493431186e-04 1.096394492097782e-16
321 1.337500000000000e-09 4.277162256478215e-18 1.096708270891850e-04 2.741770677229626e-04 5.086210313988621e-04 1.096708270891850e-16
322 1.341666666666666e-09 4.278372265113170e-18 1.097018529516197e-04 2.742546323790494e-04 5.087968200306614e-04 1.097018529516197e-16
323 1.345833333333333e-09 4.279568699106160e-18 1.097325307463118e-04 2.743313268657795e-04 5.089706375725025e-04 1.097325307463118e-16
324 1.349999999999999e-09 4.280751710788849e-18 1.097628643792013e-04 2.744071609480032e-04 5.091425061252255e-04 1.097628643792013e-16
325 1.354166666666666e-09 4.281921450788341e-18 1.097928577125216e-04 2.744821442813040e-04 5.093124474788075e-04 1.097928577125216e-16
326 1.358333333333333e-09 4.283078068049937e-18 1.098225145653830e-04 2.745562864134575e-04 5.094804832936997e-04 1.098225145653830e-16
327 1.362500000000000e-09 4.284221709845831e-18 1.098518387139957e-04 2.746295967849892e-04 5.096466348565782e-04 1.098518387139957e-16
328 1.366666666666666e-09 4.285352521682408e-18 1.098808338892925e-04 2.747020847232313e-04 5.098109233208924e-04 1.098808338892925e-16
329 1.370833333333333e-09 4.286470647619617e-18 1.099095037851184e-04 2.747737594627960e-04 5.099733695255285e-04 1.099095037851184e-16
330 1.374999999999999e-09 4.287576229979168e-18 1.099378520507479e-04 2.748446301268697e-04 5.101339941502405e-04 1.099378520507479e-16
331 1.379166666666666e-09 4.288669409449447e-18 1.099658822935756e-04 2.749147057339390e-04 5.102928176083294e-04 1.099658822935756e-16
332 1.383333333333333e-09 4.289750325293871e-18 1.099935980844582e-04 2.749839952111456e-04 5.104498600540437e-04 1.099935980844582e-16
333 1.387500000000000e-09 4.290819115101824e-18 1.100210029513288e-04 2.750525073783221e-04 5.106051414676970e-04 1.100210029513288e-16
334 1.391666666666666e-09 4.291875914942794e-18 1.100481003831486e-04 2.751202509578714e-04 5.107586815705511e-04 1.100481003831486e-16
335 1.395833333333333e-09 4.292920859302353e-18 1.100748938282655e-04 2.751872345706637e-04 5.109104999025312e-04 1.100748938282655e-16
336 1.400000000000000e-09 4.293954081278478e-18 1.101013866994482e-04 2.752534667486204e-04 5.110606157778170e-04 1.101013866994482e-16
337 1.404166666666666e-09 4.294975712311028e-18 1.101275823669494e-04 2.753189559173736e-04 5.112090482034269e-04 1.101275823669494e-16
338 1.408333333333333e-09 4.295985882468366e-18 1.101534841658555e-04 2.753837104146389e-04 5.113558160938606e-04 1.101534841658555e-16
339 1.412499999999999e-09 4.296984720416088e-18 1.101790953952843e-04 2.754477384882108e-04 5.115009381378721e-04 1.101790953952843e-16
340 1.416666666666666e-09 4.297972353266960e-18 1.102044193145374e-04 2.755110482863436e-04 5.116444327170539e-04 1.102044193145374e-16
341 1.420833333333333e-09 4.298948906722283e-18 1.102294591467252e-04 2.755736478668130e-04 5.117863180982759e-04 1.102294591467252e-16
342 1.425000000000000e-09 4.299914505069489e-18 1.102542180787048e-04 2.756355451967621e-04 5.119266123374646e-04 1.102542180787048e-16
343 1.429166666666666e-09 4.300869271269664e-18 1.102786992633247e-04 2.756967481583119e-04 5.120653332425979e-04 1.102786992633247e-16
344 1.433333333333333e-09 4.301813326876871e-18 1.103029058173557e-04 2.757572645433892e-04 5.122024984662215e-04 1.103029058173557e-16
345 1.437499999999999e-09 4.302746792065535e-18 1.103268408221932e-04 2.758171020554830e-04 5.123381254351365e-04 1.103268408221932e-16
346 1.441666666666666e-09 4.303669785590478e-18 1.103505073228328e-04 2.758762683070820e-04 5.124722314096099e-04 1.103505073228328e-16
347 1.445833333333333e-09 4.304582424993972e-18 1.103739083331788e-04 2.759347708329470e-04 5.126048334278646e-04 1.103739083331788e-16
348 1.450000000000000e-09 4.305484826415893e-18 1.103970468311767e-04 2.759926170779419e-04 5.127359483689910e-04 1.103970468311768e-16
349 1.454166666666666e-09 4.306377104726761e-18 1.104199257622247e-04 2.760498144055617e-04 5.128655928567289e-04 1.104199257622247e-16
350 1.458333333333333e-09 4.307259373513863e-18 1.104425480388170e-04 2.761063700970425e-04 5.129937834037952e-04 1.104425480388170e-16
351 1.462499999999999e-09 4.308131745097168e-18 1.104649165409530e-04 2.761622913523826e-04 5.131205363230670e-04 1.104649165409530e-16
352 1.466666666666666e-09 4.308994330466596e-18 1.104870341145281e-04 2.762175852863203e-04 5.132458677090771e-04 1.104870341145281e-16
353 1.470833333333333e-09 4.309847239444484e-18 1.105089035754996e-04 2.762722589387490e-04 5.133697934713217e-04 1.105089035754996e-16
354 1.475000000000000e-09 4.310690580652649e-18 1.105305277090423e-04 2.763263192726057e-04 5.134923294156760e-04 1.105305277090423e-16
355 1.479166666666666e-09 4.311524461319759e-18 1.105519092646092e-04 2.763797731615230e-04 5.136134911000651e-04 1.105519092646092e-16
356 1.483333333333333e-09 4.312348987716732e-18 1.105730509670957e-04 2.764326274177392e-04 5.137332939565893e-04 1.105730509670957e-16
357 1.487499999999999e-09 4.313164264688590e-18 1.105939555048357e-04 2.764848887620892e-04 5.138517531768002e-04 1.105939555048357e-16
358 1.491666666666666e-09 4.313970396087076e-18 1.106146255406943e-04 2.765365638517357e-04 5.139688838782344e-04 1.106146255406943e-16
359 1.495833333333333e-09 4.314767484421858e-18 1.106350637031246e-04 2.765876592578114e-04 5.140847009119756e-04 1.106350637031246e-16
360 1.499999999999999e-09 4.315555631173793e-18 1.106552725941998e-04 2.766381814854996e-04 5.141992190032818e-04 1.106552725941998e-16
361 1.504166666666666e-09 4.316334936701125e-18 1.106752547872083e-04 2.766881369680209e-04 5.143124527478848e-04 1.106752547872083e-16
362 1.508333333333333e-09 4.317105500202465e-18 1.106950128257042e-04 2.767375320642606e-04 5.144244165231729e-04 1.106950128257042e-16
363 1.512499999999999e-09 4.317867419769904e-18 1.107145492248693e-04 2.767863730621733e-04 5.145351245733076e-04 1.107145492248693e-16
364 1.516666666666666e-09 4.318620792288347e-18 1.107338664689320e-04 2.768346661723300e-04 5.146445909833182e-04 1.107338664689320e-16
365 1.520833333333333e-09 4.319365713684395e-18 1.107529670175486e-04 2.768824175438715e-04 5.147528296976059e-04 1.107529670175486e-16
366 1.524999999999999e-09 4.320102278787935e-18 1.107718533022547e-04 2.769296332556369e-04 5.148598544311259e-04 1.107718533022548e-16
367 1.529166666666666e-09 4.320830581346197e-18 1.107905277268256e-04 2.769763193170640e-04 5.149656788248183e-04 1.107905277268256e-16
368 1.533333333333333e-09 4.321550714032087e-18 1.108089926674894e-04 2.770224816687236e-04 5.150703163160826e-04 1.108089926674894e-16
369 1.537499999999999e-09 4.322262768491371e-18 1.108272504741377e-04 2.770681261853443e-04 5.151737802386972e-04 1.108272504741377e-16
370 1.541666666666666e-09 4.322966835396704e-18 1.108453034717104e-04 2.771132586792759e-04 5.152760837340020e-04 1.108453034717104e-16
371 1.545833333333333e-09 4.323663004345859e-18 1.108631539575861e-04 2.771578848939653e-04 5.153772398138109e-04 1.108631539575861e-16
372 1.549999999999999e-09 4.324351363930377e-18 1.108808042033430e-04 2.772020105083575e-04 5.154772613567109e-04 1.108808042033430e-16
373 1.554166666666666e-09 4.325032001781457e-18 1.108982564559348e-04 2.772456411398370e-04 5.155761610969600e-04 1.108982564559348e-16
374 1.558333333333333e-09 4.325705004488539e-18 1.109155129356036e-04 2.772887823390089e-04 5.156739515578741e-04 1.109155129356036e-16
375 1.562500000000000e-09 4.326370457704588e-18 1.109325758385792e-04 2.773314395964480e-04 5.157706452183600e-04 1.109325758385792e-16
376 1.566666666666666e-09 4.327028446170339e-18 1.109494473377010e-04 2.773736183442526e-04 5.158662543907909e-04 1.109494473377010e-16
377 1.570833333333333e-09 4.327679053546090e-18 1.109661295781049e-04 2.774153239452622e-04 5.159607912025032e-04 1.109661295781049e-16
378 1.574999999999999e-09 4.328322362744040e-18 1.109826246857446e-04 2.774565617143616e-04 5.160542677068180e-04 1.109826246857446e-16
379 1.579166666666666e-09 4.328958455555981e-18 1.109989347578457e-04 2.774973368946142e-04 5.161466957905232e-04 1.109989347578457e-16
380 1.583333333333333e-09 4.329587413025421e-18 1.110150618724467e-04 2.775376546811168e-04 5.162380871738733e-04 1.110150618724467e-16
381 1.587500000000000e-09 4.330209315175569e-18 1.110310080814248e-04 2.775775202035621e-04 5.163284535512171e-04 1.110310080814248e-16
382 1.591666666666666e-09 4.330824241057264e-18 1.110467754117247e-04 2.776169385293118e-04 5.164178063393487e-04 1.110467754117247e-16
383 1.595833333333333e-09 4.331432268986381e-18 1.110623658714457e-04 2.776559146786142e-04 5.165061569328566e-04 1.110623658714457e-16
384 1.599999999999999e-09 4.332033476339172e-18 1.110777814445942e-04 2.776944536114854e-04 5.165935166042052e-04 1.110777814445942e-16
385 1.604166666666666e-09 4.332627939676617e-18 1.110930240942722e-04 2.777325602356806e-04 5.166798964001140e-04 1.110930240942722e-16
386 1.608333333333333e-09 4.333215734635618e-18 1.111080957598876e-04 2.777702393997191e-04 5.167653073895062e-04 1.111080957598876e-16
387 1.612499999999999e-09 4.333796935962869e-18 1.111229983580223e-04 2.778074958950558e-04 5.168497603600488e-04 1.111229983580223e-16
388 1.616666666666666e-09 4.334371617690815e-18 1.111377337869440e-04 2.778443344673600e-04 5.169332661105115e-04 1.111377337869440e-16
389 1.620833333333333e-09 4.334939852914319e-18 1.111523039208800e-04 2.778807598022000e-04 5.170158352361224e-04 1.111523039208800e-16
390 1.624999999999999e-09 4.335501714027140e-18 1.111667106160805e-04 2.779167765402014e-04 5.170974782358904e-04 1.111667106160805e-16
391 1.629166666666666e-09 4.336057272469909e-18 1.111809557043566e-04 2.779523892608916e-04 5.171782055163065e-04 1.111809557043566e-16
392 1.633333333333333e-09 4.336606598949028e-18 1.111950409986930e-04 2.779876024967326e-04 5.172580273247288e-04 1.111950409986930e-16
393 1.637499999999999e-09 4.337149763444260e-18 1.112089682934426e-04 2.780224207336065e-04 5.173369538604063e-04 1.112089682934426e-16
394 1.641666666666666e-09 4.337686834983725e-18 1.112227393585570e-04 2.780568483963926e-04 5.174149951227477e-04 1.112227393585570e-16
395 1.645833333333333e-09 4.338217881973996e-18 1.112363559480512e-04 2.780908898701280e-04 5.174921610260445e-04 1.112363559480512e-16
396 1.649999999999999e-09 4.338742971957342e-18 1.112498197937780e-04 2.781245494844450e-04 5.175684614142742e-04 1.112498197937780e-16
397 1.654166666666666e-09 4.339262171785658e-18 1.112631326098887e-04 2.781578315247217e-04 5.176439059870856e-04 1.112631326098887e-16
398 1.658333333333333e-09 4.339775547558290e-18 1.112762960912382e-04 2.781907402280956e-04 5.177185043590097e-04 1.112762960912382e-16
399 1.662499999999999e-09 4.340283164574489e-18 1.112893119121664e-04 2.782232797804160e-04 5.177922660039498e-04 1.112893119121664e-16
400 1.666666666666666e-09 4.340785087453675e-18 1.113021817295814e-04 2.782554543239536e-04 5.178652002699839e-04 1.113021817295814e-16
401 1.670833333333333e-09 4.341281380060686e-18 1.113149071810432e-04 2.782872679526081e-04 5.179373164718829e-04 1.113149071810432e-16
402 1.674999999999999e-09 4.341772105565732e-18 1.113274898863008e-04 2.783187247157520e-04 5.180086238022937e-04 1.113274898863008e-16
403 1.679166666666666e-09 4.342257326454015e-18 1.113399314475388e-04 2.783498286188471e-04 5.180791313391397e-04 1.113399314475388e-16
404 1.683333333333333e-09 4.342737104378071e-18 1.113522334455916e-04 2.783805836139789e-04 5.181488480049133e-04 1.113522334455916e-16
405 1.687499999999999e-09 4.343211500427737e-18 1.113643974468651e-04 2.784109936171627e-04 5.182177826888006e-04 1.113643974468651e-16
406 1.691666666666666e-09 4.343680575072604e-18 1.113764250018617e-04 2.784410625046542e-04 5.182859441985702e-04 1.113764250018617e-16
407 1.695833333333333e-09 4.344144387903339e-18 1.113883176385471e-04 2.784707940963679e-04 5.183533411421518e-04 1.113883176385472e-16
408 1.700000000000000e-09 4.344602997962712e-18 1.114000768708388e-04 2.785001921770970e-04 5.184199821422774e-04 1.114000768708388e-16
409 1.704166666666666e-09 4.345056463614036e-18 1.114117041952317e-04 2.785292604880793e-04 5.184858756551458e-04 1.114117041952317e-16
410 1.708333333333333e-09 4.345504842661446e-18 1.114232010938832e-04 2.785580027347081e-04 5.185510300666414e-04 1.114232010938833e-16
411 1.712499999999999e-09 4.345948192054570e-18 1.114345690270403e-04 2.785864225676007e-04 5.186154536627290e-04 1.114345690270403e-16
412 1.716666666666666e-09 4.346386568232335e-18 1.114458094418548e-04 2.786145236046369e-04 5.186791546590584e-04 1.114458094418548e-16
413 1.720833333333333e-09 4.346820026945702e-18 1.114569237678385e-04 2.786423094195963e-04 5.187421411454553e-04 1.114569237678385e-16
414 1.724999999999999e-09 4.347248623419015e-18 1.114679134210004e-04 2.786697835525010e-04 5.188044211266277e-04 1.114679134210004e-16
415 1.729166666666666e-09 4.347672412196603e-18 1.114787797999129e-04 2.786969494997823e-04 5.188660025591736e-04 1.114787797999129e-16
416 1.733333333333333e-09 4.348091447229202e-18 1.114895242879283e-04 2.787238107198207e-04 5.189268932294574e-04 1.114895242879283e-16
417 1.737499999999999e-09 4.348505781784571e-18 1.115001482508864e-04 2.787503706272161e-04 5.189871009164415e-04 1.115001482508865e-16
418 1.741666666666666e-09 4.348915468615328e-18 1.115106530414187e-04 2.787766326035467e-04 5.190466332695627e-04 1.115106530414187e-16
419 1.745833333333333e-09 4.349320559886966e-18 1.115210399971017e-04 2.788025999927543e-04 5.191054978790458e-04 1.115210399971017e-16
420 1.749999999999999e-09 4.349721107148250e-18 1.115313104396987e-04 2.788282760992468e-04 5.191637021981881e-04 1.115313104396987e-16
421 1.754166666666666e-09 4.350117161328998e-18 1.115414656751025e-04 2.788536641877564e-04 5.192212536617827e-04 1.115414656751025e-16
422 1.758333333333333e-09 4.350508772854428e-18 1.115515069962674e-04 2.788787674906685e-04 5.192781596121050e-04 1.115515069962674e-16
423 1.762499999999999e-09 4.350895991509902e-18 1.115614356797411e-04 2.789035891993527e-04 5.193344272359985e-04 1.115614356797411e-16
424 1.766666666666666e-09 4.351278866639835e-18 1.115712529907650e-04 2.789281324769125e-04 5.193900637314094e-04 1.115712529907650e-16
425 1.770833333333333e-09 4.351657446947679e-18 1.115809601781456e-04 2.789524004453641e-04 5.194450761815601e-04 1.115809601781456e-16
426 1.774999999999999e-09 4.352031780631359e-18 1.115905584777272e-04 2.789763961943179e-04 5.194994715327464e-04 1.115905584777272e-16
427 1.779166666666666e-09 4.352401915288172e-18 1.116000491099531e-04 2.790001227748828e-04 5.195532567756725e-04 1.116000491099531e-16
428 1.783333333333333e-09 4.352767898023585e-18 1.116094332826560e-04 2.790235832066401e-04 5.196064387123048e-04 1.116094332826560e-16
429 1.787499999999999e-09 4.353129775443652e-18 1.116187121908629e-04 2.790467804771572e-04 5.196590241261060e-04 1.116187121908629e-16
430 1.791666666666666e-09 4.353487593621147e-18 1.116278870159268e-04 2.790697175398172e-04 5.197110196969178e-04 1.116278870159269e-16
431 1.795833333333333e-09 4.353841398047829e-18 1.116369589243033e-04 2.790923973107583e-04 5.197624320342682e-04 1.116369589243033e-16
432 1.799999999999999e-09 4.354191233782839e-18 1.116459290713548e-04 2.791148226783872e-04 5.198132677069765e-04 1.116459290713549e-16
433 1.804166666666666e-09 4.354537145239540e-18 1.116547985958857e-04 2.791369964897141e-04 5.198635331321320e-04 1.116547985958856e-16
434 1.808333333333333e-09 4.354879176506922e-18 1.116635686283826e-04 2.791589215709566e-04 5.199132347601304e-04 1.116635686283826e-16
435 1.812499999999999e-09 4.355217371152174e-18 1.116722402859532e-04 2.791806007148830e-04 5.199623788896370e-04 1.116722402859532e-16
436 1.816666666666666e-09 4.355551772183484e-18 1.116808146713714e-04 2.792020366784285e-04 5.200109717823098e-04 1.116808146713714e-16
437 1.820833333333333e-09 4.355882422179571e-18 1.116892928763992e-04 2.792232321909981e-04 5.200590196220908e-04 1.116892928763993e-16
438 1.824999999999999e-09 4.356209363122037e-18 1.116976759774881e-04 2.792441899437204e-04 5.201065284967028e-04 1.116976759774881e-16
439 1.829166666666666e-09 4.356532636702721e-18 1.117059650436595e-04 2.792649126091488e-04 5.201535044938691e-04 1.117059650436595e-16
440 1.833333333333333e-09 4.356852284071295e-18 1.117141611300332e-04 2.792854028250830e-04 5.201999535495819e-04 1.117141611300332e-16
441 1.837499999999999e-09 4.357168345859887e-18 1.117222652784586e-04 2.793056631961466e-04 5.202458815887315e-04 1.117222652784586e-16
442 1.841666666666666e-09 4.357480862356642e-18 1.117302785219652e-04 2.793256963049130e-04 5.202912944695947e-04 1.117302785219652e-16
443 1.845833333333333e-09 4.357789873268686e-18 1.117382018786843e-04 2.793455046967107e-04 5.203361979616304e-04 1.117382018786843e-16
444 1.849999999999999e-09 4.358095417872193e-18 1.117460363556973e-04 2.793650908892432e-04 5.203805977528815e-04 1.117460363556973e-16
445 1.854166666666666e-09 4.358397535175405e-18 1.117537829532155e-04 2.793844573830388e-04 5.204244995461933e-04 1.117537829532155e-16
446 1.858333333333333e-09 4.358696263528940e-18 1.117614426545882e-04 2.794036066364705e-04 5.204679088778779e-04 1.117614426545882e-16
447 1.862499999999999e-09 4.358991640946835e-18 1.117690164345342e-04 2.794225410863356e-04 5.205108312805472e-04 1.117690164345342e-16
448 1.866666666666666e-09 4.359283705068796e-18 1.117765052581743e-04 2.794412631454357e-04 5.205532722424033e-04 1.117765052581743e-16
449 1.870833333333333e-09 4.359572493016241e-18 1.117839100773395e-04 2.794597751933488e-04 5.205952371517285e-04 1.117839100773395e-16
450 1.874999999999999e-09 4.359858041560125e-18 1.117912318348750e-04 2.794780795871875e-04 5.206367313449951e-04 1.117912318348750e-16
451 1.879166666666666e-09 4.360140387063584e-18 1.117984714631688e-04 2.794961786579221e-04 5.206777601031639e-04 1.117984714631688e-16
452 1.883333333333333e-09 4.360419565411061e-18 1.118056298823349e-04 2.795140747058373e-04 5.207183286257790e-04 1.118056298823349e-16
453 1.887500000000000e-09 4.360695612158929e-18 1.118127080040751e-04 2.795317700101878e-04 5.207584421086848e-04 1.118127080040751e-16
454 1.891666666666666e-09 4.360968562441676e-18 1.118197067292737e-04 2.795492668231844e-04 5.207981056700090e-04 1.118197067292738e-16
455 1.895833333333333e-09 4.361238451004655e-18 1.118266269488373e-04 2.795665673720933e-04 5.208373242835511e-04 1.118266269488373e-16
456 1.899999999999999e-09 4.361505312113421e-18 1.118334695413698e-04 2.795836738534245e-04 5.208761029934238e-04 1.118334695413698e-16
457 1.904166666666666e-09 4.361769179794829e-18 1.118402353793546e-04 2.796005884483866e-04 5.209144467142149e-04 1.118402353793546e-16
458 1.908333333333333e-09 4.362030087631646e-18 1.118469253238884e-04 2.796173133097210e-04 5.209523603494091e-04 1.118469253238884e-16
459 1.912499999999999e-09 4.362288068796410e-18 1.118535402255490e-04 2.796338505638725e-04 5.209898487025718e-04 1.118535402255490e-16
460 1.916666666666666e-09 4.362543156158385e-18 1.118600809271381e-04 2.796502023178452e-04 5.210269165513622e-04 1.118600809271381e-16
461 1.920833333333333e-09 4.362795382162541e-18 1.118665482605780e-04 2.796663706514449e-04 5.210635686438344e-04 1.118665482605780e-16
462 1.924999999999999e-09 4.363044778878783e-18 1.118729430481739e-04 2.796823576204348e-04 5.210998095763116e-04 1.118729430481739e-16
463 1.929166666666666e-09 4.363291378094830e-18 1.118792661049956e-04 2.796981652624891e-04 5.211356439932268e-04 1.118792661049956e-16
464 1.933333333333332e-09 4.363535211137291e-18 1.118855182342895e-04 2.797137955857238e-04 5.211710764575967e-04 1.118855182342895e-16
465 1.937499999999999e-09 4.363776309063544e-18 1.118917002323986e-04 2.797292505809964e-04 5.212061114695254e-04 1.118917002323986e-16
466 1.941666666666666e-09 4.364014702532398e-18 1.118978128854461e-04 2.797445322136153e-04 5.212407535069122e-04 1.118978128854461e-16
467 1.945833333333333e-09 4.364250421882363e-18 1.119038569713427e-04 2.797596424283567e-04 5.212750069847440e-04 1.119038569713426e-16
468 1.949999999999999e-09 4.364483497103894e-18 1.119098332590742e-04 2.797745831476856e-04 5.213088762180879e-04 1.119098332590742e-16
469 1.954166666666666e-09 4.364713957823291e-18 1.119157425082895e-04 2.797893562707238e-04 5.213423655442151e-04 1.119157425082895e-16
470 1.958333333333333e-09 4.364941833455173e-18 1.119215854732096e-04 2.798039636830240e-04 5.213754792152794e-04 1.119215854732096e-16
471 1.962499999999999e-09 4.365167152950827e-18 1.119273628961751e-04 2.798184072404376e-04 5.214082214686324e-04 1.119273628961751e-16
472 1.966666666666666e-09 4.365389944997675e-18 1.119330755127609e-04 2.798326887819023e-04 5.214405964269022e-04 1.119330755127609e-16
473 1.970833333333333e-09 4.365610237933235e-18 1.119387240495701e-04 2.798468101239254e-04 5.214726082571259e-04 1.119387240495702e-16
474 1.974999999999999e-09 4.365828059810068e-18 1.119443092258992e-04 2.798607730647480e-04 5.215042609857122e-04 1.119443092258992e-16
475 1.979166666666666e-09 4.366043438307696e-18 1.119498317514794e-04 2.798745793786985e-04 5.215355586797783e-04 1.119498317514794e-16
476 1.983333333333332e-09 4.366256400915431e-18 1.119552923311649e-04 2.798882308279123e-04 5.215665052769150e-04 1.119552923311649e-16
477 1.987499999999999e-09 4.366466974722340e-18 1.119606916595472e-04 2.799017291488680e-04 5.215971047850275e-04 1.119606916595472e-16
478 1.991666666666666e-09 4.366675186399684e-18 1.119660304205047e-04 2.799150760512619e-04 5.216273610343853e-04 1.119660304205047e-16
479 1.995833333333333e-09 4.366881062552476e-18 1.119713092962173e-04 2.799282732405434e-04 5.216572778959660e-04 1.119713092962174e-16
480 1.999999999999999e-09 4.367084629318698e-18 1.119765289568897e-04 2.799413223922243e-04 5.216868591852360e-04 1.119765289568897e-16
481 2.004166666666666e-09 4.367285912684599e-18 1.119816900688359e-04 2.799542251720898e-04 5.217161086584498e-04 1.119816900688359e-16
482 2.008333333333333e-09 4.367484938213619e-18 1.119867932875287e-04 2.799669832188218e-04 5.217450300496575e-04 1.119867932875287e-16
483 2.012499999999999e-09 4.367681731225505e-18 1.119918392621924e-04 2.799795981554811e-04 5.217736270151940e-04 1.119918392621925e-16
484 2.016666666666666e-09 4.367876316784838e-18 1.119968286355087e-04 2.799920715887717e-04 5.218019032261962e-04 1.119968286355087e-16
485 2.020833333333333e-09 4.368068719637746e-18 1.120017620419935e-04 2.800044051049838e-04 5.218298622538819e-04 1.120017620419935e-16
486 2.024999999999999e-09 4.368258964263725e-18 1.120066401093263e-04 2.800166002733158e-04 5.218575076361614e-04 1.120066401093263e-16
487 2.029166666666666e-09 4.368447074857864e-18 1.120114634578940e-04 2.800286586447349e-04 5.218848429627563e-04 1.120114634578940e-16
488 2.033333333333333e-09 4.368633075388026e-18 1.120162327022571e-04 2.800405817556427e-04 5.219118716420512e-04 1.120162327022571e-16
489 2.037499999999999e-09 4.368816989522319e-18 1.120209484492902e-04 2.800523711232256e-04 5.219385971564453e-04 1.120209484492902e-16
490 2.041666666666666e-09 4.368998840664612e-18 1.120256112990926e-04 2.800640282477316e-04 5.219650228736152e-04 1.120256112990926e-16
491 2.045833333333333e-09 4.369178651932524e-18 1.120302218444237e-04 2.800755546110593e-04 5.219911521427340e-04 1.120302218444237e-16
492 2.049999999999999e-09 4.369356446225146e-18 1.120347806724396e-04 2.800869516810991e-04 5.220169883684854e-04 1.120347806724396e-16
493 2.054166666666666e-09 4.369532246210826e-18 1.120392883643802e-04 2.800982209109504e-04 5.220425347631148e-04 1.120392883643802e-16
494 2.058333333333333e-09 4.369706074166743e-18 1.120437454914550e-04 2.801093637286374e-04 5.220677945943784e-04 1.120437454914550e-16
495 2.062499999999999e-09 4.369877952261834e-18 1.120481526220983e-04 2.801203815552458e-04 5.220927710930255e-04 1.120481526220983e-16
496 2.066666666666666e-09 4.370047902379331e-18 1.120525103174188e-04 2.801312757935469e-04 5.221174674342939e-04 1.120525103174188e-16
497 2.070833333333332e-09 4.370215946117885e-18 1.120568191312278e-04 2.801420478280696e-04 5.221418867638153e-04 1.120568191312278e-16
498 2.074999999999999e-09 4.370382104913682e-18 1.120610796131713e-04 2.801526990329283e-04 5.221660321754112e-04 1.120610796131713e-16
499 2.079166666666666e-09 4.370546399891860e-18 1.120652923049195e-04 2.801632307622987e-04 5.221899067295967e-04 1.120652923049195e-16
500 2.083333333333333e-09 4.370708851918135e-18 1.120694577414907e-04 2.801736443537267e-04 5.222135134979887e-04 1.120694577414906e-16
501 2.087499999999999e-09 4.370869481659680e-18 1.120735764528123e-04 2.801839411320308e-04 5.222368554448826e-04 1.120735764528123e-16
502 2.091666666666666e-09 4.371028309601219e-18 1.120776489641338e-04 2.801941224103346e-04 5.222599355678805e-04 1.120776489641338e-16
503 2.095833333333333e-09 4.371185355974902e-18 1.120816757942283e-04 2.802041894855707e-04 5.222827568312780e-04 1.120816757942283e-16
504 2.099999999999999e-09 4.371340640698871e-18 1.120856574538172e-04 2.802141436345430e-04 5.223053220809469e-04 1.120856574538172e-16
505 2.104166666666666e-09 4.371494183588200e-18 1.120895944509795e-04 2.802239861274488e-04 5.223276342145690e-04 1.120895944509795e-16
506 2.108333333333333e-09 4.371646004160425e-18 1.120934872861648e-04 2.802337182154119e-04 5.223496960891185e-04 1.120934872861648e-16
507 2.112499999999999e-09 4.371796121728061e-18 1.120973364545657e-04 2.802433411364142e-04 5.223715104875543e-04 1.120973364545657e-16
508 2.116666666666666e-09 4.371944555350862e-18 1.121011424448939e-04 2.802528561122348e-04 5.223930801780325e-04 1.121011424448939e-16
509 2.120833333333332e-09 4.372091323995321e-18 1.121049057434698e-04 2.802622643586745e-04 5.224144079324099e-04 1.121049057434698e-16
510 2.124999999999999e-09 4.372236446343165e-18 1.121086268293119e-04 2.802715670732798e-04 5.224354964411269e-04 1.121086268293119e-16
511 2.129166666666666e-09 4.372379940794300e-18 1.121123061742128e-04 2.802807654355321e-04 5.224563483724197e-04 1.121123061742128e-16
512 2.133333333333333e-09 4.372521825663154e-18 1.121159442477732e-04 2.802898606194330e-04 5.224769664574368e-04 1.121159442477732e-16
513 2.137499999999999e-09 4.372662119007503e-18 1.121195415130129e-04 2.802988537825323e-04 5.224973532385889e-04 1.121195415130129e-16
514 2.141666666666666e-09 4.372800838669001e-18 1.121230984274103e-04 2.803077460685258e-04 5.225175113471045e-04 1.121230984274103e-16
515 2.145833333333333e-09 4.372938002273365e-18 1.121266154429068e-04 2.803165386072670e-04 5.225374433068910e-04 1.121266154429068e-16
516 2.149999999999999e-09 4.373073627302721e-18 1.121300930077621e-04 2.803252325194052e-04 5.225571517269721e-04 1.121300930077621e-16
517 2.154166666666666e-09 4.373207730981808e-18 1.121335315636361e-04 2.803338289090903e-04 5.225766390572400e-04 1.121335315636361e-16
518 2.158333333333332e-09 4.373340330442108e-18 1.121369315497977e-04 2.803423288744941e-04 5.225959077919959e-04 1.121369315497977e-16
519 2.162499999999999e-09 4.373471442451505e-18 1.121402933961925e-04 2.803507334904811e-04 5.226149604218402e-04 1.121402933961924e-16
520 2.166666666666666e-09 4.373601083715341e-18 1.121436175311626e-04 2.803590438279065e-04 5.226337993152483e-04 1.121436175311626e-16
521 2.170833333333333e-09 4.373729270822937e-18 1.121469043800753e-04 2.803672609501883e-04 5.226524268851053e-04 1.121469043800753e-16
522 2.174999999999999e-09 4.373856020030918e-18 1.121501543597671e-04 2.803753858994179e-04 5.226708455072884e-04 1.121501543597671e-16
523 2.179166666666666e-09 4.373981347466755e-18 1.121533678837630e-04 2.803834197094074e-04 5.226890575502733e-04 1.121533678837630e-16
524 2.183333333333333e-09 4.374105269064183e-18 1.121565453606201e-04 2.803913634015502e-04 5.227070652974184e-04 1.121565453606201e-16
525 2.187499999999999e-09 4.374227800635553e-18 1.121596871957834e-04 2.803992179894585e-04 5.227248710172800e-04 1.121596871957834e-16
526 2.191666666666666e-09 4.374348957748783e-18 1.121627937884303e-04 2.804069844710759e-04 5.227424770487276e-04 1.121627937884303e-16
527 2.195833333333333e-09 4.374468755813215e-18 1.121658655336722e-04 2.804146638341805e-04 5.227598855603969e-04 1.121658655336722e-16
528 2.199999999999999e-09 4.374587210092934e-18 1.121689028228957e-04 2.804222570572394e-04 5.227770988282449e-04 1.121689028228958e-16
529 2.204166666666666e-09 4.374704335652000e-18 1.121719060423590e-04 2.804297651058974e-04 5.227941189801993e-04 1.121719060423590e-16
530 2.208333333333332e-09 4.374820147399229e-18 1.121748755743392e-04 2.804371889358481e-04 5.228109482552100e-04 1.121748755743392e-16
531 2.212499999999999e-09 4.374934660056734e-18 1.121778117963265e-04 2.804445294908163e-04 5.228275887219924e-04 1.121778117963265e-16
532 2.216666666666666e-09 4.375047888245781e-18 1.121807150832252e-04 2.804517877080629e-04 5.228440425417805e-04 1.121807150832252e-16
533 2.220833333333333e-09 4.375159846300460e-18 1.121835858025759e-04 2.804589645064398e-04 5.228603117721877e-04 1.121835858025759e-16
534 2.224999999999999e-09 4.375270548538947e-18 1.121864243215115e-04 2.804660608037787e-04 5.228763985522439e-04 1.121864243215115e-16
535 2.229166666666666e-09 4.375380008990206e-18 1.121892309997489e-04 2.804730774993722e-04 5.228923048581461e-04 1.121892309997489e-16
536 2.233333333333333e-09 4.375488241605853e-18 1.121920061950219e-04 2.804800154875547e-04 5.229080327586095e-04 1.121920061950219e-16
537 2.237499999999999e-09 4.375595260153210e-18 1.121947502603387e-04 2.804868756508468e-04 5.229235842187291e-04 1.121947502603387e-16
538 2.241666666666666e-09 4.375701078223072e-18 1.121974635441813e-04 2.804936588604534e-04 5.229389612221035e-04 1.121974635441814e-16
539 2.245833333333332e-09 4.375805709317417e-18 1.122001463927543e-04 2.805003659818857e-04 5.229541657597325e-04 1.122001463927543e-16
540 2.249999999999999e-09 4.375909166749297e-18 1.122027991474179e-04 2.805069978685448e-04 5.229691997449003e-04 1.122027991474179e-16
541 2.254166666666666e-09 4.376011463655429e-18 1.122054221450110e-04 2.805135553625275e-04 5.229840651019938e-04 1.122054221450110e-16
542 2.258333333333332e-09 4.376112613135147e-18 1.122080157214140e-04 2.805200393035351e-04 5.229987636961874e-04 1.122080157214140e-16
543 2.262499999999999e-09 4.376212628025405e-18 1.122105802057796e-04 2.805264505144491e-04 5.230132974222619e-04 1.122105802057796e-16
544 2.266666666666666e-09 4.376311521011243e-18 1.122131159233652e-04 2.805327898084130e-04 5.230276681268881e-04 1.122131159233652e-16
545 2.270833333333333e-09 4.376409304710528e-18 1.122156231977059e-04 2.805390579942647e-04 5.230418776271313e-04 1.122156231977059e-16
546 2.274999999999999e-09 4.376505991543699e-18 1.122181023472743e-04 2.805452558681859e-04 5.230559277326546e-04 1.122181023472744e-16
547 2.279166666666666e-09 4.376601593830525e-18 1.122205536879622e-04 2.805513842199055e-04 5.230698202198155e-04 1.122205536879622e-16
548 2.283333333333333e-09 4.376696123724624e-18 1.122229775314006e-04 2.805574438285015e-04 5.230835569167805e-04 1.122229775314006e-16
549 2.287499999999999e-09 4.376789593246005e-18 1.122253741857950e-04 2.805634354644876e-04 5.230971395184905e-04 1.122253741857950e-16
550 2.291666666666666e-09 4.376882014303664e-18 1.122277439565042e-04 2.805693598912606e-04 5.231105697420904e-04 1.122277439565042e-16
551 2.295833333333332e-09 4.376973398676326e-18 1.122300871455468e-04 2.805752178638671e-04 5.231238493195280e-04 1.122300871455468e-16
552 2.299999999999999e-09 4.377063757997093e-18 1.122324040512075e-04 2.805810101280188e-04 5.231369799235396e-04 1.122324040512075e-16
553 2.304166666666666e-09 4.377153103713103e-18 1.122346949670027e-04 2.805867374175067e-04 5.231499632934743e-04 1.122346949670027e-16
554 2.308333333333332e-09 4.377241447216727e-18 1.122369601850443e-04 2.805924004626107e-04 5.231628009725422e-04 1.122369601850443e-16
555 2.312499999999999e-09 4.377328799773396e-18 1.122391999941896e-04 2.805979999854741e-04 5.231754946852898e-04 1.122391999941896e-16
556 2.316666666666666e-09 4.377415172445929e-18 1.122414146781007e-04 2.806035366952519e-04 5.231880459823286e-04 1.122414146781007e-16
557 2.320833333333333e-09 4.377500576274382e-18 1.122436045198560e-04 2.806090112996399e-04 5.232004564845840e-04 1.122436045198560e-16
558 2.324999999999999e-09 4.377585022121920e-18 1.122457697979980e-04 2.806144244949949e-04 5.232127278092812e-04 1.122457697979980e-16
559 2.329166666666666e-09 4.377668520719030e-18 1.122479107876675e-04 2.806197769691687e-04 5.232248614922284e-04 1.122479107876675e-16
560 2.333333333333333e-09 4.377751082692214e-18 1.122500277613388e-04 2.806250694033471e-04 5.232368590396286e-04 1.122500277613388e-16
561 2.337499999999999e-09 4.377832718569902e-18 1.122521209889719e-04 2.806303024724297e-04 5.232487220094942e-04 1.122521209889719e-16
562 2.341666666666666e-09 4.377913438717505e-18 1.122541907363463e-04 2.806354768408657e-04 5.232604519080281e-04 1.122541907363463e-16
563 2.345833333333332e-09 4.377993253444369e-18 1.122562372678044e-04 2.806405931695109e-04 5.232720502155277e-04 1.122562372678043e-16
564 2.349999999999999e-09 4.378072172881096e-18 1.122582608431050e-04 2.806456521077626e-04 5.232835184715022e-04 1.122582608431050e-16
565 2.354166666666666e-09 4.378150207080753e-18 1.122602617200193e-04 2.806506543000483e-04 5.232948580563289e-04 1.122602617200193e-16
566 2.358333333333333e-09 4.378227365934690e-18 1.122622401521715e-04 2.806556003804289e-04 5.233060704614073e-04 1.122622401521716e-16
567 2.362499999999999e-09 4.378303659290767e-18 1.122641963920709e-04 2.806604909801774e-04 5.233171570819180e-04 1.122641963920709e-16
568 2.366666666666666e-09 4.378379096841787e-18 1.122661306882510e-04 2.806653267206274e-04 5.233281193463475e-04 1.122661306882510e-16
569 2.370833333333333e-09 4.378453688210239e-18 1.122680432874420e-04 2.806701082186051e-04 5.233389586202703e-04 1.122680432874420e-16
570 2.374999999999999e-09 4.378527442897227e-18 1.122699344332622e-04 2.806748360831556e-04 5.233496763580787e-04 1.122699344332622e-16
571 2.379166666666666e-09 4.378600370299862e-18 1.122718043666631e-04 2.806795109166579e-04 5.233602738772371e-04 1.122718043666631e-16
572 2.383333333333332e-09 4.378672479575080e-18 1.122736533224380e-04 2.806841333060949e-04 5.233707524841083e-04 1.122736533224380e-16
573 2.387499999999999e-09 4.378743779991392e-18 1.122754815382408e-04 2.806887038456021e-04 5.233811135701716e-04 1.122754815382408e-16
574 2.391666666666666e-09 4.378814280656697e-18 1.122772892476076e-04 2.806932231190191e-04 5.233913584195847e-04 1.122772892476076e-16
575 2.395833333333332e-09 4.378883990478501e-18 1.122790766789359e-04 2.806976916973399e-04 5.234014883535135e-04 1.122790766789359e-16
576 2.399999999999999e-09 4.378952918334331e-18 1.122808440598547e-04 2.807021101496367e-04 5.234115046450134e-04 1.122808440598546e-16
577 2.404166666666666e-09 4.379021073061380e-18 1.122825916169585e-04 2.807064790423962e-04 5.234214086078484e-04 1.122825916169584e-16
578 2.408333333333333e-09 4.379088463238521e-18 1.122843195702185e-04 2.807107989255463e-04 5.234312014669647e-04 1.122843195702185e-16
579 2.412499999999999e-09 4.379155097516062e-18 1.122860281414375e-04 2.807150703535937e-04 5.234408844769141e-04 1.122860281414375e-16
580 2.416666666666666e-09 4.379220984334655e-18 1.122877175470424e-04 2.807192938676061e-04 5.234504588774458e-04 1.122877175470425e-16
581 2.420833333333333e-09 4.379286132071859e-18 1.122893880018426e-04 2.807234700046064e-04 5.234599258824035e-04 1.122893880018426e-16
582 2.424999999999999e-09 4.379350549039730e-18 1.122910397189675e-04 2.807275992974186e-04 5.234692866723244e-04 1.122910397189675e-16
583 2.429166666666666e-09 4.379414243417096e-18 1.122926729081307e-04 2.807316822703267e-04 5.234785424499503e-04 1.122926729081307e-16
584 2.433333333333332e-09 4.379477223344109e-18 1.122942877780541e-04 2.807357194451352e-04 5.234876944402270e-04 1.122942877780541e-16
585 2.437499999999999e-09 4.379539496842876e-18 1.122958845344327e-04 2.807397113360818e-04 5.234967437755821e-04 1.122958845344327e-16
586 2.441666666666666e-09 4.379601071804671e-18 1.122974633796069e-04 2.807436584490174e-04 5.235056915958446e-04 1.122974633796070e-16
587 2.445833333333332e-09 4.379661956074334e-18 1.122990245147265e-04 2.807475612868163e-04 5.235145390371427e-04 1.122990245147265e-16
588 2.449999999999999e-09 4.379722157418244e-18 1.123005681389293e-04 2.807514203473233e-04 5.235232872467069e-04 1.123005681389293e-16
589 2.454166666666666e-09 4.379781683478990e-18 1.123020944481792e-04 2.807552361204481e-04 5.235319372940521e-04 1.123020944481792e-16
590 2.458333333333333e-09 4.379840541818305e-18 1.123036036363668e-04 2.807590090909170e-04 5.235404903338100e-04 1.123036036363668e-16
591 2.462499999999999e-09 4.379898739914277e-18 1.123050958952379e-04 2.807627397380947e-04 5.235489474614007e-04 1.123050958952379e-16
592 2.466666666666666e-09 4.379956285176166e-18 1.123065714147735e-04 2.807664285369338e-04 5.235573097093319e-04 1.123065714147735e-16
593 2.470833333333332e-09 4.380013184956609e-18 1.123080303835028e-04 2.807700759587570e-04 5.235655781545196e-04 1.123080303835028e-16
594 2.474999999999999e-09 4.380069446475756e-18 1.123094729865579e-04 2.807736824663947e-04 5.235737538442744e-04 1.123094729865579e-16
595 2.479166666666666e-09 4.380125076904353e-18 1.123108994078039e-04 2.807772485195098e-04 5.235818378370089e-04 1.123108994078039e-16
596 2.483333333333332e-09 4.380180083310080e-18 1.123123098284636e-04 2.807807745711590e-04 5.235898311356246e-04 1.123123098284636e-16
597 2.487499999999999e-09 4.380234472686786e-18 1.123137044278663e-04 2.807842610696658e-04 5.235977347652272e-04 1.123137044278663e-16
598 2.491666666666666e-09 4.380288251987427e-18 1.123150833842930e-04 2.807877084607325e-04 5.236055497435213e-04 1.123150833842930e-16
599 2.495833333333333e-09 4.380341428046909e-18 1.123164468729977e-04 2.807911171824942e-04 5.236132770549047e-04 1.123164468729977e-16
600 2.499999999999999e-09 4.380394007622418e-18 1.123177950672415e-04 2.807944876681038e-04 5.236209177244831e-04 1.123177950672415e-16
601 2.504166666666666e-09 4.380445997417665e-18 1.123191281389145e-04 2.807978203472863e-04 5.236284726737419e-04 1.123191281389145e-16
602 2.508333333333333e-09 4.380497404021822e-18 1.123204462569698e-04 2.808011156424246e-04 5.236359428537722e-04 1.123204462569698e-16
603 2.512499999999999e-09 4.380548233979474e-18 1.123217495892173e-04 2.808043739730432e-04 5.236433292452705e-04 1.123217495892173e-16
604 2.516666666666666e-09 4.380598493756370e-18 1.123230383014454e-04 2.808075957536135e-04 5.236506327993283e-04 1.123230383014454e-16
605 2.520833333333332e-09 4.380648189744990e-18 1.123243125575639e-04 2.808107813939097e-04 5.236578544226277e-04 1.123243125575639e-16
606 2.524999999999999e-09 4.380697328314870e-18 1.123255725208941e-04 2.808139313022353e-04 5.236649950292521e-04 1.123255725208941e-16
607 2.529166666666666e-09 4.380745915680852e-18 1.123268183507911e-04 2.808170458769777e-04 5.236720555406869e-04 1.123268183507911e-16
608 2.533333333333332e-09 4.380793958034280e-18 1.123280502060072e-04 2.808201255150180e-04 5.236790368414097e-04 1.123280502060072e-16
609 2.537499999999999e-09 4.380841461506733e-18 1.123292682437624e-04 2.808231706094060e-04 5.236859398566061e-04 1.123292682437624e-16
610 2.541666666666666e-09 4.380888432134676e-18 1.123304726188379e-04 2.808261815470947e-04 5.236927654337467e-04 1.123304726188379e-16
611 2.545833333333333e-09 4.380934875899806e-18 1.123316634846104e-04 2.808291587115261e-04 5.236995144425059e-04 1.123316634846104e-16
612 2.549999999999999e-09 4.380980798711839e-18 1.123328409926113e-04 2.808321024815282e-04 5.237061877525586e-04 1.123328409926113e-16
613 2.554166666666666e-09 4.381026206421284e-18 1.123340052928534e-04 2.808350132321337e-04 5.237127862076742e-04 1.123340052928535e-16
614 2.558333333333332e-09 4.381071104754299e-18 1.123351565321615e-04 2.808378913304038e-04 5.237193106479217e-04 1.123351565321615e-16
615 2.562499999999999e-09 4.381115499454252e-18 1.123362948578013e-04 2.808407371445034e-04 5.237257619022672e-04 1.123362948578014e-16
616 2.566666666666666e-09 4.381159396161262e-18 1.123374204143913e-04 2.808435510359784e-04 5.237321407811738e-04 1.123374204143913e-16
617 2.570833333333332e-09 4.381202800456050e-18 1.123385333450269e-04 2.808463333625674e-04 5.237384480914035e-04 1.123385333450269e-16
618 2.574999999999999e-09 4.381245717868453e-18 1.123396337914988e-04 2.808490844787470e-04 5.237446846582219e-04 1.123396337914988e-16
619 2.579166666666666e-09 4.381288153879453e-18 1.123407218943450e-04 2.808518047358624e-04 5.237508513142966e-04 1.123407218943450e-16
620 2.583333333333332e-09 4.381330113886033e-18 1.123417977919496e-04 2.808544944798740e-04 5.237569487738709e-04 1.123417977919496e-16
621 2.587499999999999e-09 4.381371603252420e-18 1.123428616218569e-04 2.808571540546424e-04 5.237629778326048e-04 1.123428616218569e-16
622 2.591666666666666e-09 4.381412627191667e-18 1.123439135177350e-04 2.808597837943376e-04 5.237689392491502e-04 1.123439135177350e-16
623 2.595833333333333e-09 4.381453190954385e-18 1.123449536142150e-04 2.808623840355376e-04 5.237748337969631e-04 1.123449536142150e-16
624 2.599999999999999e-09 4.381493299723655e-18 1.123459820441963e-04 2.808649551104907e-04 5.237806622383961e-04 1.123459820441963e-16
625 2.604166666666666e-09 4.381532958562091e-18 1.123469989374895e-04 2.808674973437238e-04 5.237864252913941e-04 1.123469989374895e-16
626 2.608333333333332e-09 4.381572172578384e-18 1.123480044250868e-04 2.808700110627170e-04 5.237921236961050e-04 1.123480044250868e-16
627 2.612499999999999e-09 4.381610946718578e-18 1.123489986338097e-04 2.808724965845243e-04 5.237977582000795e-04 1.123489986338097e-16
628 2.616666666666666e-09 4.381649285922057e-18 1.123499816903092e-04 2.808749542257729e-04 5.238033294953565e-04 1.123499816903092e-16
629 2.620833333333332e-09 4.381687195055112e-18 1.123509537193618e-04 2.808773842984046e-04 5.238088382924788e-04 1.123509537193618e-16
630 2.624999999999999e-09 4.381724678963496e-18 1.123519148452178e-04 2.808797871130446e-04 5.238142852908866e-04 1.123519148452179e-16
631 2.629166666666666e-09 4.381761742430051e-18 1.123528651905141e-04 2.808821629762854e-04 5.238196712048236e-04 1.123528651905141e-16
632 2.633333333333333e-09 4.381798390144730e-18 1.123538048755059e-04 2.808845121887647e-04 5.238249967041244e-04 1.123538048755059e-16
633 2.637499999999999e-09 4.381834626742341e-18 1.123547340190344e-04 2.808868350475860e-04 5.238302624697257e-04 1.123547340190344e-16
634 2.641666666666666e-09 4.381870456890633e-18 1.123556527407855e-04 2.808891318519637e-04 5.238354691455570e-04 1.123556527407855e-16
635 2.645833333333332e-09 4.381905885121168e-18 1.123565611569530e-04 2.808914028923826e-04 5.238406174310587e-04 1.123565611569530e-16
636 2.649999999999999e-09 4.381940915953477e-18 1.123574593834225e-04 2.808936484585563e-04 5.238457079479556e-04 1.123574593834225e-16
637 2.654166666666666e-09 4.381975553828822e-18 1.123583475340724e-04 2.808958688351809e-04 5.238507413771845e-04 1.123583475340723e-16
638 2.658333333333332e-09 4.382009803177550e-18 1.123592257225013e-04 2.808980643062533e-04 5.238557183515727e-04 1.123592257225013e-16
639 2.662499999999999e-09 4.382043668348402e-18 1.123600940602154e-04 2.809002351505386e-04 5.238606394854435e-04 1.123600940602155e-16
640 2.666666666666666e-09 4.382077153652562e-18 1.123609526577580e-04 2.809023816443950e-04 5.238655054153247e-04 1.123609526577580e-16
641 2.670833333333332e-09 4.382110263338851e-18 1.123618016240731e-04 2.809045040601828e-04 5.238703167777442e-04 1.123618016240731e-16
642 2.674999999999999e-09 4.382143001625562e-18 1.123626410673221e-04 2.809066026683053e-04 5.238750741648211e-04 1.123626410673221e-16
643 2.679166666666666e-09 4.382175372675661e-18 1.123634710942477e-04 2.809086777356194e-04 5.238797781797766e-04 1.123634710942478e-16
644 2.683333333333333e-09 4.382207380630097e-18 1.123642918110281e-04 2.809107295275703e-04 5.238844294517367e-04 1.123642918110281e-16
645 2.687499999999999e-09 4.382239029540811e-18 1.123651033215593e-04 2.809127583038982e-04 5.238890285617184e-04 1.123651033215593e-16
646 2.691666666666666e-09 4.382270323446797e-18 1.123659057294051e-04 2.809147643235127e-04 5.238935760574318e-04 1.123659057294051e-16
647 2.695833333333332e-09 4.382301266313954e-18 1.123666991362552e-04 2.809167478406381e-04 5.238980725606015e-04 1.123666991362552e-16
648 2.699999999999999e-09 4.382331862057115e-18 1.123674836424901e-04 2.809187091062254e-04 5.239025186078356e-04 1.123674836424901e-16
649 2.704166666666666e-09 4.382362114640701e-18 1.123682593497616e-04 2.809206483744040e-04 5.239069147801506e-04 1.123682593497616e-16
650 2.708333333333332e-09 4.382392027850758e-18 1.123690263551476e-04 2.809225658878691e-04 5.239112616437604e-04 1.123690263551477e-16
651 2.712499999999999e-09 4.382421605513670e-18 1.123697847567608e-04 2.809244618919019e-04 5.239155597500757e-04 1.123697847567608e-16
652 2.716666666666666e-09 4.382450851407155e-18 1.123705346514655e-04 2.809263366286638e-04 5.239198096431059e-04 1.123705346514655e-16
653 2.720833333333332e-09 4.382479769237321e-18 1.123712761342903e-04 2.809281903357258e-04 5.239240118520570e-04 1.123712761342903e-16
654 2.724999999999999e-09 4.382508362708986e-18 1.123720093002304e-04 2.809300232505761e-04 5.239281669320408e-04 1.123720093002304e-16
655 2.729166666666666e-09 4.382536635462014e-18 1.123727342426158e-04 2.809318356065394e-04 5.239322753937598e-04 1.123727342426157e-16
656 2.733333333333332e-09 4.382564591043013e-18 1.123734510523850e-04 2.809336276309624e-04 5.239363377738218e-04 1.123734510523850e-16
657 2.737499999999999e-09 4.382592233053915e-18 1.123741598218953e-04 2.809353995547382e-04 5.239403546162359e-04 1.123741598218953e-16
658 2.741666666666666e-09 4.382619565026341e-18 1.123748606417011e-04 2.809371516042527e-04 5.239443263761940e-04 1.123748606417011e-16
659 2.745833333333332e-09 4.382646590399207e-18 1.123755535999797e-04 2.809388839999492e-04 5.239482535903035e-04 1.123755535999797e-16
660 2.749999999999999e-09 4.382673312604212e-18 1.123762387847234e-04 2.809405969618085e-04 5.239521367692670e-04 1.123762387847234e-16
661 2.754166666666666e-09 4.382699735078974e-18 1.123769162840763e-04 2.809422907101907e-04 5.239559763978821e-04 1.123769162840763e-16
662 2.758333333333332e-09 4.382725861169340e-18 1.123775861838292e-04 2.809439654595732e-04 5.239597729350408e-04 1.123775861838292e-16
663 2.762499999999999e-09 4.382751694194873e-18 1.123782485690993e-04 2.809456214227483e-04 5.239635268803436e-04 1.123782485690993e-16
664 2.766666666666666e-09 4.382777237449052e-18 1.123789035243347e-04 2.809472588108367e-04 5.239672387037848e-04 1.123789035243347e-16
665 2.770833333333333e-09 4.382802494212214e-18 1.123795511336465e-04 2.809488778341164e-04 5.239709088975632e-04 1.123795511336465e-16
666 2.774999999999999e-09 4.382827467643500e-18 1.123801914780385e-04 2.809504786950962e-04 5.239745379279727e-04 1.123801914780385e-16
667 2.779166666666665e-09 4.382852160957005e-18 1.123808246399232e-04 2.809520615998080e-04 5.239781262576062e-04 1.123808246399232e-16
668 2.783333333333332e-09 4.382876577260799e-18 1.123814506989949e-04 2.809536267474872e-04 5.239816743305526e-04 1.123814506989949e-16
669 2.787499999999999e-09 4.382900719690151e-18 1.123820697356449e-04 2.809551743391123e-04 5.239851826057046e-04 1.123820697356449e-16
670 2.791666666666666e-09 4.382924591316678e-18 1.123826818286328e-04 2.809567045715820e-04 5.239886515530563e-04 1.123826818286328e-16
671 2.795833333333332e-09 4.382948195122994e-18 1.123832870544358e-04 2.809582176360894e-04 5.239920815648864e-04 1.123832870544358e-16
672 2.799999999999999e-09 4.382971534164805e-18 1.123838854914053e-04 2.809597137285132e-04 5.239954730963864e-04 1.123838854914053e-16
673 2.804166666666666e-09 4.382994611413621e-18 1.123844772157339e-04 2.809611930393347e-04 5.239988265842443e-04 1.123844772157339e-16
674 2.808333333333332e-09 4.383017429813569e-18 1.123850623029120e-04 2.809626557572801e-04 5.240021424466436e-04 1.123850623029120e-16
675 2.812499999999999e-09 4.383039992255669e-18 1.123856408270684e-04 2.809641020676711e-04 5.240054211202726e-04 1.123856408270685e-16
676 2.816666666666666e-09 4.383062301596524e-18 1.123862128614494e-04 2.809655321536234e-04 5.240086630048112e-04 1.123862128614494e-16
677 2.820833333333333e-09 4.383084360715129e-18 1.123867784798751e-04 2.809669461996878e-04 5.240118685554510e-04 1.123867784798751e-16
678 2.824999999999999e-09 4.383106172406842e-18 1.123873377540216e-04 2.809683443850540e-04 5.240150381533683e-04 1.123873377540216e-16
679 2.829166666666666e-09 4.383127739405955e-18 1.123878907539988e-04 2.809697268849971e-04 5.240181721834408e-04 1.123878907539988e-16
680 2.833333333333332e-09 4.383149064499682e-18 1.123884375512739e-04 2.809710938781848e-04 5.240212710786553e-04 1.123884375512739e-16
681 2.837499999999999e-09 4.383170150406777e-18 1.123889782155584e-04 2.809724455388960e-04 5.240243352053856e-04 1.123889782155584e-16
682 2.841666666666666e-09 4.383190999776970e-18 1.123895128147941e-04 2.809737820369853e-04 5.240273649707131e-04 1.123895128147941e-16
683 2.845833333333332e-09 4.383211615273687e-18 1.123900414172740e-04 2.809751035431851e-04 5.240303607225078e-04 1.123900414172740e-16
684 2.849999999999999e-09 4.383231999543145e-18 1.123905640908499e-04 2.809764102271247e-04 5.240333228641510e-04 1.123905640908499e-16
685 2.854166666666666e-09 4.383252155156619e-18 1.123910809014518e-04 2.809777022536295e-04 5.240362517805196e-04 1.123910809014518e-16
686 2.858333333333332e-09 4.383272084680021e-18 1.123915919148723e-04 2.809789797871809e-04 5.240391478527906e-04 1.123915919148724e-16
687 2.862499999999999e-09 4.383291790662792e-18 1.123920971964819e-04 2.809802429912047e-04 5.240420114473371e-04 1.123920971964819e-16
688 2.866666666666666e-09 4.383311275577215e-18 1.123925968096722e-04 2.809814920241805e-04 5.240448429120295e-04 1.123925968096722e-16
689 2.870833333333332e-09 4.383330541941460e-18 1.123930908190118e-04 2.809827270475295e-04 5.240476426280441e-04 1.123930908190118e-16
690 2.874999999999999e-09 4.383349592170077e-18 1.123935792864122e-04 2.809839482160306e-04 5.240504109358492e-04 1.123935792864122e-16
691 2.879166666666666e-09 4.383368428690384e-18 1.123940622741124e-04 2.809851556852811e-04 5.240531481759136e-04 1.123940622741124e-16
692 2.883333333333332e-09 4.383387053915821e-18 1.123945398439954e-04 2.809863496099885e-04 5.240558547294134e-04 1.123945398439954e-16
693 2.887499999999999e-09 4.383405470213382e-18 1.123950120567534e-04 2.809875301418835e-04 5.240585309146127e-04 1.123950120567534e-16
694 2.891666666666666e-09 4.383423679944511e-18 1.123954789729362e-04 2.809886974323405e-04 5.240611770756809e-04 1.123954789729362e-16
695 2.895833333333332e-09 4.383441685419030e-18 1.123959406517700e-04 2.809898516294251e-04 5.240637935456843e-04 1.123959406517700e-16
696 2.899999999999999e-09 4.383459488915670e-18 1.123963971516838e-04 2.809909928792096e-04 5.240663806724935e-04 1.123963971516838e-16
697 2.904166666666666e-09 4.383477092696696e-18 1.123968485306845e-04 2.809921213267113e-04 5.240689387706712e-04 1.123968485306845e-16
698 2.908333333333332e-09 4.383494499036953e-18 1.123972948471014e-04 2.809932371177534e-04 5.240714681806859e-04 1.123972948471014e-16
699 2.912499999999999e-09 4.383511710112110e-18 1.123977361567208e-04 2.809943403918020e-04 5.240739692171010e-04 1.123977361567208e-16
700 2.916666666666665e-09 4.383528728140765e-18 1.123981725164299e-04 2.809954312910747e-04 5.240764421944794e-04 1.123981725164299e-16
701 2.920833333333332e-09 4.383545555293952e-18 1.123986039818962e-04 2.809965099547406e-04 5.240788874458881e-04 1.123986039818962e-16
702 2.924999999999999e-09 4.383562193678511e-18 1.123990306071413e-04 2.809975765178533e-04 5.240813052599853e-04 1.123990306071413e-16
703 2.929166666666666e-09 4.383578645441982e-18 1.123994524472303e-04 2.809986311180758e-04 5.240836959772392e-04 1.123994524472303e-16
704 2.933333333333332e-09 4.383594912652894e-18 1.123998695552024e-04 2.809996738880061e-04 5.240860598752054e-04 1.123998695552024e-16
705 2.937499999999999e-09 4.383610997387919e-18 1.124002819843056e-04 2.810007049607641e-04 5.240883972647465e-04 1.124002819843056e-16
706 2.941666666666666e-09 4.383626901676361e-18 1.124006897865734e-04 2.810017244664334e-04 5.240907084308196e-04 1.124006897865734e-16
707 2.945833333333332e-09 4.383642627558255e-18 1.124010930143142e-04 2.810027325357856e-04 5.240929936546817e-04 1.124010930143142e-16
708 2.949999999999999e-09 4.383658177042916e-18 1.124014917190491e-04 2.810037292976229e-04 5.240952532656986e-04 1.124014917190491e-16
709 2.954166666666666e-09 4.383673552096369e-18 1.124018859511889e-04 2.810047148779724e-04 5.240974875266230e-04 1.124018859511889e-16
710 2.958333333333332e-09 4.383688754696474e-18 1.124022757614481e-04 2.810056894036202e-04 5.240996966891057e-04 1.124022757614481e-16
711 2.962499999999999e-09 4.383703786773354e-18 1.124026611993168e-04 2.810066529982919e-04 5.241018810899142e-04 1.124026611993167e-16
712 2.966666666666666e-09 4.383718650222344e-18 1.124030423133934e-04 2.810076057834837e-04 5.241040409695966e-04 1.124030423133935e-16
713 2.970833333333332e-09 4.383733346941186e-18 1.124034191523381e-04 2.810085478808453e-04 5.241061766427164e-04 1.124034191523381e-16
714 2.974999999999999e-09 4.383747878815593e-18 1.124037917645024e-04 2.810094794112560e-04 5.241082883535226e-04 1.124037917645024e-16
715 2.979166666666666e-09 4.383762247670773e-18 1.124041601966865e-04 2.810104004917163e-04 5.241103763906732e-04 1.124041601966865e-16
716 2.983333333333332e-09 4.383776455384112e-18 1.124045244970285e-04 2.810113112425713e-04 5.241124409910157e-04 1.124045244970285e-16
717 2.987499999999999e-09 4.383790503714204e-18 1.124048847106206e-04 2.810122117765516e-04 5.241144824432082e-04 1.124048847106206e-16
718 2.991666666666666e-09 4.383804394461645e-18 1.124052408836319e-04 2.810131022090798e-04 5.241165009914997e-04 1.124052408836319e-16
719 2.995833333333332e-09 4.383818129432768e-18 1.124055930623787e-04 2.810139826559467e-04 5.241184969023438e-04 1.124055930623787e-16
720 2.999999999999999e-09 4.383831710328066e-18 1.124059412904632e-04 2.810148532261581e-04 5.241204704310916e-04 1.124059412904632e-16
721 3.004166666666665e-09 4.383845138858206e-18 1.124062856117489e-04 2.810157140293722e-04 5.241224218108901e-04 1.124062856117489e-16
722 3.008333333333332e-09 4.383858416773454e-18 1.124066260711142e-04 2.810165651777855e-04 5.241243512933897e-04 1.124066260711142e-16
723 3.012499999999999e-09 4.383871545729340e-18 1.124069627110087e-04 2.810174067775218e-04 5.241262591376426e-04 1.124069627110087e-16
724 3.016666666666666e-09 4.383884527424318e-18 1.124072955749825e-04 2.810182389374563e-04 5.241281455878979e-04 1.124072955749825e-16
725 3.020833333333332e-09 4.383897363473209e-18 1.124076247044413e-04 2.810190617611031e-04 5.241300108662001e-04 1.124076247044413e-16
726 3.024999999999999e-09 4.383910055572987e-18 1.124079501428971e-04 2.810198753572428e-04 5.241318552353020e-04 1.124079501428971e-16
727 3.029166666666666e-09 4.383922605302946e-18 1.124082719308448e-04 2.810206798271120e-04 5.241336789061460e-04 1.124082719308448e-16
728 3.033333333333332e-09 4.383935014254590e-18 1.124085901090920e-04 2.810214752727301e-04 5.241354821081781e-04 1.124085901090920e-16
729 3.037499999999999e-09 4.383947284030156e-18 1.124089047187219e-04 2.810222617968049e-04 5.241372650930489e-04 1.124089047187219e-16
730 3.041666666666666e-09 4.383959416131406e-18 1.124092157982412e-04 2.810230394956030e-04 5.241390280642994e-04 1.124092157982412e-16
731 3.045833333333332e-09 4.383971412136705e-18 1.124095233881207e-04 2.810238084703016e-04 5.241407712698792e-04 1.124095233881207e-16
732 3.049999999999999e-09 4.383983273570393e-18 1.124098275274460e-04 2.810245688186149e-04 5.241424949096289e-04 1.124098275274460e-16
733 3.054166666666665e-09 4.383995001994551e-18 1.124101282562705e-04 2.810253206406764e-04 5.241441992314977e-04 1.124101282562705e-16
734 3.058333333333332e-09 4.384006598858760e-18 1.124104256117631e-04 2.810260640294077e-04 5.241458844427273e-04 1.124104256117631e-16
735 3.062499999999999e-09 4.384018065624445e-18 1.124107196313960e-04 2.810267990784901e-04 5.241475507431584e-04 1.124107196313960e-16
736 3.066666666666666e-09 4.384029403772088e-18 1.124110103531305e-04 2.810275258828262e-04 5.241491983511344e-04 1.124110103531305e-16
737 3.070833333333332e-09 4.384040614744054e-18 1.124112978139501e-04 2.810282445348753e-04 5.241508275072036e-04 1.124112978139501e-16
738 3.074999999999999e-09 4.384051699959022e-18 1.124115820502313e-04 2.810289551255784e-04 5.241524383853012e-04 1.124115820502313e-16
739 3.079166666666666e-09 4.384062660830862e-18 1.124118630982272e-04 2.810296577455682e-04 5.241540311741651e-04 1.124118630982272e-16
740 3.083333333333332e-09 4.384073498766226e-18 1.124121409940058e-04 2.810303524850145e-04 5.241556061069418e-04 1.124121409940058e-16
741 3.087499999999999e-09 4.384084215129579e-18 1.124124157725533e-04 2.810310394313833e-04 5.241571633723695e-04 1.124124157725533e-16
742 3.091666666666665e-09 4.384094811288898e-18 1.124126874689461e-04 2.810317186723653e-04 5.241587031739890e-04 1.124126874689461e-16
743 3.095833333333332e-09 4.384105288590518e-18 1.124129561177056e-04 2.810323902942640e-04 5.241602257042391e-04 1.124129561177056e-16
744 3.099999999999999e-09 4.384115648366148e-18 1.124132217529782e-04 2.810330543824454e-04 5.241617311592590e-04 1.124132217529782e-16
745 3.104166666666666e-09 4.384125891934363e-18 1.124134844085734e-04 2.810337110214335e-04 5.241632197277867e-04 1.124134844085734e-16
746 3.108333333333332e-09 4.384136020604673e-18 1.124137441180686e-04 2.810343602951714e-04 5.241646916022608e-04 1.124137441180685e-16
747 3.112499999999999e-09 4.384146035640695e-18 1.124140009138640e-04 2.810350022846600e-04 5.241661469381127e-04 1.124140009138640e-16
748 3.116666666666666e-09 4.384155938365261e-18 1.124142548298785e-04 2.810356370746963e-04 5.241675859499853e-04 1.124142548298785e-16
749 3.120833333333332e-09 4.384165730013495e-18 1.124145058977819e-04 2.810362647444548e-04 5.241690088266166e-04 1.124145058977819e-16
750 3.124999999999999e-09 4.384175411821813e-18 1.124147541492773e-04 2.810368853731932e-04 5.241704157382408e-04 1.124147541492773e-16
751 3.129166666666666e-09 4.384184985020898e-18 1.124149996159205e-04 2.810374990398012e-04 5.241718068698953e-04 1.124149996159205e-16
752 3.133333333333332e-09 4.384194450843469e-18 1.124152423293197e-04 2.810381058232993e-04 5.241731823955146e-04 1.124152423293197e-16
753 3.137499999999999e-09 4.384203810486899e-18 1.124154823201769e-04 2.810387058004422e-04 5.241745424964353e-04 1.124154823201769e-16
754 3.141666666666665e-09 4.384213065132838e-18 1.124157196187907e-04 2.810392990469768e-04 5.241758873428918e-04 1.124157196187907e-16
755 3.145833333333332e-09 4.384222215971999e-18 1.124159542556923e-04 2.810398856392308e-04 5.241772170940156e-04 1.124159542556923e-16
756 3.149999999999999e-09 4.384231264186028e-18 1.124161862611802e-04 2.810404656529505e-04 5.241785319422460e-04 1.124161862611802e-16
757 3.154166666666666e-09 4.384240210899029e-18 1.124164156640777e-04 2.810410391601942e-04 5.241798320467146e-04 1.124164156640777e-16
758 3.158333333333332e-09 4.384249057269516e-18 1.124166424940902e-04 2.810416062352254e-04 5.241811175591518e-04 1.124166424940902e-16
759 3.162499999999999e-09 4.384257804393282e-18 1.124168667793149e-04 2.810421669482873e-04 5.241823886349890e-04 1.124168667793149e-16
760 3.166666666666666e-09 4.384266453397202e-18 1.124170885486462e-04 2.810427213716156e-04 5.241836454740662e-04 1.124170885486462e-16
761 3.170833333333332e-09 4.384275005382064e-18 1.124173078303093e-04 2.810432695757734e-04 5.241848882022089e-04 1.124173078303094e-16
762 3.174999999999999e-09 4.384283461430703e-18 1.124175246520693e-04 2.810438116301733e-04 5.241861170081546e-04 1.124175246520693e-16
763 3.179166666666665e-09 4.384291822625402e-18 1.124177390416770e-04 2.810443476041925e-04 5.241873320251307e-04 1.124177390416770e-16
764 3.183333333333332e-09 4.384300090026795e-18 1.124179510263281e-04 2.810448775658202e-04 5.241885334159692e-04 1.124179510263281e-16
765 3.187499999999999e-09 4.384308264711613e-18 1.124181606336311e-04 2.810454015840778e-04 5.241897213138975e-04 1.124181606336311e-16
766 3.191666666666665e-09 4.384316347687013e-18 1.124183678894106e-04 2.810459197235265e-04 5.241908958965509e-04 1.124183678894106e-16
767 3.195833333333332e-09 4.384324339997161e-18 1.124185728204400e-04 2.810464320511001e-04 5.241920572971562e-04 1.124185728204400e-16
768 3.199999999999999e-09 4.384332242670306e-18 1.124187754530848e-04 2.810469386327119e-04 5.241932056785462e-04 1.124187754530848e-16
769 3.204166666666666e-09 4.384340056697139e-18 1.124189758127472e-04 2.810474395318679e-04 5.241943411702469e-04 1.124189758127472e-16
770 3.208333333333332e-09 4.384347783055766e-18 1.124191739245068e-04 2.810479348112671e-04 5.241954639387916e-04 1.124191739245068e-16
771 3.212499999999999e-09 4.384355422743167e-18 1.124193698139274e-04 2.810484245348185e-04 5.241965740952028e-04 1.124193698139274e-16
772 3.216666666666666e-09 4.384362976749477e-18 1.124195635063969e-04 2.810489087659921e-04 5.241976718060140e-04 1.124195635063969e-16
773 3.220833333333332e-09 4.384370446010428e-18 1.124197550259084e-04 2.810493875647710e-04 5.241987572229557e-04 1.124197550259084e-16
774 3.224999999999999e-09 4.384377831473965e-18 1.124199443967683e-04 2.810498609919209e-04 5.241998304348453e-04 1.124199443967683e-16
775 3.229166666666665e-09 4.384385134081371e-18 1.124201316431121e-04 2.810503291077803e-04 5.242008916082167e-04 1.124201316431121e-16
776 3.233333333333332e-09 4.384392354776894e-18 1.124203167891511e-04 2.810507919728779e-04 5.242019408688950e-04 1.124203167891511e-16
777 3.237499999999999e-09 4.384399494498301e-18 1.124204998589308e-04 2.810512496473271e-04 5.242029783797129e-04 1.124204998589308e-16
778 3.241666666666666e-09 4.384406554110456e-18 1.124206808746271e-04 2.810517021865677e-04 5.242040042405907e-04 1.124206808746271e-16
779 3.245833333333332e-09 4.384413534536323e-18 1.124208598599057e-04 2.810521496497643e-04 5.242050185995580e-04 1.124208598599057e-16
780 3.249999999999999e-09 4.384420436677033e-18 1.124210368378727e-04 2.810525920946817e-04 5.242060215787391e-04 1.124210368378727e-16
781 3.254166666666666e-09 4.384427261363220e-18 1.124212118298262e-04 2.810530295745654e-04 5.242070133224633e-04 1.124212118298262e-16
782 3.258333333333332e-09 4.384434009527285e-18 1.124213848596740e-04 2.810534621491850e-04 5.242079939306505e-04 1.124213848596740e-16
783 3.262499999999999e-09 4.384440681979690e-18 1.124215559481972e-04 2.810538898704930e-04 5.242089635439291e-04 1.124215559481972e-16
784 3.266666666666665e-09 4.384447279567351e-18 1.124217251171116e-04 2.810543127927790e-04 5.242099222733212e-04 1.124217251171116e-16
785 3.270833333333332e-09 4.384453803173637e-18 1.124218923890676e-04 2.810547309726690e-04 5.242108702557545e-04 1.124218923890676e-16
786 3.274999999999999e-09 4.384460253602531e-18 1.124220577846803e-04 2.810551444617007e-04 5.242118076096528e-04 1.124220577846803e-16
787 3.279166666666665e-09 4.384466631664868e-18 1.124222213247402e-04 2.810555533118505e-04 5.242127344423374e-04 1.124222213247402e-16
788 3.283333333333332e-09 4.384472938183324e-18 1.124223830303417e-04 2.810559575758542e-04 5.242136508796339e-04 1.124223830303416e-16
789 3.287499999999999e-09 4.384479173944306e-18 1.124225429216489e-04 2.810563573041222e-04 5.242145570362650e-04 1.124225429216489e-16
790 3.291666666666666e-09 4.384485339760126e-18 1.124227010194904e-04 2.810567525487260e-04 5.242154530269540e-04 1.124227010194904e-16
791 3.295833333333332e-09 4.384491436401096e-18 1.124228573436179e-04 2.810571433590447e-04 5.242163389590225e-04 1.124228573436179e-16
792 3.299999999999999e-09 4.384497464668241e-18 1.124230119145703e-04 2.810575297864258e-04 5.242172149805001e-04 1.124230119145703e-16
793 3.304166666666666e-09 4.384503425308740e-18 1.124231647515062e-04 2.810579118787655e-04 5.242180811728032e-04 1.124231647515062e-16
794 3.308333333333332e-09 4.384509319117145e-18 1.124233158747986e-04 2.810582896869965e-04 5.242189376580564e-04 1.124233158747986e-16
795 3.312499999999999e-09 4.384515146807697e-18 1.124234653027615e-04 2.810586632569037e-04 5.242197845250772e-04 1.124234653027615e-16
796 3.316666666666665e-09 4.384520909121287e-18 1.124236130543920e-04 2.810590326359800e-04 5.242206218922899e-04 1.124236130543920e-16
797 3.320833333333332e-09 4.384526606799727e-18 1.124237591487109e-04 2.810593978717774e-04 5.242214498670156e-04 1.124237591487109e-16
798 3.324999999999999e-09 4.384532240564108e-18 1.124239036042079e-04 2.810597590105198e-04 5.242222685491747e-04 1.124239036042079e-16
799 3.329166666666665e-09 4.384537811137555e-18 1.124240464394245e-04 2.810601160985612e-04 5.242230780349864e-04 1.124240464394245e-16
800 3.333333333333332e-09 4.384543319222653e-18 1.124241876723757e-04 2.810604691809393e-04 5.242238784391738e-04 1.124241876723757e-16
801 3.337499999999999e-09 4.384548765538460e-18 1.124243273214990e-04 2.810608183037474e-04 5.242246698838614e-04 1.124243273214990e-16
802 3.341666666666666e-09 4.384554150757767e-18 1.124244654040453e-04 2.810611635101133e-04 5.242254524504655e-04 1.124244654040453e-16
803 3.345833333333332e-09 4.384559475551706e-18 1.124246019372232e-04 2.810615048430581e-04 5.242262262352055e-04 1.124246019372232e-16
804 3.349999999999999e-09 4.384564740644882e-18 1.124247369396124e-04 2.810618423490310e-04 5.242269913454028e-04 1.124247369396124e-16
805 3.354166666666666e-09 4.384569946672159e-18 1.124248704274913e-04 2.810621760687282e-04 5.242277478550726e-04 1.124248704274913e-16
806 3.358333333333332e-09 4.384575094312805e-18 1.124250024182771e-04 2.810625060456927e-04 5.242284958974414e-04 1.124250024182771e-16
807 3.362499999999999e-09 4.384580184193175e-18 1.124251329280301e-04 2.810628323200753e-04 5.242292355539256e-04 1.124251329280301e-16
808 3.366666666666665e-09 4.384585216969592e-18 1.124252619735793e-04 2.810631549339483e-04 5.242299668985400e-04 1.124252619735793e-16
809 3.370833333333332e-09 4.384590193289504e-18 1.124253895715257e-04 2.810634739288144e-04 5.242306900460078e-04 1.124253895715257e-16
810 3.374999999999999e-09 4.384595113805722e-18 1.124255157386083e-04 2.810637893465207e-04 5.242314050851471e-04 1.124255157386083e-16
811 3.379166666666665e-09 4.384599979126830e-18 1.124256404904315e-04 2.810641012260789e-04 5.242321120899721e-04 1.124256404904316e-16
812 3.383333333333332e-09 4.384604789877332e-18 1.124257638430085e-04 2.810644096075213e-04 5.242328111752062e-04 1.124257638430085e-16
813 3.387499999999999e-09 4.384609546661927e-18 1.124258858118443e-04 2.810647145296107e-04 5.242335024222657e-04 1.124258858118443e-16
814 3.391666666666666e-09 4.384614250071996e-18 1.124260064121025e-04 2.810650160302562e-04 5.242341858977642e-04 1.124260064121025e-16
815 3.395833333333332e-09 4.384618900725562e-18 1.124261256596298e-04 2.810653141490745e-04 5.242348617053223e-04 1.124261256596298e-16
816 3.399999999999999e-09 4.384623499212338e-18 1.124262435695472e-04 2.810656089238679e-04 5.242355299411594e-04 1.124262435695472e-16
817 3.404166666666665e-09 4.384628046129070e-18 1.124263601571556e-04 2.810659003928891e-04 5.242361906792903e-04 1.124263601571556e-16
818 3.408333333333332e-09 4.384632542041602e-18 1.124264754369642e-04 2.810661885924104e-04 5.242368440085327e-04 1.124264754369642e-16
819 3.412499999999999e-09 4.384636987533725e-18 1.124265894239417e-04 2.810664735598542e-04 5.242374900066026e-04 1.124265894239417e-16
820 3.416666666666665e-09 4.384641383134090e-18 1.124267021316433e-04 2.810667553291084e-04 5.242381287549162e-04 1.124267021316433e-16
821 3.420833333333332e-09 4.384645729441478e-18 1.124268135754225e-04 2.810670339385563e-04 5.242387603496926e-04 1.124268135754225e-16
822 3.424999999999999e-09 4.384650026978619e-18 1.124269237686826e-04 2.810673094217064e-04 5.242393848575455e-04 1.124269237686826e-16
823 3.429166666666666e-09 4.384654276301548e-18 1.124270327256807e-04 2.810675818142019e-04 5.242400023450881e-04 1.124270327256807e-16
824 3.433333333333332e-09 4.384658478014786e-18 1.124271404619176e-04 2.810678511547940e-04 5.242406129270434e-04 1.124271404619176e-16
825 3.437499999999999e-09 4.384662632571114e-18 1.124272469890029e-04 2.810681174725073e-04 5.242412166515212e-04 1.124272469890029e-16
826 3.441666666666666e-09 4.384666740524166e-18 1.124273523211325e-04 2.810683808028311e-04 5.242418136036385e-04 1.124273523211325e-16
827 3.445833333333332e-09 4.384670802389084e-18 1.124274564715150e-04 2.810686411787875e-04 5.242424038574104e-04 1.124274564715150e-16
828 3.449999999999999e-09 4.384674818699887e-18 1.124275594538433e-04 2.810688986346082e-04 5.242429874942530e-04 1.124275594538433e-16
829 3.454166666666665e-09 4.384678789974123e-18 1.124276612813878e-04 2.810691532034694e-04 5.242435645881812e-04 1.124276612813878e-16
830 3.458333333333332e-09 4.384682716680490e-18 1.124277619661664e-04 2.810694049154160e-04 5.242441352243121e-04 1.124277619661664e-16
831 3.462499999999999e-09 4.384686599346531e-18 1.124278615217059e-04 2.810696538042649e-04 5.242446994470547e-04 1.124278615217059e-16
832 3.466666666666665e-09 4.384690438466478e-18 1.124279599606789e-04 2.810698999016974e-04 5.242452573267231e-04 1.124279599606789e-16
833 3.470833333333332e-09 4.384694234520135e-18 1.124280572953881e-04 2.810701432384703e-04 5.242458089595364e-04 1.124280572953881e-16
834 3.474999999999999e-09 4.384697987991927e-18 1.124281535382546e-04 2.810703838456364e-04 5.242463543936049e-04 1.124281535382545e-16
835 3.479166666666666e-09 4.384701699366099e-18 1.124282487016948e-04 2.810706217542371e-04 5.242468937103442e-04 1.124282487016948e-16
836 3.483333333333332e-09 4.384705369118934e-18 1.124283427979214e-04 2.810708569948035e-04 5.242474269837697e-04 1.124283427979214e-16
837 3.487499999999999e-09 4.384708997674908e-18 1.124284358378182e-04 2.810710895945455e-04 5.242479542730930e-04 1.124284358378182e-16
838 3.491666666666665e-09 4.384712585544723e-18 1.124285278344801e-04 2.810713195862003e-04 5.242484756412268e-04 1.124285278344801e-16
839 3.495833333333332e-09 4.384716133182648e-18 1.124286187995551e-04 2.810715469988877e-04 5.242489911658869e-04 1.124286187995551e-16
840 3.499999999999999e-09 4.384719641003533e-18 1.124287087436804e-04 2.810717718592009e-04 5.242495009247886e-04 1.124287087436804e-16
841 3.504166666666665e-09 4.384723109486812e-18 1.124287976791490e-04 2.810719941978726e-04 5.242500049512388e-04 1.124287976791490e-16
842 3.508333333333332e-09 4.384726539062879e-18 1.124288856169969e-04 2.810722140424923e-04 5.242505033303546e-04 1.124288856169969e-16
843 3.512499999999999e-09 4.384729930170645e-18 1.124289725684781e-04 2.810724314211953e-04 5.242509961065447e-04 1.124289725684781e-16
844 3.516666666666665e-09 4.384733283233102e-18 1.124290585444385e-04 2.810726463610963e-04 5.242514833501236e-04 1.124290585444385e-16
845 3.520833333333332e-09 4.384736598680833e-18 1.124291435559188e-04 2.810728588897971e-04 5.242519651425075e-04 1.124291435559188e-16
846 3.524999999999999e-09 4.384739876956817e-18 1.124292276142774e-04 2.810730690356935e-04 5.242524415318057e-04 1.124292276142774e-16
847 3.529166666666666e-09 4.384743118445006e-18 1.124293107293591e-04 2.810732768233979e-04 5.242529125698292e-04 1.124293107293591e-16
848 3.533333333333332e-09 4.384746323578572e-18 1.124293929122711e-04 2.810734822806777e-04 5.242533783268918e-04 1.124293929122711e-16
849 3.537499999999999e-09 4.384749492746833e-18 1.124294741729957e-04 2.810736854324893e-04 5.242538388659060e-04 1.124294741729957e-16
850 3.541666666666665e-09 4.384752626375375e-18 1.124295545224455e-04 2.810738863061139e-04 5.242542942164780e-04 1.124295545224455e-16
851 3.545833333333332e-09 4.384755724873315e-18 1.124296339711106e-04 2.810740849277766e-04 5.242547444748272e-04 1.124296339711106e-16
852 3.549999999999999e-09 4.384758788596663e-18 1.124297125281196e-04 2.810742813202990e-04 5.242551896816615e-04 1.124297125281196e-16
853 3.554166666666665e-09 4.384761817950098e-18 1.124297902038487e-04 2.810744755096217e-04 5.242556298924923e-04 1.124297902038487e-16
854 3.558333333333332e-09 4.384764813326267e-18 1.124298670083658e-04 2.810746675209146e-04 5.242560651776335e-04 1.124298670083658e-16
855 3.562499999999999e-09 4.384767775105238e-18 1.124299429514164e-04 2.810748573785409e-04 5.242564955777934e-04 1.124299429514164e-16
856 3.566666666666666e-09 4.384770703672442e-18 1.124300180428831e-04 2.810750451072078e-04 5.242569211373811e-04 1.124300180428831e-16
857 3.570833333333332e-09 4.384773599381115e-18 1.124300922918235e-04 2.810752307295587e-04 5.242573419230096e-04 1.124300922918235e-16
858 3.574999999999999e-09 4.384776462608917e-18 1.124301657079210e-04 2.810754142698024e-04 5.242577579938912e-04 1.124301657079210e-16
859 3.579166666666665e-09 4.384779293704831e-18 1.124302383001239e-04 2.810755957503097e-04 5.242581693981351e-04 1.124302383001239e-16
860 3.583333333333332e-09 4.384782093065573e-18 1.124303100786044e-04 2.810757751965111e-04 5.242585761764499e-04 1.124303100786044e-16
861 3.587499999999999e-09 4.384784861019588e-18 1.124303810517843e-04 2.810759526294608e-04 5.242589784028503e-04 1.124303810517843e-16
862 3.591666666666665e-09 4.384787597901606e-18 1.124304512282463e-04 2.810761280706158e-04 5.242593761106427e-04 1.124304512282463e-16
863 3.595833333333332e-09 4.384790304093542e-18 1.124305206177831e-04 2.810763015444579e-04 5.242597693664410e-04 1.124305206177831e-16
864 3.599999999999999e-09 4.384792979951226e-18 1.124305892295186e-04 2.810764730737966e-04 5.242601582035516e-04 1.124305892295186e-16
865 3.604166666666665e-09 4.384795625795141e-18 1.124306570716703e-04 2.810766426791757e-04 5.242605426922889e-04 1.124306570716703e-16
866 3.608333333333332e-09 4.384798241952431e-18 1.124307241526264e-04 2.810768103815662e-04 5.242609228548571e-04 1.124307241526264e-16
867 3.612499999999999e-09 4.384800828769673e-18 1.124307904812737e-04 2.810769762031842e-04 5.242612987652708e-04 1.124307904812737e-16
868 3.616666666666666e-09 4.384803386571976e-18 1.124308560659481e-04 2.810771401648703e-04 5.242616704457350e-04 1.124308560659481e-16
869 3.620833333333332e-09 4.384805915684266e-18 1.124309209149812e-04 2.810773022874530e-04 5.242620379665637e-04 1.124309209149812e-16
870 3.624999999999999e-09 4.384808416397237e-18 1.124309850358266e-04 2.810774625895665e-04 5.242624013536620e-04 1.124309850358266e-16
871 3.629166666666665e-09 4.384810889066343e-18 1.124310484375985e-04 2.810776210939963e-04 5.242627606736431e-04 1.124310484375986e-16
872 3.633333333333332e-09 4.384813334004113e-18 1.124311111283106e-04 2.810777778207765e-04 5.242631159598140e-04 1.124311111283106e-16
873 3.637499999999999e-09 4.384815751509754e-18 1.124311731156347e-04 2.810779327890868e-04 5.242634672639847e-04 1.124311731156347e-16
874 3.641666666666665e-09 4.384818141893941e-18 1.124312344075370e-04 2.810780860188424e-04 5.242638146231634e-04 1.124312344075370e-16
875 3.645833333333332e-09 4.384820505468646e-18 1.124312950120166e-04 2.810782375300415e-04 5.242641580891597e-04 1.124312950120166e-16
876 3.649999999999999e-09 4.384822842532337e-18 1.124313549367266e-04 2.810783873418165e-04 5.242644977026822e-04 1.124313549367266e-16
877 3.654166666666665e-09 4.384825153377927e-18 1.124314141891776e-04 2.810785354729441e-04 5.242648335118404e-04 1.124314141891776e-16
878 3.658333333333332e-09 4.384827438309615e-18 1.124314727771696e-04 2.810786819429240e-04 5.242651655425397e-04 1.124314727771696e-16
879 3.662499999999999e-09 4.384829697621612e-18 1.124315307082465e-04 2.810788267706161e-04 5.242654938576926e-04 1.124315307082465e-16
880 3.666666666666666e-09 4.384831931562237e-18 1.124315879887753e-04 2.810789699719383e-04 5.242658184832042e-04 1.124315879887753e-16
881 3.670833333333332e-09 4.384834140464001e-18 1.124316446272821e-04 2.810791115682052e-04 5.242661394671842e-04 1.124316446272821e-16
882 3.674999999999999e-09 4.384836324569492e-18 1.124317006299870e-04 2.810792515749675e-04 5.242664568577425e-04 1.124317006299870e-16
883 3.679166666666665e-09 4.384838484166252e-18 1.124317560042629e-04 2.810793900106572e-04 5.242667706881856e-04 1.124317560042629e-16
884 3.683333333333332e-09 4.384840619539981e-18 1.124318107574354e-04 2.810795268935886e-04 5.242670809918203e-04 1.124318107574354e-16
885 3.687499999999999e-09 4.384842730977858e-18 1.124318648968681e-04 2.810796622421704e-04 5.242673878019531e-04 1.124318648968681e-16
886 3.691666666666665e-09 4.384844818730237e-18 1.124319184289804e-04 2.810797960724511e-04 5.242676911740954e-04 1.124319184289804e-16
887 3.695833333333332e-09 4.384846883082999e-18 1.124319713611025e-04 2.810799284027564e-04 5.242679911526559e-04 1.124319713611026e-16
888 3.699999999999999e-09 4.384848924255231e-18 1.124320236988521e-04 2.810800592471302e-04 5.242682877561385e-04 1.124320236988521e-16
889 3.704166666666666e-09 4.384850942542249e-18 1.124320754498013e-04 2.810801886245032e-04 5.242685810511562e-04 1.124320754498013e-16
890 3.708333333333332e-09 4.384852938164620e-18 1.124321266196056e-04 2.810803165490141e-04 5.242688710414104e-04 1.124321266196056e-16
891 3.712499999999999e-09 4.384854911426729e-18 1.124321772160700e-04 2.810804430401750e-04 5.242691577861124e-04 1.124321772160700e-16
892 3.716666666666665e-09 4.384856862560243e-18 1.124322272451344e-04 2.810805681128361e-04 5.242694413222699e-04 1.124322272451345e-16
893 3.720833333333332e-09 4.384858791815518e-18 1.124322767132184e-04 2.810806917830461e-04 5.242697216683866e-04 1.124322767132184e-16
894 3.724999999999999e-09 4.384860699411080e-18 1.124323256259251e-04 2.810808140648129e-04 5.242699988651706e-04 1.124323256259251e-16
895 3.729166666666665e-09 4.384862585620048e-18 1.124323739902576e-04 2.810809349756441e-04 5.242702729607317e-04 1.124323739902576e-16
896 3.733333333333332e-09 4.384864450653546e-18 1.124324218116294e-04 2.810810545290735e-04 5.242705439772742e-04 1.124324218116294e-16
897 3.737499999999999e-09 4.384866294794682e-18 1.124324690972995e-04 2.810811727432489e-04 5.242708119518058e-04 1.124324690972995e-16
898 3.741666666666665e-09 4.384868118245516e-18 1.124325158524491e-04 2.810812896311229e-04 5.242710769361365e-04 1.124325158524492e-16
899 3.745833333333332e-09 4.384869921216993e-18 1.124325620824870e-04 2.810814052062175e-04 5.242713389265657e-04 1.124325620824870e-16
900 3.749999999999999e-09 4.384871703975192e-18 1.124326077942357e-04 2.810815194855892e-04 5.242715979860063e-04 1.124326077942357e-16
901 3.754166666666666e-09 4.384873466741977e-18 1.124326529933840e-04 2.810816324834601e-04 5.242718541403633e-04 1.124326529933841e-16
902 3.758333333333332e-09 4.384875209734949e-18 1.124326976855115e-04 2.810817442137788e-04 5.242721074229436e-04 1.124326976855115e-16
903 3.762499999999999e-09 4.384876933159316e-18 1.124327418758799e-04 2.810818546896997e-04 5.242723578707541e-04 1.124327418758799e-16
904 3.766666666666666e-09 4.384878637242301e-18 1.124327855703154e-04 2.810819639257886e-04 5.242726054985983e-04 1.124327855703154e-16
905 3.770833333333332e-09 4.384880322226490e-18 1.124328287750382e-04 2.810820719375956e-04 5.242728503471842e-04 1.124328287750382e-16
906 3.774999999999999e-09 4.384881988285633e-18 1.124328714945034e-04 2.810821787362585e-04 5.242730924461176e-04 1.124328714945034e-16
907 3.779166666666665e-09 4.384883635666198e-18 1.124329137350307e-04 2.810822843375768e-04 5.242733318398076e-04 1.124329137350307e-16
908 3.783333333333332e-09 4.384885264579868e-18 1.124329555020479e-04 2.810823887551198e-04 5.242735685393566e-04 1.124329555020479e-16
909 3.787499999999998e-09 4.384886875232406e-18 1.124329968008309e-04 2.810824920020774e-04 5.242738025928737e-04 1.124329968008309e-16
910 3.791666666666665e-09 4.384888467802000e-18 1.124330376359487e-04 2.810825940898719e-04 5.242740340188633e-04 1.124330376359487e-16
911 3.795833333333332e-09 4.384890042503851e-18 1.124330780129193e-04 2.810826950322982e-04 5.242742628469309e-04 1.124330780129193e-16
912 3.799999999999998e-09 4.384891599538722e-18 1.124331179368903e-04 2.810827948422258e-04 5.242744891103834e-04 1.124331179368903e-16
913 3.804166666666665e-09 4.384893139116262e-18 1.124331574132375e-04 2.810828935330938e-04 5.242747128388265e-04 1.124331574132375e-16
914 3.808333333333332e-09 4.384894661413365e-18 1.124331964464965e-04 2.810829911162414e-04 5.242749340618663e-04 1.124331964464966e-16
915 3.812499999999999e-09 4.384896166646711e-18 1.124332350422234e-04 2.810830876055584e-04 5.242751528128098e-04 1.124332350422234e-16
916 3.816666666666665e-09 4.384897654990418e-18 1.124332732048825e-04 2.810831830122063e-04 5.242753690990579e-04 1.124332732048825e-16
917 3.820833333333332e-09 4.384899126621198e-18 1.124333109390051e-04 2.810832773475127e-04 5.242755829391146e-04 1.124333109390051e-16
918 3.824999999999999e-09 4.384900581768312e-18 1.124333482504695e-04 2.810833706261739e-04 5.242757943810898e-04 1.124333482504696e-16
919 3.829166666666665e-09 4.384902020583305e-18 1.124333851431617e-04 2.810834628579042e-04 5.242760034656912e-04 1.124333851431617e-16
920 3.833333333333332e-09 4.384903443280635e-18 1.124334216225804e-04 2.810835540564510e-04 5.242762102077221e-04 1.124334216225804e-16
921 3.837499999999999e-09 4.384904850010369e-18 1.124334576925736e-04 2.810836442314339e-04 5.242764146256861e-04 1.124334576925736e-16
922 3.841666666666665e-09 4.384906240946068e-18 1.124334933575915e-04 2.810837333939787e-04 5.242766167491891e-04 1.124334933575915e-16
923 3.845833333333332e-09 4.384907616280544e-18 1.124335286225781e-04 2.810838215564452e-04 5.242768166004359e-04 1.124335286225780e-16
924 3.849999999999999e-09 4.384908976181440e-18 1.124335634918318e-04 2.810839087295795e-04 5.242770142090320e-04 1.124335634918318e-16
925 3.854166666666666e-09 4.384910320847855e-18 1.124335979704578e-04 2.810839949261446e-04 5.242772096082845e-04 1.124335979704578e-16
926 3.858333333333332e-09 4.384911650424489e-18 1.124336320621664e-04 2.810840801554160e-04 5.242774028129959e-04 1.124336320621664e-16
927 3.862499999999999e-09 4.384912965081021e-18 1.124336657713082e-04 2.810841644282706e-04 5.242775938564732e-04 1.124336657713082e-16
928 3.866666666666665e-09 4.384914264989720e-18 1.124336991023005e-04 2.810842477557513e-04 5.242777827461179e-04 1.124336991023005e-16
929 3.870833333333332e-09 4.384915550328407e-18 1.124337320597027e-04 2.810843301492569e-04 5.242779695226380e-04 1.124337320597027e-16
930 3.874999999999998e-09 4.384916821236970e-18 1.124337646471018e-04 2.810844116177546e-04 5.242781542082382e-04 1.124337646471018e-16
931 3.879166666666665e-09 4.384918077898412e-18 1.124337968691901e-04 2.810844921729752e-04 5.242783368251228e-04 1.124337968691901e-16
932 3.883333333333332e-09 4.384919320471124e-18 1.124338287300288e-04 2.810845718250721e-04 5.242785173806932e-04 1.124338287300288e-16
933 3.887499999999998e-09 4.384920549104985e-18 1.124338602334612e-04 2.810846505836529e-04 5.242786959156579e-04 1.124338602334611e-16
934 3.891666666666665e-09 4.384921763945805e-18 1.124338913832258e-04 2.810847284580645e-04 5.242788724448194e-04 1.124338913832258e-16
935 3.895833333333332e-09 4.384922965156418e-18 1.124339221834979e-04 2.810848054587448e-04 5.242790470014848e-04 1.124339221834979e-16
936 3.899999999999999e-09 4.384924152862833e-18 1.124339526375085e-04 2.810848815937714e-04 5.242792195930555e-04 1.124339526375086e-16
937 3.904166666666665e-09 4.384925327303007e-18 1.124339827513592e-04 2.810849568783979e-04 5.242793902565389e-04 1.124339827513592e-16
938 3.908333333333332e-09 4.384926488547626e-18 1.124340125268622e-04 2.810850313171556e-04 5.242795590104386e-04 1.124340125268622e-16
939 3.912499999999999e-09 4.384927636781172e-18 1.124340419687480e-04 2.810851049218700e-04 5.242797258695578e-04 1.124340419687480e-16
940 3.916666666666665e-09 4.384928772132244e-18 1.124340710803140e-04 2.810851777007850e-04 5.242798908524000e-04 1.124340710803140e-16
941 3.920833333333332e-09 4.384929894750539e-18 1.124340998653984e-04 2.810852496634961e-04 5.242800539811697e-04 1.124340998653984e-16
942 3.924999999999999e-09 4.384931004762990e-18 1.124341283272562e-04 2.810853208181404e-04 5.242802152891738e-04 1.124341283272562e-16
943 3.929166666666665e-09 4.384932102315411e-18 1.124341564696259e-04 2.810853911740648e-04 5.242803747801127e-04 1.124341564696259e-16
944 3.933333333333332e-09 4.384933187593204e-18 1.124341842972616e-04 2.810854607431541e-04 5.242805324835926e-04 1.124341842972616e-16
945 3.937499999999999e-09 4.384934260674458e-18 1.124342118121656e-04 2.810855295304140e-04 5.242806884144164e-04 1.124342118121656e-16
946 3.941666666666666e-09 4.384935321731255e-18 1.124342390187501e-04 2.810855975468754e-04 5.242808426058909e-04 1.124342390187501e-16
947 3.945833333333332e-09 4.384936370876656e-18 1.124342659199143e-04 2.810856647997857e-04 5.242809950617165e-04 1.124342659199143e-16
948 3.949999999999999e-09 4.384937408241109e-18 1.124342925190028e-04 2.810857312975070e-04 5.242811457929958e-04 1.124342925190028e-16
949 3.954166666666666e-09 4.384938433963395e-18 1.124343188195742e-04 2.810857970489356e-04 5.242812948515392e-04 1.124343188195742e-16
950 3.958333333333332e-09 4.384939448176738e-18 1.124343448250446e-04 2.810858620626114e-04 5.242814422373464e-04 1.124343448250446e-16
951 3.962499999999998e-09 4.384940451019730e-18 1.124343705389674e-04 2.810859263474186e-04 5.242815879578192e-04 1.124343705389674e-16
952 3.966666666666665e-09 4.384941442612465e-18 1.124343959644222e-04 2.810859899110555e-04 5.242817320684686e-04 1.124343959644222e-16
953 3.970833333333332e-09 4.384942423069662e-18 1.124344211043503e-04 2.810860527608758e-04 5.242818745396885e-04 1.124344211043503e-16
954 3.974999999999998e-09 4.384943392564887e-18 1.124344459632022e-04 2.810861149080056e-04 5.242820154232896e-04 1.124344459632022e-16
955 3.979166666666665e-09 4.384944351164753e-18 1.124344705426860e-04 2.810861763567150e-04 5.242821547155709e-04 1.124344705426860e-16
956 3.983333333333332e-09 4.384945299030242e-18 1.124344948469293e-04 2.810862371173233e-04 5.242822924498395e-04 1.124344948469293e-16
957 3.987499999999998e-09 4.384946236260352e-18 1.124345188784706e-04 2.810862971961764e-04 5.242824286482993e-04 1.124345188784706e-16
958 3.991666666666665e-09 4.384947162955183e-18 1.124345426398765e-04 2.810863565996912e-04 5.242825632998485e-04 1.124345426398765e-16
959 3.995833333333332e-09 4.384948079241119e-18 1.124345661343877e-04 2.810864153359692e-04 5.242826964451953e-04 1.124345661343877e-16
960 3.999999999999999e-09 4.384948985268224e-18 1.124345893658519e-04 2.810864734146298e-04 5.242828281028429e-04 1.124345893658519e-16
961 4.004166666666665e-09 4.384949881152702e-18 1.124346123372488e-04 2.810865308431220e-04 5.242829582875948e-04 1.124346123372488e-16
962 4.008333333333332e-09 4.384950766973377e-18 1.124346350505994e-04 2.810865876264986e-04 5.242830870031516e-04 1.124346350505994e-16
963 4.012499999999999e-09 4.384951642848306e-18 1.124346575089309e-04 2.810866437723274e-04 5.242832142865204e-04 1.124346575089309e-16
964 4.016666666666665e-09 4.384952508923851e-18 1.124346797159962e-04 2.810866992899904e-04 5.242833401414025e-04 1.124346797159962e-16
965 4.020833333333332e-09 4.384953365271252e-18 1.124347016736218e-04 2.810867541840546e-04 5.242834645826008e-04 1.124347016736218e-16
966 4.024999999999999e-09 4.384954212023549e-18 1.124347233852192e-04 2.810868084630481e-04 5.242835876323193e-04 1.124347233852192e-16
967 4.029166666666666e-09 4.384955049247358e-18 1.124347448524964e-04 2.810868621312410e-04 5.242837092868575e-04 1.124347448524964e-16
968 4.033333333333332e-09 4.384955877104955e-18 1.124347660796142e-04 2.810869151990356e-04 5.242838295943253e-04 1.124347660796142e-16
969 4.037499999999999e-09 4.384956695690155e-18 1.124347870689783e-04 2.810869676724459e-04 5.242839485621238e-04 1.124347870689783e-16
970 4.041666666666666e-09 4.384957505063278e-18 1.124348078221353e-04 2.810870195553384e-04 5.242840661976546e-04 1.124348078221354e-16
971 4.045833333333332e-09 4.384958305380499e-18 1.124348283430897e-04 2.810870708577243e-04 5.242841825083195e-04 1.124348283430897e-16
972 4.049999999999998e-09 4.384959096730261e-18 1.124348486341093e-04 2.810871215852732e-04 5.242842975126219e-04 1.124348486341093e-16
973 4.054166666666665e-09 4.384959879173446e-18 1.124348686967550e-04 2.810871717418876e-04 5.242844112253648e-04 1.124348686967550e-16
974 4.058333333333332e-09 4.384960652830881e-18 1.124348885341251e-04 2.810872213353129e-04 5.242845236576506e-04 1.124348885341251e-16
975 4.062499999999998e-09 4.384961417830426e-18 1.124349081494981e-04 2.810872703737453e-04 5.242846348316835e-04 1.124349081494981e-16
976 4.066666666666665e-09 4.384962174259789e-18 1.124349275451228e-04 2.810873188628070e-04 5.242847447696681e-04 1.124349275451228e-16
977 4.070833333333332e-09 4.384962922207049e-18 1.124349467232577e-04 2.810873668081442e-04 5.242848534531008e-04 1.124349467232577e-16
978 4.074999999999998e-09 4.384963661760838e-18 1.124349656861753e-04 2.810874142154383e-04 5.242849609189888e-04 1.124349656861753e-16
979 4.079166666666665e-09 4.384964392990915e-18 1.124349844356645e-04 2.810874610891612e-04 5.242850671784346e-04 1.124349844356645e-16
980 4.083333333333332e-09 4.384965116044568e-18 1.124350029755018e-04 2.810875074387544e-04 5.242851722499415e-04 1.124350029755018e-16
981 4.087499999999999e-09 4.384965830986933e-18 1.124350213073573e-04 2.810875532683932e-04 5.242852761446122e-04 1.124350213073573e-16
982 4.091666666666665e-09 4.384966537912748e-18 1.124350394336602e-04 2.810875985841505e-04 5.242853788661472e-04 1.124350394336602e-16
983 4.095833333333332e-09 4.384967236913049e-18 1.124350573567449e-04 2.810876433918622e-04 5.242854804515540e-04 1.124350573567449e-16
984 4.099999999999999e-09 4.384967928052787e-18 1.124350750782766e-04 2.810876876956915e-04 5.242855808786281e-04 1.124350750782766e-16
985 4.104166666666665e-09 4.384968611452420e-18 1.124350926013441e-04 2.810877315033603e-04 5.242856801843768e-04 1.124350926013441e-16
986 4.108333333333332e-09 4.384969287186704e-18 1.124351099278642e-04 2.810877748196605e-04 5.242857783836033e-04 1.124351099278642e-16
987 4.112499999999999e-09 4.384969955337239e-18 1.124351270599292e-04 2.810878176498230e-04 5.242858754763076e-04 1.124351270599292e-16
988 4.116666666666665e-09 4.384970616019302e-18 1.124351440004949e-04 2.810878600012374e-04 5.242859714846940e-04 1.124351440004949e-16
989 4.120833333333332e-09 4.384971269256213e-18 1.124351607501593e-04 2.810879018753983e-04 5.242860664124634e-04 1.124351607501593e-16
990 4.124999999999999e-09 4.384971915158618e-18 1.124351773117594e-04 2.810879432793986e-04 5.242861602744186e-04 1.124351773117595e-16
991 4.129166666666666e-09 4.384972553830882e-18 1.124351936879713e-04 2.810879842199283e-04 5.242862530890634e-04 1.124351936879713e-16
992 4.133333333333332e-09 4.384973185350718e-18 1.124352098807876e-04 2.810880247019691e-04 5.242863448526972e-04 1.124352098807876e-16
993 4.137499999999998e-09 4.384973809767902e-18 1.124352258914847e-04 2.810880647287117e-04 5.242864355986264e-04 1.124352258914847e-16
994 4.141666666666665e-09 4.384974427189386e-18 1.124352417228048e-04 2.810881043070120e-04 5.242865253009461e-04 1.124352417228048e-16
995 4.145833333333332e-09 4.384975037677712e-18 1.124352573763516e-04 2.810881434408791e-04 5.242866140077659e-04 1.124352573763516e-16
996 4.149999999999998e-09 4.384975641326326e-18 1.124352728545212e-04 2.810881821363030e-04 5.242867017153848e-04 1.124352728545212e-16
997 4.154166666666665e-09 4.384976238219231e-18 1.124352881594675e-04 2.810882203986687e-04 5.242867884497082e-04 1.124352881594675e-16
998 4.158333333333332e-09 4.384976828413606e-18 1.124353032926566e-04 2.810882582316414e-04 5.242868742070353e-04 1.124353032926566e-16
999 4.162499999999998e-09 4.384977411972363e-18 1.124353182557016e-04 2.810882956392541e-04 5.242869590280744e-04 1.124353182557016e-16
1000 4.166666666666665e-09 4.384977988997087e-18 1.124353330512074e-04 2.810883326280184e-04 5.242870428832195e-04 1.124353330512073e-16
1001 4.170833333333332e-09 4.384978559564939e-18 1.124353476811523e-04 2.810883692028808e-04 5.242871257909741e-04 1.124353476811523e-16
1002 4.174999999999999e-09 4.384979123727546e-18 1.124353621468602e-04 2.810884053671504e-04 5.242872077661414e-04 1.124353621468602e-16
1003 4.179166666666665e-09 4.384979681541341e-18 1.124353764497780e-04 2.810884411244449e-04 5.242872888235246e-04 1.124353764497780e-16
1004 4.183333333333332e-09 4.384980233115867e-18 1.124353905927145e-04 2.810884764817864e-04 5.242873689742255e-04 1.124353905927145e-16
1005 4.187499999999999e-09 4.384980778494424e-18 1.124354045767801e-04 2.810885114419503e-04 5.242874482219449e-04 1.124354045767801e-16
1006 4.191666666666665e-09 4.384981317756577e-18 1.124354184040148e-04 2.810885460100370e-04 5.242875265888876e-04 1.124354184040148e-16
1007 4.195833333333332e-09 4.384981850978193e-18 1.124354320763639e-04 2.810885801909098e-04 5.242876040639510e-04 1.124354320763639e-16
1008 4.199999999999999e-09 4.384982378218482e-18 1.124354455953457e-04 2.810886139883643e-04 5.242876806767412e-04 1.124354455953457e-16
1009 4.204166666666665e-09 4.384982899516855e-18 1.124354589619707e-04 2.810886474049267e-04 5.242877564272581e-04 1.124354589619707e-16
1010 4.208333333333332e-09 4.384983414969167e-18 1.124354721786966e-04 2.810886804467415e-04 5.242878313303049e-04 1.124354721786966e-16
1011 4.212499999999999e-09 4.384983924647022e-18 1.124354852473596e-04 2.810887131183989e-04 5.242879053932828e-04 1.124354852473595e-16
1012 4.216666666666666e-09 4.384984428617776e-18 1.124354981696866e-04 2.810887454242164e-04 5.242879786272942e-04 1.124354981696866e-16
1013 4.220833333333332e-09 4.384984926928242e-18 1.124355109468780e-04 2.810887773671951e-04 5.242880510360400e-04 1.124355109468780e-16
1014 4.224999999999998e-09 4.384985419645221e-18 1.124355235806467e-04 2.810888089516168e-04 5.242881226380235e-04 1.124355235806467e-16
1015 4.229166666666665e-09 4.384985906841431e-18 1.124355360728572e-04 2.810888401821430e-04 5.242881934406466e-04 1.124355360728572e-16
1016 4.233333333333332e-09 4.384986388567940e-18 1.124355484248190e-04 2.810888710620475e-04 5.242882634402082e-04 1.124355484248190e-16
1017 4.237499999999998e-09 4.384986864888220e-18 1.124355606381595e-04 2.810889015953987e-04 5.242883326552124e-04 1.124355606381595e-16
1018 4.241666666666665e-09 4.384987335864811e-18 1.124355727144823e-04 2.810889317862058e-04 5.242884010893596e-04 1.124355727144823e-16
1019 4.245833333333332e-09 4.384987801582831e-18 1.124355846559700e-04 2.810889616399251e-04 5.242884687648544e-04 1.124355846559700e-16
1020 4.249999999999998e-09 4.384988262061523e-18 1.124355964631160e-04 2.810889911577900e-04 5.242885356853975e-04 1.124355964631160e-16
1021 4.254166666666665e-09 4.384988717374902e-18 1.124356081378180e-04 2.810890203445451e-04 5.242886018509891e-04 1.124356081378180e-16
1022 4.258333333333332e-09 4.384989167575150e-18 1.124356196814141e-04 2.810890492035353e-04 5.242886672616290e-04 1.124356196814141e-16
1023 4.262499999999998e-09 4.384989612739241e-18 1.124356310958780e-04 2.810890777396950e-04 5.242887319617261e-04 1.124356310958780e-16
1024 4.266666666666665e-09 4.384990052886974e-18 1.124356423817173e-04 2.810891059542932e-04 5.242887959179738e-04 1.124356423817173e-16
1025 4.270833333333332e-09 4.384990488112903e-18 1.124356535413565e-04 2.810891338533913e-04 5.242888591710803e-04 1.124356535413565e-16
1026 4.274999999999999e-09 4.384990918461808e-18 1.124356645759438e-04 2.810891614398596e-04 5.242889216988411e-04 1.124356645759438e-16
1027 4.279166666666665e-09 4.384991343966810e-18 1.124356754863285e-04 2.810891887158212e-04 5.242889835308620e-04 1.124356754863285e-16
1028 4.283333333333332e-09 4.384991764702294e-18 1.124356862744178e-04 2.810892156860445e-04 5.242890446782454e-04 1.124356862744178e-16
1029 4.287499999999999e-09 4.384992180721364e-18 1.124356969415734e-04 2.810892423539336e-04 5.242891051335899e-04 1.124356969415734e-16
1030 4.291666666666665e-09 4.384992592078979e-18 1.124357074892046e-04 2.810892687230115e-04 5.242891649153991e-04 1.124357074892046e-16
1031 4.295833333333332e-09 4.384992998833609e-18 1.124357179188105e-04 2.810892947970262e-04 5.242892240273736e-04 1.124357179188105e-16
1032 4.299999999999999e-09 4.384993401005609e-18 1.124357282309130e-04 2.810893205772826e-04 5.242892824695136e-04 1.124357282309130e-16
1033 4.304166666666666e-09 4.384993798664367e-18 1.124357384272915e-04 2.810893460682287e-04 5.242893402566221e-04 1.124357384272915e-16
1034 4.308333333333332e-09 4.384994191880937e-18 1.124357485097676e-04 2.810893712744190e-04 5.242893973923996e-04 1.124357485097676e-16
1035 4.312499999999998e-09 4.384994580679559e-18 1.124357584789631e-04 2.810893961974077e-04 5.242894538990509e-04 1.124357584789631e-16
1036 4.316666666666665e-09 4.384994965112231e-18 1.124357683362111e-04 2.810894208405277e-04 5.242895097654735e-04 1.124357683362111e-16
1037 4.320833333333331e-09 4.384995345237791e-18 1.124357780830203e-04 2.810894452075507e-04 5.242895649990688e-04 1.124357780830203e-16
1038 4.324999999999998e-09 4.384995721090103e-18 1.124357877202591e-04 2.810894693006477e-04 5.242896196035380e-04 1.124357877202591e-16
1039 4.329166666666665e-09 4.384996092734485e-18 1.124357972496022e-04 2.810894931240055e-04 5.242896736047860e-04 1.124357972496022e-16
1040 4.333333333333332e-09 4.384996460211090e-18 1.124358066720792e-04 2.810895166801981e-04 5.242897269991120e-04 1.124358066720792e-16
1041 4.337499999999998e-09 4.384996823575799e-18 1.124358159891231e-04 2.810895399728077e-04 5.242897798050197e-04 1.124358159891231e-16
1042 4.341666666666665e-09 4.384997182863398e-18 1.124358252016256e-04 2.810895630040640e-04 5.242898320225093e-04 1.124358252016256e-16
1043 4.345833333333332e-09 4.384997538088137e-18 1.124358343099522e-04 2.810895857748806e-04 5.242898836589821e-04 1.124358343099522e-16
1044 4.349999999999998e-09 4.384997889339017e-18 1.124358433163851e-04 2.810896082909627e-04 5.242899346959347e-04 1.124358433163851e-16
1045 4.354166666666665e-09 4.384998236672290e-18 1.124358522223664e-04 2.810896305559161e-04 5.242899851777756e-04 1.124358522223664e-16
1046 4.358333333333332e-09 4.384998580095358e-18 1.124358610280861e-04 2.810896525702153e-04 5.242900350823004e-04 1.124358610280861e-16
1047 4.362499999999999e-09 4.384998919673539e-18 1.124358697352189e-04 2.810896743380474e-04 5.242900844280133e-04 1.124358697352189e-16
1048 4.366666666666665e-09 4.384999255440878e-18 1.124358783446379e-04 2.810896958615948e-04 5.242901332297166e-04 1.124358783446379e-16
1049 4.370833333333332e-09 4.384999587441417e-18 1.124358868574722e-04 2.810897171436806e-04 5.242901814763085e-04 1.124358868574722e-16
1050 4.374999999999999e-09 4.384999915720857e-18 1.124358952748938e-04 2.810897381872344e-04 5.242902291677891e-04 1.124358952748938e-16
1051 4.379166666666665e-09 4.385000240314172e-18 1.124359035977993e-04 2.810897589944983e-04 5.242902763485667e-04 1.124359035977993e-16
1052 4.383333333333332e-09 4.385000561274097e-18 1.124359118275410e-04 2.810897795688524e-04 5.242903229742331e-04 1.124359118275410e-16
1053 4.387499999999999e-09 4.385000878630609e-18 1.124359199648874e-04 2.810897999122185e-04 5.242903690891968e-04 1.124359199648874e-16
1054 4.391666666666665e-09 4.385001192429225e-18 1.124359280110058e-04 2.810898200275145e-04 5.242904146934578e-04 1.124359280110058e-16
1055 4.395833333333332e-09 4.385001502714357e-18 1.124359359670348e-04 2.810898399175870e-04 5.242904597870164e-04 1.124359359670348e-16
1056 4.399999999999998e-09 4.385001809508021e-18 1.124359438335390e-04 2.810898595838476e-04 5.242905043772737e-04 1.124359438335390e-16
1057 4.404166666666665e-09 4.385002112868136e-18 1.124359516120035e-04 2.810898790300088e-04 5.242905484531278e-04 1.124359516120035e-16
1058 4.408333333333331e-09 4.385002412805618e-18 1.124359593027082e-04 2.810898982567704e-04 5.242905920404838e-04 1.124359593027082e-16
1059 4.412499999999998e-09 4.385002709384121e-18 1.124359669072852e-04 2.810899172682129e-04 5.242906351430424e-04 1.124359669072852e-16
1060 4.416666666666665e-09 4.385003002638616e-18 1.124359744266312e-04 2.810899360665780e-04 5.242906777497013e-04 1.124359744266312e-16
1061 4.420833333333332e-09 4.385003292632386e-18 1.124359818623689e-04 2.810899546559222e-04 5.242907198974681e-04 1.124359818623689e-16
1062 4.424999999999998e-09 4.385003579344891e-18 1.124359892139716e-04 2.810899730349289e-04 5.242907615567367e-04 1.124359892139716e-16
1063 4.429166666666665e-09 4.385003862845336e-18 1.124359964832138e-04 2.810899912080344e-04 5.242908027534125e-04 1.124359964832138e-16
1064 4.433333333333332e-09 4.385004143164807e-18 1.124360036708925e-04 2.810900091772312e-04 5.242908434800937e-04 1.124360036708925e-16
1065 4.437499999999998e-09 4.385004420341793e-18 1.124360107779947e-04 2.810900269449868e-04 5.242908837663866e-04 1.124360107779947e-16
1066 4.441666666666665e-09 4.385004694398496e-18 1.124360178050897e-04 2.810900445127241e-04 5.242909235863856e-04 1.124360178050896e-16
1067 4.445833333333332e-09 4.385004965375071e-18 1.124360247532069e-04 2.810900618830174e-04 5.242909629733978e-04 1.124360247532069e-16
1068 4.449999999999998e-09 4.385005233319440e-18 1.124360316235754e-04 2.810900790589385e-04 5.242910019089193e-04 1.124360316235754e-16
1069 4.454166666666665e-09 4.385005498268985e-18 1.124360384171535e-04 2.810900960428837e-04 5.242910404225560e-04 1.124360384171535e-16
1070 4.458333333333332e-09 4.385005760248681e-18 1.124360451345816e-04 2.810901128364540e-04 5.242910784884027e-04 1.124360451345816e-16
1071 4.462499999999999e-09 4.385006019287768e-18 1.124360517766094e-04 2.810901294415236e-04 5.242911161360656e-04 1.124360517766094e-16
1072 4.466666666666665e-09 4.385006275407338e-18 1.124360583437779e-04 2.810901458594448e-04 5.242911533470407e-04 1.124360583437779e-16
1073 4.470833333333332e-09 4.385006528650320e-18 1.124360648371877e-04 2.810901620929693e-04 5.242911901472331e-04 1.124360648371877e-16
1074 4.474999999999999e-09 4.385006779060753e-18 1.124360712579680e-04 2.810901781449201e-04 5.242912265218401e-04 1.124360712579680e-16
1075 4.479166666666665e-09 4.385007026651220e-18 1.124360776064416e-04 2.810901940161039e-04 5.242912624930661e-04 1.124360776064415e-16
1076 4.483333333333332e-09 4.385007271463909e-18 1.124360838836900e-04 2.810902097092250e-04 5.242912980609111e-04 1.124360838836900e-16
1077 4.487499999999999e-09 4.385007513532311e-18 1.124360900905721e-04 2.810902252264302e-04 5.242913332475796e-04 1.124360900905721e-16
1078 4.491666666666665e-09 4.385007752896951e-18 1.124360962281269e-04 2.810902405703174e-04 5.242913680308669e-04 1.124360962281270e-16
1079 4.495833333333331e-09 4.385007989556162e-18 1.124361022963118e-04 2.810902557407796e-04 5.242914024218755e-04 1.124361022963118e-16
1080 4.499999999999998e-09 4.385008223589324e-18 1.124361082971622e-04 2.810902707429054e-04 5.242914364206052e-04 1.124361082971622e-16
1081 4.504166666666665e-09 4.385008454979971e-18 1.124361142302557e-04 2.810902855756393e-04 5.242914700455600e-04 1.124361142302557e-16
1082 4.508333333333332e-09 4.385008683772327e-18 1.124361200967263e-04 2.810903002418158e-04 5.242915032819366e-04 1.124361200967263e-16
1083 4.512499999999998e-09 4.385008910000437e-18 1.124361258974471e-04 2.810903147436178e-04 5.242915361667425e-04 1.124361258974471e-16
1084 4.516666666666665e-09 4.385009133700200e-18 1.124361316333385e-04 2.810903290833461e-04 5.242915686666711e-04 1.124361316333385e-16
1085 4.520833333333332e-09 4.385009354879757e-18 1.124361373046091e-04 2.810903432615229e-04 5.242916008113285e-04 1.124361373046092e-16
1086 4.524999999999998e-09 4.385009573585365e-18 1.124361429124453e-04 2.810903572811132e-04 5.242916325970137e-04 1.124361429124453e-16
1087 4.529166666666665e-09 4.385009789836826e-18 1.124361484573545e-04 2.810903711433863e-04 5.242916640089238e-04 1.124361484573545e-16
1088 4.533333333333332e-09 4.385010003670962e-18 1.124361539402811e-04 2.810903848507027e-04 5.242916950766648e-04 1.124361539402811e-16
1089 4.537499999999998e-09 4.385010215088512e-18 1.124361593612439e-04 2.810903984031098e-04 5.242917258076381e-04 1.124361593612439e-16
1090 4.541666666666665e-09 4.385010424136846e-18 1.124361647214576e-04 2.810904118036440e-04 5.242917561870409e-04 1.124361647214576e-16
1091 4.545833333333332e-09 4.385010630832988e-18 1.124361700213587e-04 2.810904250533967e-04 5.242917862222744e-04 1.124361700213587e-16
1092 4.549999999999999e-09 4.385010835201177e-18 1.124361752615687e-04 2.810904381539216e-04 5.242918159244409e-04 1.124361752615687e-16
1093 4.554166666666665e-09 4.385011037269355e-18 1.124361804428040e-04 2.810904511070099e-04 5.242918452861392e-04 1.124361804428040e-16
1094 4.558333333333332e-09 4.385011237118565e-18 1.124361855671427e-04 2.810904639178568e-04 5.242918743258728e-04 1.124361855671427e-16
1095 4.562499999999999e-09 4.385011434712358e-18 1.124361906336502e-04 2.810904765841255e-04 5.242919030362403e-04 1.124361906336502e-16
1096 4.566666666666665e-09 4.385011630079229e-18 1.124361956430572e-04 2.810904891076429e-04 5.242919314209422e-04 1.124361956430572e-16
1097 4.570833333333332e-09 4.385011823268028e-18 1.124362005966161e-04 2.810905014915403e-04 5.242919594984825e-04 1.124362005966161e-16
1098 4.574999999999999e-09 4.385012014270611e-18 1.124362054941182e-04 2.810905137352956e-04 5.242919872651604e-04 1.124362054941182e-16
1099 4.579166666666665e-09 4.385012203149154e-18 1.124362103371578e-04 2.810905258428945e-04 5.242920147098735e-04 1.124362103371578e-16
1100 4.583333333333331e-09 4.385012389886077e-18 1.124362151252840e-04 2.810905378132101e-04 5.242920418548264e-04 1.124362151252840e-16
1101 4.587499999999998e-09 4.385012574536705e-18 1.124362198599155e-04 2.810905496497888e-04 5.242920686741140e-04 1.124362198599155e-16
1102 4.591666666666665e-09 4.385012757111955e-18 1.124362245413322e-04 2.810905613533305e-04 5.242920952084443e-04 1.124362245413322e-16
1103 4.595833333333331e-09 4.385012937652168e-18 1.124362291705684e-04 2.810905729264210e-04 5.242921214467151e-04 1.124362291705684e-16
1104 4.599999999999998e-09 4.385013116137728e-18 1.124362337471212e-04 2.810905843678031e-04 5.242921473778242e-04 1.124362337471212e-16
1105 4.604166666666665e-09 4.385013292656527e-18 1.124362382732443e-04 2.810905956831108e-04 5.242921730313775e-04 1.124362382732443e-16
1106 4.608333333333332e-09 4.385013467179331e-18 1.124362427481880e-04 2.810906068704700e-04 5.242921983888714e-04 1.124362427481880e-16
1107 4.612499999999998e-09 4.385013639750177e-18 1.124362471730815e-04 2.810906179327037e-04 5.242922234651089e-04 1.124362471730815e-16
1108 4.616666666666665e-09 4.385013810380169e-18 1.124362515482095e-04 2.810906288705237e-04 5.242922482563891e-04 1.124362515482095e-16
1109 4.620833333333332e-09 4.385013979094842e-18 1.124362558742267e-04 2.810906396855668e-04 5.242922727738142e-04 1.124362558742267e-16
1110 4.624999999999998e-09 4.385014145935086e-18 1.124362601521817e-04 2.810906503804543e-04 5.242922970099828e-04 1.124362601521817e-16
1111 4.629166666666665e-09 4.385014310893503e-18 1.124362643818847e-04 2.810906609547118e-04 5.242923209759971e-04 1.124362643818847e-16
1112 4.633333333333332e-09 4.385014474005805e-18 1.124362685642514e-04 2.810906714106286e-04 5.242923446903609e-04 1.124362685642514e-16
1113 4.637499999999999e-09 4.385014635286239e-18 1.124362726996472e-04 2.810906817491179e-04 5.242923681271689e-04 1.124362726996472e-16
1114 4.641666666666665e-09 4.385014794749238e-18 1.124362767884420e-04 2.810906919711050e-04 5.242923912938227e-04 1.124362767884420e-16
1115 4.645833333333332e-09 4.385014952416819e-18 1.124362808312005e-04 2.810907020780013e-04 5.242924142125267e-04 1.124362808312005e-16
1116 4.649999999999999e-09 4.385015108334505e-18 1.124362848290899e-04 2.810907120727247e-04 5.242924368684778e-04 1.124362848290899e-16
1117 4.654166666666665e-09 4.385015262492488e-18 1.124362887818587e-04 2.810907219546467e-04 5.242924592690777e-04 1.124362887818587e-16
1118 4.658333333333332e-09 4.385015414916118e-18 1.124362926901569e-04 2.810907317253922e-04 5.242924814254287e-04 1.124362926901569e-16
1119 4.662499999999999e-09 4.385015565655909e-18 1.124362965552797e-04 2.810907413881993e-04 5.242925033153258e-04 1.124362965552797e-16
1120 4.666666666666665e-09 4.385015714693727e-18 1.124363003767622e-04 2.810907509419056e-04 5.242925249757771e-04 1.124363003767622e-16
1121 4.670833333333331e-09 4.385015862034941e-18 1.124363041547421e-04 2.810907603868552e-04 5.242925463993807e-04 1.124363041547421e-16
1122 4.674999999999998e-09 4.385016007714891e-18 1.124363078901254e-04 2.810907697253136e-04 5.242925675676331e-04 1.124363078901254e-16
1123 4.679166666666665e-09 4.385016151776690e-18 1.124363115840177e-04 2.810907789600443e-04 5.242925884953370e-04 1.124363115840177e-16
1124 4.683333333333331e-09 4.385016294244210e-18 1.124363152370310e-04 2.810907880925776e-04 5.242926091935949e-04 1.124363152370310e-16
1125 4.687499999999998e-09 4.385016435103200e-18 1.124363188488000e-04 2.810907971220000e-04 5.242926296624068e-04 1.124363188488000e-16
1126 4.691666666666665e-09 4.385016574380309e-18 1.124363224200079e-04 2.810908060500198e-04 5.242926498943711e-04 1.124363224200079e-16
1127 4.695833333333332e-09 4.385016712116613e-18 1.124363259517080e-04 2.810908148792701e-04 5.242926698931885e-04 1.124363259517080e-16
1128 4.699999999999998e-09 4.385016848290648e-18 1.124363294433499e-04 2.810908236083749e-04 5.242926896884650e-04 1.124363294433499e-16
1129 4.704166666666665e-09 4.385016982940903e-18 1.124363328959206e-04 2.810908322398015e-04 5.242927092505947e-04 1.124363328959206e-16
1130 4.708333333333332e-09 4.385017116075887e-18 1.124363363096381e-04 2.810908407740953e-04 5.242927286091835e-04 1.124363363096381e-16
1131 4.712499999999998e-09 4.385017247726318e-18 1.124363396852902e-04 2.810908492132255e-04 5.242927477309248e-04 1.124363396852902e-16
1132 4.716666666666665e-09 4.385017377904039e-18 1.124363430231805e-04 2.810908575579513e-04 5.242927666528258e-04 1.124363430231805e-16
1133 4.720833333333332e-09 4.385017506608122e-18 1.124363463232852e-04 2.810908658082130e-04 5.242927853600837e-04 1.124363463232852e-16
1134 4.724999999999998e-09 4.385017633864476e-18 1.124363495862686e-04 2.810908739656715e-04 5.242928038489978e-04 1.124363495862686e-16
1135 4.729166666666665e-09 4.385017759701040e-18 1.124363528128472e-04 2.810908820321180e-04 5.242928221343711e-04 1.124363528128472e-16
1136 4.733333333333332e-09 4.385017884125584e-18 1.124363560032201e-04 2.810908900080503e-04 5.242928402088020e-04 1.124363560032201e-16
1137 4.737499999999999e-09 4.385018007155504e-18 1.124363591578334e-04 2.810908978945836e-04 5.242928580796919e-04 1.124363591578334e-16
1138 4.741666666666665e-09 4.385018128788763e-18 1.124363622766350e-04 2.810909056915874e-04 5.242928757507417e-04 1.124363622766350e-16
1139 4.745833333333332e-09 4.385018249071065e-18 1.124363653607965e-04 2.810909134019914e-04 5.242928932330537e-04 1.124363653607966e-16
1140 4.749999999999999e-09 4.385018368018879e-18 1.124363684107405e-04 2.810909210268513e-04 5.242929105192261e-04 1.124363684107405e-16
1141 4.754166666666665e-09 4.385018485629800e-18 1.124363714264051e-04 2.810909285660129e-04 5.242929276166607e-04 1.124363714264051e-16
1142 4.758333333333331e-09 4.385018601906789e-18 1.124363744078664e-04 2.810909360196660e-04 5.242929445105544e-04 1.124363744078664e-16
1143 4.762499999999998e-09 4.385018716876860e-18 1.124363773558169e-04 2.810909433895423e-04 5.242929612194109e-04 1.124363773558169e-16
1144 4.766666666666665e-09 4.385018830556481e-18 1.124363802706790e-04 2.810909506766975e-04 5.242929777358287e-04 1.124363802706790e-16
1145 4.770833333333331e-09 4.385018942977665e-18 1.124363831532735e-04 2.810909578831837e-04 5.242929940672095e-04 1.124363831532735e-16
1146 4.774999999999998e-09 4.385019054138189e-18 1.124363860035433e-04 2.810909650088583e-04 5.242930102209545e-04 1.124363860035433e-16
1147 4.779166666666665e-09 4.385019164042682e-18 1.124363888216072e-04 2.810909720540181e-04 5.242930261896623e-04 1.124363888216072e-16
1148 4.783333333333331e-09 4.385019272709646e-18 1.124363916079397e-04 2.810909790198492e-04 5.242930419881358e-04 1.124363916079397e-16
1149 4.787499999999998e-09 4.385019380168503e-18 1.124363943632950e-04 2.810909859082374e-04 5.242930575978716e-04 1.124363943632950e-16
1150 4.791666666666665e-09 4.385019486427394e-18 1.124363970878819e-04 2.810909927197048e-04 5.242930730447747e-04 1.124363970878819e-16
1151 4.795833333333332e-09 4.385019591499087e-18 1.124363997820279e-04 2.810909994550697e-04 5.242930883029397e-04 1.124363997820279e-16
1152 4.799999999999998e-09 4.385019695366742e-18 1.124364024453011e-04 2.810910061132527e-04 5.242931033908706e-04 1.124364024453011e-16
1153 4.804166666666665e-09 4.385019798068847e-18 1.124364050786884e-04 2.810910126967210e-04 5.242931183159688e-04 1.124364050786884e-16
1154 4.808333333333332e-09 4.385019899626128e-18 1.124364076827212e-04 2.810910192068032e-04 5.242931330671322e-04 1.124364076827213e-16
1155 4.812499999999998e-09 4.385020000067635e-18 1.124364102581445e-04 2.810910256453613e-04 5.242931476591633e-04 1.124364102581445e-16
1156 4.816666666666665e-09 4.385020099350440e-18 1.124364128038574e-04 2.810910320096437e-04 5.242931621031650e-04 1.124364128038575e-16
1157 4.820833333333332e-09 4.385020197530052e-18 1.124364153212834e-04 2.810910383032085e-04 5.242931763584286e-04 1.124364153212834e-16
1158 4.824999999999999e-09 4.385020294604067e-18 1.124364178103607e-04 2.810910445259018e-04 5.242931904693634e-04 1.124364178103607e-16
1159 4.829166666666665e-09 4.385020390607088e-18 1.124364202719766e-04 2.810910506799415e-04 5.242932044359689e-04 1.124364202719766e-16
1160 4.833333333333332e-09 4.385020485499145e-18 1.124364227051063e-04 2.810910567627657e-04 5.242932182360410e-04 1.124364227051063e-16
1161 4.837499999999999e-09 4.385020579353144e-18 1.124364251116191e-04 2.810910627790477e-04 5.242932318695797e-04 1.124364251116191e-16
1162 4.841666666666665e-09 4.385020672140588e-18 1.124364274907843e-04 2.810910687269608e-04 5.242932453550888e-04 1.124364274907843e-16
1163 4.845833333333331e-09 4.385020763900336e-18 1.124364298435984e-04 2.810910746089959e-04 5.242932586888674e-04 1.124364298435984e-16
1164 4.849999999999998e-09 4.385020854632203e-18 1.124364321700565e-04 2.810910804251412e-04 5.242932718672146e-04 1.124364321700565e-16
1165 4.854166666666665e-09 4.385020944332486e-18 1.124364344700638e-04 2.810910861751594e-04 5.242932848938315e-04 1.124364344700638e-16
1166 4.858333333333331e-09 4.385021033023579e-18 1.124364367441943e-04 2.810910918604858e-04 5.242932977872216e-04 1.124364367441943e-16
1167 4.862499999999998e-09 4.385021120742114e-18 1.124364389933875e-04 2.810910974834689e-04 5.242933105362826e-04 1.124364389933876e-16
1168 4.866666666666665e-09 4.385021207470702e-18 1.124364412171975e-04 2.810911030429938e-04 5.242933231373140e-04 1.124364412171975e-16
1169 4.870833333333331e-09 4.385021293218777e-18 1.124364434158661e-04 2.810911085396652e-04 5.242933355977170e-04 1.124364434158661e-16
1170 4.874999999999998e-09 4.385021378004104e-18 1.124364455898488e-04 2.810911139746221e-04 5.242933479211926e-04 1.124364455898488e-16
1171 4.879166666666665e-09 4.385021461827052e-18 1.124364477391552e-04 2.810911193478880e-04 5.242933601040399e-04 1.124364477391552e-16
1172 4.883333333333332e-09 4.385021544719079e-18 1.124364498645918e-04 2.810911246614795e-04 5.242933721351569e-04 1.124364498645918e-16
1173 4.887499999999998e-09 4.385021626668897e-18 1.124364519658692e-04 2.810911299146729e-04 5.242933840589521e-04 1.124364519658691e-16
1174 4.891666666666665e-09 4.385021707703891e-18 1.124364540436895e-04 2.810911351092238e-04 5.242933958236154e-04 1.124364540436895e-16
1175 4.895833333333332e-09 4.385021787836273e-18 1.124364560983660e-04 2.810911402459149e-04 5.242934074809572e-04 1.124364560983660e-16
1176 4.899999999999998e-09 4.385021867076035e-18 1.124364581301547e-04 2.810911453253869e-04 5.242934189976707e-04 1.124364581301547e-16
1177 4.904166666666665e-09 4.385021945436316e-18 1.124364601393927e-04 2.810911503484818e-04 5.242934303885589e-04 1.124364601393927e-16
1178 4.908333333333332e-09 4.385022022902128e-18 1.124364621256956e-04 2.810911553142390e-04 5.242934416388188e-04 1.124364621256956e-16
1179 4.912499999999998e-09 4.385022099509737e-18 1.124364640899932e-04 2.810911602249832e-04 5.242934527706552e-04 1.124364640899932e-16
1180 4.916666666666665e-09 4.385022175259513e-18 1.124364660322952e-04 2.810911650807381e-04 5.242934637766661e-04 1.124364660322952e-16
1181 4.920833333333332e-09 4.385022250166446e-18 1.124364679529858e-04 2.810911698824646e-04 5.242934746605524e-04 1.124364679529858e-16
1182 4.924999999999999e-09 4.385022324222578e-18 1.124364698518610e-04 2.810911746296525e-04 5.242934854149127e-04 1.124364698518610e-16
1183 4.929166666666665e-09 4.385022397457144e-18 1.124364717296704e-04 2.810911793241759e-04 5.242934960619515e-04 1.124364717296704e-16
1184 4.933333333333331e-09 4.385022469864594e-18 1.124364735862717e-04 2.810911839656791e-04 5.242935065757635e-04 1.124364735862717e-16
1185 4.937499999999998e-09 4.385022541450296e-18 1.124364754218025e-04 2.810911885545062e-04 5.242935169933562e-04 1.124364754218025e-16
1186 4.941666666666665e-09 4.385022612232379e-18 1.124364772367277e-04 2.810911930918192e-04 5.242935272777222e-04 1.124364772367277e-16
1187 4.945833333333331e-09 4.385022682222504e-18 1.124364790313463e-04 2.810911975783657e-04 5.242935374510660e-04 1.124364790313463e-16
1188 4.949999999999998e-09 4.385022751406421e-18 1.124364808052929e-04 2.810912020132322e-04 5.242935474985843e-04 1.124364808052929e-16
1189 4.954166666666665e-09 4.385022819843530e-18 1.124364825600905e-04 2.810912064002263e-04 5.242935574387811e-04 1.124364825600905e-16
1190 4.958333333333331e-09 4.385022887509402e-18 1.124364842951129e-04 2.810912107377822e-04 5.242935672679556e-04 1.124364842951129e-16
1191 4.962499999999998e-09 4.385022954410332e-18 1.124364860105213e-04 2.810912150263034e-04 5.242935769972100e-04 1.124364860105214e-16
1192 4.966666666666665e-09 4.385023020573518e-18 1.124364877070133e-04 2.810912192675332e-04 5.242935866043401e-04 1.124364877070133e-16
1193 4.970833333333332e-09 4.385023085984342e-18 1.124364893842139e-04 2.810912234605348e-04 5.242935961152505e-04 1.124364893842139e-16
1194 4.974999999999998e-09 4.385023150652059e-18 1.124364910423605e-04 2.810912276059012e-04 5.242936055188396e-04 1.124364910423605e-16
1195 4.979166666666665e-09 4.385023214594429e-18 1.124364926819084e-04 2.810912317047711e-04 5.242936148151070e-04 1.124364926819084e-16
1196 4.983333333333332e-09 4.385023277824220e-18 1.124364943031851e-04 2.810912357579628e-04 5.242936239966514e-04 1.124364943031851e-16
1197 4.987499999999998e-09 4.385023340340323e-18 1.124364959061621e-04 2.810912397654054e-04 5.242936330893780e-04 1.124364959061622e-16
1198 4.991666666666665e-09 4.385023402170124e-18 1.124364974915416e-04 2.810912437288541e-04 5.242936420858852e-04 1.124364974915417e-16
1199 4.995833333333332e-09 4.385023463298819e-18 1.124364990589441e-04 2.810912476473602e-04 5.242936509528665e-04 1.124364990589441e-16
1200 4.999999999999998e-09 4.385023523731219e-18 1.124365006084928e-04 2.810912515212320e-04 5.242936597384313e-04 1.124365006084928e-16
1201 5.004166666666665e-09 4.385023583498040e-18 1.124365021409754e-04 2.810912553524385e-04 5.242936684203754e-04 1.124365021409754e-16
1202 5.008333333333332e-09 4.385023642578373e-18 1.124365036558557e-04 2.810912591396393e-04 5.242936770098010e-04 1.124365036558557e-16
1203 5.012499999999999e-09 4.385023701012001e-18 1.124365051541539e-04 2.810912628853847e-04 5.242936855104085e-04 1.124365051541539e-16
1204 5.016666666666665e-09 4.385023758784122e-18 1.124365066354903e-04 2.810912665887258e-04 5.242936938925924e-04 1.124365066354903e-16
1205 5.020833333333332e-09 4.385023815911203e-18 1.124365081002873e-04 2.810912702507181e-04 5.242937021970605e-04 1.124365081002873e-16
1206 5.024999999999998e-09 4.385023872406566e-18 1.124365095488863e-04 2.810912738722158e-04 5.242937104016086e-04 1.124365095488863e-16
1207 5.029166666666665e-09 4.385023928261888e-18 1.124365109810740e-04 2.810912774526851e-04 5.242937185136382e-04 1.124365109810740e-16
1208 5.033333333333331e-09 4.385023983499183e-18 1.124365123974149e-04 2.810912809935374e-04 5.242937265479522e-04 1.124365123974149e-16
1209 5.037499999999998e-09 4.385024038110684e-18 1.124365137977098e-04 2.810912844942746e-04 5.242937344823461e-04 1.124365137977098e-16
1210 5.041666666666665e-09 4.385024092088061e-18 1.124365151817452e-04 2.810912879543630e-04 5.242937423316227e-04 1.124365151817452e-16
1211 5.045833333333331e-09 4.385024145476467e-18 1.124365165506786e-04 2.810912913766966e-04 5.242937500809795e-04 1.124365165506786e-16
1212 5.049999999999998e-09 4.385024198262020e-18 1.124365179041544e-04 2.810912947603859e-04 5.242937577452191e-04 1.124365179041544e-16
1213 5.054166666666665e-09 4.385024250472479e-18 1.124365192428841e-04 2.810912981072102e-04 5.242937653428454e-04 1.124365192428841e-16
1214 5.058333333333331e-09 4.385024302103956e-18 1.124365205667681e-04 2.810913014169203e-04 5.242937728368509e-04 1.124365205667681e-16
1215 5.062499999999998e-09 4.385024353117778e-18 1.124365218748148e-04 2.810913046870371e-04 5.242937802531406e-04 1.124365218748148e-16
1216 5.066666666666665e-09 4.385024403591847e-18 1.124365231690217e-04 2.810913079225543e-04 5.242937875917148e-04 1.124365231690217e-16
1217 5.070833333333332e-09 4.385024453504329e-18 1.124365244488290e-04 2.810913111220724e-04 5.242937948525734e-04 1.124365244488290e-16
1218 5.074999999999998e-09 4.385024502840605e-18 1.124365257138617e-04 2.810913142846542e-04 5.242938020135119e-04 1.124365257138616e-16
1219 5.079166666666665e-09 4.385024551632871e-18 1.124365269649454e-04 2.810913174123636e-04 5.242938091115376e-04 1.124365269649454e-16
1220 5.083333333333332e-09 4.385024599868176e-18 1.124365282017481e-04 2.810913205043702e-04 5.242938161133443e-04 1.124365282017481e-16
1221 5.087499999999998e-09 4.385024647563912e-18 1.124365294247157e-04 2.810913235617893e-04 5.242938230448366e-04 1.124365294247157e-16
1222 5.091666666666665e-09 4.385024694720265e-18 1.124365306338529e-04 2.810913265846324e-04 5.242938298949129e-04 1.124365306338529e-16
1223 5.095833333333332e-09 4.385024741351112e-18 1.124365318295157e-04 2.810913295737893e-04 5.242938366709740e-04 1.124365318295157e-16
1224 5.099999999999999e-09 4.385024787476808e-18 1.124365330122258e-04 2.810913325305646e-04 5.242938433656189e-04 1.124365330122258e-16
1225 5.104166666666665e-09 4.385024833081810e-18 1.124365341815849e-04 2.810913354539622e-04 5.242938500047525e-04 1.124365341815849e-16
1226 5.108333333333332e-09 4.385024878158715e-18 1.124365353374030e-04 2.810913383435074e-04 5.242938565587692e-04 1.124365353374029e-16
1227 5.112499999999998e-09 4.385024922746196e-18 1.124365364806717e-04 2.810913412016793e-04 5.242938630387709e-04 1.124365364806717e-16
1228 5.116666666666665e-09 4.385024966819275e-18 1.124365376107506e-04 2.810913440268766e-04 5.242938694447577e-04 1.124365376107506e-16
1229 5.120833333333331e-09 4.385025010400710e-18 1.124365387282233e-04 2.810913468205584e-04 5.242938757767297e-04 1.124365387282233e-16
1230 5.124999999999998e-09 4.385025053501789e-18 1.124365398333792e-04 2.810913495834480e-04 5.242938820420882e-04 1.124365398333792e-16
1231 5.129166666666665e-09 4.385025096108447e-18 1.124365409258576e-04 2.810913523146441e-04 5.242938882445341e-04 1.124365409258576e-16
1232 5.133333333333331e-09 4.385025138254179e-18 1.124365420065174e-04 2.810913550162936e-04 5.242938943655639e-04 1.124365420065174e-16
1233 5.137499999999998e-09 4.385025179905121e-18 1.124365430744903e-04 2.810913576862257e-04 5.242939004236809e-04 1.124365430744903e-16
1234 5.141666666666665e-09 4.385025221103091e-18 1.124365441308485e-04 2.810913603271212e-04 5.242939064077828e-04 1.124365441308485e-16
1235 5.145833333333331e-09 4.385025261831623e-18 1.124365451751698e-04 2.810913629379246e-04 5.242939123326732e-04 1.124365451751698e-16
1236 5.149999999999998e-09 4.385025302113475e-18 1.124365462080378e-04 2.810913655200946e-04 5.242939181761471e-04 1.124365462080378e-16
1237 5.154166666666665e-09 4.385025341943650e-18 1.124365472293244e-04 2.810913680733109e-04 5.242939239752119e-04 1.124365472293244e-16
1238 5.158333333333332e-09 4.385025381312344e-18 1.124365482387781e-04 2.810913705969451e-04 5.242939296928605e-04 1.124365482387781e-16
1239 5.162499999999998e-09 4.385025420245830e-18 1.124365492370726e-04 2.810913730926815e-04 5.242939353438957e-04 1.124365492370726e-16
1240 5.166666666666665e-09 4.385025458728012e-18 1.124365502237952e-04 2.810913755594879e-04 5.242939409394197e-04 1.124365502237952e-16
1241 5.170833333333332e-09 4.385025496779795e-18 1.124365511994819e-04 2.810913779987048e-04 5.242939464646298e-04 1.124365511994819e-16
1242 5.174999999999998e-09 4.385025534427088e-18 1.124365521647971e-04 2.810913804119928e-04 5.242939519417300e-04 1.124365521647971e-16
1243 5.179166666666665e-09 4.385025571643244e-18 1.124365531190575e-04 2.810913827976439e-04 5.242939573522169e-04 1.124365531190575e-16
1244 5.183333333333332e-09 4.385025608464716e-18 1.124365540631978e-04 2.810913851579947e-04 5.242939627108933e-04 1.124365540631979e-16
1245 5.187499999999998e-09 4.385025644832106e-18 1.124365549956950e-04 2.810913874892376e-04 5.242939679881535e-04 1.124365549956950e-16
1246 5.191666666666665e-09 4.385025680806108e-18 1.124365559181053e-04 2.810913897952634e-04 5.242939732247054e-04 1.124365559181053e-16
1247 5.195833333333332e-09 4.385025716393011e-18 1.124365568305900e-04 2.810913920764751e-04 5.242939784057462e-04 1.124365568305901e-16
1248 5.199999999999999e-09 4.385025751563026e-18 1.124365577323853e-04 2.810913943309633e-04 5.242939835275749e-04 1.124365577323853e-16
1249 5.204166666666664e-09 4.385025786329291e-18 1.124365586238280e-04 2.810913965595699e-04 5.242939885790897e-04 1.124365586238280e-16
1250 5.208333333333331e-09 4.385025820738802e-18 1.124365595061231e-04 2.810913987653079e-04 5.242939935602904e-04 1.124365595061232e-16
1251 5.212499999999998e-09 4.385025854732351e-18 1.124365603777526e-04 2.810914009443815e-04 5.242939985192865e-04 1.124365603777526e-16
1252 5.216666666666665e-09 4.385025888355641e-18 1.124365612398882e-04 2.810914030997206e-04 5.242940033931656e-04 1.124365612398882e-16
1253 5.220833333333331e-09 4.385025921591462e-18 1.124365620920888e-04 2.810914052302220e-04 5.242940082263365e-04 1.124365620920888e-16
1254 5.224999999999998e-09 4.385025954470902e-18 1.124365629351513e-04 2.810914073378783e-04 5.242940130076970e-04 1.124365629351513e-16
1255 5.229166666666665e-09 4.385025986976751e-18 1.124365637686347e-04 2.810914094215867e-04 5.242940177372471e-04 1.124365637686347e-16
1256 5.233333333333331e-09 4.385026019105866e-18 1.124365645924581e-04 2.810914114811453e-04 5.242940224112861e-04 1.124365645924581e-16
1257 5.237499999999998e-09 4.385026050878414e-18 1.124365654071388e-04 2.810914135178471e-04 5.242940270224124e-04 1.124365654071388e-16
1258 5.241666666666665e-09 4.385026082295319e-18 1.124365662127005e-04 2.810914155317513e-04 5.242940315891298e-04 1.124365662127005e-16
1259 5.245833333333332e-09 4.385026113366021e-18 1.124365670093852e-04 2.810914175234629e-04 5.242940361151389e-04 1.124365670093852e-16
1260 5.249999999999998e-09 4.385026144085337e-18 1.124365677970599e-04 2.810914194926498e-04 5.242940405819362e-04 1.124365677970599e-16
1261 5.254166666666665e-09 4.385026174468811e-18 1.124365685761234e-04 2.810914214403085e-04 5.242940450006239e-04 1.124365685761234e-16
1262 5.258333333333332e-09 4.385026204504044e-18 1.124365693462576e-04 2.810914233656439e-04 5.242940493675011e-04 1.124365693462575e-16
1263 5.262499999999998e-09 4.385026234209542e-18 1.124365701079370e-04 2.810914252698425e-04 5.242940536751664e-04 1.124365701079370e-16
1264 5.266666666666665e-09 4.385026263580862e-18 1.124365708610478e-04 2.810914271526194e-04 5.242940579310214e-04 1.124365708610478e-16
1265 5.270833333333332e-09 4.385026292639284e-18 1.124365716061355e-04 2.810914290153387e-04 5.242940621498688e-04 1.124365716061355e-16
1266 5.274999999999998e-09 4.385026321328188e-18 1.124365723417484e-04 2.810914308543710e-04 5.242940663280082e-04 1.124365723417484e-16
1267 5.279166666666665e-09 4.385026349726028e-18 1.124365730698982e-04 2.810914326747454e-04 5.242940704654393e-04 1.124365730698981e-16
1268 5.283333333333332e-09 4.385026377806528e-18 1.124365737899110e-04 2.810914344747775e-04 5.242940745251547e-04 1.124365737899110e-16
1269 5.287499999999999e-09 4.385026405576166e-18 1.124365745019530e-04 2.810914362548825e-04 5.242940785552644e-04 1.124365745019530e-16
1270 5.291666666666664e-09 4.385026433036977e-18 1.124365752060763e-04 2.810914380151909e-04 5.242940825483666e-04 1.124365752060763e-16
1271 5.295833333333331e-09 4.385026460184707e-18 1.124365759021720e-04 2.810914397554300e-04 5.242940864970599e-04 1.124365759021720e-16
1272 5.299999999999998e-09 4.385026487020277e-18 1.124365765902635e-04 2.810914414756588e-04 5.242940903939426e-04 1.124365765902635e-16
1273 5.304166666666665e-09 4.385026513565709e-18 1.124365772709156e-04 2.810914431772891e-04 5.242940942612195e-04 1.124365772709156e-16
1274 5.308333333333331e-09 4.385026539800464e-18 1.124365779436017e-04 2.810914448590041e-04 5.242940980655838e-04 1.124365779436017e-16
1275 5.312499999999998e-09 4.385026565723803e-18 1.124365786083026e-04 2.810914465207566e-04 5.242941018403420e-04 1.124365786083026e-16
1276 5.316666666666665e-09 4.385026591369213e-18 1.124365792658773e-04 2.810914481646932e-04 5.242941055743920e-04 1.124365792658773e-16
1277 5.320833333333331e-09 4.385026616718012e-18 1.124365799158465e-04 2.810914497896162e-04 5.242941092603326e-04 1.124365799158464e-16
1278 5.324999999999998e-09 4.385026641819413e-18 1.124365805594721e-04 2.810914513986804e-04 5.242941129018642e-04 1.124365805594721e-16
1279 5.329166666666665e-09 4.385026666620131e-18 1.124365811953880e-04 2.810914529884699e-04 5.242941164989867e-04 1.124365811953880e-16
1280 5.333333333333331e-09 4.385026691158466e-18 1.124365818245761e-04 2.810914545614402e-04 5.242941200628026e-04 1.124365818245761e-16
1281 5.337499999999998e-09 4.385026715398335e-18 1.124365824461112e-04 2.810914561152779e-04 5.242941235933117e-04 1.124365824461112e-16
1282 5.341666666666665e-09 4.385026739372490e-18 1.124365830608331e-04 2.810914576520828e-04 5.242941270831128e-04 1.124365830608331e-16
1283 5.345833333333332e-09 4.385026763087039e-18 1.124365836688984e-04 2.810914591722461e-04 5.242941305285049e-04 1.124365836688985e-16
1284 5.349999999999998e-09 4.385026786523663e-18 1.124365842698375e-04 2.810914606745938e-04 5.242941339368897e-04 1.124365842698375e-16
1285 5.354166666666665e-09 4.385026809697163e-18 1.124365848640298e-04 2.810914621600746e-04 5.242941373045661e-04 1.124365848640298e-16
1286 5.358333333333332e-09 4.385026832602359e-18 1.124365854513425e-04 2.810914636283564e-04 5.242941406315345e-04 1.124365854513425e-16
1287 5.362499999999998e-09 4.385026855271077e-18 1.124365860325917e-04 2.810914650814793e-04 5.242941439214954e-04 1.124365860325917e-16
1288 5.366666666666665e-09 4.385026877682964e-18 1.124365866072555e-04 2.810914665181388e-04 5.242941471781496e-04 1.124365866072555e-16
1289 5.370833333333332e-09 4.385026899828583e-18 1.124365871750919e-04 2.810914679377298e-04 5.242941503940956e-04 1.124365871750919e-16
1290 5.374999999999998e-09 4.385026921722181e-18 1.124365877364662e-04 2.810914693411655e-04 5.242941535767349e-04 1.124365877364662e-16
1291 5.379166666666664e-09 4.385026943391329e-18 1.124365882920854e-04 2.810914707302135e-04 5.242941567075638e-04 1.124365882920854e-16
1292 5.383333333333331e-09 4.385026964821964e-18 1.124365888415888e-04 2.810914721039721e-04 5.242941598235898e-04 1.124365888415889e-16
1293 5.387499999999998e-09 4.385026985973933e-18 1.124365893839470e-04 2.810914734598675e-04 5.242941628989076e-04 1.124365893839470e-16
1294 5.391666666666664e-09 4.385027006906633e-18 1.124365899206829e-04 2.810914748017073e-04 5.242941659483202e-04 1.124365899206829e-16
1295 5.395833333333331e-09 4.385027027630981e-18 1.124365904520764e-04 2.810914761301911e-04 5.242941689496230e-04 1.124365904520764e-16
1296 5.399999999999998e-09 4.385027048102939e-18 1.124365909769984e-04 2.810914774424962e-04 5.242941719213200e-04 1.124365909769984e-16
1297 5.404166666666665e-09 4.385027068323617e-18 1.124365914954774e-04 2.810914787386934e-04 5.242941748597102e-04 1.124365914954774e-16
1298 5.408333333333331e-09 4.385027088341122e-18 1.124365920087467e-04 2.810914800218668e-04 5.242941777721954e-04 1.124365920087467e-16
1299 5.412499999999998e-09 4.385027108141395e-18 1.124365925164460e-04 2.810914812911151e-04 5.242941806587752e-04 1.124365925164460e-16
1300 5.416666666666665e-09 4.385027127722953e-18 1.124365930185373e-04 2.810914825463432e-04 5.242941834898440e-04 1.124365930185373e-16
1301 5.420833333333331e-09 4.385027147057487e-18 1.124365935142945e-04 2.810914837857364e-04 5.242941863061097e-04 1.124365935142946e-16
1302 5.424999999999998e-09 4.385027166187000e-18 1.124365940047949e-04 2.810914850119872e-04 5.242941890927693e-04 1.124365940047949e-16
1303 5.429166666666665e-09 4.385027185095023e-18 1.124365944896160e-04 2.810914862240400e-04 5.242941918350203e-04 1.124365944896160e-16
1304 5.433333333333332e-09 4.385027203790994e-18 1.124365949689999e-04 2.810914874224997e-04 5.242941945587676e-04 1.124365949689999e-16
1305 5.437499999999998e-09 4.385027222294155e-18 1.124365954434399e-04 2.810914886085997e-04 5.242941972418065e-04 1.124365954434399e-16
1306 5.441666666666665e-09 4.385027240589890e-18 1.124365959125613e-04 2.810914897814033e-04 5.242941999026410e-04 1.124365959125613e-16
1307 5.445833333333332e-09 4.385027258654516e-18 1.124365963757568e-04 2.810914909393921e-04 5.242942025264681e-04 1.124365963757568e-16
1308 5.449999999999998e-09 4.385027276537432e-18 1.124365968342931e-04 2.810914920857329e-04 5.242942051169884e-04 1.124365968342931e-16
1309 5.454166666666665e-09 4.385027294222360e-18 1.124365972877528e-04 2.810914932193821e-04 5.242942076779029e-04 1.124365972877528e-16
1310 5.458333333333332e-09 4.385027311714108e-18 1.124365977362592e-04 2.810914943406480e-04 5.242942102129121e-04 1.124365977362592e-16
1311 5.462499999999998e-09 4.385027328992694e-18 1.124365981792999e-04 2.810914954482497e-04 5.242942127405199e-04 1.124365981792999e-16
1312 5.466666666666664e-09 4.385027346072921e-18 1.124365986172544e-04 2.810914965431360e-04 5.242942152237186e-04 1.124365986172544e-16
1313 5.470833333333331e-09 4.385027362975141e-18 1.124365990506447e-04 2.810914976266117e-04 5.242942176773117e-04 1.124365990506447e-16
1314 5.474999999999998e-09 4.385027379676966e-18 1.124365994788966e-04 2.810914986972415e-04 5.242942201124008e-04 1.124365994788966e-16
1315 5.479166666666664e-09 4.385027396186353e-18 1.124365999022142e-04 2.810914997555355e-04 5.242942225141831e-04 1.124365999022142e-16
1316 5.483333333333331e-09 4.385027412519769e-18 1.124366003210197e-04 2.810915008025494e-04 5.242942248826591e-04 1.124366003210197e-16
1317 5.487499999999998e-09 4.385027428669998e-18 1.124366007351282e-04 2.810915018378205e-04 5.242942272363318e-04 1.124366007351282e-16
1318 5.491666666666665e-09 4.385027444637040e-18 1.124366011445395e-04 2.810915028613488e-04 5.242942295752016e-04 1.124366011445395e-16
1319 5.495833333333331e-09 4.385027460427742e-18 1.124366015494293e-04 2.810915038735733e-04 5.242942318622612e-04 1.124366015494293e-16
1320 5.499999999999998e-09 4.385027476036368e-18 1.124366019496505e-04 2.810915048741262e-04 5.242942341345176e-04 1.124366019496505e-16
1321 5.504166666666665e-09 4.385027491496040e-18 1.124366023460523e-04 2.810915058651308e-04 5.242942363697666e-04 1.124366023460523e-16
1322 5.508333333333331e-09 4.385027506779739e-18 1.124366027379420e-04 2.810915068448551e-04 5.242942385791105e-04 1.124366027379420e-16
1323 5.512499999999998e-09 4.385027521880252e-18 1.124366031251347e-04 2.810915078128367e-04 5.242942407662497e-04 1.124366031251347e-16
1324 5.516666666666665e-09 4.385027536793693e-18 1.124366035075306e-04 2.810915087688266e-04 5.242942429422870e-04 1.124366035075306e-16
1325 5.520833333333331e-09 4.385027551545781e-18 1.124366038857893e-04 2.810915097144732e-04 5.242942450850174e-04 1.124366038857892e-16
1326 5.524999999999998e-09 4.385027566136888e-18 1.124366042599202e-04 2.810915106498005e-04 5.242942472018426e-04 1.124366042599202e-16
1327 5.529166666666665e-09 4.385027580567382e-18 1.124366046299329e-04 2.810915115748322e-04 5.242942493112664e-04 1.124366046299329e-16
1328 5.533333333333332e-09 4.385027594852251e-18 1.124366049962116e-04 2.810915124905289e-04 5.242942513836826e-04 1.124366049962116e-16
1329 5.537499999999998e-09 4.385027608956339e-18 1.124366053578549e-04 2.810915133946372e-04 5.242942534338944e-04 1.124366053578549e-16
1330 5.541666666666665e-09 4.385027622907217e-18 1.124366057155697e-04 2.810915142889242e-04 5.242942554507996e-04 1.124366057155697e-16
1331 5.545833333333332e-09 4.385027636705439e-18 1.124366060693702e-04 2.810915151734256e-04 5.242942574566025e-04 1.124366060693703e-16
1332 5.549999999999998e-09 4.385027650318438e-18 1.124366064184215e-04 2.810915160460538e-04 5.242942594402010e-04 1.124366064184215e-16
1333 5.554166666666665e-09 4.385027663797286e-18 1.124366067640330e-04 2.810915169100825e-04 5.242942613978942e-04 1.124366067640330e-16
1334 5.558333333333331e-09 4.385027677133286e-18 1.124366071059817e-04 2.810915177649543e-04 5.242942633333830e-04 1.124366071059817e-16
1335 5.562499999999998e-09 4.385027690309783e-18 1.124366074438406e-04 2.810915186096015e-04 5.242942652503681e-04 1.124366074438406e-16
1336 5.566666666666664e-09 4.385027703343800e-18 1.124366077780462e-04 2.810915194451154e-04 5.242942671562511e-04 1.124366077780462e-16
1337 5.570833333333331e-09 4.385027716227198e-18 1.124366081083897e-04 2.810915202709743e-04 5.242942690140243e-04 1.124366081083897e-16
1338 5.574999999999998e-09 4.385027728966823e-18 1.124366084350467e-04 2.810915210876169e-04 5.242942708754982e-04 1.124366084350467e-16
1339 5.579166666666665e-09 4.385027741555087e-18 1.124366087578227e-04 2.810915218945569e-04 5.242942727147677e-04 1.124366087578227e-16
1340 5.583333333333331e-09 4.385027754003277e-18 1.124366090770071e-04 2.810915226925178e-04 5.242942745392344e-04 1.124366090770071e-16
1341 5.587499999999998e-09 4.385027766344516e-18 1.124366093934491e-04 2.810915234836229e-04 5.242942763229926e-04 1.124366093934491e-16
1342 5.591666666666665e-09 4.385027778519222e-18 1.124366097056211e-04 2.810915242640527e-04 5.242942780882472e-04 1.124366097056210e-16
1343 5.595833333333331e-09 4.385027790576799e-18 1.124366100147897e-04 2.810915250369744e-04 5.242942798386988e-04 1.124366100147897e-16
1344 5.599999999999998e-09 4.385027802478205e-18 1.124366103199540e-04 2.810915257998849e-04 5.242942815817489e-04 1.124366103199540e-16
1345 5.604166666666665e-09 4.385027814240648e-18 1.124366106215551e-04 2.810915265538878e-04 5.242942832803902e-04 1.124366106215551e-16
1346 5.608333333333331e-09 4.385027825876340e-18 1.124366109199062e-04 2.810915272997654e-04 5.242942849753307e-04 1.124366109199062e-16
1347 5.612499999999998e-09 4.385027837387688e-18 1.124366112150689e-04 2.810915280376723e-04 5.242942866517673e-04 1.124366112150689e-16
1348 5.616666666666665e-09 4.385027848765808e-18 1.124366115068156e-04 2.810915287670390e-04 5.242942882874960e-04 1.124366115068156e-16
1349 5.620833333333332e-09 4.385027860026430e-18 1.124366117955495e-04 2.810915294888738e-04 5.242942899343270e-04 1.124366117955495e-16
1350 5.624999999999998e-09 4.385027871149200e-18 1.124366120807487e-04 2.810915302018719e-04 5.242942915404495e-04 1.124366120807487e-16
1351 5.629166666666665e-09 4.385027882162612e-18 1.124366123631439e-04 2.810915309078598e-04 5.242942931539736e-04 1.124366123631439e-16
1352 5.633333333333332e-09 4.385027893040577e-18 1.124366126420661e-04 2.810915316051652e-04 5.242942947415926e-04 1.124366126420661e-16
1353 5.637499999999998e-09 4.385027903797344e-18 1.124366129178806e-04 2.810915322947016e-04 5.242942963070069e-04 1.124366129178806e-16
1354 5.641666666666665e-09 4.385027914429579e-18 1.124366131905020e-04 2.810915329762551e-04 5.242942978391147e-04 1.124366131905020e-16
1355 5.645833333333331e-09 4.385027924960229e-18 1.124366134605187e-04 2.810915336512968e-04 5.242942993638211e-04 1.124366134605187e-16
1356 5.649999999999998e-09 4.385027935359873e-18 1.124366137271762e-04 2.810915343179407e-04 5.242943008848265e-04 1.124366137271763e-16
1357 5.654166666666664e-09 4.385027945650531e-18 1.124366139910393e-04 2.810915349775982e-04 5.242943023762263e-04 1.124366139910393e-16
1358 5.658333333333331e-09 4.385027955818879e-18 1.124366142517661e-04 2.810915356294154e-04 5.242943038639250e-04 1.124366142517661e-16
1359 5.662499999999998e-09 4.385027965887861e-18 1.124366145099452e-04 2.810915362748630e-04 5.242943053146165e-04 1.124366145099452e-16
1360 5.666666666666664e-09 4.385027975838235e-18 1.124366147650829e-04 2.810915369127074e-04 5.242943067727094e-04 1.124366147650829e-16
1361 5.670833333333331e-09 4.385027985667595e-18 1.124366150171178e-04 2.810915375427946e-04 5.242943082011964e-04 1.124366150171178e-16
1362 5.674999999999998e-09 4.385027995397405e-18 1.124366152666001e-04 2.810915381665003e-04 5.242943096037780e-04 1.124366152666001e-16
1363 5.679166666666665e-09 4.385028005022668e-18 1.124366155134017e-04 2.810915387835044e-04 5.242943110100606e-04 1.124366155134017e-16
1364 5.683333333333331e-09 4.385028014529692e-18 1.124366157571716e-04 2.810915393929290e-04 5.242943123978394e-04 1.124366157571716e-16
1365 5.687499999999998e-09 4.385028023932171e-18 1.124366159982608e-04 2.810915399956521e-04 5.242943137523114e-04 1.124366159982608e-16
1366 5.691666666666665e-09 4.385028033224737e-18 1.124366162365317e-04 2.810915405913293e-04 5.242943151141850e-04 1.124366162365317e-16
1367 5.695833333333331e-09 4.385028042405357e-18 1.124366164719322e-04 2.810915411798306e-04 5.242943164464526e-04 1.124366164719322e-16
1368 5.699999999999998e-09 4.385028051483096e-18 1.124366167046948e-04 2.810915417617369e-04 5.242943177676180e-04 1.124366167046948e-16
1369 5.704166666666665e-09 4.385028060479602e-18 1.124366169353744e-04 2.810915423384361e-04 5.242943190739805e-04 1.124366169353744e-16
1370 5.708333333333332e-09 4.385028069369529e-18 1.124366171633213e-04 2.810915429083031e-04 5.242943203729414e-04 1.124366171633213e-16
1371 5.712499999999998e-09 4.385028078158055e-18 1.124366173886681e-04 2.810915434716702e-04 5.242943216385957e-04 1.124366173886681e-16
1372 5.716666666666665e-09 4.385028086845179e-18 1.124366176114149e-04 2.810915440285371e-04 5.242943229005493e-04 1.124366176114148e-16
1373 5.720833333333332e-09 4.385028095428869e-18 1.124366178315095e-04 2.810915445787737e-04 5.242943241588020e-04 1.124366178315095e-16
1374 5.724999999999998e-09 4.385028103930031e-18 1.124366180494880e-04 2.810915451237200e-04 5.242943253911496e-04 1.124366180494880e-16
1375 5.729166666666665e-09 4.385028112328314e-18 1.124366182648286e-04 2.810915456620714e-04 5.242943266049933e-04 1.124366182648286e-16
1376 5.733333333333332e-09 4.385028120632226e-18 1.124366184777494e-04 2.810915461943735e-04 5.242943278114357e-04 1.124366184777494e-16
1377 5.737499999999998e-09 4.385028128824562e-18 1.124366186878093e-04 2.810915467195232e-04 5.242943290067758e-04 1.124366186878093e-16
1378 5.741666666666664e-09 4.385028136920679e-18 1.124366188954020e-04 2.810915472385051e-04 5.242943301762107e-04 1.124366188954020e-16
1379 5.745833333333331e-09 4.385028144949442e-18 1.124366191012677e-04 2.810915477531693e-04 5.242943313456456e-04 1.124366191012677e-16
1380 5.749999999999998e-09 4.385028152882910e-18 1.124366193046900e-04 2.810915482617251e-04 5.242943325076791e-04 1.124366193046900e-16
1381 5.754166666666664e-09 4.385028160713683e-18 1.124366195054791e-04 2.810915487636976e-04 5.242943336438074e-04 1.124366195054790e-16
1382 5.758333333333331e-09 4.385028168469517e-18 1.124366197043466e-04 2.810915492608665e-04 5.242943347762349e-04 1.124366197043466e-16
1383 5.762499999999998e-09 4.385028176139307e-18 1.124366199010079e-04 2.810915497525197e-04 5.242943358790564e-04 1.124366199010079e-16
1384 5.766666666666665e-09 4.385028183731382e-18 1.124366200956765e-04 2.810915502391912e-04 5.242943369744763e-04 1.124366200956765e-16
1385 5.770833333333331e-09 4.385028191228718e-18 1.124366202879159e-04 2.810915507197897e-04 5.242943380550935e-04 1.124366202879159e-16
1386 5.774999999999998e-09 4.385028198649819e-18 1.124366204782005e-04 2.810915511955013e-04 5.242943391394112e-04 1.124366204782005e-16
1387 5.779166666666665e-09 4.385028205978770e-18 1.124366206661223e-04 2.810915516653058e-04 5.242943401978239e-04 1.124366206661223e-16
1388 5.783333333333331e-09 4.385028213222976e-18 1.124366208518712e-04 2.810915521296780e-04 5.242943412451343e-04 1.124366208518712e-16
1389 5.787499999999998e-09 4.385028220406675e-18 1.124366210360686e-04 2.810915525901715e-04 5.242943422887439e-04 1.124366210360686e-16
1390 5.791666666666665e-09 4.385028227483606e-18 1.124366212175284e-04 2.810915530438209e-04 5.242943433175506e-04 1.124366212175284e-16
1391 5.795833333333331e-09 4.385028234489298e-18 1.124366213971615e-04 2.810915534929038e-04 5.242943443315543e-04 1.124366213971615e-16
1392 5.799999999999998e-09 4.385028241408023e-18 1.124366215745647e-04 2.810915539364118e-04 5.242943453455579e-04 1.124366215745647e-16
1393 5.804166666666665e-09 4.385028248254583e-18 1.124366217501175e-04 2.810915543752938e-04 5.242943463336564e-04 1.124366217501175e-16
1394 5.808333333333332e-09 4.385028255027685e-18 1.124366219237868e-04 2.810915548094670e-04 5.242943473143535e-04 1.124366219237868e-16
1395 5.812499999999998e-09 4.385028261720109e-18 1.124366220953874e-04 2.810915552384686e-04 5.242943482839482e-04 1.124366220953874e-16
1396 5.816666666666665e-09 4.385028268330747e-18 1.124366222648909e-04 2.810915556622274e-04 5.242943492498423e-04 1.124366222648910e-16
1397 5.820833333333332e-09 4.385028274898086e-18 1.124366224332843e-04 2.810915560832106e-04 5.242943501972327e-04 1.124366224332843e-16
1398 5.824999999999998e-09 4.385028281364025e-18 1.124366225990776e-04 2.810915564976939e-04 5.242943511520244e-04 1.124366225990776e-16
1399 5.829166666666664e-09 4.385028287770937e-18 1.124366227633574e-04 2.810915569083934e-04 5.242943520846117e-04 1.124366227633574e-16
1400 5.833333333333331e-09 4.385028294099948e-18 1.124366229256397e-04 2.810915573140993e-04 5.242943529949947e-04 1.124366229256397e-16
1401 5.837499999999998e-09 4.385028300371228e-18 1.124366230864418e-04 2.810915577161044e-04 5.242943538979760e-04 1.124366230864418e-16
1402 5.841666666666664e-09 4.385028306555725e-18 1.124366232450186e-04 2.810915581125465e-04 5.242943548120596e-04 1.124366232450186e-16
1403 5.845833333333331e-09 4.385028312670464e-18 1.124366234018068e-04 2.810915585045170e-04 5.242943557039389e-04 1.124366234018068e-16
1404 5.849999999999998e-09 4.385028318729877e-18 1.124366235571763e-04 2.810915588929408e-04 5.242943565847158e-04 1.124366235571763e-16
1405 5.854166666666664e-09 4.385028324707503e-18 1.124366237104488e-04 2.810915592761220e-04 5.242943574691935e-04 1.124366237104488e-16
1406 5.858333333333331e-09 4.385028330618144e-18 1.124366238620037e-04 2.810915596550093e-04 5.242943583351674e-04 1.124366238620037e-16
1407 5.862499999999998e-09 4.385028336474200e-18 1.124366240121590e-04 2.810915600303975e-04 5.242943591826376e-04 1.124366240121590e-16
1408 5.866666666666665e-09 4.385028342259572e-18 1.124366241605019e-04 2.810915604012547e-04 5.242943600264070e-04 1.124366241605018e-16
1409 5.870833333333331e-09 4.385028347991839e-18 1.124366243074831e-04 2.810915607687077e-04 5.242943608553736e-04 1.124366243074831e-16
1410 5.874999999999998e-09 4.385028353655643e-18 1.124366244527088e-04 2.810915611317720e-04 5.242943616732379e-04 1.124366244527088e-16
1411 5.879166666666665e-09 4.385028359262823e-18 1.124366245964826e-04 2.810915614912066e-04 5.242943624800000e-04 1.124366245964826e-16
1412 5.883333333333331e-09 4.385028364792659e-18 1.124366247382733e-04 2.810915618456833e-04 5.242943632904627e-04 1.124366247382733e-16
1413 5.887499999999998e-09 4.385028370271055e-18 1.124366248787450e-04 2.810915621968625e-04 5.242943640824219e-04 1.124366248787450e-16
1414 5.891666666666665e-09 4.385028375672290e-18 1.124366250172382e-04 2.810915625430955e-04 5.242943648743809e-04 1.124366250172382e-16
1415 5.895833333333332e-09 4.385028381033927e-18 1.124366251547161e-04 2.810915628867902e-04 5.242943656404348e-04 1.124366251547161e-16
1416 5.899999999999998e-09 4.385028386337092e-18 1.124366252906947e-04 2.810915632267367e-04 5.242943664249925e-04 1.124366252906947e-16
1417 5.904166666666665e-09 4.385028391559581e-18 1.124366254246046e-04 2.810915635615116e-04 5.242943671873455e-04 1.124366254246047e-16
1418 5.908333333333332e-09 4.385028396738957e-18 1.124366255574092e-04 2.810915638935229e-04 5.242943679274943e-04 1.124366255574092e-16
1419 5.912499999999998e-09 4.385028401834510e-18 1.124366256880644e-04 2.810915642201610e-04 5.242943686750445e-04 1.124366256880644e-16
1420 5.916666666666664e-09 4.385028406879364e-18 1.124366258174196e-04 2.810915645435490e-04 5.242943694003902e-04 1.124366258174196e-16
1421 5.920833333333331e-09 4.385028411869817e-18 1.124366259453799e-04 2.810915648634499e-04 5.242943701220351e-04 1.124366259453799e-16
1422 5.924999999999998e-09 4.385028416807717e-18 1.124366260719928e-04 2.810915651799819e-04 5.242943708325780e-04 1.124366260719927e-16
1423 5.929166666666664e-09 4.385028421692699e-18 1.124366261972487e-04 2.810915654931218e-04 5.242943715431205e-04 1.124366261972487e-16
1424 5.933333333333331e-09 4.385028426533087e-18 1.124366263213612e-04 2.810915658034030e-04 5.242943722388603e-04 1.124366263213612e-16
1425 5.937499999999998e-09 4.385028431314262e-18 1.124366264439555e-04 2.810915661098886e-04 5.242943729271986e-04 1.124366264439555e-16
1426 5.941666666666664e-09 4.385028436028084e-18 1.124366265648227e-04 2.810915664120567e-04 5.242943736229384e-04 1.124366265648227e-16
1427 5.945833333333331e-09 4.385028440695647e-18 1.124366266845038e-04 2.810915667112594e-04 5.242943743038752e-04 1.124366266845037e-16
1428 5.949999999999998e-09 4.385028445315285e-18 1.124366268029560e-04 2.810915670073901e-04 5.242943749663082e-04 1.124366268029560e-16
1429 5.954166666666665e-09 4.385028449874416e-18 1.124366269198568e-04 2.810915672996421e-04 5.242943756472451e-04 1.124366269198568e-16
1430 5.958333333333331e-09 4.385028454390062e-18 1.124366270356426e-04 2.810915675891066e-04 5.242943762911743e-04 1.124366270356426e-16
1431 5.962499999999998e-09 4.385028458861301e-18 1.124366271502898e-04 2.810915678757245e-04 5.242943769462059e-04 1.124366271502898e-16
1432 5.966666666666665e-09 4.385028463277027e-18 1.124366272635135e-04 2.810915681587838e-04 5.242943775790332e-04 1.124366272635135e-16
1433 5.970833333333331e-09 4.385028467642610e-18 1.124366273754515e-04 2.810915684386289e-04 5.242943782192618e-04 1.124366273754515e-16
1434 5.974999999999998e-09 4.385028471957121e-18 1.124366274860800e-04 2.810915687152001e-04 5.242943788446873e-04 1.124366274860801e-16
1435 5.979166666666665e-09 4.385028476227410e-18 1.124366275955746e-04 2.810915689889366e-04 5.242943794553100e-04 1.124366275955746e-16
1436 5.983333333333331e-09 4.385028480453474e-18 1.124366277039352e-04 2.810915692598381e-04 5.242943800733343e-04 1.124366277039352e-16
1437 5.987499999999998e-09 4.385028484610888e-18 1.124366278105356e-04 2.810915695263390e-04 5.242943806765554e-04 1.124366278105356e-16
1438 5.991666666666665e-09 4.385028488740549e-18 1.124366279164243e-04 2.810915697910609e-04 5.242943812834772e-04 1.124366279164243e-16
1439 5.995833333333332e-09 4.385028492812661e-18 1.124366280208375e-04 2.810915700520937e-04 5.242943818792970e-04 1.124366280208375e-16
1440 5.999999999999997e-09 4.385028496861274e-18 1.124366281246481e-04 2.810915703116202e-04 5.242943824714160e-04 1.124366281246481e-16
1441 6.004166666666664e-09 4.385028500835503e-18 1.124366282265514e-04 2.810915705663785e-04 5.242943830487320e-04 1.124366282265514e-16
1442 6.008333333333331e-09 4.385028504791228e-18 1.124366283279802e-04 2.810915708199505e-04 5.242943836186464e-04 1.124366283279802e-16
1443 6.012499999999998e-09 4.385028508663685e-18 1.124366284272740e-04 2.810915710681850e-04 5.242943841737579e-04 1.124366284272740e-16
1444 6.016666666666664e-09 4.385028512510238e-18 1.124366285259035e-04 2.810915713147589e-04 5.242943847362710e-04 1.124366285259035e-16
1445 6.020833333333331e-09 4.385028516341248e-18 1.124366286241346e-04 2.810915715603364e-04 5.242943852987839e-04 1.124366286241346e-16
1446 6.024999999999998e-09 4.385028520103239e-18 1.124366287205959e-04 2.810915718014897e-04 5.242943858390925e-04 1.124366287205959e-16
1447 6.029166666666664e-09 4.385028523832663e-18 1.124366288162221e-04 2.810915720405554e-04 5.242943863757002e-04 1.124366288162221e-16
1448 6.033333333333331e-09 4.385028527534331e-18 1.124366289111367e-04 2.810915722778418e-04 5.242943869049066e-04 1.124366289111367e-16
1449 6.037499999999998e-09 4.385028531176604e-18 1.124366290045283e-04 2.810915725113208e-04 5.242943874267115e-04 1.124366290045283e-16
1450 6.041666666666665e-09 4.385028534770580e-18 1.124366290966815e-04 2.810915727417039e-04 5.242943879596183e-04 1.124366290966816e-16
1451 6.045833333333331e-09 4.385028538337911e-18 1.124366291881516e-04 2.810915729703790e-04 5.242943884740218e-04 1.124366291881516e-16
1452 6.049999999999998e-09 4.385028541853988e-18 1.124366292783074e-04 2.810915731957685e-04 5.242943889958266e-04 1.124366292783074e-16
1453 6.054166666666665e-09 4.385028545343789e-18 1.124366293677895e-04 2.810915734194737e-04 5.242943895102299e-04 1.124366293677895e-16
1454 6.058333333333331e-09 4.385028548804539e-18 1.124366294565266e-04 2.810915736413166e-04 5.242943900172319e-04 1.124366294565266e-16
1455 6.062499999999998e-09 4.385028552203487e-18 1.124366295436792e-04 2.810915738591979e-04 5.242943905094307e-04 1.124366295436791e-16
1456 6.066666666666665e-09 4.385028555586706e-18 1.124366296304284e-04 2.810915740760709e-04 5.242943910016296e-04 1.124366296304284e-16
1457 6.070833333333331e-09 4.385028558906088e-18 1.124366297155407e-04 2.810915742888518e-04 5.242943914827261e-04 1.124366297155407e-16
1458 6.074999999999998e-09 4.385028562215662e-18 1.124366298004016e-04 2.810915745010040e-04 5.242943919675236e-04 1.124366298004016e-16
1459 6.079166666666665e-09 4.385028565472502e-18 1.124366298839103e-04 2.810915747097758e-04 5.242943924264157e-04 1.124366298839103e-16
1460 6.083333333333332e-09 4.385028568692704e-18 1.124366299664796e-04 2.810915749161990e-04 5.242943929001108e-04 1.124366299664796e-16
1461 6.087499999999998e-09 4.385028571869422e-18 1.124366300479339e-04 2.810915751198348e-04 5.242943933627039e-04 1.124366300479339e-16
1462 6.091666666666664e-09 4.385028575014870e-18 1.124366301285864e-04 2.810915753214661e-04 5.242943938215960e-04 1.124366301285864e-16
1463 6.095833333333331e-09 4.385028578119978e-18 1.124366302082046e-04 2.810915755205114e-04 5.242943942693859e-04 1.124366302082046e-16
1464 6.099999999999998e-09 4.385028581217130e-18 1.124366302876187e-04 2.810915757190468e-04 5.242943947134752e-04 1.124366302876187e-16
1465 6.104166666666664e-09 4.385028584268392e-18 1.124366303658562e-04 2.810915759146405e-04 5.242943951464621e-04 1.124366303658562e-16
1466 6.108333333333331e-09 4.385028587281537e-18 1.124366304431164e-04 2.810915761077909e-04 5.242943955868506e-04 1.124366304431164e-16
1467 6.112499999999998e-09 4.385028590247499e-18 1.124366305191666e-04 2.810915762979166e-04 5.242943960198376e-04 1.124366305191666e-16
1468 6.116666666666664e-09 4.385028593178858e-18 1.124366305943297e-04 2.810915764858243e-04 5.242943964528245e-04 1.124366305943297e-16
1469 6.120833333333331e-09 4.385028596069324e-18 1.124366306684442e-04 2.810915766711105e-04 5.242943968784100e-04 1.124366306684442e-16
1470 6.124999999999998e-09 4.385028598945357e-18 1.124366307421886e-04 2.810915768554716e-04 5.242943973002947e-04 1.124366307421886e-16
1471 6.129166666666664e-09 4.385028601783086e-18 1.124366308149509e-04 2.810915770373773e-04 5.242943976999750e-04 1.124366308149509e-16
1472 6.133333333333331e-09 4.385028604581219e-18 1.124366308866979e-04 2.810915772167449e-04 5.242943981144583e-04 1.124366308866979e-16
1473 6.137499999999998e-09 4.385028607337347e-18 1.124366309573679e-04 2.810915773934197e-04 5.242943985104379e-04 1.124366309573679e-16
1474 6.141666666666665e-09 4.385028610089405e-18 1.124366310279335e-04 2.810915775698337e-04 5.242943989138189e-04 1.124366310279335e-16
1475 6.145833333333331e-09 4.385028612813152e-18 1.124366310977731e-04 2.810915777444329e-04 5.242943992949954e-04 1.124366310977731e-16
1476 6.149999999999998e-09 4.385028615497487e-18 1.124366311666022e-04 2.810915779165056e-04 5.242943996909749e-04 1.124366311666022e-16
1477 6.154166666666665e-09 4.385028618155545e-18 1.124366312347576e-04 2.810915780868939e-04 5.242944000758522e-04 1.124366312347576e-16
1478 6.158333333333331e-09 4.385028620778263e-18 1.124366313020068e-04 2.810915782550169e-04 5.242944004533282e-04 1.124366313020068e-16
1479 6.162499999999998e-09 4.385028623366747e-18 1.124366313683781e-04 2.810915784209453e-04 5.242944008419062e-04 1.124366313683781e-16
1480 6.166666666666665e-09 4.385028625934693e-18 1.124366314342229e-04 2.810915785855573e-04 5.242944012119805e-04 1.124366314342229e-16
1481 6.170833333333332e-09 4.385028628463966e-18 1.124366314990760e-04 2.810915787476901e-04 5.242944015746534e-04 1.124366314990761e-16
1482 6.174999999999998e-09 4.385028630956232e-18 1.124366315629803e-04 2.810915789074508e-04 5.242944019373262e-04 1.124366315629803e-16
1483 6.179166666666664e-09 4.385028633437950e-18 1.124366316266141e-04 2.810915790665353e-04 5.242944022888969e-04 1.124366316266141e-16
1484 6.183333333333331e-09 4.385028635906162e-18 1.124366316899016e-04 2.810915792247540e-04 5.242944026441684e-04 1.124366316899016e-16
1485 6.187499999999998e-09 4.385028638342176e-18 1.124366317523635e-04 2.810915793809087e-04 5.242944029957389e-04 1.124366317523635e-16
1486 6.191666666666664e-09 4.385028640748954e-18 1.124366318140758e-04 2.810915795351894e-04 5.242944033510103e-04 1.124366318140758e-16
1487 6.195833333333331e-09 4.385028643114099e-18 1.124366318747205e-04 2.810915796868013e-04 5.242944036988801e-04 1.124366318747205e-16
1488 6.199999999999998e-09 4.385028645469808e-18 1.124366319351233e-04 2.810915798378082e-04 5.242944040356476e-04 1.124366319351233e-16
1489 6.204166666666664e-09 4.385028647813488e-18 1.124366319952176e-04 2.810915799880441e-04 5.242944043798168e-04 1.124366319952176e-16
1490 6.208333333333331e-09 4.385028650126822e-18 1.124366320545339e-04 2.810915801363348e-04 5.242944047165846e-04 1.124366320545339e-16
1491 6.212499999999998e-09 4.385028652406296e-18 1.124366321129820e-04 2.810915802824549e-04 5.242944050570530e-04 1.124366321129820e-16
1492 6.216666666666664e-09 4.385028654666524e-18 1.124366321709365e-04 2.810915804273414e-04 5.242944053827184e-04 1.124366321709365e-16
1493 6.220833333333331e-09 4.385028656882345e-18 1.124366322277524e-04 2.810915805693811e-04 5.242944057157853e-04 1.124366322277524e-16
1494 6.224999999999998e-09 4.385028659076331e-18 1.124366322840085e-04 2.810915807100212e-04 5.242944060340492e-04 1.124366322840085e-16
1495 6.229166666666665e-09 4.385028661240340e-18 1.124366323394959e-04 2.810915808487398e-04 5.242944063523131e-04 1.124366323394959e-16
1496 6.233333333333331e-09 4.385028663378075e-18 1.124366323943096e-04 2.810915809857741e-04 5.242944066631756e-04 1.124366323943096e-16
1497 6.237499999999998e-09 4.385028665491199e-18 1.124366324484923e-04 2.810915811212307e-04 5.242944069629358e-04 1.124366324484923e-16
1498 6.241666666666665e-09 4.385028667594147e-18 1.124366325024140e-04 2.810915812560351e-04 5.242944072774990e-04 1.124366325024141e-16
1499 6.245833333333331e-09 4.385028669660457e-18 1.124366325553963e-04 2.810915813884909e-04 5.242944075809599e-04 1.124366325553963e-16
1500 6.249999999999998e-09 4.385028671712519e-18 1.124366326080133e-04 2.810915815200333e-04 5.242944078770194e-04 1.124366326080133e-16
1501 6.254166666666665e-09 4.385028673738676e-18 1.124366326599660e-04 2.810915816499152e-04 5.242944081545752e-04 1.124366326599661e-16
1502 6.258333333333331e-09 4.385028675751511e-18 1.124366327115772e-04 2.810915817789430e-04 5.242944084395325e-04 1.124366327115772e-16
1503 6.262499999999998e-09 4.385028677732333e-18 1.124366327623675e-04 2.810915819059188e-04 5.242944087318912e-04 1.124366327623675e-16
1504 6.266666666666665e-09 4.385028679692802e-18 1.124366328126360e-04 2.810915820315899e-04 5.242944090242498e-04 1.124366328126360e-16
1505 6.270833333333331e-09 4.385028681629957e-18 1.124366328623066e-04 2.810915821557665e-04 5.242944092981050e-04 1.124366328623066e-16
1506 6.274999999999997e-09 4.385028683547127e-18 1.124366329114648e-04 2.810915822786620e-04 5.242944095756607e-04 1.124366329114648e-16
1507 6.279166666666664e-09 4.385028685471698e-18 1.124366329608128e-04 2.810915824020320e-04 5.242944098458150e-04 1.124366329608128e-16
1508 6.283333333333331e-09 4.385028687349641e-18 1.124366330089652e-04 2.810915825224129e-04 5.242944101270714e-04 1.124366330089652e-16
1509 6.287499999999998e-09 4.385028689218701e-18 1.124366330568898e-04 2.810915826422244e-04 5.242944103935250e-04 1.124366330568898e-16
1510 6.291666666666664e-09 4.385028691043352e-18 1.124366331036757e-04 2.810915827591893e-04 5.242944106673800e-04 1.124366331036757e-16
1511 6.295833333333331e-09 4.385028692865968e-18 1.124366331504094e-04 2.810915828760236e-04 5.242944109375342e-04 1.124366331504095e-16
1512 6.299999999999998e-09 4.385028694658239e-18 1.124366331963651e-04 2.810915829909128e-04 5.242944112002871e-04 1.124366331963651e-16
1513 6.304166666666664e-09 4.385028696420902e-18 1.124366332415616e-04 2.810915831039040e-04 5.242944114593392e-04 1.124366332415616e-16
1514 6.308333333333331e-09 4.385028698184862e-18 1.124366332867913e-04 2.810915832169784e-04 5.242944117072889e-04 1.124366332867914e-16
1515 6.312499999999998e-09 4.385028699895715e-18 1.124366333306594e-04 2.810915833266485e-04 5.242944119552386e-04 1.124366333306594e-16
1516 6.316666666666664e-09 4.385028701603423e-18 1.124366333744468e-04 2.810915834361169e-04 5.242944122105899e-04 1.124366333744467e-16
1517 6.320833333333331e-09 4.385028703301694e-18 1.124366334179922e-04 2.810915835449804e-04 5.242944124474376e-04 1.124366334179922e-16
1518 6.324999999999998e-09 4.385028704978132e-18 1.124366334609777e-04 2.810915836524444e-04 5.242944126990881e-04 1.124366334609778e-16
1519 6.329166666666665e-09 4.385028706627738e-18 1.124366335032753e-04 2.810915837581884e-04 5.242944129544394e-04 1.124366335032753e-16
1520 6.333333333333331e-09 4.385028708271793e-18 1.124366335454306e-04 2.810915838635765e-04 5.242944132023891e-04 1.124366335454306e-16
1521 6.337499999999998e-09 4.385028709897900e-18 1.124366335871256e-04 2.810915839678141e-04 5.242944134244337e-04 1.124366335871256e-16
1522 6.341666666666665e-09 4.385028711492550e-18 1.124366336280141e-04 2.810915840700353e-04 5.242944136649822e-04 1.124366336280141e-16
1523 6.345833333333331e-09 4.385028713060001e-18 1.124366336682052e-04 2.810915841705129e-04 5.242944138907275e-04 1.124366336682052e-16
1524 6.349999999999998e-09 4.385028714611536e-18 1.124366337079881e-04 2.810915842699703e-04 5.242944141164728e-04 1.124366337079881e-16
1525 6.354166666666665e-09 4.385028716157707e-18 1.124366337476335e-04 2.810915843690839e-04 5.242944143496196e-04 1.124366337476335e-16
1526 6.358333333333331e-09 4.385028717675752e-18 1.124366337865578e-04 2.810915844663944e-04 5.242944145531605e-04 1.124366337865578e-16
1527 6.362499999999997e-09 4.385028719186025e-18 1.124366338252827e-04 2.810915845632068e-04 5.242944147863073e-04 1.124366338252827e-16
1528 6.366666666666664e-09 4.385028720671134e-18 1.124366338633624e-04 2.810915846584061e-04 5.242944150046511e-04 1.124366338633624e-16
1529 6.370833333333331e-09 4.385028722154576e-18 1.124366339013994e-04 2.810915847534985e-04 5.242944152081921e-04 1.124366339013994e-16
1530 6.374999999999998e-09 4.385028723621366e-18 1.124366339390094e-04 2.810915848475235e-04 5.242944154265360e-04 1.124366339390094e-16
1531 6.379166666666664e-09 4.385028725060586e-18 1.124366339759125e-04 2.810915849397812e-04 5.242944156337776e-04 1.124366339759125e-16
1532 6.383333333333331e-09 4.385028726477046e-18 1.124366340122319e-04 2.810915850305799e-04 5.242944158299171e-04 1.124366340122320e-16
1533 6.387499999999998e-09 4.385028727880922e-18 1.124366340482288e-04 2.810915851205720e-04 5.242944160371586e-04 1.124366340482288e-16
1534 6.391666666666664e-09 4.385028729272216e-18 1.124366340839030e-04 2.810915852097575e-04 5.242944162369988e-04 1.124366340839030e-16
1535 6.395833333333331e-09 4.385028730661846e-18 1.124366341195345e-04 2.810915852988363e-04 5.242944164294374e-04 1.124366341195345e-16
1536 6.399999999999998e-09 4.385028732025755e-18 1.124366341545065e-04 2.810915853862663e-04 5.242944166366791e-04 1.124366341545065e-16
1537 6.404166666666664e-09 4.385028733370420e-18 1.124366341889851e-04 2.810915854724629e-04 5.242944168439207e-04 1.124366341889851e-16
1538 6.408333333333331e-09 4.385028734722672e-18 1.124366342236583e-04 2.810915855591457e-04 5.242944170326585e-04 1.124366342236583e-16
1539 6.412499999999998e-09 4.385028736022002e-18 1.124366342569744e-04 2.810915856424361e-04 5.242944172102943e-04 1.124366342569744e-16
1540 6.416666666666665e-09 4.385028737311713e-18 1.124366342900439e-04 2.810915857251098e-04 5.242944173916307e-04 1.124366342900439e-16
1541 6.420833333333331e-09 4.385028738588838e-18 1.124366343227907e-04 2.810915858069768e-04 5.242944175803686e-04 1.124366343227907e-16
1542 6.424999999999998e-09 4.385028739853567e-18 1.124366343552197e-04 2.810915858880493e-04 5.242944177654057e-04 1.124366343552197e-16
1543 6.429166666666665e-09 4.385028741134024e-18 1.124366343880519e-04 2.810915859701298e-04 5.242944179541438e-04 1.124366343880519e-16
1544 6.433333333333331e-09 4.385028742394127e-18 1.124366344203622e-04 2.810915860509056e-04 5.242944181539839e-04 1.124366344203622e-16
1545 6.437499999999998e-09 4.385028743622034e-18 1.124366344518470e-04 2.810915861296176e-04 5.242944183279189e-04 1.124366344518470e-16
1546 6.441666666666665e-09 4.385028744850681e-18 1.124366344833508e-04 2.810915862083770e-04 5.242944185129559e-04 1.124366344833508e-16
1547 6.445833333333331e-09 4.385028746048427e-18 1.124366345140622e-04 2.810915862851556e-04 5.242944186794894e-04 1.124366345140622e-16
1548 6.449999999999997e-09 4.385028747236735e-18 1.124366345445317e-04 2.810915863613293e-04 5.242944188571251e-04 1.124366345445317e-16
1549 6.454166666666664e-09 4.385028748410611e-18 1.124366345746311e-04 2.810915864365777e-04 5.242944190310601e-04 1.124366345746311e-16
1550 6.458333333333331e-09 4.385028749577270e-18 1.124366346045454e-04 2.810915865113635e-04 5.242944192012941e-04 1.124366346045454e-16
1551 6.462499999999997e-09 4.385028750733569e-18 1.124366346341941e-04 2.810915865854852e-04 5.242944193715284e-04 1.124366346341941e-16
1552 6.466666666666664e-09 4.385028751881168e-18 1.124366346636197e-04 2.810915866590493e-04 5.242944195454634e-04 1.124366346636197e-16
1553 6.470833333333331e-09 4.385028753013226e-18 1.124366346926468e-04 2.810915867316171e-04 5.242944197045953e-04 1.124366346926468e-16
1554 6.474999999999998e-09 4.385028754122154e-18 1.124366347210809e-04 2.810915868027022e-04 5.242944198711289e-04 1.124366347210809e-16
1555 6.479166666666664e-09 4.385028755236077e-18 1.124366347496430e-04 2.810915868741075e-04 5.242944200154578e-04 1.124366347496430e-16
1556 6.483333333333331e-09 4.385028756339270e-18 1.124366347779300e-04 2.810915869448250e-04 5.242944201782905e-04 1.124366347779300e-16
1557 6.487499999999998e-09 4.385028757412485e-18 1.124366348054483e-04 2.810915870136208e-04 5.242944203485247e-04 1.124366348054483e-16
1558 6.491666666666664e-09 4.385028758461275e-18 1.124366348323404e-04 2.810915870808510e-04 5.242944204965545e-04 1.124366348323404e-16
1559 6.495833333333331e-09 4.385028759514322e-18 1.124366348593416e-04 2.810915871483540e-04 5.242944206445842e-04 1.124366348593416e-16
1560 6.499999999999998e-09 4.385028760556452e-18 1.124366348860629e-04 2.810915872151572e-04 5.242944207963147e-04 1.124366348860629e-16
1561 6.504166666666665e-09 4.385028761569900e-18 1.124366349120487e-04 2.810915872801218e-04 5.242944209554466e-04 1.124366349120487e-16
1562 6.508333333333331e-09 4.385028762577612e-18 1.124366349378875e-04 2.810915873447187e-04 5.242944211071771e-04 1.124366349378875e-16
1563 6.512499999999998e-09 4.385028763579403e-18 1.124366349635744e-04 2.810915874089361e-04 5.242944212515061e-04 1.124366349635744e-16
1564 6.516666666666665e-09 4.385028764565467e-18 1.124366349888581e-04 2.810915874721454e-04 5.242944213958351e-04 1.124366349888582e-16
1565 6.520833333333331e-09 4.385028765557081e-18 1.124366350142841e-04 2.810915875357104e-04 5.242944215401641e-04 1.124366350142841e-16
1566 6.524999999999998e-09 4.385028766513908e-18 1.124366350388182e-04 2.810915875970454e-04 5.242944216807924e-04 1.124366350388182e-16
1567 6.529166666666665e-09 4.385028767466294e-18 1.124366350632383e-04 2.810915876580958e-04 5.242944218177200e-04 1.124366350632383e-16
1568 6.533333333333331e-09 4.385028768414424e-18 1.124366350875494e-04 2.810915877188734e-04 5.242944219509466e-04 1.124366350875494e-16
1569 6.537499999999997e-09 4.385028769354413e-18 1.124366351116516e-04 2.810915877791291e-04 5.242944220915749e-04 1.124366351116516e-16
1570 6.541666666666664e-09 4.385028770282375e-18 1.124366351354455e-04 2.810915878386139e-04 5.242944222174002e-04 1.124366351354455e-16
1571 6.545833333333331e-09 4.385028771204045e-18 1.124366351590781e-04 2.810915878976952e-04 5.242944223580283e-04 1.124366351590781e-16
1572 6.549999999999997e-09 4.385028772122569e-18 1.124366351826300e-04 2.810915879565750e-04 5.242944224801530e-04 1.124366351826300e-16
1573 6.554166666666664e-09 4.385028773026291e-18 1.124366352058023e-04 2.810915880145059e-04 5.242944226207812e-04 1.124366352058023e-16
1574 6.558333333333331e-09 4.385028773925017e-18 1.124366352288466e-04 2.810915880721165e-04 5.242944227466064e-04 1.124366352288466e-16
1575 6.562499999999998e-09 4.385028774807829e-18 1.124366352514828e-04 2.810915881287071e-04 5.242944228798333e-04 1.124366352514828e-16
1576 6.566666666666664e-09 4.385028775679910e-18 1.124366352738438e-04 2.810915881846096e-04 5.242944229982571e-04 1.124366352738438e-16
1577 6.570833333333331e-09 4.385028776535891e-18 1.124366352957921e-04 2.810915882394803e-04 5.242944231240823e-04 1.124366352957921e-16
1578 6.574999999999998e-09 4.385028777389652e-18 1.124366353176834e-04 2.810915882942085e-04 5.242944232388055e-04 1.124366353176834e-16
1579 6.579166666666664e-09 4.385028778234348e-18 1.124366353393422e-04 2.810915883483556e-04 5.242944233683314e-04 1.124366353393422e-16
1580 6.583333333333331e-09 4.385028779067199e-18 1.124366353606974e-04 2.810915884017436e-04 5.242944234941566e-04 1.124366353606974e-16
1581 6.587499999999998e-09 4.385028779888764e-18 1.124366353817632e-04 2.810915884544080e-04 5.242944235940767e-04 1.124366353817632e-16
1582 6.591666666666664e-09 4.385028780707554e-18 1.124366354027578e-04 2.810915885068946e-04 5.242944237162013e-04 1.124366354027578e-16
1583 6.595833333333331e-09 4.385028781517277e-18 1.124366354235199e-04 2.810915885587999e-04 5.242944238346251e-04 1.124366354235199e-16
1584 6.599999999999998e-09 4.385028782317747e-18 1.124366354440448e-04 2.810915886101121e-04 5.242944239456473e-04 1.124366354440448e-16
1585 6.604166666666665e-09 4.385028783111002e-18 1.124366354643847e-04 2.810915886609617e-04 5.242944240566697e-04 1.124366354643847e-16
1586 6.608333333333331e-09 4.385028783890933e-18 1.124366354843829e-04 2.810915887109573e-04 5.242944241787941e-04 1.124366354843829e-16
1587 6.612499999999998e-09 4.385028784659393e-18 1.124366355040870e-04 2.810915887602175e-04 5.242944242861159e-04 1.124366355040870e-16
1588 6.616666666666665e-09 4.385028785416010e-18 1.124366355234874e-04 2.810915888087187e-04 5.242944243971381e-04 1.124366355234875e-16
1589 6.620833333333331e-09 4.385028786161895e-18 1.124366355426127e-04 2.810915888565318e-04 5.242944244970582e-04 1.124366355426127e-16
1590 6.624999999999997e-09 4.385028786908891e-18 1.124366355617664e-04 2.810915889044161e-04 5.242944246080805e-04 1.124366355617664e-16
1591 6.629166666666664e-09 4.385028787657366e-18 1.124366355809581e-04 2.810915889523953e-04 5.242944247080004e-04 1.124366355809581e-16
1592 6.633333333333331e-09 4.385028788393073e-18 1.124366355998224e-04 2.810915889995560e-04 5.242944248153222e-04 1.124366355998224e-16
1593 6.637499999999997e-09 4.385028789100840e-18 1.124366356179703e-04 2.810915890449257e-04 5.242944249152422e-04 1.124366356179703e-16
1594 6.641666666666664e-09 4.385028789816749e-18 1.124366356363269e-04 2.810915890908173e-04 5.242944250225637e-04 1.124366356363269e-16
1595 6.645833333333331e-09 4.385028790506567e-18 1.124366356540146e-04 2.810915891350364e-04 5.242944251187831e-04 1.124366356540145e-16
1596 6.649999999999998e-09 4.385028791181768e-18 1.124366356713274e-04 2.810915891783185e-04 5.242944252113017e-04 1.124366356713274e-16
1597 6.654166666666664e-09 4.385028791846052e-18 1.124366356883603e-04 2.810915892209008e-04 5.242944253112216e-04 1.124366356883603e-16
1598 6.658333333333331e-09 4.385028792519958e-18 1.124366357056399e-04 2.810915892640999e-04 5.242944254222440e-04 1.124366357056399e-16
1599 6.662499999999998e-09 4.385028793180169e-18 1.124366357225685e-04 2.810915893064212e-04 5.242944255258648e-04 1.124366357225685e-16
1600 6.666666666666664e-09 4.385028793845008e-18 1.124366357396156e-04 2.810915893490390e-04 5.242944256183833e-04 1.124366357396156e-16
1601 6.670833333333331e-09 4.385028794520949e-18 1.124366357569474e-04 2.810915893923685e-04 5.242944257109020e-04 1.124366357569474e-16
1602 6.674999999999998e-09 4.385028795167469e-18 1.124366357735248e-04 2.810915894338121e-04 5.242944257960190e-04 1.124366357735249e-16
1603 6.679166666666664e-09 4.385028795804552e-18 1.124366357898603e-04 2.810915894746508e-04 5.242944258885377e-04 1.124366357898603e-16
1604 6.683333333333331e-09 4.385028796444225e-18 1.124366358062622e-04 2.810915895156554e-04 5.242944259810562e-04 1.124366358062622e-16
1605 6.687499999999998e-09 4.385028797062249e-18 1.124366358221090e-04 2.810915895552725e-04 5.242944260698741e-04 1.124366358221090e-16
1606 6.691666666666665e-09 4.385028797691376e-18 1.124366358382404e-04 2.810915895956010e-04 5.242944261623926e-04 1.124366358382404e-16
1607 6.695833333333331e-09 4.385028798302739e-18 1.124366358539164e-04 2.810915896347910e-04 5.242944262475097e-04 1.124366358539164e-16
1608 6.699999999999998e-09 4.385028798921132e-18 1.124366358697726e-04 2.810915896744316e-04 5.242944263363276e-04 1.124366358697726e-16
1609 6.704166666666665e-09 4.385028799509922e-18 1.124366358848698e-04 2.810915897121745e-04 5.242944264251454e-04 1.124366358848698e-16
1610 6.708333333333331e-09 4.385028800100745e-18 1.124366359000191e-04 2.810915897500478e-04 5.242944265102626e-04 1.124366359000191e-16
1611 6.712499999999997e-09 4.385028800686758e-18 1.124366359150451e-04 2.810915897876127e-04 5.242944265990803e-04 1.124366359150451e-16
1612 6.716666666666664e-09 4.385028801254452e-18 1.124366359296013e-04 2.810915898240034e-04 5.242944266841974e-04 1.124366359296014e-16
1613 6.720833333333331e-09 4.385028801824921e-18 1.124366359442287e-04 2.810915898605719e-04 5.242944267804168e-04 1.124366359442288e-16
1614 6.724999999999997e-09 4.385028802393726e-18 1.124366359588135e-04 2.810915898970338e-04 5.242944268581324e-04 1.124366359588135e-16
1615 6.729166666666664e-09 4.385028802938660e-18 1.124366359727862e-04 2.810915899319654e-04 5.242944269432495e-04 1.124366359727862e-16
1616 6.733333333333331e-09 4.385028803485075e-18 1.124366359867968e-04 2.810915899669920e-04 5.242944270320674e-04 1.124366359867968e-16
1617 6.737499999999997e-09 4.385028804038706e-18 1.124366360009925e-04 2.810915900024812e-04 5.242944271171844e-04 1.124366360009925e-16
1618 6.741666666666664e-09 4.385028804588266e-18 1.124366360150837e-04 2.810915900377094e-04 5.242944271949000e-04 1.124366360150838e-16
1619 6.745833333333331e-09 4.385028805136161e-18 1.124366360291323e-04 2.810915900728309e-04 5.242944272911194e-04 1.124366360291324e-16
1620 6.749999999999998e-09 4.385028805678506e-18 1.124366360430386e-04 2.810915901075965e-04 5.242944273688349e-04 1.124366360430386e-16
1621 6.754166666666664e-09 4.385028806201051e-18 1.124366360564372e-04 2.810915901410930e-04 5.242944274502513e-04 1.124366360564372e-16
1622 6.758333333333331e-09 4.385028806720450e-18 1.124366360697551e-04 2.810915901743878e-04 5.242944275205655e-04 1.124366360697551e-16
1623 6.762499999999998e-09 4.385028807223011e-18 1.124366360826413e-04 2.810915902066033e-04 5.242944276056825e-04 1.124366360826413e-16
1624 6.766666666666664e-09 4.385028807725757e-18 1.124366360955322e-04 2.810915902388306e-04 5.242944276611938e-04 1.124366360955322e-16
1625 6.770833333333331e-09 4.385028808228318e-18 1.124366361084184e-04 2.810915902710461e-04 5.242944277352086e-04 1.124366361084184e-16
1626 6.774999999999998e-09 4.385028808717927e-18 1.124366361209725e-04 2.810915903024313e-04 5.242944278129242e-04 1.124366361209725e-16
1627 6.779166666666665e-09 4.385028809208090e-18 1.124366361335408e-04 2.810915903338519e-04 5.242944278906398e-04 1.124366361335408e-16
1628 6.783333333333331e-09 4.385028809702139e-18 1.124366361462087e-04 2.810915903655218e-04 5.242944279535525e-04 1.124366361462087e-16
1629 6.787499999999998e-09 4.385028810176759e-18 1.124366361583784e-04 2.810915903959461e-04 5.242944280201659e-04 1.124366361583785e-16
1630 6.791666666666665e-09 4.385028810631950e-18 1.124366361700500e-04 2.810915904251250e-04 5.242944280867792e-04 1.124366361700500e-16
1631 6.795833333333331e-09 4.385028811081406e-18 1.124366361815745e-04 2.810915904539363e-04 5.242944281607941e-04 1.124366361815745e-16
1632 6.799999999999998e-09 4.385028811527160e-18 1.124366361930041e-04 2.810915904825103e-04 5.242944282237067e-04 1.124366361930041e-16
1633 6.804166666666664e-09 4.385028812001780e-18 1.124366362051739e-04 2.810915905129347e-04 5.242944282866194e-04 1.124366362051739e-16
1634 6.808333333333331e-09 4.385028812456232e-18 1.124366362168265e-04 2.810915905420662e-04 5.242944283458313e-04 1.124366362168265e-16
1635 6.812499999999997e-09 4.385028812895695e-18 1.124366362280948e-04 2.810915905702369e-04 5.242944284161454e-04 1.124366362280948e-16
1636 6.816666666666664e-09 4.385028813334603e-18 1.124366362393488e-04 2.810915905983720e-04 5.242944284864595e-04 1.124366362393488e-16
1637 6.820833333333331e-09 4.385028813786094e-18 1.124366362509255e-04 2.810915906273138e-04 5.242944285382700e-04 1.124366362509255e-16
1638 6.824999999999997e-09 4.385028814218156e-18 1.124366362620040e-04 2.810915906550101e-04 5.242944286011825e-04 1.124366362620040e-16
1639 6.829166666666664e-09 4.385028814632454e-18 1.124366362726270e-04 2.810915906815676e-04 5.242944286714966e-04 1.124366362726270e-16
1640 6.833333333333331e-09 4.385028815036575e-18 1.124366362829891e-04 2.810915907074728e-04 5.242944287270079e-04 1.124366362829891e-16
1641 6.837499999999998e-09 4.385028815434775e-18 1.124366362931994e-04 2.810915907329985e-04 5.242944287862197e-04 1.124366362931994e-16
1642 6.841666666666664e-09 4.385028815839821e-18 1.124366363035852e-04 2.810915907589629e-04 5.242944288528330e-04 1.124366363035852e-16
1643 6.845833333333331e-09 4.385028816244868e-18 1.124366363139710e-04 2.810915907849275e-04 5.242944289268479e-04 1.124366363139710e-16
1644 6.849999999999998e-09 4.385028816660276e-18 1.124366363246225e-04 2.810915908115562e-04 5.242944289749576e-04 1.124366363246225e-16
1645 6.854166666666664e-09 4.385028817048114e-18 1.124366363345670e-04 2.810915908364176e-04 5.242944290267680e-04 1.124366363345670e-16
1646 6.858333333333331e-09 4.385028817427811e-18 1.124366363443028e-04 2.810915908607572e-04 5.242944290785785e-04 1.124366363443028e-16
1647 6.862499999999998e-09 4.385028817806952e-18 1.124366363540244e-04 2.810915908850611e-04 5.242944291340896e-04 1.124366363540244e-16
1648 6.866666666666664e-09 4.385028818203116e-18 1.124366363641825e-04 2.810915909104562e-04 5.242944291970022e-04 1.124366363641825e-16
1649 6.870833333333331e-09 4.385028818584293e-18 1.124366363739562e-04 2.810915909348906e-04 5.242944292488126e-04 1.124366363739562e-16
1650 6.874999999999998e-09 4.385028818952147e-18 1.124366363833884e-04 2.810915909584710e-04 5.242944293080245e-04 1.124366363833884e-16
1651 6.879166666666665e-09 4.385028819327218e-18 1.124366363930056e-04 2.810915909825140e-04 5.242944293709372e-04 1.124366363930056e-16
1652 6.883333333333331e-09 4.385028819694331e-18 1.124366364024187e-04 2.810915910060469e-04 5.242944294190469e-04 1.124366364024187e-16
1653 6.887499999999998e-09 4.385028820060334e-18 1.124366364118035e-04 2.810915910295087e-04 5.242944294708572e-04 1.124366364118035e-16
1654 6.891666666666664e-09 4.385028820424303e-18 1.124366364211360e-04 2.810915910528399e-04 5.242944295115655e-04 1.124366364211360e-16
1655 6.895833333333331e-09 4.385028820762551e-18 1.124366364298090e-04 2.810915910745225e-04 5.242944295707774e-04 1.124366364298090e-16
1656 6.899999999999997e-09 4.385028821105795e-18 1.124366364386101e-04 2.810915910965253e-04 5.242944296225877e-04 1.124366364386101e-16
1657 6.904166666666664e-09 4.385028821454034e-18 1.124366364475393e-04 2.810915911188484e-04 5.242944296669968e-04 1.124366364475393e-16
1658 6.908333333333331e-09 4.385028821808751e-18 1.124366364566347e-04 2.810915911415867e-04 5.242944297225078e-04 1.124366364566347e-16
1659 6.912499999999997e-09 4.385028822156436e-18 1.124366364655496e-04 2.810915911638741e-04 5.242944297706176e-04 1.124366364655496e-16
1660 6.916666666666664e-09 4.385028822493943e-18 1.124366364742037e-04 2.810915911855092e-04 5.242944298224279e-04 1.124366364742037e-16
1661 6.920833333333331e-09 4.385028822828490e-18 1.124366364827818e-04 2.810915912069546e-04 5.242944298631361e-04 1.124366364827818e-16
1662 6.924999999999997e-09 4.385028823171734e-18 1.124366364915829e-04 2.810915912289574e-04 5.242944299186473e-04 1.124366364915830e-16
1663 6.929166666666664e-09 4.385028823474826e-18 1.124366364993545e-04 2.810915912483863e-04 5.242944299704577e-04 1.124366364993545e-16
1664 6.933333333333331e-09 4.385028823788463e-18 1.124366365073965e-04 2.810915912684913e-04 5.242944300148667e-04 1.124366365073965e-16
1665 6.937499999999998e-09 4.385028824099326e-18 1.124366365153673e-04 2.810915912884184e-04 5.242944300555748e-04 1.124366365153673e-16
1666 6.941666666666664e-09 4.385028824409633e-18 1.124366365233239e-04 2.810915913083098e-04 5.242944300999838e-04 1.124366365233239e-16
1667 6.945833333333331e-09 4.385028824735484e-18 1.124366365316791e-04 2.810915913291977e-04 5.242944301591956e-04 1.124366365316791e-16
1668 6.949999999999998e-09 4.385028825043570e-18 1.124366365395787e-04 2.810915913489468e-04 5.242944301888015e-04 1.124366365395787e-16
1669 6.954166666666664e-09 4.385028825330378e-18 1.124366365469328e-04 2.810915913673320e-04 5.242944302480133e-04 1.124366365469328e-16
1670 6.958333333333331e-09 4.385028825632914e-18 1.124366365546901e-04 2.810915913867253e-04 5.242944302776193e-04 1.124366365546901e-16
1671 6.962499999999998e-09 4.385028825893446e-18 1.124366365613704e-04 2.810915914034261e-04 5.242944303368313e-04 1.124366365613704e-16
1672 6.966666666666665e-09 4.385028826186915e-18 1.124366365688953e-04 2.810915914222381e-04 5.242944303738387e-04 1.124366365688953e-16
1673 6.970833333333331e-09 4.385028826470762e-18 1.124366365761734e-04 2.810915914404335e-04 5.242944304219483e-04 1.124366365761734e-16
1674 6.974999999999998e-09 4.385028826747393e-18 1.124366365832665e-04 2.810915914581662e-04 5.242944304552550e-04 1.124366365832665e-16
1675 6.979166666666664e-09 4.385028827019583e-18 1.124366365902457e-04 2.810915914756143e-04 5.242944304996640e-04 1.124366365902457e-16
1676 6.983333333333331e-09 4.385028827301394e-18 1.124366365974717e-04 2.810915914936791e-04 5.242944305329707e-04 1.124366365974717e-16
1677 6.987499999999997e-09 4.385028827575064e-18 1.124366366044888e-04 2.810915915112221e-04 5.242944305699781e-04 1.124366366044888e-16
1678 6.991666666666664e-09 4.385028827847438e-18 1.124366366114728e-04 2.810915915286820e-04 5.242944306143870e-04 1.124366366114728e-16
1679 6.995833333333331e-09 4.385028828113707e-18 1.124366366183002e-04 2.810915915457505e-04 5.242944306476937e-04 1.124366366183002e-16
1680 6.999999999999997e-09 4.385028828375720e-18 1.124366366250185e-04 2.810915915625462e-04 5.242944306921026e-04 1.124366366250185e-16
1681 7.004166666666664e-09 4.385028828623670e-18 1.124366366313762e-04 2.810915915784404e-04 5.242944307217085e-04 1.124366366313762e-16
1682 7.008333333333331e-09 4.385028828865144e-18 1.124366366375678e-04 2.810915915939195e-04 5.242944307587162e-04 1.124366366375678e-16
1683 7.012499999999997e-09 4.385028829118645e-18 1.124366366440678e-04 2.810915916101696e-04 5.242944308031250e-04 1.124366366440678e-16
1684 7.016666666666664e-09 4.385028829367519e-18 1.124366366504492e-04 2.810915916261231e-04 5.242944308253294e-04 1.124366366504492e-16
1685 7.020833333333331e-09 4.385028829610473e-18 1.124366366566788e-04 2.810915916416970e-04 5.242944308623368e-04 1.124366366566788e-16
1686 7.024999999999998e-09 4.385028829863419e-18 1.124366366631646e-04 2.810915916579115e-04 5.242944308919428e-04 1.124366366631646e-16
1687 7.029166666666664e-09 4.385028830114330e-18 1.124366366695982e-04 2.810915916739955e-04 5.242944309252494e-04 1.124366366695982e-16
1688 7.033333333333331e-09 4.385028830355063e-18 1.124366366757709e-04 2.810915916894272e-04 5.242944309733592e-04 1.124366366757709e-16
1689 7.037499999999998e-09 4.385028830588395e-18 1.124366366817537e-04 2.810915917043844e-04 5.242944310029650e-04 1.124366366817537e-16
1690 7.041666666666664e-09 4.385028830826168e-18 1.124366366878505e-04 2.810915917196262e-04 5.242944310399724e-04 1.124366366878505e-16
1691 7.045833333333331e-09 4.385028831049692e-18 1.124366366935819e-04 2.810915917339547e-04 5.242944310732793e-04 1.124366366935819e-16
1692 7.049999999999998e-09 4.385028831290610e-18 1.124366366997592e-04 2.810915917493981e-04 5.242944311102866e-04 1.124366366997592e-16
1693 7.054166666666664e-09 4.385028831505439e-18 1.124366367052677e-04 2.810915917631692e-04 5.242944311435934e-04 1.124366367052677e-16
1694 7.058333333333331e-09 4.385028831721748e-18 1.124366367108141e-04 2.810915917770352e-04 5.242944311694986e-04 1.124366367108141e-16
1695 7.062499999999998e-09 4.385028831937501e-18 1.124366367163462e-04 2.810915917908655e-04 5.242944312139075e-04 1.124366367163462e-16
1696 7.066666666666664e-09 4.385028832156030e-18 1.124366367219495e-04 2.810915918048737e-04 5.242944312398126e-04 1.124366367219495e-16
1697 7.070833333333330e-09 4.385028832379369e-18 1.124366367276761e-04 2.810915918191904e-04 5.242944312694185e-04 1.124366367276761e-16
1698 7.074999999999997e-09 4.385028832598637e-18 1.124366367332984e-04 2.810915918332460e-04 5.242944313064260e-04 1.124366367332984e-16
1699 7.079166666666664e-09 4.385028832805325e-18 1.124366367385981e-04 2.810915918464952e-04 5.242944313360319e-04 1.124366367385981e-16
1700 7.083333333333331e-09 4.385028833004610e-18 1.124366367437080e-04 2.810915918592699e-04 5.242944313619372e-04 1.124366367437080e-16
1701 7.087499999999997e-09 4.385028833225545e-18 1.124366367493729e-04 2.810915918734324e-04 5.242944313989447e-04 1.124366367493730e-16
1702 7.091666666666664e-09 4.385028833409472e-18 1.124366367540890e-04 2.810915918852226e-04 5.242944314211490e-04 1.124366367540890e-16
1703 7.095833333333331e-09 4.385028833598580e-18 1.124366367589379e-04 2.810915918973449e-04 5.242944314544557e-04 1.124366367589379e-16
1704 7.099999999999997e-09 4.385028833805821e-18 1.124366367642518e-04 2.810915919106296e-04 5.242944314840617e-04 1.124366367642518e-16
1705 7.104166666666664e-09 4.385028834010287e-18 1.124366367694945e-04 2.810915919237364e-04 5.242944315136676e-04 1.124366367694946e-16
1706 7.108333333333331e-09 4.385028834218269e-18 1.124366367748274e-04 2.810915919370686e-04 5.242944315321712e-04 1.124366367748274e-16
1707 7.112499999999998e-09 4.385028834413298e-18 1.124366367798282e-04 2.810915919495704e-04 5.242944315654781e-04 1.124366367798282e-16
1708 7.116666666666664e-09 4.385028834605551e-18 1.124366367847577e-04 2.810915919618943e-04 5.242944315987848e-04 1.124366367847577e-16
1709 7.120833333333331e-09 4.385028834798176e-18 1.124366367896968e-04 2.810915919742421e-04 5.242944316209892e-04 1.124366367896968e-16
1710 7.124999999999998e-09 4.385028834972851e-18 1.124366367941757e-04 2.810915919854392e-04 5.242944316468944e-04 1.124366367941757e-16
1711 7.129166666666664e-09 4.385028835147896e-18 1.124366367986640e-04 2.810915919966600e-04 5.242944316876026e-04 1.124366367986640e-16
1712 7.133333333333331e-09 4.385028835318870e-18 1.124366368030480e-04 2.810915920076199e-04 5.242944317061062e-04 1.124366368030480e-16
1713 7.137499999999998e-09 4.385028835496320e-18 1.124366368075980e-04 2.810915920189949e-04 5.242944317357122e-04 1.124366368075979e-16
1714 7.141666666666664e-09 4.385028835666555e-18 1.124366368119630e-04 2.810915920299074e-04 5.242944317579168e-04 1.124366368119630e-16
1715 7.145833333333331e-09 4.385028835846966e-18 1.124366368165889e-04 2.810915920414722e-04 5.242944317764205e-04 1.124366368165889e-16
1716 7.149999999999998e-09 4.385028836013870e-18 1.124366368208685e-04 2.810915920521712e-04 5.242944318023256e-04 1.124366368208685e-16
1717 7.154166666666665e-09 4.385028836175777e-18 1.124366368250199e-04 2.810915920625498e-04 5.242944318282309e-04 1.124366368250199e-16
1718 7.158333333333330e-09 4.385028836341755e-18 1.124366368292758e-04 2.810915920731894e-04 5.242944318578368e-04 1.124366368292758e-16
1719 7.162499999999997e-09 4.385028836525867e-18 1.124366368339966e-04 2.810915920849915e-04 5.242944318837420e-04 1.124366368339966e-16
1720 7.166666666666664e-09 4.385028836702393e-18 1.124366368385229e-04 2.810915920963073e-04 5.242944319096473e-04 1.124366368385229e-16
1721 7.170833333333331e-09 4.385028836867631e-18 1.124366368427598e-04 2.810915921068995e-04 5.242944319318516e-04 1.124366368427598e-16
1722 7.174999999999997e-09 4.385028837021767e-18 1.124366368467120e-04 2.810915921167799e-04 5.242944319614575e-04 1.124366368467120e-16
1723 7.179166666666664e-09 4.385028837169982e-18 1.124366368505124e-04 2.810915921262809e-04 5.242944319836621e-04 1.124366368505124e-16
1724 7.183333333333331e-09 4.385028837312275e-18 1.124366368541609e-04 2.810915921354023e-04 5.242944320095674e-04 1.124366368541609e-16
1725 7.187499999999997e-09 4.385028837470667e-18 1.124366368582222e-04 2.810915921455556e-04 5.242944320317718e-04 1.124366368582222e-16
1726 7.191666666666664e-09 4.385028837611850e-18 1.124366368618423e-04 2.810915921546058e-04 5.242944320465746e-04 1.124366368618423e-16
1727 7.195833333333331e-09 4.385028837748593e-18 1.124366368653485e-04 2.810915921633714e-04 5.242944320613777e-04 1.124366368653485e-16
1728 7.199999999999997e-09 4.385028837869977e-18 1.124366368684610e-04 2.810915921711524e-04 5.242944320872829e-04 1.124366368684610e-16
1729 7.204166666666664e-09 4.385028837993582e-18 1.124366368716303e-04 2.810915921790758e-04 5.242944321242903e-04 1.124366368716303e-16
1730 7.208333333333331e-09 4.385028838133655e-18 1.124366368752219e-04 2.810915921880549e-04 5.242944321390932e-04 1.124366368752219e-16
1731 7.212499999999998e-09 4.385028838289086e-18 1.124366368792074e-04 2.810915921980184e-04 5.242944321575971e-04 1.124366368792074e-16
1732 7.216666666666664e-09 4.385028838447108e-18 1.124366368832592e-04 2.810915922081480e-04 5.242944321761007e-04 1.124366368832592e-16
1733 7.220833333333331e-09 4.385028838604020e-18 1.124366368872826e-04 2.810915922182065e-04 5.242944321983053e-04 1.124366368872826e-16
1734 7.224999999999998e-09 4.385028838762042e-18 1.124366368913344e-04 2.810915922283361e-04 5.242944322131082e-04 1.124366368913344e-16
1735 7.229166666666664e-09 4.385028838903040e-18 1.124366368949497e-04 2.810915922373744e-04 5.242944322353126e-04 1.124366368949497e-16
1736 7.233333333333331e-09 4.385028839052180e-18 1.124366368987739e-04 2.810915922469346e-04 5.242944322612177e-04 1.124366368987738e-16
1737 7.237499999999998e-09 4.385028839202245e-18 1.124366369026217e-04 2.810915922565542e-04 5.242944322834223e-04 1.124366369026217e-16
1738 7.241666666666665e-09 4.385028839337876e-18 1.124366369060994e-04 2.810915922652485e-04 5.242944322982253e-04 1.124366369060994e-16
1739 7.245833333333330e-09 4.385028839461851e-18 1.124366369092783e-04 2.810915922731956e-04 5.242944323204297e-04 1.124366369092782e-16
1740 7.249999999999997e-09 4.385028839586196e-18 1.124366369124666e-04 2.810915922811665e-04 5.242944323463349e-04 1.124366369124666e-16
1741 7.254166666666664e-09 4.385028839701660e-18 1.124366369154272e-04 2.810915922885680e-04 5.242944323611379e-04 1.124366369154272e-16
1742 7.258333333333330e-09 4.385028839811573e-18 1.124366369182455e-04 2.810915922956137e-04 5.242944323833424e-04 1.124366369182455e-16
1743 7.262499999999997e-09 4.385028839921669e-18 1.124366369210685e-04 2.810915923026712e-04 5.242944323944446e-04 1.124366369210684e-16
1744 7.266666666666664e-09 4.385028840038429e-18 1.124366369240623e-04 2.810915923101557e-04 5.242944324055468e-04 1.124366369240623e-16
1745 7.270833333333331e-09 4.385028840160922e-18 1.124366369272031e-04 2.810915923180079e-04 5.242944324351527e-04 1.124366369272031e-16
1746 7.274999999999997e-09 4.385028840279531e-18 1.124366369302444e-04 2.810915923256110e-04 5.242944324499557e-04 1.124366369302444e-16
1747 7.279166666666664e-09 4.385028840395920e-18 1.124366369332287e-04 2.810915923330719e-04 5.242944324721602e-04 1.124366369332288e-16
1748 7.283333333333331e-09 4.385028840498800e-18 1.124366369358667e-04 2.810915923396667e-04 5.242944324795616e-04 1.124366369358667e-16
1749 7.287499999999997e-09 4.385028840611303e-18 1.124366369387514e-04 2.810915923468784e-04 5.242944325017661e-04 1.124366369387514e-16
1750 7.291666666666664e-09 4.385028840713442e-18 1.124366369413703e-04 2.810915923534258e-04 5.242944325239707e-04 1.124366369413703e-16
1751 7.295833333333331e-09 4.385028840820949e-18 1.124366369441269e-04 2.810915923603173e-04 5.242944325387736e-04 1.124366369441269e-16
1752 7.299999999999998e-09 4.385028840937153e-18 1.124366369471065e-04 2.810915923677662e-04 5.242944325498758e-04 1.124366369471065e-16
1753 7.304166666666664e-09 4.385028841048731e-18 1.124366369499675e-04 2.810915923749187e-04 5.242944325646789e-04 1.124366369499675e-16
1754 7.308333333333331e-09 4.385028841149206e-18 1.124366369525438e-04 2.810915923813594e-04 5.242944325831825e-04 1.124366369525438e-16
1755 7.312499999999998e-09 4.385028841257453e-18 1.124366369553193e-04 2.810915923882983e-04 5.242944326053869e-04 1.124366369553193e-16
1756 7.316666666666664e-09 4.385028841364589e-18 1.124366369580664e-04 2.810915923951660e-04 5.242944326127885e-04 1.124366369580664e-16
1757 7.320833333333331e-09 4.385028841479683e-18 1.124366369610175e-04 2.810915924025438e-04 5.242944326275914e-04 1.124366369610175e-16
1758 7.324999999999998e-09 4.385028841584969e-18 1.124366369637172e-04 2.810915924092929e-04 5.242944326386936e-04 1.124366369637171e-16
1759 7.329166666666664e-09 4.385028841681188e-18 1.124366369661843e-04 2.810915924154608e-04 5.242944326497960e-04 1.124366369661843e-16
1760 7.333333333333331e-09 4.385028841783328e-18 1.124366369688033e-04 2.810915924220082e-04 5.242944326682995e-04 1.124366369688033e-16
1761 7.337499999999997e-09 4.385028841877142e-18 1.124366369712088e-04 2.810915924280220e-04 5.242944326794019e-04 1.124366369712088e-16
1762 7.341666666666664e-09 4.385028841960594e-18 1.124366369733486e-04 2.810915924333714e-04 5.242944327016063e-04 1.124366369733485e-16
1763 7.345833333333330e-09 4.385028842050706e-18 1.124366369756591e-04 2.810915924391479e-04 5.242944327090079e-04 1.124366369756591e-16
1764 7.349999999999997e-09 4.385028842126942e-18 1.124366369776139e-04 2.810915924440348e-04 5.242944327386137e-04 1.124366369776139e-16
1765 7.354166666666664e-09 4.385028842214280e-18 1.124366369798533e-04 2.810915924496333e-04 5.242944327460151e-04 1.124366369798533e-16
1766 7.358333333333331e-09 4.385028842290885e-18 1.124366369818176e-04 2.810915924545439e-04 5.242944327571174e-04 1.124366369818176e-16
1767 7.362499999999997e-09 4.385028842377297e-18 1.124366369840333e-04 2.810915924600832e-04 5.242944327608182e-04 1.124366369840333e-16
1768 7.366666666666664e-09 4.385028842467781e-18 1.124366369863534e-04 2.810915924658835e-04 5.242944327867234e-04 1.124366369863534e-16
1769 7.370833333333331e-09 4.385028842554564e-18 1.124366369885786e-04 2.810915924714464e-04 5.242944328089279e-04 1.124366369885786e-16
1770 7.374999999999997e-09 4.385028842626543e-18 1.124366369904242e-04 2.810915924760605e-04 5.242944328126286e-04 1.124366369904242e-16
1771 7.379166666666664e-09 4.385028842701853e-18 1.124366369923552e-04 2.810915924808881e-04 5.242944328311324e-04 1.124366369923552e-16
1772 7.383333333333331e-09 4.385028842775683e-18 1.124366369942483e-04 2.810915924856207e-04 5.242944328385339e-04 1.124366369942483e-16
1773 7.387499999999997e-09 4.385028842856359e-18 1.124366369963169e-04 2.810915924907923e-04 5.242944328496361e-04 1.124366369963169e-16
1774 7.391666666666664e-09 4.385028842938515e-18 1.124366369984235e-04 2.810915924960587e-04 5.242944328607384e-04 1.124366369984235e-16
1775 7.395833333333331e-09 4.385028843024742e-18 1.124366370006344e-04 2.810915925015861e-04 5.242944328792420e-04 1.124366370006344e-16
1776 7.399999999999998e-09 4.385028843118372e-18 1.124366370030352e-04 2.810915925075880e-04 5.242944328866435e-04 1.124366370030352e-16
1777 7.404166666666664e-09 4.385028843206449e-18 1.124366370052936e-04 2.810915925132340e-04 5.242944329088479e-04 1.124366370052936e-16
1778 7.408333333333331e-09 4.385028843288975e-18 1.124366370074096e-04 2.810915925185241e-04 5.242944329088479e-04 1.124366370074096e-16
1779 7.412499999999998e-09 4.385028843366506e-18 1.124366370093976e-04 2.810915925234941e-04 5.242944329125487e-04 1.124366370093976e-16
1780 7.416666666666664e-09 4.385028843440706e-18 1.124366370113002e-04 2.810915925282504e-04 5.242944329162495e-04 1.124366370113002e-16
1781 7.420833333333331e-09 4.385028843505099e-18 1.124366370129513e-04 2.810915925323782e-04 5.242944329236509e-04 1.124366370129513e-16
1782 7.424999999999997e-09 4.385028843570047e-18 1.124366370146166e-04 2.810915925365415e-04 5.242944329347532e-04 1.124366370146166e-16
1783 7.429166666666664e-09 4.385028843640916e-18 1.124366370164337e-04 2.810915925410844e-04 5.242944329458555e-04 1.124366370164337e-16
1784 7.433333333333330e-09 4.385028843712341e-18 1.124366370182652e-04 2.810915925456630e-04 5.242944329680599e-04 1.124366370182652e-16
1785 7.437499999999997e-09 4.385028843779694e-18 1.124366370199922e-04 2.810915925499804e-04 5.242944329791621e-04 1.124366370199922e-16
1786 7.441666666666664e-09 4.385028843847604e-18 1.124366370217334e-04 2.810915925543336e-04 5.242944330050673e-04 1.124366370217335e-16
1787 7.445833333333331e-09 4.385028843912182e-18 1.124366370233893e-04 2.810915925584732e-04 5.242944330124687e-04 1.124366370233893e-16
1788 7.449999999999997e-09 4.385028843973982e-18 1.124366370249739e-04 2.810915925624348e-04 5.242944330124687e-04 1.124366370249739e-16
1789 7.454166666666665e-09 4.385028844033380e-18 1.124366370264969e-04 2.810915925662424e-04 5.242944330161696e-04 1.124366370264969e-16
1790 7.458333333333331e-09 4.385028844089262e-18 1.124366370279298e-04 2.810915925698245e-04 5.242944330198703e-04 1.124366370279298e-16
1791 7.462499999999998e-09 4.385028844152174e-18 1.124366370295429e-04 2.810915925738574e-04 5.242944330235710e-04 1.124366370295429e-16
1792 7.466666666666664e-09 4.385028844216752e-18 1.124366370311988e-04 2.810915925779969e-04 5.242944330309725e-04 1.124366370311988e-16
1793 7.470833333333330e-09 4.385028844282996e-18 1.124366370328973e-04 2.810915925822434e-04 5.242944330494762e-04 1.124366370328974e-16
1794 7.474999999999997e-09 4.385028844346648e-18 1.124366370345294e-04 2.810915925863237e-04 5.242944330568777e-04 1.124366370345295e-16
1795 7.479166666666663e-09 4.385028844417703e-18 1.124366370363514e-04 2.810915925908784e-04 5.242944330716805e-04 1.124366370363514e-16
1796 7.483333333333331e-09 4.385028844497453e-18 1.124366370383962e-04 2.810915925959906e-04 5.242944330790821e-04 1.124366370383962e-16
1797 7.487499999999997e-09 4.385028844574244e-18 1.124366370403652e-04 2.810915926009131e-04 5.242944330938851e-04 1.124366370403652e-16
1798 7.491666666666664e-09 4.385028844642708e-18 1.124366370421207e-04 2.810915926053018e-04 5.242944331012865e-04 1.124366370421207e-16
1799 7.495833333333330e-09 4.385028844710987e-18 1.124366370438714e-04 2.810915926096786e-04 5.242944331049872e-04 1.124366370438715e-16
1800 7.499999999999998e-09 4.385028844768718e-18 1.124366370453518e-04 2.810915926133794e-04 5.242944331086881e-04 1.124366370453517e-16
1801 7.504166666666664e-09 4.385028844833481e-18 1.124366370470123e-04 2.810915926175309e-04 5.242944331123889e-04 1.124366370470124e-16
1802 7.508333333333331e-09 4.385028844883441e-18 1.124366370482934e-04 2.810915926207334e-04 5.242944331123887e-04 1.124366370482934e-16
1803 7.512499999999997e-09 4.385028844949684e-18 1.124366370499919e-04 2.810915926249798e-04 5.242944331197903e-04 1.124366370499919e-16
1804 7.516666666666664e-09 4.385028845005566e-18 1.124366370514248e-04 2.810915926285620e-04 5.242944331382939e-04 1.124366370514248e-16
1805 7.520833333333330e-09 4.385028845068293e-18 1.124366370530331e-04 2.810915926325829e-04 5.242944331567977e-04 1.124366370530332e-16
1806 7.524999999999998e-09 4.385028845129356e-18 1.124366370545989e-04 2.810915926364972e-04 5.242944331716007e-04 1.124366370545989e-16
1807 7.529166666666664e-09 4.385028845201519e-18 1.124366370564492e-04 2.810915926411230e-04 5.242944331790022e-04 1.124366370564492e-16
1808 7.533333333333331e-09 4.385028845245189e-18 1.124366370575689e-04 2.810915926439224e-04 5.242944331790022e-04 1.124366370575689e-16
1809 7.537499999999997e-09 4.385028845306251e-18 1.124366370591346e-04 2.810915926478366e-04 5.242944331790022e-04 1.124366370591347e-16
1810 7.541666666666665e-09 4.385028845353251e-18 1.124366370603398e-04 2.810915926508495e-04 5.242944331827029e-04 1.124366370603398e-16
1811 7.545833333333331e-09 4.385028845405616e-18 1.124366370616825e-04 2.810915926542062e-04 5.242944331864037e-04 1.124366370616825e-16
1812 7.549999999999998e-09 4.385028845453725e-18 1.124366370629160e-04 2.810915926572901e-04 5.242944331938052e-04 1.124366370629160e-16
1813 7.554166666666664e-09 4.385028845494804e-18 1.124366370639693e-04 2.810915926599234e-04 5.242944331975060e-04 1.124366370639693e-16
1814 7.558333333333330e-09 4.385028845543099e-18 1.124366370652077e-04 2.810915926630192e-04 5.242944332012067e-04 1.124366370652077e-16
1815 7.562499999999997e-09 4.385028845591393e-18 1.124366370664460e-04 2.810915926661150e-04 5.242944332086081e-04 1.124366370664460e-16
1816 7.566666666666663e-09 4.385028845648570e-18 1.124366370679121e-04 2.810915926697802e-04 5.242944332234112e-04 1.124366370679121e-16
1817 7.570833333333331e-09 4.385028845700380e-18 1.124366370692405e-04 2.810915926731013e-04 5.242944332308127e-04 1.124366370692405e-16
1818 7.574999999999997e-09 4.385028845751821e-18 1.124366370705595e-04 2.810915926763988e-04 5.242944332382141e-04 1.124366370705595e-16
1819 7.579166666666664e-09 4.385028845795304e-18 1.124366370716745e-04 2.810915926791862e-04 5.242944332493163e-04 1.124366370716745e-16
1820 7.583333333333330e-09 4.385028845840083e-18 1.124366370728226e-04 2.810915926820567e-04 5.242944332567178e-04 1.124366370728226e-16
1821 7.587499999999998e-09 4.385028845884862e-18 1.124366370739708e-04 2.810915926849271e-04 5.242944332678201e-04 1.124366370739708e-16
1822 7.591666666666664e-09 4.385028845928716e-18 1.124366370750953e-04 2.810915926877382e-04 5.242944332678200e-04 1.124366370750953e-16
1823 7.595833333333331e-09 4.385028845974975e-18 1.124366370762814e-04 2.810915926907036e-04 5.242944332678201e-04 1.124366370762814e-16
1824 7.599999999999997e-09 4.385028846016423e-18 1.124366370773442e-04 2.810915926933605e-04 5.242944332752216e-04 1.124366370773442e-16
1825 7.604166666666664e-09 4.385028846068235e-18 1.124366370786727e-04 2.810915926966817e-04 5.242944332826230e-04 1.124366370786727e-16
1826 7.608333333333330e-09 4.385028846105056e-18 1.124366370796168e-04 2.810915926990421e-04 5.242944332863237e-04 1.124366370796168e-16
1827 7.612499999999998e-09 4.385028846155016e-18 1.124366370808979e-04 2.810915927022447e-04 5.242944332826230e-04 1.124366370808979e-16
1828 7.616666666666664e-09 4.385028846190359e-18 1.124366370818041e-04 2.810915927045102e-04 5.242944332900243e-04 1.124366370818041e-16
1829 7.620833333333331e-09 4.385028846230141e-18 1.124366370828241e-04 2.810915927070603e-04 5.242944332937252e-04 1.124366370828241e-16
1830 7.624999999999997e-09 4.385028846266965e-18 1.124366370837683e-04 2.810915927094208e-04 5.242944333048274e-04 1.124366370837683e-16
1831 7.629166666666665e-09 4.385028846307672e-18 1.124366370848121e-04 2.810915927120303e-04 5.242944333122289e-04 1.124366370848121e-16
1832 7.633333333333331e-09 4.385028846347270e-18 1.124366370858274e-04 2.810915927145686e-04 5.242944333159297e-04 1.124366370858274e-16
1833 7.637499999999998e-09 4.385028846385942e-18 1.124366370868190e-04 2.810915927170476e-04 5.242944333270319e-04 1.124366370868190e-16
1834 7.641666666666664e-09 4.385028846434977e-18 1.124366370880764e-04 2.810915927201909e-04 5.242944333307328e-04 1.124366370880764e-16
1835 7.645833333333330e-09 4.385028846480127e-18 1.124366370892340e-04 2.810915927230851e-04 5.242944333566378e-04 1.124366370892340e-16
1836 7.649999999999997e-09 4.385028846524906e-18 1.124366370903822e-04 2.810915927259555e-04 5.242944333603385e-04 1.124366370903822e-16
1837 7.654166666666663e-09 4.385028846572460e-18 1.124366370916016e-04 2.810915927290039e-04 5.242944333640392e-04 1.124366370916016e-16
1838 7.658333333333331e-09 4.385028846619460e-18 1.124366370928067e-04 2.810915927320167e-04 5.242944333677401e-04 1.124366370928067e-16
1839 7.662499999999997e-09 4.385028846658688e-18 1.124366370938125e-04 2.810915927345313e-04 5.242944333677401e-04 1.124366370938125e-16
1840 7.666666666666664e-09 4.385028846709018e-18 1.124366370951030e-04 2.810915927377576e-04 5.242944333788423e-04 1.124366370951030e-16
1841 7.670833333333330e-09 4.385028846753242e-18 1.124366370962370e-04 2.810915927405925e-04 5.242944333714409e-04 1.124366370962370e-16
1842 7.674999999999998e-09 4.385028846791359e-18 1.124366370972143e-04 2.810915927430359e-04 5.242944333788423e-04 1.124366370972143e-16
1843 7.679166666666663e-09 4.385028846825036e-18 1.124366370980778e-04 2.810915927451946e-04 5.242944333751416e-04 1.124366370980779e-16
1844 7.683333333333331e-09 4.385028846860008e-18 1.124366370989746e-04 2.810915927474364e-04 5.242944333825431e-04 1.124366370989746e-16
1845 7.687499999999997e-09 4.385028846886098e-18 1.124366370996435e-04 2.810915927491089e-04 5.242944333825431e-04 1.124366370996435e-16
1846 7.691666666666664e-09 4.385028846914594e-18 1.124366371003742e-04 2.810915927509355e-04 5.242944334010467e-04 1.124366371003742e-16
1847 7.695833333333330e-09 4.385028846946791e-18 1.124366371011998e-04 2.810915927529994e-04 5.242944333973460e-04 1.124366371011998e-16
1848 7.699999999999998e-09 4.385028846964739e-18 1.124366371016600e-04 2.810915927541500e-04 5.242944333936453e-04 1.124366371016600e-16
1849 7.704166666666664e-09 4.385028846995455e-18 1.124366371024476e-04 2.810915927561190e-04 5.242944334047475e-04 1.124366371024476e-16
1850 7.708333333333331e-09 4.385028847025802e-18 1.124366371032257e-04 2.810915927580643e-04 5.242944334195506e-04 1.124366371032257e-16
1851 7.712499999999997e-09 4.385028847063549e-18 1.124366371041936e-04 2.810915927604839e-04 5.242944334232513e-04 1.124366371041935e-16
1852 7.716666666666665e-09 4.385028847093709e-18 1.124366371049669e-04 2.810915927624173e-04 5.242944334306528e-04 1.124366371049669e-16
1853 7.720833333333331e-09 4.385028847121836e-18 1.124366371056881e-04 2.810915927642203e-04 5.242944334417549e-04 1.124366371056881e-16
1854 7.724999999999998e-09 4.385028847146261e-18 1.124366371063144e-04 2.810915927657860e-04 5.242944334454557e-04 1.124366371063144e-16
1855 7.729166666666664e-09 4.385028847178272e-18 1.124366371071352e-04 2.810915927678380e-04 5.242944334417549e-04 1.124366371071352e-16
1856 7.733333333333330e-09 4.385028847196960e-18 1.124366371076144e-04 2.810915927690359e-04 5.242944334454557e-04 1.124366371076144e-16
1857 7.737499999999997e-09 4.385028847221016e-18 1.124366371082312e-04 2.810915927705780e-04 5.242944334491565e-04 1.124366371082312e-16
1858 7.741666666666663e-09 4.385028847240444e-18 1.124366371087293e-04 2.810915927718233e-04 5.242944334565579e-04 1.124366371087293e-16
1859 7.745833333333331e-09 4.385028847269125e-18 1.124366371094648e-04 2.810915927736619e-04 5.242944334565579e-04 1.124366371094648e-16
1860 7.749999999999997e-09 4.385028847290034e-18 1.124366371100009e-04 2.810915927750022e-04 5.242944334565579e-04 1.124366371100009e-16
1861 7.754166666666664e-09 4.385028847314459e-18 1.124366371106272e-04 2.810915927765679e-04 5.242944334639595e-04 1.124366371106272e-16
1862 7.758333333333330e-09 4.385028847348322e-18 1.124366371114954e-04 2.810915927787386e-04 5.242944334602587e-04 1.124366371114954e-16
1863 7.762499999999998e-09 4.385028847380703e-18 1.124366371123257e-04 2.810915927808143e-04 5.242944334602587e-04 1.124366371123257e-16
1864 7.766666666666663e-09 4.385028847409013e-18 1.124366371130516e-04 2.810915927826291e-04 5.242944334639595e-04 1.124366371130516e-16
1865 7.770833333333331e-09 4.385028847433624e-18 1.124366371136827e-04 2.810915927842067e-04 5.242944334639595e-04 1.124366371136827e-16
1866 7.774999999999997e-09 4.385028847462859e-18 1.124366371144323e-04 2.810915927860808e-04 5.242944334639595e-04 1.124366371144323e-16
1867 7.779166666666664e-09 4.385028847481733e-18 1.124366371149162e-04 2.810915927872906e-04 5.242944334639595e-04 1.124366371149162e-16
1868 7.783333333333330e-09 4.385028847497092e-18 1.124366371153100e-04 2.810915927882751e-04 5.242944334639595e-04 1.124366371153101e-16
1869 7.787499999999998e-09 4.385028847518186e-18 1.124366371158509e-04 2.810915927896274e-04 5.242944334676601e-04 1.124366371158509e-16
1870 7.791666666666664e-09 4.385028847545942e-18 1.124366371165626e-04 2.810915927914065e-04 5.242944334676601e-04 1.124366371165626e-16
1871 7.795833333333331e-09 4.385028847573326e-18 1.124366371172648e-04 2.810915927931620e-04 5.242944334676601e-04 1.124366371172648e-16
1872 7.799999999999997e-09 4.385028847593496e-18 1.124366371177819e-04 2.810915927944549e-04 5.242944334676601e-04 1.124366371177820e-16
1873 7.804166666666665e-09 4.385028847613294e-18 1.124366371182896e-04 2.810915927957240e-04 5.242944334676601e-04 1.124366371182896e-16
1874 7.808333333333330e-09 4.385028847633464e-18 1.124366371188068e-04 2.810915927970170e-04 5.242944334676602e-04 1.124366371188068e-16
1875 7.812499999999998e-09 4.385028847653447e-18 1.124366371193192e-04 2.810915927982979e-04 5.242944334676601e-04 1.124366371193192e-16
1876 7.816666666666664e-09 4.385028847680278e-18 1.124366371200071e-04 2.810915928000179e-04 5.242944334676602e-04 1.124366371200071e-16
1877 7.820833333333331e-09 4.385028847701373e-18 1.124366371205480e-04 2.810915928013701e-04 5.242944334676601e-04 1.124366371205480e-16
1878 7.824999999999997e-09 4.385028847724317e-18 1.124366371211363e-04 2.810915928028409e-04 5.242944334676602e-04 1.124366371211363e-16
1879 7.829166666666663e-09 4.385028847748926e-18 1.124366371217673e-04 2.810915928044184e-04 5.242944334676601e-04 1.124366371217673e-16
1880 7.833333333333331e-09 4.385028847774832e-18 1.124366371224316e-04 2.810915928060790e-04 5.242944334713609e-04 1.124366371224316e-16
1881 7.837499999999997e-09 4.385028847791855e-18 1.124366371228681e-04 2.810915928071702e-04 5.242944334898647e-04 1.124366371228681e-16
1882 7.841666666666664e-09 4.385028847813875e-18 1.124366371234327e-04 2.810915928085818e-04 5.242944334972661e-04 1.124366371234327e-16
1883 7.845833333333330e-09 4.385028847828677e-18 1.124366371238123e-04 2.810915928095307e-04 5.242944335120691e-04 1.124366371238122e-16
1884 7.849999999999998e-09 4.385028847849217e-18 1.124366371243389e-04 2.810915928108473e-04 5.242944335157699e-04 1.124366371243389e-16
1885 7.854166666666663e-09 4.385028847870866e-18 1.124366371248940e-04 2.810915928122350e-04 5.242944335157699e-04 1.124366371248940e-16
1886 7.858333333333331e-09 4.385028847896586e-18 1.124366371255535e-04 2.810915928138837e-04 5.242944335231714e-04 1.124366371255535e-16
1887 7.862499999999997e-09 4.385028847916755e-18 1.124366371260707e-04 2.810915928151767e-04 5.242944335305728e-04 1.124366371260707e-16
1888 7.866666666666664e-09 4.385028847944511e-18 1.124366371267823e-04 2.810915928169559e-04 5.242944335305728e-04 1.124366371267823e-16
1889 7.870833333333330e-09 4.385028847963754e-18 1.124366371272758e-04 2.810915928181894e-04 5.242944335305728e-04 1.124366371272758e-16
1890 7.874999999999998e-09 4.385028847993176e-18 1.124366371280301e-04 2.810915928200754e-04 5.242944335342735e-04 1.124366371280301e-16
1891 7.879166666666664e-09 4.385028848020191e-18 1.124366371287228e-04 2.810915928218071e-04 5.242944335305729e-04 1.124366371287229e-16
1892 7.883333333333331e-09 4.385028848044801e-18 1.124366371293539e-04 2.810915928233848e-04 5.242944335379742e-04 1.124366371293539e-16
1893 7.887499999999997e-09 4.385028848061454e-18 1.124366371297809e-04 2.810915928244523e-04 5.242944335416750e-04 1.124366371297809e-16
1894 7.891666666666665e-09 4.385028848081624e-18 1.124366371302980e-04 2.810915928257451e-04 5.242944335490764e-04 1.124366371302980e-16
1895 7.895833333333330e-09 4.385028848095872e-18 1.124366371306634e-04 2.810915928266585e-04 5.242944335490765e-04 1.124366371306634e-16
1896 7.899999999999998e-09 4.385028848108084e-18 1.124366371309765e-04 2.810915928274413e-04 5.242944335527771e-04 1.124366371309765e-16
1897 7.904166666666664e-09 4.385028848121406e-18 1.124366371313181e-04 2.810915928282953e-04 5.242944335527771e-04 1.124366371313181e-16
1898 7.908333333333331e-09 4.385028848133989e-18 1.124366371316407e-04 2.810915928291019e-04 5.242944335527772e-04 1.124366371316408e-16
1899 7.912499999999997e-09 4.385028848152308e-18 1.124366371321105e-04 2.810915928302762e-04 5.242944335527772e-04 1.124366371321105e-16
1900 7.916666666666663e-09 4.385028848169146e-18 1.124366371325422e-04 2.810915928313555e-04 5.242944335564781e-04 1.124366371325422e-16
1901 7.920833333333331e-09 4.385028848187464e-18 1.124366371330119e-04 2.810915928325298e-04 5.242944335564781e-04 1.124366371330119e-16
1902 7.924999999999997e-09 4.385028848213555e-18 1.124366371336809e-04 2.810915928342023e-04 5.242944335564781e-04 1.124366371336809e-16
1903 7.929166666666664e-09 4.385028848232429e-18 1.124366371341648e-04 2.810915928354121e-04 5.242944335638795e-04 1.124366371341648e-16
1904 7.933333333333330e-09 4.385028848246121e-18 1.124366371345159e-04 2.810915928362898e-04 5.242944335749817e-04 1.124366371345159e-16
1905 7.937499999999997e-09 4.385028848256854e-18 1.124366371347911e-04 2.810915928369778e-04 5.242944335860838e-04 1.124366371347911e-16
1906 7.941666666666663e-09 4.385028848272952e-18 1.124366371352039e-04 2.810915928380098e-04 5.242944335971862e-04 1.124366371352039e-16
1907 7.945833333333331e-09 4.385028848285535e-18 1.124366371355265e-04 2.810915928388164e-04 5.242944336008869e-04 1.124366371355265e-16
1908 7.949999999999997e-09 4.385028848304409e-18 1.124366371360105e-04 2.810915928400263e-04 5.242944335971862e-04 1.124366371360105e-16
1909 7.954166666666664e-09 4.385028848317176e-18 1.124366371363378e-04 2.810915928408446e-04 5.242944336045877e-04 1.124366371363378e-16
1910 7.958333333333330e-09 4.385028848335309e-18 1.124366371368028e-04 2.810915928420071e-04 5.242944336082885e-04 1.124366371368028e-16
1911 7.962499999999998e-09 4.385028848340675e-18 1.124366371369404e-04 2.810915928423510e-04 5.242944336193906e-04 1.124366371369404e-16
1912 7.966666666666664e-09 4.385028848346412e-18 1.124366371370875e-04 2.810915928427187e-04 5.242944336156899e-04 1.124366371370875e-16
1913 7.970833333333331e-09 4.385028848360474e-18 1.124366371374481e-04 2.810915928436202e-04 5.242944336156899e-04 1.124366371374481e-16
1914 7.974999999999997e-09 4.385028848369171e-18 1.124366371376711e-04 2.810915928441777e-04 5.242944336119891e-04 1.124366371376711e-16
1915 7.979166666666664e-09 4.385028848389155e-18 1.124366371381835e-04 2.810915928454587e-04 5.242944336230914e-04 1.124366371381835e-16
1916 7.983333333333330e-09 4.385028848404513e-18 1.124366371385773e-04 2.810915928464432e-04 5.242944336119891e-04 1.124366371385773e-16
1917 7.987499999999998e-09 4.385028848423757e-18 1.124366371390707e-04 2.810915928476767e-04 5.242944336230914e-04 1.124366371390707e-16
1918 7.991666666666664e-09 4.385028848436710e-18 1.124366371394028e-04 2.810915928485071e-04 5.242944336119891e-04 1.124366371394028e-16
1919 7.995833333333331e-09 4.385028848456138e-18 1.124366371399010e-04 2.810915928497525e-04 5.242944336230914e-04 1.124366371399010e-16
1920 7.999999999999997e-09 4.385028848476863e-18 1.124366371404324e-04 2.810915928510810e-04 5.242944336193906e-04 1.124366371404324e-16
1921 8.004166666666663e-09 4.385028848491111e-18 1.124366371407977e-04 2.810915928519944e-04 5.242944336230914e-04 1.124366371407977e-16
1922 8.008333333333331e-09 4.385028848505543e-18 1.124366371411678e-04 2.810915928529194e-04 5.242944336230913e-04 1.124366371411678e-16
1923 8.012499999999996e-09 4.385028848519236e-18 1.124366371415189e-04 2.810915928537973e-04 5.242944336230914e-04 1.124366371415189e-16
1924 8.016666666666664e-09 4.385028848539035e-18 1.124366371420265e-04 2.810915928550664e-04 5.242944336230914e-04 1.124366371420266e-16
1925 8.020833333333330e-09 4.385028848546253e-18 1.124366371422116e-04 2.810915928555291e-04 5.242944336230914e-04 1.124366371422116e-16
1926 8.024999999999997e-09 4.385028848559575e-18 1.124366371425532e-04 2.810915928563830e-04 5.242944336230914e-04 1.124366371425532e-16
1927 8.029166666666663e-09 4.385028848570491e-18 1.124366371428331e-04 2.810915928570828e-04 5.242944336267922e-04 1.124366371428331e-16
1928 8.033333333333331e-09 4.385028848590475e-18 1.124366371433455e-04 2.810915928583638e-04 5.242944336230913e-04 1.124366371433455e-16
1929 8.037499999999997e-09 4.385028848601577e-18 1.124366371436302e-04 2.810915928590755e-04 5.242944336267922e-04 1.124366371436302e-16
1930 8.041666666666664e-09 4.385028848615640e-18 1.124366371439908e-04 2.810915928599770e-04 5.242944336341936e-04 1.124366371439908e-16
1931 8.045833333333330e-09 4.385028848625264e-18 1.124366371442375e-04 2.810915928605939e-04 5.242944336341936e-04 1.124366371442375e-16
1932 8.049999999999998e-09 4.385028848640991e-18 1.124366371446408e-04 2.810915928616020e-04 5.242944336415951e-04 1.124366371446408e-16
1933 8.054166666666664e-09 4.385028848653388e-18 1.124366371449587e-04 2.810915928623967e-04 5.242944336378944e-04 1.124366371449587e-16
1934 8.058333333333331e-09 4.385028848665230e-18 1.124366371452623e-04 2.810915928631558e-04 5.242944336489966e-04 1.124366371452623e-16
1935 8.062499999999997e-09 4.385028848676148e-18 1.124366371455423e-04 2.810915928638557e-04 5.242944336600987e-04 1.124366371455423e-16
1936 8.066666666666664e-09 4.385028848688916e-18 1.124366371458696e-04 2.810915928646741e-04 5.242944336563980e-04 1.124366371458696e-16
1937 8.070833333333330e-09 4.385028848698537e-18 1.124366371461163e-04 2.810915928652909e-04 5.242944336563980e-04 1.124366371461164e-16
1938 8.074999999999998e-09 4.385028848709640e-18 1.124366371464010e-04 2.810915928660026e-04 5.242944336675003e-04 1.124366371464010e-16
1939 8.079166666666664e-09 4.385028848713710e-18 1.124366371465054e-04 2.810915928662635e-04 5.242944336637994e-04 1.124366371465054e-16
1940 8.083333333333331e-09 4.385028848725183e-18 1.124366371467996e-04 2.810915928669990e-04 5.242944336637994e-04 1.124366371467996e-16
1941 8.087499999999997e-09 4.385028848730364e-18 1.124366371469324e-04 2.810915928673310e-04 5.242944336637994e-04 1.124366371469324e-16
1942 8.091666666666663e-09 4.385028848738876e-18 1.124366371471507e-04 2.810915928678767e-04 5.242944336637994e-04 1.124366371471507e-16
1943 8.095833333333331e-09 4.385028848744241e-18 1.124366371472882e-04 2.810915928682206e-04 5.242944336600987e-04 1.124366371472883e-16
1944 8.099999999999996e-09 4.385028848748498e-18 1.124366371473974e-04 2.810915928684935e-04 5.242944336637994e-04 1.124366371473974e-16
1945 8.104166666666664e-09 4.385028848758490e-18 1.124366371476536e-04 2.810915928691340e-04 5.242944336600988e-04 1.124366371476536e-16
1946 8.108333333333330e-09 4.385028848768296e-18 1.124366371479050e-04 2.810915928697626e-04 5.242944336712010e-04 1.124366371479050e-16
1947 8.112499999999997e-09 4.385028848771812e-18 1.124366371479952e-04 2.810915928699880e-04 5.242944336860040e-04 1.124366371479952e-16
1948 8.116666666666663e-09 4.385028848783284e-18 1.124366371482893e-04 2.810915928707233e-04 5.242944336860040e-04 1.124366371482893e-16
1949 8.120833333333331e-09 4.385028848799568e-18 1.124366371487069e-04 2.810915928717672e-04 5.242944336971061e-04 1.124366371487069e-16
1950 8.124999999999997e-09 4.385028848817886e-18 1.124366371491766e-04 2.810915928729414e-04 5.242944337008069e-04 1.124366371491766e-16
1951 8.129166666666664e-09 4.385028848826029e-18 1.124366371493854e-04 2.810915928734634e-04 5.242944337045077e-04 1.124366371493854e-16
1952 8.133333333333330e-09 4.385028848840091e-18 1.124366371497459e-04 2.810915928743649e-04 5.242944337045077e-04 1.124366371497459e-16
1953 8.137499999999998e-09 4.385028848847678e-18 1.124366371499405e-04 2.810915928748512e-04 5.242944337082085e-04 1.124366371499405e-16
1954 8.141666666666663e-09 4.385028848853599e-18 1.124366371500923e-04 2.810915928752308e-04 5.242944337045077e-04 1.124366371500923e-16
1955 8.145833333333331e-09 4.385028848853968e-18 1.124366371501018e-04 2.810915928752544e-04 5.242944337082085e-04 1.124366371501018e-16
1956 8.149999999999997e-09 4.385028848867107e-18 1.124366371504387e-04 2.810915928760967e-04 5.242944337082085e-04 1.124366371504387e-16
1957 8.154166666666664e-09 4.385028848874138e-18 1.124366371506189e-04 2.810915928765473e-04 5.242944337156099e-04 1.124366371506189e-16
1958 8.158333333333330e-09 4.385028848881354e-18 1.124366371508040e-04 2.810915928770099e-04 5.242944337156099e-04 1.124366371508040e-16
1959 8.162499999999998e-09 4.385028848888940e-18 1.124366371509985e-04 2.810915928774962e-04 5.242944337156099e-04 1.124366371509985e-16
1960 8.166666666666664e-09 4.385028848892642e-18 1.124366371510934e-04 2.810915928777335e-04 5.242944337156099e-04 1.124366371510934e-16
1961 8.170833333333331e-09 4.385028848894677e-18 1.124366371511456e-04 2.810915928778640e-04 5.242944337156099e-04 1.124366371511456e-16
1962 8.174999999999997e-09 4.385028848904298e-18 1.124366371513923e-04 2.810915928784807e-04 5.242944337156099e-04 1.124366371513923e-16
1963 8.179166666666663e-09 4.385028848905039e-18 1.124366371514113e-04 2.810915928785281e-04 5.242944337156099e-04 1.124366371514113e-16
1964 8.183333333333331e-09 4.385028848910220e-18 1.124366371515441e-04 2.810915928788603e-04 5.242944337156099e-04 1.124366371515441e-16
1965 8.187499999999996e-09 4.385028848914291e-18 1.124366371516485e-04 2.810915928791213e-04 5.242944337156099e-04 1.124366371516485e-16
1966 8.191666666666664e-09 4.385028848925023e-18 1.124366371519237e-04 2.810915928798092e-04 5.242944337156099e-04 1.124366371519237e-16
1967 8.195833333333330e-09 4.385028848926318e-18 1.124366371519569e-04 2.810915928798922e-04 5.242944337156099e-04 1.124366371519569e-16
1968 8.199999999999997e-09 4.385028848932979e-18 1.124366371521277e-04 2.810915928803192e-04 5.242944337156099e-04 1.124366371521277e-16
1969 8.204166666666663e-09 4.385028848936495e-18 1.124366371522178e-04 2.810915928805445e-04 5.242944337156099e-04 1.124366371522178e-16
1970 8.208333333333331e-09 4.385028848939456e-18 1.124366371522937e-04 2.810915928807344e-04 5.242944337156099e-04 1.124366371522938e-16
1971 8.212499999999997e-09 4.385028848937236e-18 1.124366371522368e-04 2.810915928805921e-04 5.242944337119092e-04 1.124366371522368e-16
1972 8.216666666666664e-09 4.385028848943342e-18 1.124366371523934e-04 2.810915928809835e-04 5.242944337119092e-04 1.124366371523934e-16
1973 8.220833333333330e-09 4.385028848945377e-18 1.124366371524456e-04 2.810915928811140e-04 5.242944337082085e-04 1.124366371524456e-16
1974 8.224999999999998e-09 4.385028848953519e-18 1.124366371526543e-04 2.810915928816359e-04 5.242944337082085e-04 1.124366371526544e-16
1975 8.229166666666663e-09 4.385028848954814e-18 1.124366371526875e-04 2.810915928817189e-04 5.242944337082084e-04 1.124366371526876e-16
1976 8.233333333333331e-09 4.385028848961845e-18 1.124366371528678e-04 2.810915928821696e-04 5.242944337082085e-04 1.124366371528678e-16
1977 8.237499999999997e-09 4.385028848972207e-18 1.124366371531335e-04 2.810915928828338e-04 5.242944337119092e-04 1.124366371531335e-16
1978 8.241666666666664e-09 4.385028848976278e-18 1.124366371532379e-04 2.810915928830948e-04 5.242944337156100e-04 1.124366371532379e-16
1979 8.245833333333330e-09 4.385028848977573e-18 1.124366371532711e-04 2.810915928831778e-04 5.242944337193107e-04 1.124366371532711e-16
1980 8.249999999999998e-09 4.385028848980904e-18 1.124366371533565e-04 2.810915928833913e-04 5.242944337156100e-04 1.124366371533565e-16
1981 8.254166666666664e-09 4.385028848988306e-18 1.124366371535463e-04 2.810915928838658e-04 5.242944337119092e-04 1.124366371535463e-16
1982 8.258333333333331e-09 4.385028849002739e-18 1.124366371539164e-04 2.810915928847910e-04 5.242944337082085e-04 1.124366371539164e-16
1983 8.262499999999997e-09 4.385028849004404e-18 1.124366371539591e-04 2.810915928848977e-04 5.242944337082085e-04 1.124366371539591e-16
1984 8.266666666666665e-09 4.385028849017726e-18 1.124366371543007e-04 2.810915928857517e-04 5.242944337082086e-04 1.124366371543007e-16
1985 8.270833333333330e-09 4.385028849024943e-18 1.124366371544857e-04 2.810915928862144e-04 5.242944337193107e-04 1.124366371544857e-16
1986 8.274999999999996e-09 4.385028849038080e-18 1.124366371548226e-04 2.810915928870565e-04 5.242944337119093e-04 1.124366371548226e-16
1987 8.279166666666664e-09 4.385028849038635e-18 1.124366371548368e-04 2.810915928870920e-04 5.242944337119093e-04 1.124366371548368e-16
1988 8.283333333333330e-09 4.385028849048258e-18 1.124366371550835e-04 2.810915928877089e-04 5.242944337119092e-04 1.124366371550836e-16
1989 8.287499999999997e-09 4.385028849057139e-18 1.124366371553113e-04 2.810915928882782e-04 5.242944337119092e-04 1.124366371553113e-16
1990 8.291666666666663e-09 4.385028849064171e-18 1.124366371554916e-04 2.810915928887289e-04 5.242944337156100e-04 1.124366371554916e-16
1991 8.295833333333331e-09 4.385028849064911e-18 1.124366371555105e-04 2.810915928887764e-04 5.242944337193108e-04 1.124366371555106e-16
1992 8.299999999999997e-09 4.385028849070092e-18 1.124366371556434e-04 2.810915928891085e-04 5.242944337193108e-04 1.124366371556434e-16
1993 8.304166666666664e-09 4.385028849074348e-18 1.124366371557525e-04 2.810915928893813e-04 5.242944337156100e-04 1.124366371557525e-16
1994 8.308333333333330e-09 4.385028849079345e-18 1.124366371558806e-04 2.810915928897016e-04 5.242944337156100e-04 1.124366371558806e-16
1995 8.312499999999998e-09 4.385028849074534e-18 1.124366371557573e-04 2.810915928893932e-04 5.242944337156100e-04 1.124366371557573e-16
1996 8.316666666666663e-09 4.385028849081749e-18 1.124366371559423e-04 2.810915928898557e-04 5.242944337156100e-04 1.124366371559423e-16
1997 8.320833333333331e-09 4.385028849086560e-18 1.124366371560657e-04 2.810915928901641e-04 5.242944337156100e-04 1.124366371560657e-16
1998 8.324999999999997e-09 4.385028849098033e-18 1.124366371563598e-04 2.810915928908996e-04 5.242944337156100e-04 1.124366371563598e-16
1999 8.329166666666664e-09 4.385028849100438e-18 1.124366371564215e-04 2.810915928910538e-04 5.242944337156100e-04 1.124366371564215e-16
2000 8.333333333333330e-09 4.385028849103584e-18 1.124366371565022e-04 2.810915928912554e-04 5.242944337156100e-04 1.124366371565022e-16
2001 8.337499999999998e-09 4.385028849104138e-18 1.124366371565164e-04 2.810915928912909e-04 5.242944337156100e-04 1.124366371565164e-16
2002 8.341666666666664e-09 4.385028849111725e-18 1.124366371567109e-04 2.810915928917773e-04 5.242944337156101e-04 1.124366371567109e-16
2003 8.345833333333331e-09 4.385028849113391e-18 1.124366371567536e-04 2.810915928918841e-04 5.242944337193107e-04 1.124366371567536e-16
2004 8.349999999999997e-09 4.385028849124678e-18 1.124366371570430e-04 2.810915928926076e-04 5.242944337230115e-04 1.124366371570430e-16
2005 8.354166666666665e-09 4.385028849125233e-18 1.124366371570573e-04 2.810915928926432e-04 5.242944337267122e-04 1.124366371570573e-16
2006 8.358333333333330e-09 4.385028849133560e-18 1.124366371572708e-04 2.810915928931770e-04 5.242944337267122e-04 1.124366371572708e-16
2007 8.362499999999996e-09 4.385028849134115e-18 1.124366371572850e-04 2.810915928932125e-04 5.242944337267122e-04 1.124366371572850e-16
2008 8.366666666666664e-09 4.385028849138927e-18 1.124366371574084e-04 2.810915928935210e-04 5.242944337267122e-04 1.124366371574084e-16
2009 8.370833333333330e-09 4.385028849135781e-18 1.124366371573277e-04 2.810915928933193e-04 5.242944337267122e-04 1.124366371573277e-16
2010 8.374999999999997e-09 4.385028849142442e-18 1.124366371574985e-04 2.810915928937463e-04 5.242944337267122e-04 1.124366371574985e-16
2011 8.379166666666663e-09 4.385028849138371e-18 1.124366371573941e-04 2.810915928934854e-04 5.242944337267122e-04 1.124366371573941e-16
2012 8.383333333333331e-09 4.385028849139666e-18 1.124366371574273e-04 2.810915928935684e-04 5.242944337267122e-04 1.124366371574273e-16
2013 8.387499999999997e-09 4.385028849143552e-18 1.124366371575270e-04 2.810915928938175e-04 5.242944337304129e-04 1.124366371575270e-16
2014 8.391666666666664e-09 4.385028849146512e-18 1.124366371576029e-04 2.810915928940072e-04 5.242944337341137e-04 1.124366371576029e-16
2015 8.395833333333330e-09 4.385028849148363e-18 1.124366371576503e-04 2.810915928941259e-04 5.242944337267122e-04 1.124366371576503e-16
2016 8.399999999999997e-09 4.385028849157060e-18 1.124366371578733e-04 2.810915928946834e-04 5.242944337341137e-04 1.124366371578733e-16
2017 8.404166666666663e-09 4.385028849156504e-18 1.124366371578591e-04 2.810915928946477e-04 5.242944337304130e-04 1.124366371578591e-16
2018 8.408333333333331e-09 4.385028849165757e-18 1.124366371580963e-04 2.810915928952408e-04 5.242944337341137e-04 1.124366371580963e-16
2019 8.412499999999997e-09 4.385028849169826e-18 1.124366371582007e-04 2.810915928955017e-04 5.242944337341137e-04 1.124366371582007e-16
2020 8.416666666666664e-09 4.385028849172233e-18 1.124366371582624e-04 2.810915928956560e-04 5.242944337341137e-04 1.124366371582624e-16
2021 8.420833333333330e-09 4.385028849178154e-18 1.124366371584142e-04 2.810915928960356e-04 5.242944337304130e-04 1.124366371584142e-16
2022 8.424999999999998e-09 4.385028849184446e-18 1.124366371585755e-04 2.810915928964389e-04 5.242944337304129e-04 1.124366371585755e-16
2023 8.429166666666664e-09 4.385028849203874e-18 1.124366371590737e-04 2.810915928976843e-04 5.242944337304129e-04 1.124366371590737e-16
2024 8.433333333333331e-09 4.385028849208130e-18 1.124366371591828e-04 2.810915928979571e-04 5.242944337304129e-04 1.124366371591828e-16
2025 8.437499999999997e-09 4.385028849223303e-18 1.124366371595719e-04 2.810915928989297e-04 5.242944337304129e-04 1.124366371595719e-16
2026 8.441666666666665e-09 4.385028849227004e-18 1.124366371596668e-04 2.810915928991670e-04 5.242944337304129e-04 1.124366371596668e-16
2027 8.445833333333330e-09 4.385028849244952e-18 1.124366371601270e-04 2.810915929003175e-04 5.242944337304130e-04 1.124366371601270e-16
2028 8.449999999999996e-09 4.385028849255314e-18 1.124366371603927e-04 2.810915929009817e-04 5.242944337341137e-04 1.124366371603927e-16
2029 8.454166666666664e-09 4.385028849261790e-18 1.124366371605587e-04 2.810915929013968e-04 5.242944337341137e-04 1.124366371605587e-16
2030 8.458333333333330e-09 4.385028849265677e-18 1.124366371606584e-04 2.810915929016460e-04 5.242944337304130e-04 1.124366371606584e-16
2031 8.462499999999997e-09 4.385028849279924e-18 1.124366371610237e-04 2.810915929025593e-04 5.242944337378145e-04 1.124366371610237e-16
2032 8.466666666666663e-09 4.385028849292692e-18 1.124366371613511e-04 2.810915929033777e-04 5.242944337526174e-04 1.124366371613511e-16
2033 8.470833333333331e-09 4.385028849295468e-18 1.124366371614223e-04 2.810915929035556e-04 5.242944337600188e-04 1.124366371614223e-16
2034 8.474999999999996e-09 4.385028849301018e-18 1.124366371615646e-04 2.810915929039115e-04 5.242944337637195e-04 1.124366371615646e-16
2035 8.479166666666664e-09 4.385028849310640e-18 1.124366371618113e-04 2.810915929045283e-04 5.242944337711211e-04 1.124366371618113e-16
2036 8.483333333333330e-09 4.385028849318227e-18 1.124366371620058e-04 2.810915929050146e-04 5.242944337674203e-04 1.124366371620058e-16
2037 8.487499999999997e-09 4.385028849326183e-18 1.124366371622098e-04 2.810915929055246e-04 5.242944337748219e-04 1.124366371622098e-16
2038 8.491666666666663e-09 4.385028849333029e-18 1.124366371623854e-04 2.810915929059634e-04 5.242944337785227e-04 1.124366371623854e-16
2039 8.495833333333331e-09 4.385028849342282e-18 1.124366371626226e-04 2.810915929065566e-04 5.242944337785227e-04 1.124366371626226e-16
2040 8.499999999999997e-09 4.385028849346537e-18 1.124366371627317e-04 2.810915929068293e-04 5.242944337785227e-04 1.124366371627317e-16
2041 8.504166666666664e-09 4.385028849355605e-18 1.124366371629642e-04 2.810915929074106e-04 5.242944337822234e-04 1.124366371629642e-16
2042 8.508333333333330e-09 4.385028849365227e-18 1.124366371632110e-04 2.810915929080274e-04 5.242944337896249e-04 1.124366371632109e-16
2043 8.512499999999998e-09 4.385028849381880e-18 1.124366371636380e-04 2.810915929090949e-04 5.242944337970264e-04 1.124366371636379e-16
2044 8.516666666666664e-09 4.385028849386135e-18 1.124366371637471e-04 2.810915929093677e-04 5.242944337970264e-04 1.124366371637471e-16
2045 8.520833333333331e-09 4.385028849396683e-18 1.124366371640175e-04 2.810915929100438e-04 5.242944337970264e-04 1.124366371640175e-16
2046 8.524999999999997e-09 4.385028849400939e-18 1.124366371641266e-04 2.810915929103166e-04 5.242944337970264e-04 1.124366371641266e-16
2047 8.529166666666664e-09 4.385028849411115e-18 1.124366371643876e-04 2.810915929109690e-04 5.242944338007271e-04 1.124366371643876e-16
2048 8.533333333333330e-09 4.385028849417222e-18 1.124366371645442e-04 2.810915929113604e-04 5.242944338007271e-04 1.124366371645442e-16
2049 8.537499999999996e-09 4.385028849424438e-18 1.124366371647292e-04 2.810915929118230e-04 5.242944338007271e-04 1.124366371647292e-16
2050 8.541666666666664e-09 4.385028849428324e-18 1.124366371648288e-04 2.810915929120721e-04 5.242944338007271e-04 1.124366371648288e-16
2051 8.545833333333330e-09 4.385028849434246e-18 1.124366371649807e-04 2.810915929124517e-04 5.242944338007271e-04 1.124366371649807e-16
2052 8.549999999999997e-09 4.385028849445718e-18 1.124366371652748e-04 2.810915929131871e-04 5.242944338007271e-04 1.124366371652748e-16
2053 8.554166666666663e-09 4.385028849455895e-18 1.124366371655358e-04 2.810915929138395e-04 5.242944338007271e-04 1.124366371655358e-16
2054 8.558333333333331e-09 4.385028849458485e-18 1.124366371656022e-04 2.810915929140055e-04 5.242944338007271e-04 1.124366371656022e-16
2055 8.562499999999996e-09 4.385028849466071e-18 1.124366371657967e-04 2.810915929144918e-04 5.242944338007271e-04 1.124366371657967e-16
2056 8.566666666666664e-09 4.385028849475508e-18 1.124366371660387e-04 2.810915929150967e-04 5.242944338007271e-04 1.124366371660387e-16
2057 8.570833333333330e-09 4.385028849483095e-18 1.124366371662332e-04 2.810915929155830e-04 5.242944338007271e-04 1.124366371662332e-16
2058 8.574999999999997e-09 4.385028849480876e-18 1.124366371661763e-04 2.810915929154408e-04 5.242944338007271e-04 1.124366371661763e-16
2059 8.579166666666663e-09 4.385028849490126e-18 1.124366371664135e-04 2.810915929160338e-04 5.242944338007271e-04 1.124366371664135e-16
2060 8.583333333333331e-09 4.385028849507705e-18 1.124366371668643e-04 2.810915929171607e-04 5.242944338007271e-04 1.124366371668643e-16
2061 8.587499999999997e-09 4.385028849517512e-18 1.124366371671157e-04 2.810915929177893e-04 5.242944338007271e-04 1.124366371671157e-16
2062 8.591666666666664e-09 4.385028849535646e-18 1.124366371675807e-04 2.810915929189517e-04 5.242944338007271e-04 1.124366371675807e-16
2063 8.595833333333330e-09 4.385028849553409e-18 1.124366371680361e-04 2.810915929200904e-04 5.242944338007271e-04 1.124366371680361e-16
2064 8.599999999999998e-09 4.385028849568767e-18 1.124366371684299e-04 2.810915929210749e-04 5.242944338007271e-04 1.124366371684300e-16
2065 8.604166666666663e-09 4.385028849575614e-18 1.124366371686055e-04 2.810915929215137e-04 5.242944338007271e-04 1.124366371686055e-16
2066 8.608333333333331e-09 4.385028849582275e-18 1.124366371687763e-04 2.810915929219407e-04 5.242944338007271e-04 1.124366371687763e-16
2067 8.612499999999997e-09 4.385028849589862e-18 1.124366371689708e-04 2.810915929224271e-04 5.242944338007271e-04 1.124366371689708e-16
2068 8.616666666666664e-09 4.385028849594857e-18 1.124366371690989e-04 2.810915929227473e-04 5.242944337970264e-04 1.124366371690989e-16
2069 8.620833333333330e-09 4.385028849601889e-18 1.124366371692792e-04 2.810915929231980e-04 5.242944337970264e-04 1.124366371692792e-16
2070 8.624999999999996e-09 4.385028849601519e-18 1.124366371692697e-04 2.810915929231743e-04 5.242944337970264e-04 1.124366371692697e-16
2071 8.629166666666664e-09 4.385028849615766e-18 1.124366371696350e-04 2.810915929240876e-04 5.242944337970264e-04 1.124366371696350e-16
2072 8.633333333333330e-09 4.385028849620577e-18 1.124366371697584e-04 2.810915929243960e-04 5.242944337970264e-04 1.124366371697584e-16
2073 8.637499999999997e-09 4.385028849626684e-18 1.124366371699150e-04 2.810915929247875e-04 5.242944337970264e-04 1.124366371699150e-16
2074 8.641666666666663e-09 4.385028849625389e-18 1.124366371698818e-04 2.810915929247045e-04 5.242944337970264e-04 1.124366371698818e-16
2075 8.645833333333331e-09 4.385028849630384e-18 1.124366371700098e-04 2.810915929250246e-04 5.242944337970264e-04 1.124366371700098e-16
2076 8.649999999999996e-09 4.385028849637230e-18 1.124366371701854e-04 2.810915929254635e-04 5.242944337933256e-04 1.124366371701854e-16
2077 8.654166666666664e-09 4.385028849640932e-18 1.124366371702803e-04 2.810915929257008e-04 5.242944337933256e-04 1.124366371702803e-16
2078 8.658333333333330e-09 4.385028849640747e-18 1.124366371702756e-04 2.810915929256889e-04 5.242944337970263e-04 1.124366371702756e-16
2079 8.662499999999997e-09 4.385028849658696e-18 1.124366371707358e-04 2.810915929268395e-04 5.242944337970263e-04 1.124366371707358e-16
2080 8.666666666666663e-09 4.385028849658141e-18 1.124366371707216e-04 2.810915929268039e-04 5.242944338007270e-04 1.124366371707216e-16
2081 8.670833333333331e-09 4.385028849666467e-18 1.124366371709351e-04 2.810915929273376e-04 5.242944337970264e-04 1.124366371709351e-16
2082 8.674999999999997e-09 4.385028849670723e-18 1.124366371710442e-04 2.810915929276105e-04 5.242944338007271e-04 1.124366371710442e-16
2083 8.679166666666664e-09 4.385028849681826e-18 1.124366371713289e-04 2.810915929283222e-04 5.242944338007270e-04 1.124366371713289e-16
2084 8.683333333333330e-09 4.385028849685526e-18 1.124366371714238e-04 2.810915929285594e-04 5.242944337933256e-04 1.124366371714238e-16
2085 8.687499999999998e-09 4.385028849696628e-18 1.124366371717084e-04 2.810915929292711e-04 5.242944337970264e-04 1.124366371717084e-16
2086 8.691666666666663e-09 4.385028849699033e-18 1.124366371717701e-04 2.810915929294253e-04 5.242944337970264e-04 1.124366371717701e-16
2087 8.695833333333331e-09 4.385028849706065e-18 1.124366371719504e-04 2.810915929298760e-04 5.242944338044277e-04 1.124366371719504e-16
2088 8.699999999999997e-09 4.385028849711246e-18 1.124366371720832e-04 2.810915929302081e-04 5.242944338118293e-04 1.124366371720832e-16
2089 8.704166666666664e-09 4.385028849716243e-18 1.124366371722114e-04 2.810915929305284e-04 5.242944338081285e-04 1.124366371722114e-16
2090 8.708333333333330e-09 4.385028849725863e-18 1.124366371724580e-04 2.810915929311451e-04 5.242944338081285e-04 1.124366371724580e-16
2091 8.712499999999996e-09 4.385028849734005e-18 1.124366371726668e-04 2.810915929316671e-04 5.242944338081285e-04 1.124366371726668e-16
2092 8.716666666666664e-09 4.385028849741407e-18 1.124366371728566e-04 2.810915929321415e-04 5.242944338081285e-04 1.124366371728566e-16
2093 8.720833333333330e-09 4.385028849748253e-18 1.124366371730321e-04 2.810915929325804e-04 5.242944338081285e-04 1.124366371730321e-16
2094 8.724999999999997e-09 4.385028849743072e-18 1.124366371728993e-04 2.810915929322483e-04 5.242944338081285e-04 1.124366371728993e-16
2095 8.729166666666663e-09 4.385028849747699e-18 1.124366371730179e-04 2.810915929325448e-04 5.242944338044277e-04 1.124366371730179e-16
2096 8.733333333333330e-09 4.385028849752879e-18 1.124366371731508e-04 2.810915929328769e-04 5.242944338081285e-04 1.124366371731508e-16
2097 8.737499999999996e-09 4.385028849760465e-18 1.124366371733453e-04 2.810915929333632e-04 5.242944338081285e-04 1.124366371733453e-16
2098 8.741666666666664e-09 4.385028849766016e-18 1.124366371734876e-04 2.810915929337190e-04 5.242944338007271e-04 1.124366371734876e-16
2099 8.745833333333330e-09 4.385028849762501e-18 1.124366371733975e-04 2.810915929334937e-04 5.242944337970263e-04 1.124366371733975e-16
2100 8.749999999999997e-09 4.385028849766016e-18 1.124366371734876e-04 2.810915929337190e-04 5.242944338007270e-04 1.124366371734876e-16
2101 8.754166666666663e-09 4.385028849764721e-18 1.124366371734544e-04 2.810915929336360e-04 5.242944337970263e-04 1.124366371734544e-16
2102 8.758333333333331e-09 4.385028849770457e-18 1.124366371736015e-04 2.810915929340037e-04 5.242944338007270e-04 1.124366371736015e-16
2103 8.762499999999997e-09 4.385028849771753e-18 1.124366371736347e-04 2.810915929340868e-04 5.242944337970263e-04 1.124366371736347e-16
2104 8.766666666666664e-09 4.385028849778229e-18 1.124366371738008e-04 2.810915929345019e-04 5.242944338007270e-04 1.124366371738008e-16
2105 8.770833333333330e-09 4.385028849779524e-18 1.124366371738340e-04 2.810915929345849e-04 5.242944337970263e-04 1.124366371738340e-16
2106 8.774999999999998e-09 4.385028849786556e-18 1.124366371740143e-04 2.810915929350357e-04 5.242944338007270e-04 1.124366371740143e-16
2107 8.779166666666663e-09 4.385028849782670e-18 1.124366371739146e-04 2.810915929347866e-04 5.242944337970263e-04 1.124366371739146e-16
2108 8.783333333333331e-09 4.385028849785816e-18 1.124366371739953e-04 2.810915929349882e-04 5.242944338007270e-04 1.124366371739953e-16
2109 8.787499999999997e-09 4.385028849790997e-18 1.124366371741281e-04 2.810915929353203e-04 5.242944337970263e-04 1.124366371741281e-16
2110 8.791666666666664e-09 4.385028849799139e-18 1.124366371743369e-04 2.810915929358423e-04 5.242944338007270e-04 1.124366371743369e-16
2111 8.795833333333330e-09 4.385028849810425e-18 1.124366371746263e-04 2.810915929365658e-04 5.242944338007270e-04 1.124366371746263e-16
2112 8.799999999999996e-09 4.385028849809500e-18 1.124366371746026e-04 2.810915929365064e-04 5.242944338007270e-04 1.124366371746026e-16
2113 8.804166666666664e-09 4.385028849808576e-18 1.124366371745789e-04 2.810915929364472e-04 5.242944338007270e-04 1.124366371745789e-16
2114 8.808333333333329e-09 4.385028849813016e-18 1.124366371746927e-04 2.810915929367319e-04 5.242944338007270e-04 1.124366371746927e-16
2115 8.812499999999997e-09 4.385028849818198e-18 1.124366371748256e-04 2.810915929370640e-04 5.242944338007270e-04 1.124366371748256e-16
2116 8.816666666666663e-09 4.385028849818382e-18 1.124366371748303e-04 2.810915929370758e-04 5.242944338007270e-04 1.124366371748303e-16
2117 8.820833333333330e-09 4.385028849816532e-18 1.124366371747829e-04 2.810915929369572e-04 5.242944338007270e-04 1.124366371747829e-16
2118 8.824999999999996e-09 4.385028849819492e-18 1.124366371748588e-04 2.810915929371469e-04 5.242944338007270e-04 1.124366371748588e-16
2119 8.829166666666664e-09 4.385028849823563e-18 1.124366371749632e-04 2.810915929374080e-04 5.242944338007270e-04 1.124366371749632e-16
2120 8.833333333333330e-09 4.385028849826340e-18 1.124366371750344e-04 2.810915929375859e-04 5.242944338007270e-04 1.124366371750343e-16
2121 8.837499999999997e-09 4.385028849826894e-18 1.124366371750486e-04 2.810915929376214e-04 5.242944338007270e-04 1.124366371750485e-16
2122 8.841666666666663e-09 4.385028849829855e-18 1.124366371751245e-04 2.810915929378112e-04 5.242944338007270e-04 1.124366371751245e-16
2123 8.845833333333331e-09 4.385028849827820e-18 1.124366371750723e-04 2.810915929376808e-04 5.242944338007270e-04 1.124366371750723e-16
2124 8.849999999999997e-09 4.385028849834296e-18 1.124366371752384e-04 2.810915929380959e-04 5.242944338007270e-04 1.124366371752384e-16
2125 8.854166666666664e-09 4.385028849837626e-18 1.124366371753238e-04 2.810915929383094e-04 5.242944338007270e-04 1.124366371753238e-16
2126 8.858333333333330e-09 4.385028849843917e-18 1.124366371754851e-04 2.810915929387127e-04 5.242944338007270e-04 1.124366371754851e-16
2127 8.862499999999997e-09 4.385028849842252e-18 1.124366371754424e-04 2.810915929386060e-04 5.242944338007270e-04 1.124366371754424e-16
2128 8.866666666666663e-09 4.385028849851504e-18 1.124366371756796e-04 2.810915929391990e-04 5.242944338007270e-04 1.124366371756796e-16
2129 8.870833333333331e-09 4.385028849852429e-18 1.124366371757033e-04 2.810915929392583e-04 5.242944338081285e-04 1.124366371757033e-16
2130 8.874999999999997e-09 4.385028849860016e-18 1.124366371758979e-04 2.810915929397446e-04 5.242944338155300e-04 1.124366371758979e-16
2131 8.879166666666664e-09 4.385028849863347e-18 1.124366371759833e-04 2.810915929399582e-04 5.242944338155300e-04 1.124366371759833e-16
2132 8.883333333333330e-09 4.385028849865382e-18 1.124366371760355e-04 2.810915929400887e-04 5.242944338155300e-04 1.124366371760355e-16
2133 8.887499999999998e-09 4.385028849863902e-18 1.124366371759975e-04 2.810915929399938e-04 5.242944338155300e-04 1.124366371759975e-16
2134 8.891666666666664e-09 4.385028849869268e-18 1.124366371761351e-04 2.810915929403377e-04 5.242944338192308e-04 1.124366371761351e-16
2135 8.895833333333329e-09 4.385028849865567e-18 1.124366371760402e-04 2.810915929401005e-04 5.242944338192308e-04 1.124366371760402e-16
2136 8.899999999999997e-09 4.385028849874449e-18 1.124366371762679e-04 2.810915929406698e-04 5.242944338192308e-04 1.124366371762679e-16
2137 8.904166666666663e-09 4.385028849872228e-18 1.124366371762110e-04 2.810915929405275e-04 5.242944338155301e-04 1.124366371762110e-16
2138 8.908333333333330e-09 4.385028849878520e-18 1.124366371763723e-04 2.810915929409308e-04 5.242944338155301e-04 1.124366371763723e-16
2139 8.912499999999996e-09 4.385028849876484e-18 1.124366371763201e-04 2.810915929408003e-04 5.242944338229316e-04 1.124366371763201e-16
2140 8.916666666666664e-09 4.385028849879445e-18 1.124366371763960e-04 2.810915929409901e-04 5.242944338229316e-04 1.124366371763960e-16
2141 8.920833333333330e-09 4.385028849876855e-18 1.124366371763296e-04 2.810915929408241e-04 5.242944338192308e-04 1.124366371763296e-16
2142 8.924999999999997e-09 4.385028849889066e-18 1.124366371766427e-04 2.810915929416069e-04 5.242944338229316e-04 1.124366371766427e-16
2143 8.929166666666663e-09 4.385028849886661e-18 1.124366371765810e-04 2.810915929414526e-04 5.242944338192308e-04 1.124366371765811e-16
2144 8.933333333333331e-09 4.385028849887402e-18 1.124366371766000e-04 2.810915929415001e-04 5.242944338192308e-04 1.124366371766001e-16
2145 8.937499999999996e-09 4.385028849882035e-18 1.124366371764624e-04 2.810915929411562e-04 5.242944338192308e-04 1.124366371764625e-16
2146 8.941666666666664e-09 4.385028849887587e-18 1.124366371766048e-04 2.810915929415120e-04 5.242944338192308e-04 1.124366371766048e-16
2147 8.945833333333330e-09 4.385028849877594e-18 1.124366371763486e-04 2.810915929408714e-04 5.242944338155301e-04 1.124366371763486e-16
2148 8.949999999999997e-09 4.385028849880370e-18 1.124366371764197e-04 2.810915929410494e-04 5.242944338192308e-04 1.124366371764198e-16
2149 8.954166666666663e-09 4.385028849880370e-18 1.124366371764197e-04 2.810915929410494e-04 5.242944338155301e-04 1.124366371764198e-16
2150 8.958333333333331e-09 4.385028849879629e-18 1.124366371764008e-04 2.810915929410019e-04 5.242944338192308e-04 1.124366371764007e-16
2151 8.962499999999997e-09 4.385028849883515e-18 1.124366371765004e-04 2.810915929412510e-04 5.242944338192308e-04 1.124366371765004e-16
2152 8.966666666666664e-09 4.385028849888327e-18 1.124366371766238e-04 2.810915929415594e-04 5.242944338118293e-04 1.124366371766238e-16
2153 8.970833333333330e-09 4.385028849887956e-18 1.124366371766143e-04 2.810915929415357e-04 5.242944338229316e-04 1.124366371766143e-16
2154 8.974999999999998e-09 4.385028849892582e-18 1.124366371767329e-04 2.810915929418322e-04 5.242944338155301e-04 1.124366371767329e-16
2155 8.979166666666664e-09 4.385028849894433e-18 1.124366371767803e-04 2.810915929419509e-04 5.242944338192308e-04 1.124366371767803e-16
2156 8.983333333333329e-09 4.385028849894617e-18 1.124366371767851e-04 2.810915929419626e-04 5.242944338192308e-04 1.124366371767850e-16
2157 8.987499999999997e-09 4.385028849896283e-18 1.124366371768278e-04 2.810915929420695e-04 5.242944338192308e-04 1.124366371768278e-16
2158 8.991666666666663e-09 4.385028849898319e-18 1.124366371768800e-04 2.810915929422000e-04 5.242944338192308e-04 1.124366371768800e-16
2159 8.995833333333330e-09 4.385028849895173e-18 1.124366371767993e-04 2.810915929419983e-04 5.242944338192308e-04 1.124366371767993e-16
2160 8.999999999999996e-09 4.385028849891843e-18 1.124366371767139e-04 2.810915929417848e-04 5.242944338192308e-04 1.124366371767139e-16
2161 9.004166666666664e-09 4.385028849897948e-18 1.124366371768705e-04 2.810915929421762e-04 5.242944338192308e-04 1.124366371768705e-16
2162 9.008333333333330e-09 4.385028849896838e-18 1.124366371768420e-04 2.810915929421051e-04 5.242944338155300e-04 1.124366371768420e-16
2163 9.012499999999997e-09 4.385028849897764e-18 1.124366371768657e-04 2.810915929421644e-04 5.242944338192308e-04 1.124366371768657e-16
2164 9.016666666666663e-09 4.385028849897023e-18 1.124366371768467e-04 2.810915929421169e-04 5.242944338192308e-04 1.124366371768468e-16
2165 9.020833333333331e-09 4.385028849896653e-18 1.124366371768373e-04 2.810915929420932e-04 5.242944338192308e-04 1.124366371768373e-16
2166 9.024999999999996e-09 4.385028849901279e-18 1.124366371769559e-04 2.810915929423897e-04 5.242944338155301e-04 1.124366371769559e-16
2167 9.029166666666664e-09 4.385028849903499e-18 1.124366371770128e-04 2.810915929425321e-04 5.242944338192308e-04 1.124366371770128e-16
2168 9.033333333333330e-09 4.385028849905351e-18 1.124366371770603e-04 2.810915929426507e-04 5.242944338155301e-04 1.124366371770603e-16
2169 9.037499999999997e-09 4.385028849906461e-18 1.124366371770887e-04 2.810915929427219e-04 5.242944338192308e-04 1.124366371770887e-16
2170 9.041666666666663e-09 4.385028849907199e-18 1.124366371771077e-04 2.810915929427692e-04 5.242944338155301e-04 1.124366371771077e-16
2171 9.045833333333331e-09 4.385028849909606e-18 1.124366371771694e-04 2.810915929429235e-04 5.242944338229315e-04 1.124366371771694e-16
2172 9.049999999999997e-09 4.385028849907200e-18 1.124366371771077e-04 2.810915929427693e-04 5.242944338155301e-04 1.124366371771077e-16
2173 9.054166666666664e-09 4.385028849914973e-18 1.124366371773070e-04 2.810915929432675e-04 5.242944338192307e-04 1.124366371773070e-16
2174 9.058333333333330e-09 4.385028849913307e-18 1.124366371772643e-04 2.810915929431607e-04 5.242944338155301e-04 1.124366371772643e-16
2175 9.062499999999998e-09 4.385028849915527e-18 1.124366371773212e-04 2.810915929433030e-04 5.242944338192308e-04 1.124366371773212e-16
2176 9.066666666666663e-09 4.385028849908125e-18 1.124366371771314e-04 2.810915929428285e-04 5.242944338155302e-04 1.124366371771314e-16
2177 9.070833333333329e-09 4.385028849914047e-18 1.124366371772832e-04 2.810915929432082e-04 5.242944338229316e-04 1.124366371772833e-16
2178 9.074999999999997e-09 4.385028849913676e-18 1.124366371772737e-04 2.810915929431844e-04 5.242944338229316e-04 1.124366371772737e-16
2179 9.079166666666663e-09 4.385028849909791e-18 1.124366371771741e-04 2.810915929429353e-04 5.242944338192309e-04 1.124366371771742e-16
2180 9.083333333333330e-09 4.385028849909791e-18 1.124366371771741e-04 2.810915929429353e-04 5.242944338229316e-04 1.124366371771742e-16
2181 9.087499999999996e-09 4.385028849914047e-18 1.124366371772832e-04 2.810915929432082e-04 5.242944338192309e-04 1.124366371772833e-16
2182 9.091666666666664e-09 4.385028849915527e-18 1.124366371773212e-04 2.810915929433030e-04 5.242944338229315e-04 1.124366371773212e-16
2183 9.095833333333330e-09 4.385028849916452e-18 1.124366371773449e-04 2.810915929433623e-04 5.242944338192308e-04 1.124366371773449e-16
2184 9.099999999999997e-09 4.385028849909421e-18 1.124366371771646e-04 2.810915929429116e-04 5.242944338192308e-04 1.124366371771647e-16
2185 9.104166666666663e-09 4.385028849911641e-18 1.124366371772216e-04 2.810915929430540e-04 5.242944338192308e-04 1.124366371772216e-16
2186 9.108333333333331e-09 4.385028849913862e-18 1.124366371772785e-04 2.810915929431964e-04 5.242944338192308e-04 1.124366371772785e-16
2187 9.112499999999996e-09 4.385028849918304e-18 1.124366371773924e-04 2.810915929434810e-04 5.242944338192308e-04 1.124366371773924e-16
2188 9.116666666666664e-09 4.385028849916822e-18 1.124366371773544e-04 2.810915929433861e-04 5.242944338192308e-04 1.124366371773544e-16
2189 9.120833333333330e-09 4.385028849929034e-18 1.124366371776676e-04 2.810915929441689e-04 5.242944338192308e-04 1.124366371776676e-16
2190 9.124999999999997e-09 4.385028849924223e-18 1.124366371775442e-04 2.810915929438605e-04 5.242944338192308e-04 1.124366371775442e-16
2191 9.129166666666663e-09 4.385028849929774e-18 1.124366371776865e-04 2.810915929442164e-04 5.242944338192308e-04 1.124366371776865e-16
2192 9.133333333333331e-09 4.385028849927370e-18 1.124366371776249e-04 2.810915929440622e-04 5.242944338192308e-04 1.124366371776249e-16
2193 9.137499999999997e-09 4.385028849940322e-18 1.124366371779570e-04 2.810915929448924e-04 5.242944338192308e-04 1.124366371779570e-16
2194 9.141666666666664e-09 4.385028849939767e-18 1.124366371779428e-04 2.810915929448569e-04 5.242944338192308e-04 1.124366371779428e-16
2195 9.145833333333330e-09 4.385028849945687e-18 1.124366371780946e-04 2.810915929452364e-04 5.242944338192308e-04 1.124366371780946e-16
2196 9.149999999999998e-09 4.385028849938286e-18 1.124366371779048e-04 2.810915929447620e-04 5.242944338192308e-04 1.124366371779048e-16
2197 9.154166666666663e-09 4.385028849941617e-18 1.124366371779902e-04 2.810915929449755e-04 5.242944338192308e-04 1.124366371779902e-16
2198 9.158333333333329e-09 4.385028849937547e-18 1.124366371778858e-04 2.810915929447146e-04 5.242944338192308e-04 1.124366371778858e-16
2199 9.162499999999997e-09 4.385028849941617e-18 1.124366371779902e-04 2.810915929449755e-04 5.242944338192308e-04 1.124366371779902e-16
2200 9.166666666666663e-09 4.385028849939396e-18 1.124366371779333e-04 2.810915929448331e-04 5.242944338192308e-04 1.124366371779333e-16
2201 9.170833333333330e-09 4.385028849943468e-18 1.124366371780376e-04 2.810915929450941e-04 5.242944338192308e-04 1.124366371780377e-16
2202 9.174999999999996e-09 4.385028849935511e-18 1.124366371778336e-04 2.810915929445841e-04 5.242944338192308e-04 1.124366371778336e-16
2203 9.179166666666664e-09 4.385028849946059e-18 1.124366371781041e-04 2.810915929452602e-04 5.242944338192308e-04 1.124366371781041e-16
2204 9.183333333333330e-09 4.385028849944948e-18 1.124366371780756e-04 2.810915929451890e-04 5.242944338192308e-04 1.124366371780756e-16
2205 9.187499999999997e-09 4.385028849950870e-18 1.124366371782274e-04 2.810915929455686e-04 5.242944338192308e-04 1.124366371782274e-16
2206 9.191666666666663e-09 4.385028849947168e-18 1.124366371781325e-04 2.810915929453313e-04 5.242944338192308e-04 1.124366371781325e-16
2207 9.195833333333330e-09 4.385028849951980e-18 1.124366371782559e-04 2.810915929456398e-04 5.242944338192308e-04 1.124366371782559e-16
2208 9.199999999999996e-09 4.385028849949388e-18 1.124366371781894e-04 2.810915929454736e-04 5.242944338192308e-04 1.124366371781895e-16
2209 9.204166666666664e-09 4.385028849952349e-18 1.124366371782654e-04 2.810915929456635e-04 5.242944338192308e-04 1.124366371782654e-16
2210 9.208333333333330e-09 4.385028849951424e-18 1.124366371782417e-04 2.810915929456042e-04 5.242944338192308e-04 1.124366371782417e-16
2211 9.212499999999997e-09 4.385028849954385e-18 1.124366371783176e-04 2.810915929457939e-04 5.242944338192308e-04 1.124366371783176e-16
2212 9.216666666666663e-09 4.385028849954385e-18 1.124366371783176e-04 2.810915929457939e-04 5.242944338192308e-04 1.124366371783176e-16
2213 9.220833333333331e-09 4.385028849959195e-18 1.124366371784409e-04 2.810915929461023e-04 5.242944338192308e-04 1.124366371784409e-16
2214 9.224999999999997e-09 4.385028849958270e-18 1.124366371784172e-04 2.810915929460430e-04 5.242944338192308e-04 1.124366371784172e-16
2215 9.229166666666664e-09 4.385028849958456e-18 1.124366371784220e-04 2.810915929460549e-04 5.242944338192308e-04 1.124366371784220e-16
2216 9.233333333333330e-09 4.385028849960305e-18 1.124366371784694e-04 2.810915929461734e-04 5.242944338192308e-04 1.124366371784694e-16
2217 9.237499999999998e-09 4.385028849966597e-18 1.124366371786307e-04 2.810915929465768e-04 5.242944338192308e-04 1.124366371786307e-16
2218 9.241666666666663e-09 4.385028849964561e-18 1.124366371785785e-04 2.810915929464463e-04 5.242944338192308e-04 1.124366371785785e-16
2219 9.245833333333329e-09 4.385028849970483e-18 1.124366371787303e-04 2.810915929468259e-04 5.242944338192308e-04 1.124366371787303e-16
2220 9.249999999999997e-09 4.385028849970113e-18 1.124366371787208e-04 2.810915929468021e-04 5.242944338192308e-04 1.124366371787209e-16
2221 9.254166666666663e-09 4.385028849969558e-18 1.124366371787066e-04 2.810915929467666e-04 5.242944338192308e-04 1.124366371787066e-16
2222 9.258333333333330e-09 4.385028849974554e-18 1.124366371788347e-04 2.810915929470868e-04 5.242944338192308e-04 1.124366371788347e-16
2223 9.262499999999996e-09 4.385028849974554e-18 1.124366371788347e-04 2.810915929470868e-04 5.242944338192308e-04 1.124366371788347e-16
2224 9.266666666666664e-09 4.385028849979735e-18 1.124366371789676e-04 2.810915929474189e-04 5.242944338192308e-04 1.124366371789676e-16
2225 9.270833333333329e-09 4.385028849981215e-18 1.124366371790055e-04 2.810915929475138e-04 5.242944338229315e-04 1.124366371790055e-16
2226 9.274999999999997e-09 4.385028849981215e-18 1.124366371790055e-04 2.810915929475138e-04 5.242944338192308e-04 1.124366371790055e-16
2227 9.279166666666663e-09 4.385028849982881e-18 1.124366371790482e-04 2.810915929476206e-04 5.242944338229316e-04 1.124366371790482e-16
2228 9.283333333333330e-09 4.385028849985656e-18 1.124366371791194e-04 2.810915929477985e-04 5.242944338229315e-04 1.124366371791194e-16
2229 9.287499999999996e-09 4.385028849983251e-18 1.124366371790577e-04 2.810915929476443e-04 5.242944338192308e-04 1.124366371790577e-16
2230 9.291666666666664e-09 4.385028849988432e-18 1.124366371791906e-04 2.810915929479764e-04 5.242944338229316e-04 1.124366371791906e-16
2231 9.295833333333330e-09 4.385028849989357e-18 1.124366371792143e-04 2.810915929480357e-04 5.242944338192308e-04 1.124366371792143e-16
2232 9.299999999999997e-09 4.385028849993057e-18 1.124366371793092e-04 2.810915929482730e-04 5.242944338229316e-04 1.124366371793092e-16
2233 9.304166666666663e-09 4.385028849993797e-18 1.124366371793281e-04 2.810915929483203e-04 5.242944338192308e-04 1.124366371793281e-16
2234 9.308333333333331e-09 4.385028849998794e-18 1.124366371794563e-04 2.810915929486407e-04 5.242944338192308e-04 1.124366371794563e-16
2235 9.312499999999997e-09 4.385028849995463e-18 1.124366371793709e-04 2.810915929484272e-04 5.242944338155301e-04 1.124366371793709e-16
2236 9.316666666666664e-09 4.385028849998979e-18 1.124366371794610e-04 2.810915929486525e-04 5.242944338192308e-04 1.124366371794610e-16
2237 9.320833333333330e-09 4.385028849995647e-18 1.124366371793756e-04 2.810915929484390e-04 5.242944338192308e-04 1.124366371793756e-16
2238 9.324999999999997e-09 4.385028849997868e-18 1.124366371794325e-04 2.810915929485813e-04 5.242944338229315e-04 1.124366371794325e-16
2239 9.329166666666663e-09 4.385028849997868e-18 1.124366371794325e-04 2.810915929485813e-04 5.242944338229315e-04 1.124366371794325e-16
2240 9.333333333333331e-09 4.385028850001384e-18 1.124366371795227e-04 2.810915929488067e-04 5.242944338192308e-04 1.124366371795227e-16
2241 9.337499999999997e-09 4.385028850006380e-18 1.124366371796508e-04 2.810915929491270e-04 5.242944338192308e-04 1.124366371796508e-16
2242 9.341666666666663e-09 4.385028850006750e-18 1.124366371796603e-04 2.810915929491507e-04 5.242944338192308e-04 1.124366371796603e-16
2243 9.345833333333330e-09 4.385028850014522e-18 1.124366371798595e-04 2.810915929496489e-04 5.242944338192308e-04 1.124366371798595e-16
2244 9.349999999999996e-09 4.385028850022293e-18 1.124366371800588e-04 2.810915929501470e-04 5.242944338229316e-04 1.124366371800588e-16
2245 9.354166666666664e-09 4.385028850035801e-18 1.124366371804052e-04 2.810915929510129e-04 5.242944338192308e-04 1.124366371804052e-16
2246 9.358333333333329e-09 4.385028850035986e-18 1.124366371804099e-04 2.810915929510248e-04 5.242944338229316e-04 1.124366371804099e-16
2247 9.362499999999997e-09 4.385028850044313e-18 1.124366371806234e-04 2.810915929515585e-04 5.242944338192308e-04 1.124366371806234e-16
2248 9.366666666666663e-09 4.385028850047274e-18 1.124366371806993e-04 2.810915929517484e-04 5.242944338229316e-04 1.124366371806993e-16
2249 9.370833333333330e-09 4.385028850050234e-18 1.124366371807752e-04 2.810915929519381e-04 5.242944338192308e-04 1.124366371807752e-16
2250 9.374999999999996e-09 4.385028850051159e-18 1.124366371807989e-04 2.810915929519974e-04 5.242944338229316e-04 1.124366371807989e-16
2251 9.379166666666664e-09 4.385028850053010e-18 1.124366371808464e-04 2.810915929521161e-04 5.242944338266322e-04 1.124366371808464e-16
2252 9.383333333333330e-09 4.385028850057081e-18 1.124366371809508e-04 2.810915929523770e-04 5.242944338377344e-04 1.124366371809508e-16
2253 9.387499999999997e-09 4.385028850056340e-18 1.124366371809318e-04 2.810915929523296e-04 5.242944338414352e-04 1.124366371809318e-16
2254 9.391666666666663e-09 4.385028850054490e-18 1.124366371808844e-04 2.810915929522110e-04 5.242944338414352e-04 1.124366371808844e-16
2255 9.395833333333331e-09 4.385028850058930e-18 1.124366371809982e-04 2.810915929524956e-04 5.242944338451359e-04 1.124366371809982e-16
2256 9.399999999999996e-09 4.385028850059856e-18 1.124366371810219e-04 2.810915929525549e-04 5.242944338451359e-04 1.124366371810219e-16
2257 9.404166666666664e-09 4.385028850062261e-18 1.124366371810836e-04 2.810915929527091e-04 5.242944338488368e-04 1.124366371810836e-16
2258 9.408333333333330e-09 4.385028850063371e-18 1.124366371811121e-04 2.810915929527802e-04 5.242944338562383e-04 1.124366371811121e-16
2259 9.412499999999997e-09 4.385028850067073e-18 1.124366371812070e-04 2.810915929530175e-04 5.242944338599390e-04 1.124366371812070e-16
2260 9.416666666666663e-09 4.385028850073733e-18 1.124366371813778e-04 2.810915929534445e-04 5.242944338562383e-04 1.124366371813778e-16
2261 9.420833333333331e-09 4.385028850075768e-18 1.124366371814300e-04 2.810915929535749e-04 5.242944338636397e-04 1.124366371814300e-16
2262 9.424999999999997e-09 4.385028850080765e-18 1.124366371815581e-04 2.810915929538952e-04 5.242944338599390e-04 1.124366371815581e-16
2263 9.429166666666663e-09 4.385028850088537e-18 1.124366371817574e-04 2.810915929543935e-04 5.242944338710412e-04 1.124366371817574e-16
2264 9.433333333333330e-09 4.385028850088906e-18 1.124366371817668e-04 2.810915929544171e-04 5.242944338710411e-04 1.124366371817669e-16
2265 9.437499999999996e-09 4.385028850089832e-18 1.124366371817906e-04 2.810915929544764e-04 5.242944338747419e-04 1.124366371817906e-16
2266 9.441666666666664e-09 4.385028850090017e-18 1.124366371817953e-04 2.810915929544883e-04 5.242944338710411e-04 1.124366371817953e-16
2267 9.445833333333329e-09 4.385028850093717e-18 1.124366371818902e-04 2.810915929547255e-04 5.242944338747419e-04 1.124366371818902e-16
2268 9.449999999999997e-09 4.385028850096308e-18 1.124366371819566e-04 2.810915929548916e-04 5.242944338673404e-04 1.124366371819566e-16
2269 9.454166666666663e-09 4.385028850097973e-18 1.124366371819993e-04 2.810915929549983e-04 5.242944338747419e-04 1.124366371819993e-16
2270 9.458333333333330e-09 4.385028850097973e-18 1.124366371819993e-04 2.810915929549983e-04 5.242944338673404e-04 1.124366371819993e-16
2271 9.462499999999996e-09 4.385028850098714e-18 1.124366371820183e-04 2.810915929550458e-04 5.242944338747419e-04 1.124366371820183e-16
2272 9.466666666666664e-09 4.385028850097418e-18 1.124366371819851e-04 2.810915929549628e-04 5.242944338747419e-04 1.124366371819851e-16
2273 9.470833333333330e-09 4.385028850101489e-18 1.124366371820895e-04 2.810915929552237e-04 5.242944338784427e-04 1.124366371820895e-16
2274 9.474999999999997e-09 4.385028850106485e-18 1.124366371822176e-04 2.810915929555440e-04 5.242944338710412e-04 1.124366371822176e-16
2275 9.479166666666663e-09 4.385028850117218e-18 1.124366371824928e-04 2.810915929562319e-04 5.242944338747419e-04 1.124366371824928e-16
2276 9.483333333333331e-09 4.385028850120178e-18 1.124366371825687e-04 2.810915929564217e-04 5.242944338747419e-04 1.124366371825687e-16
2277 9.487499999999996e-09 4.385028850124618e-18 1.124366371826825e-04 2.810915929567063e-04 5.242944338784426e-04 1.124366371826825e-16
2278 9.491666666666664e-09 4.385028850121844e-18 1.124366371826114e-04 2.810915929565285e-04 5.242944338747419e-04 1.124366371826114e-16
2279 9.495833333333330e-09 4.385028850127210e-18 1.124366371827490e-04 2.810915929568725e-04 5.242944338784426e-04 1.124366371827490e-16
2280 9.499999999999997e-09 4.385028850123693e-18 1.124366371826588e-04 2.810915929566470e-04 5.242944338747419e-04 1.124366371826588e-16
2281 9.504166666666663e-09 4.385028850132576e-18 1.124366371828866e-04 2.810915929572164e-04 5.242944338784426e-04 1.124366371828866e-16
2282 9.508333333333331e-09 4.385028850134797e-18 1.124366371829435e-04 2.810915929573588e-04 5.242944338747419e-04 1.124366371829435e-16
2283 9.512499999999997e-09 4.385028850138867e-18 1.124366371830479e-04 2.810915929576197e-04 5.242944338784426e-04 1.124366371830479e-16
2284 9.516666666666663e-09 4.385028850142012e-18 1.124366371831285e-04 2.810915929578213e-04 5.242944338747419e-04 1.124366371831285e-16
2285 9.520833333333330e-09 4.385028850149599e-18 1.124366371833231e-04 2.810915929583077e-04 5.242944338784426e-04 1.124366371833231e-16
2286 9.524999999999996e-09 4.385028850150340e-18 1.124366371833421e-04 2.810915929583551e-04 5.242944338747419e-04 1.124366371833421e-16
2287 9.529166666666663e-09 4.385028850154595e-18 1.124366371834512e-04 2.810915929586279e-04 5.242944338784426e-04 1.124366371834512e-16
2288 9.533333333333329e-09 4.385028850156076e-18 1.124366371834891e-04 2.810915929587228e-04 5.242944338747419e-04 1.124366371834891e-16
2289 9.537499999999997e-09 4.385028850161627e-18 1.124366371836315e-04 2.810915929590787e-04 5.242944338710412e-04 1.124366371836315e-16
2290 9.541666666666663e-09 4.385028850163662e-18 1.124366371836837e-04 2.810915929592092e-04 5.242944338784426e-04 1.124366371836837e-16
2291 9.545833333333330e-09 4.385028850167363e-18 1.124366371837785e-04 2.810915929594464e-04 5.242944338710412e-04 1.124366371837785e-16
2292 9.549999999999996e-09 4.385028850170878e-18 1.124366371838687e-04 2.810915929596717e-04 5.242944338747419e-04 1.124366371838687e-16
2293 9.554166666666664e-09 4.385028850176245e-18 1.124366371840063e-04 2.810915929600157e-04 5.242944338821434e-04 1.124366371840063e-16
2294 9.558333333333330e-09 4.385028850186975e-18 1.124366371842814e-04 2.810915929607036e-04 5.242944338784426e-04 1.124366371842814e-16
2295 9.562499999999997e-09 4.385028850192342e-18 1.124366371844190e-04 2.810915929610476e-04 5.242944338858442e-04 1.124366371844190e-16
2296 9.566666666666663e-09 4.385028850196044e-18 1.124366371845139e-04 2.810915929612849e-04 5.242944338858442e-04 1.124366371845139e-16
2297 9.570833333333331e-09 4.385028850203629e-18 1.124366371847085e-04 2.810915929617711e-04 5.242944338895449e-04 1.124366371847085e-16
2298 9.574999999999996e-09 4.385028850207515e-18 1.124366371848081e-04 2.810915929620202e-04 5.242944338821434e-04 1.124366371848081e-16
2299 9.579166666666664e-09 4.385028850211771e-18 1.124366371849172e-04 2.810915929622931e-04 5.242944338895449e-04 1.124366371849172e-16
2300 9.583333333333330e-09 4.385028850215472e-18 1.124366371850121e-04 2.810915929625303e-04 5.242944338821434e-04 1.124366371850121e-16
2301 9.587499999999997e-09 4.385028850216953e-18 1.124366371850501e-04 2.810915929626252e-04 5.242944338895449e-04 1.124366371850501e-16
2302 9.591666666666663e-09 4.385028850227130e-18 1.124366371853110e-04 2.810915929632776e-04 5.242944338821434e-04 1.124366371853110e-16
2303 9.595833333333331e-09 4.385028850233420e-18 1.124366371854723e-04 2.810915929636808e-04 5.242944338895449e-04 1.124366371854723e-16
2304 9.599999999999997e-09 4.385028850241377e-18 1.124366371856763e-04 2.810915929641908e-04 5.242944338821434e-04 1.124366371856763e-16
2305 9.604166666666663e-09 4.385028850247114e-18 1.124366371858234e-04 2.810915929645586e-04 5.242944338895449e-04 1.124366371858234e-16
2306 9.608333333333330e-09 4.385028850258771e-18 1.124366371861223e-04 2.810915929653059e-04 5.242944338821434e-04 1.124366371861224e-16
2307 9.612499999999996e-09 4.385028850263212e-18 1.124366371862362e-04 2.810915929655906e-04 5.242944338895449e-04 1.124366371862362e-16
2308 9.616666666666663e-09 4.385028850270983e-18 1.124366371864355e-04 2.810915929660887e-04 5.242944338821434e-04 1.124366371864355e-16
2309 9.620833333333329e-09 4.385028850272649e-18 1.124366371864782e-04 2.810915929661955e-04 5.242944338895449e-04 1.124366371864782e-16
2310 9.624999999999997e-09 4.385028850284861e-18 1.124366371867913e-04 2.810915929669783e-04 5.242944338821434e-04 1.124366371867913e-16
2311 9.629166666666663e-09 4.385028850292263e-18 1.124366371869811e-04 2.810915929674528e-04 5.242944338895450e-04 1.124366371869811e-16
2312 9.633333333333330e-09 4.385028850292077e-18 1.124366371869764e-04 2.810915929674409e-04 5.242944338821434e-04 1.124366371869763e-16
2313 9.637499999999996e-09 4.385028850291152e-18 1.124366371869526e-04 2.810915929673816e-04 5.242944338821434e-04 1.124366371869526e-16
2314 9.641666666666664e-09 4.385028850298924e-18 1.124366371871519e-04 2.810915929678797e-04 5.242944338784426e-04 1.124366371871519e-16
2315 9.645833333333330e-09 4.385028850306140e-18 1.124366371873369e-04 2.810915929683424e-04 5.242944338895450e-04 1.124366371873370e-16
2316 9.649999999999997e-09 4.385028850313172e-18 1.124366371875172e-04 2.810915929687931e-04 5.242944338858442e-04 1.124366371875172e-16
2317 9.654166666666663e-09 4.385028850315762e-18 1.124366371875837e-04 2.810915929689592e-04 5.242944338932457e-04 1.124366371875837e-16
2318 9.658333333333330e-09 4.385028850322053e-18 1.124366371877450e-04 2.810915929693624e-04 5.242944338932457e-04 1.124366371877450e-16
2319 9.662499999999996e-09 4.385028850328530e-18 1.124366371879110e-04 2.810915929697776e-04 5.242944339006472e-04 1.124366371879110e-16
2320 9.666666666666664e-09 4.385028850328715e-18 1.124366371879158e-04 2.810915929697895e-04 5.242944338969465e-04 1.124366371879158e-16
2321 9.670833333333330e-09 4.385028850337596e-18 1.124366371881435e-04 2.810915929703588e-04 5.242944339043480e-04 1.124366371881435e-16
2322 9.674999999999997e-09 4.385028850345369e-18 1.124366371883428e-04 2.810915929708570e-04 5.242944339006472e-04 1.124366371883428e-16
2323 9.679166666666663e-09 4.385028850348884e-18 1.124366371884329e-04 2.810915929710823e-04 5.242944339043478e-04 1.124366371884329e-16
2324 9.683333333333331e-09 4.385028850351659e-18 1.124366371885041e-04 2.810915929712603e-04 5.242944339006471e-04 1.124366371885041e-16
2325 9.687499999999997e-09 4.385028850356470e-18 1.124366371886275e-04 2.810915929715687e-04 5.242944339043479e-04 1.124366371886275e-16
2326 9.691666666666662e-09 4.385028850361467e-18 1.124366371887556e-04 2.810915929718890e-04 5.242944339043479e-04 1.124366371887556e-16
2327 9.695833333333330e-09 4.385028850370718e-18 1.124366371889928e-04 2.810915929724820e-04 5.242944339043479e-04 1.124366371889928e-16
2328 9.699999999999996e-09 4.385028850374234e-18 1.124366371890829e-04 2.810915929727073e-04 5.242944339043479e-04 1.124366371890829e-16
2329 9.704166666666663e-09 4.385028850379045e-18 1.124366371892063e-04 2.810915929730157e-04 5.242944339043479e-04 1.124366371892063e-16
2330 9.708333333333329e-09 4.385028850375159e-18 1.124366371891066e-04 2.810915929727666e-04 5.242944339043479e-04 1.124366371891067e-16
2331 9.712499999999997e-09 4.385028850380155e-18 1.124366371892347e-04 2.810915929730869e-04 5.242944339043478e-04 1.124366371892348e-16
2332 9.716666666666663e-09 4.385028850380155e-18 1.124366371892348e-04 2.810915929730869e-04 5.242944339043479e-04 1.124366371892348e-16
2333 9.720833333333330e-09 4.385028850380155e-18 1.124366371892347e-04 2.810915929730869e-04 5.242944339043479e-04 1.124366371892348e-16
2334 9.724999999999996e-09 4.385028850386077e-18 1.124366371893866e-04 2.810915929734665e-04 5.242944339043479e-04 1.124366371893866e-16
2335 9.729166666666664e-09 4.385028850383115e-18 1.124366371893107e-04 2.810915929732767e-04 5.242944339043479e-04 1.124366371893107e-16
2336 9.733333333333330e-09 4.385028850380340e-18 1.124366371892395e-04 2.810915929730988e-04 5.242944339043479e-04 1.124366371892395e-16
2337 9.737499999999997e-09 4.385028850381080e-18 1.124366371892585e-04 2.810915929731462e-04 5.242944339043479e-04 1.124366371892585e-16
2338 9.741666666666663e-09 4.385028850379970e-18 1.124366371892300e-04 2.810915929730750e-04 5.242944339043479e-04 1.124366371892300e-16
2339 9.745833333333330e-09 4.385028850376640e-18 1.124366371891446e-04 2.810915929728615e-04 5.242944339043479e-04 1.124366371891446e-16
2340 9.749999999999996e-09 4.385028850383300e-18 1.124366371893154e-04 2.810915929732885e-04 5.242944339080486e-04 1.124366371893154e-16
2341 9.754166666666664e-09 4.385028850377010e-18 1.124366371891541e-04 2.810915929728853e-04 5.242944339043479e-04 1.124366371891541e-16
2342 9.758333333333330e-09 4.385028850379785e-18 1.124366371892253e-04 2.810915929730632e-04 5.242944339043479e-04 1.124366371892253e-16
2343 9.762499999999997e-09 4.385028850379230e-18 1.124366371892110e-04 2.810915929730276e-04 5.242944339043479e-04 1.124366371892111e-16
2344 9.766666666666663e-09 4.385028850384782e-18 1.124366371893534e-04 2.810915929733835e-04 5.242944339080486e-04 1.124366371893534e-16
2345 9.770833333333331e-09 4.385028850383671e-18 1.124366371893249e-04 2.810915929733123e-04 5.242944339043478e-04 1.124366371893249e-16
2346 9.774999999999997e-09 4.385028850391998e-18 1.124366371895384e-04 2.810915929738460e-04 5.242944338969464e-04 1.124366371895384e-16
2347 9.779166666666662e-09 4.385028850387187e-18 1.124366371894150e-04 2.810915929735376e-04 5.242944339043478e-04 1.124366371894151e-16
2348 9.783333333333330e-09 4.385028850387926e-18 1.124366371894340e-04 2.810915929735851e-04 5.242944339006471e-04 1.124366371894340e-16
2349 9.787499999999996e-09 4.385028850383300e-18 1.124366371893154e-04 2.810915929732885e-04 5.242944339006471e-04 1.124366371893154e-16
2350 9.791666666666663e-09 4.385028850390888e-18 1.124366371895099e-04 2.810915929737749e-04 5.242944339006471e-04 1.124366371895099e-16
2351 9.795833333333329e-09 4.385028850388667e-18 1.124366371894530e-04 2.810915929736325e-04 5.242944339006471e-04 1.124366371894530e-16
2352 9.799999999999997e-09 4.385028850387372e-18 1.124366371894198e-04 2.810915929735496e-04 5.242944339006471e-04 1.124366371894198e-16
2353 9.804166666666663e-09 4.385028850378675e-18 1.124366371891968e-04 2.810915929729920e-04 5.242944338932457e-04 1.124366371891968e-16
2354 9.808333333333330e-09 4.385028850390148e-18 1.124366371894910e-04 2.810915929737275e-04 5.242944338932457e-04 1.124366371894910e-16
2355 9.812499999999996e-09 4.385028850385892e-18 1.124366371893818e-04 2.810915929734546e-04 5.242944338932457e-04 1.124366371893819e-16
2356 9.816666666666664e-09 4.385028850390518e-18 1.124366371895005e-04 2.810915929737512e-04 5.242944338932457e-04 1.124366371895005e-16
2357 9.820833333333329e-09 4.385028850382376e-18 1.124366371892917e-04 2.810915929732293e-04 5.242944338932457e-04 1.124366371892917e-16
2358 9.824999999999997e-09 4.385028850390702e-18 1.124366371895052e-04 2.810915929737630e-04 5.242944338932457e-04 1.124366371895052e-16
2359 9.829166666666663e-09 4.385028850387741e-18 1.124366371894293e-04 2.810915929735732e-04 5.242944338932457e-04 1.124366371894293e-16
2360 9.833333333333330e-09 4.385028850388852e-18 1.124366371894578e-04 2.810915929736444e-04 5.242944338932457e-04 1.124366371894578e-16
2361 9.837499999999996e-09 4.385028850386077e-18 1.124366371893866e-04 2.810915929734665e-04 5.242944338932457e-04 1.124366371893866e-16
2362 9.841666666666664e-09 4.385028850387187e-18 1.124366371894150e-04 2.810915929735376e-04 5.242944338932457e-04 1.124366371894151e-16
2363 9.845833333333330e-09 4.385028850385151e-18 1.124366371893629e-04 2.810915929734072e-04 5.242944338932457e-04 1.124366371893628e-16
2364 9.849999999999997e-09 4.385028850386446e-18 1.124366371893961e-04 2.810915929734902e-04 5.242944338932457e-04 1.124366371893960e-16
2365 9.854166666666663e-09 4.385028850379785e-18 1.124366371892253e-04 2.810915929730632e-04 5.242944338932457e-04 1.124366371892253e-16
2366 9.858333333333331e-09 4.385028850379600e-18 1.124366371892205e-04 2.810915929730513e-04 5.242944338932457e-04 1.124366371892205e-16
2367 9.862499999999996e-09 4.385028850382745e-18 1.124366371893012e-04 2.810915929732529e-04 5.242944338932457e-04 1.124366371893012e-16
2368 9.866666666666662e-09 4.385028850382561e-18 1.124366371892964e-04 2.810915929732412e-04 5.242944338932457e-04 1.124366371892965e-16
2369 9.870833333333330e-09 4.385028850382745e-18 1.124366371893012e-04 2.810915929732529e-04 5.242944338932457e-04 1.124366371893012e-16
2370 9.874999999999996e-09 4.385028850383856e-18 1.124366371893297e-04 2.810915929733242e-04 5.242944338932457e-04 1.124366371893297e-16
2371 9.879166666666663e-09 4.385028850386261e-18 1.124366371893913e-04 2.810915929734783e-04 5.242944338932457e-04 1.124366371893913e-16
2372 9.883333333333329e-09 4.385028850387372e-18 1.124366371894198e-04 2.810915929735496e-04 5.242944338932457e-04 1.124366371894198e-16
2373 9.887499999999997e-09 4.385028850390148e-18 1.124366371894910e-04 2.810915929737275e-04 5.242944338969464e-04 1.124366371894910e-16
2374 9.891666666666663e-09 4.385028850394588e-18 1.124366371896048e-04 2.810915929740121e-04 5.242944338932457e-04 1.124366371896048e-16
2375 9.895833333333330e-09 4.385028850390702e-18 1.124366371895052e-04 2.810915929737630e-04 5.242944338895450e-04 1.124366371895052e-16
2376 9.899999999999996e-09 4.385028850392738e-18 1.124366371895574e-04 2.810915929738935e-04 5.242944338821434e-04 1.124366371895574e-16
2377 9.904166666666664e-09 4.385028850390888e-18 1.124366371895099e-04 2.810915929737749e-04 5.242944338858442e-04 1.124366371895099e-16
2378 9.908333333333329e-09 4.385028850394403e-18 1.124366371896001e-04 2.810915929740002e-04 5.242944338821436e-04 1.124366371896001e-16
2379 9.912499999999997e-09 4.385028850393478e-18 1.124366371895764e-04 2.810915929739410e-04 5.242944338895450e-04 1.124366371895764e-16
2380 9.916666666666663e-09 4.385028850396623e-18 1.124366371896570e-04 2.810915929741425e-04 5.242944338895450e-04 1.124366371896570e-16
2381 9.920833333333330e-09 4.385028850400694e-18 1.124366371897614e-04 2.810915929744035e-04 5.242944338932457e-04 1.124366371897614e-16
2382 9.924999999999996e-09 4.385028850409576e-18 1.124366371899891e-04 2.810915929749729e-04 5.242944338969464e-04 1.124366371899891e-16
2383 9.929166666666664e-09 4.385028850413647e-18 1.124366371900935e-04 2.810915929752338e-04 5.242944339006471e-04 1.124366371900935e-16
2384 9.933333333333330e-09 4.385028850419013e-18 1.124366371902311e-04 2.810915929755778e-04 5.242944338969464e-04 1.124366371902311e-16
2385 9.937499999999997e-09 4.385028850432522e-18 1.124366371905775e-04 2.810915929764437e-04 5.242944338969464e-04 1.124366371905775e-16
2386 9.941666666666663e-09 4.385028850436962e-18 1.124366371906913e-04 2.810915929767283e-04 5.242944338932457e-04 1.124366371906913e-16
2387 9.945833333333331e-09 4.385028850435851e-18 1.124366371906629e-04 2.810915929766572e-04 5.242944338932457e-04 1.124366371906629e-16
2388 9.949999999999996e-09 4.385028850438072e-18 1.124366371907198e-04 2.810915929767995e-04 5.242944338932457e-04 1.124366371907198e-16
2389 9.954166666666664e-09 4.385028850442328e-18 1.124366371908289e-04 2.810915929770723e-04 5.242944338932457e-04 1.124366371908289e-16
2390 9.958333333333330e-09 4.385028850448434e-18 1.124366371909855e-04 2.810915929774638e-04 5.242944338969464e-04 1.124366371909855e-16
2391 9.962499999999996e-09 4.385028850452875e-18 1.124366371910994e-04 2.810915929777484e-04 5.242944338969464e-04 1.124366371910994e-16
2392 9.966666666666663e-09 4.385028850453615e-18 1.124366371911183e-04 2.810915929777958e-04 5.242944338969464e-04 1.124366371911184e-16
2393 9.970833333333329e-09 4.385028850460092e-18 1.124366371912844e-04 2.810915929782110e-04 5.242944338969464e-04 1.124366371912844e-16
2394 9.974999999999997e-09 4.385028850463052e-18 1.124366371913603e-04 2.810915929784008e-04 5.242944338969464e-04 1.124366371913603e-16
2395 9.979166666666663e-09 4.385028850468233e-18 1.124366371914932e-04 2.810915929787329e-04 5.242944338969464e-04 1.124366371914932e-16
2396 9.983333333333330e-09 4.385028850466013e-18 1.124366371914362e-04 2.810915929785906e-04 5.242944338932457e-04 1.124366371914362e-16
2397 9.987499999999996e-09 4.385028850467493e-18 1.124366371914742e-04 2.810915929786854e-04 5.242944338932457e-04 1.124366371914742e-16
2398 9.991666666666663e-09 4.385028850472674e-18 1.124366371916070e-04 2.810915929790176e-04 5.242944338932457e-04 1.124366371916070e-16
2399 9.995833333333329e-09 4.385028850472489e-18 1.124366371916023e-04 2.810915929790058e-04 5.242944338932457e-04 1.124366371916023e-16
2400 9.999999999999997e-09 4.385028850482851e-18 1.124366371918680e-04 2.810915929796699e-04 5.242944338932457e-04 1.124366371918680e-16
2401 1.000416666666666e-08 4.385028850487477e-18 1.124366371919866e-04 2.810915929799665e-04 5.242944338932457e-04 1.124366371919866e-16
2402 1.000833333333333e-08 4.385028850503945e-18 1.124366371924089e-04 2.810915929810222e-04 5.242944338932457e-04 1.124366371924089e-16
2403 1.001250000000000e-08 4.385028850507832e-18 1.124366371925085e-04 2.810915929812713e-04 5.242944338932457e-04 1.124366371925085e-16
2404 1.001666666666666e-08 4.385028850510052e-18 1.124366371925654e-04 2.810915929814136e-04 5.242944338932457e-04 1.124366371925654e-16
2405 1.002083333333333e-08 4.385028850515048e-18 1.124366371926935e-04 2.810915929817338e-04 5.242944338932457e-04 1.124366371926935e-16
2406 1.002500000000000e-08 4.385028850518563e-18 1.124366371927837e-04 2.810915929819592e-04 5.242944338932457e-04 1.124366371927837e-16
2407 1.002916666666666e-08 4.385028850521154e-18 1.124366371928501e-04 2.810915929821253e-04 5.242944338932457e-04 1.124366371928501e-16
2408 1.003333333333333e-08 4.385028850533181e-18 1.124366371931585e-04 2.810915929828962e-04 5.242944338969464e-04 1.124366371931585e-16
2409 1.003750000000000e-08 4.385028850538547e-18 1.124366371932961e-04 2.810915929832402e-04 5.242944339006471e-04 1.124366371932961e-16
2410 1.004166666666666e-08 4.385028850547244e-18 1.124366371935191e-04 2.810915929837977e-04 5.242944339006471e-04 1.124366371935191e-16
2411 1.004583333333333e-08 4.385028850550575e-18 1.124366371936045e-04 2.810915929840113e-04 5.242944339043478e-04 1.124366371936045e-16
2412 1.005000000000000e-08 4.385028850558530e-18 1.124366371938085e-04 2.810915929845212e-04 5.242944339043478e-04 1.124366371938085e-16
2413 1.005416666666666e-08 4.385028850555941e-18 1.124366371937421e-04 2.810915929843552e-04 5.242944339043478e-04 1.124366371937421e-16
2414 1.005833333333333e-08 4.385028850562232e-18 1.124366371939034e-04 2.810915929847585e-04 5.242944339006471e-04 1.124366371939034e-16
2415 1.006250000000000e-08 4.385028850567042e-18 1.124366371940267e-04 2.810915929850668e-04 5.242944339006471e-04 1.124366371940267e-16
2416 1.006666666666666e-08 4.385028850567413e-18 1.124366371940362e-04 2.810915929850906e-04 5.242944338932456e-04 1.124366371940362e-16
2417 1.007083333333333e-08 4.385028850570558e-18 1.124366371941169e-04 2.810915929852922e-04 5.242944338932457e-04 1.124366371941169e-16
2418 1.007500000000000e-08 4.385028850574259e-18 1.124366371942118e-04 2.810915929855295e-04 5.242944338932456e-04 1.124366371942118e-16
2419 1.007916666666666e-08 4.385028850574074e-18 1.124366371942070e-04 2.810915929855176e-04 5.242944338932456e-04 1.124366371942070e-16
2420 1.008333333333333e-08 4.385028850578146e-18 1.124366371943114e-04 2.810915929857786e-04 5.242944338969463e-04 1.124366371943114e-16
2421 1.008750000000000e-08 4.385028850583511e-18 1.124366371944490e-04 2.810915929861226e-04 5.242944338932456e-04 1.124366371944490e-16
2422 1.009166666666666e-08 4.385028850589802e-18 1.124366371946103e-04 2.810915929865258e-04 5.242944338969463e-04 1.124366371946103e-16
2423 1.009583333333333e-08 4.385028850590173e-18 1.124366371946198e-04 2.810915929865496e-04 5.242944338969464e-04 1.124366371946198e-16
2424 1.010000000000000e-08 4.385028850592022e-18 1.124366371946672e-04 2.810915929866681e-04 5.242944338969463e-04 1.124366371946672e-16
2425 1.010416666666666e-08 4.385028850597944e-18 1.124366371948191e-04 2.810915929870477e-04 5.242944338969464e-04 1.124366371948191e-16
2426 1.010833333333333e-08 4.385028850599424e-18 1.124366371948570e-04 2.810915929871426e-04 5.242944338969463e-04 1.124366371948570e-16
2427 1.011250000000000e-08 4.385028850603311e-18 1.124366371949567e-04 2.810915929873917e-04 5.242944338969464e-04 1.124366371949567e-16
2428 1.011666666666666e-08 4.385028850601645e-18 1.124366371949140e-04 2.810915929872850e-04 5.242944338969463e-04 1.124366371949140e-16
2429 1.012083333333333e-08 4.385028850607196e-18 1.124366371950563e-04 2.810915929876408e-04 5.242944338969464e-04 1.124366371950563e-16
2430 1.012500000000000e-08 4.385028850614782e-18 1.124366371952508e-04 2.810915929881271e-04 5.242944339006471e-04 1.124366371952508e-16
2431 1.012916666666666e-08 4.385028850614597e-18 1.124366371952461e-04 2.810915929881152e-04 5.242944339043478e-04 1.124366371952461e-16
2432 1.013333333333333e-08 4.385028850619592e-18 1.124366371953742e-04 2.810915929884355e-04 5.242944338969463e-04 1.124366371953742e-16
2433 1.013750000000000e-08 4.385028850623479e-18 1.124366371954738e-04 2.810915929886846e-04 5.242944339043478e-04 1.124366371954738e-16
2434 1.014166666666666e-08 4.385028850624405e-18 1.124366371954976e-04 2.810915929887440e-04 5.242944339043478e-04 1.124366371954976e-16
2435 1.014583333333333e-08 4.385028850620703e-18 1.124366371954027e-04 2.810915929885067e-04 5.242944339043478e-04 1.124366371954027e-16
2436 1.015000000000000e-08 4.385028850630140e-18 1.124366371956446e-04 2.810915929891116e-04 5.242944339080486e-04 1.124366371956446e-16
2437 1.015416666666666e-08 4.385028850625515e-18 1.124366371955260e-04 2.810915929888151e-04 5.242944339080486e-04 1.124366371955260e-16
2438 1.015833333333333e-08 4.385028850630696e-18 1.124366371956589e-04 2.810915929891472e-04 5.242944339080486e-04 1.124366371956589e-16
2439 1.016250000000000e-08 4.385028850624775e-18 1.124366371955071e-04 2.810915929887677e-04 5.242944339080486e-04 1.124366371955071e-16
2440 1.016666666666666e-08 4.385028850630696e-18 1.124366371956589e-04 2.810915929891472e-04 5.242944339080486e-04 1.124366371956589e-16
2441 1.017083333333333e-08 4.385028850624960e-18 1.124366371955118e-04 2.810915929887795e-04 5.242944339080486e-04 1.124366371955118e-16
2442 1.017500000000000e-08 4.385028850626440e-18 1.124366371955497e-04 2.810915929888744e-04 5.242944339080486e-04 1.124366371955497e-16
2443 1.017916666666666e-08 4.385028850622184e-18 1.124366371954406e-04 2.810915929886016e-04 5.242944339080486e-04 1.124366371954406e-16
2444 1.018333333333333e-08 4.385028850632546e-18 1.124366371957063e-04 2.810915929892658e-04 5.242944339080486e-04 1.124366371957063e-16
2445 1.018750000000000e-08 4.385028850631620e-18 1.124366371956826e-04 2.810915929892065e-04 5.242944339080486e-04 1.124366371956826e-16
2446 1.019166666666666e-08 4.385028850635136e-18 1.124366371957727e-04 2.810915929894318e-04 5.242944339080486e-04 1.124366371957727e-16
2447 1.019583333333333e-08 4.385028850632361e-18 1.124366371957016e-04 2.810915929892540e-04 5.242944339080486e-04 1.124366371957016e-16
2448 1.020000000000000e-08 4.385028850639022e-18 1.124366371958724e-04 2.810915929896809e-04 5.242944339080486e-04 1.124366371958724e-16
2449 1.020416666666666e-08 4.385028850633841e-18 1.124366371957395e-04 2.810915929893488e-04 5.242944339080486e-04 1.124366371957395e-16
2450 1.020833333333333e-08 4.385028850636431e-18 1.124366371958059e-04 2.810915929895149e-04 5.242944339080486e-04 1.124366371958059e-16
2451 1.021250000000000e-08 4.385028850632177e-18 1.124366371956968e-04 2.810915929892421e-04 5.242944339080486e-04 1.124366371956968e-16
2452 1.021666666666666e-08 4.385028850634767e-18 1.124366371957633e-04 2.810915929894081e-04 5.242944339080486e-04 1.124366371957633e-16
2453 1.022083333333333e-08 4.385028850630696e-18 1.124366371956589e-04 2.810915929891472e-04 5.242944339006471e-04 1.124366371956589e-16
2454 1.022500000000000e-08 4.385028850635507e-18 1.124366371957822e-04 2.810915929894556e-04 5.242944339006471e-04 1.124366371957822e-16
2455 1.022916666666666e-08 4.385028850633472e-18 1.124366371957301e-04 2.810915929893251e-04 5.242944339006471e-04 1.124366371957301e-16
2456 1.023333333333333e-08 4.385028850636431e-18 1.124366371958059e-04 2.810915929895149e-04 5.242944338969464e-04 1.124366371958059e-16
2457 1.023750000000000e-08 4.385028850637356e-18 1.124366371958297e-04 2.810915929895742e-04 5.242944339006471e-04 1.124366371958297e-16
2458 1.024166666666666e-08 4.385028850643463e-18 1.124366371959862e-04 2.810915929899656e-04 5.242944339006471e-04 1.124366371959862e-16
2459 1.024583333333333e-08 4.385028850639577e-18 1.124366371958866e-04 2.810915929897165e-04 5.242944339006471e-04 1.124366371958866e-16
2460 1.025000000000000e-08 4.385028850650494e-18 1.124366371961665e-04 2.810915929904163e-04 5.242944338969464e-04 1.124366371961665e-16
2461 1.025416666666666e-08 4.385028850653640e-18 1.124366371962472e-04 2.810915929906180e-04 5.242944339006471e-04 1.124366371962472e-16
2462 1.025833333333333e-08 4.385028850661782e-18 1.124366371964560e-04 2.810915929911399e-04 5.242944339006471e-04 1.124366371964559e-16
2463 1.026250000000000e-08 4.385028850655861e-18 1.124366371963041e-04 2.810915929907604e-04 5.242944338969463e-04 1.124366371963042e-16
2464 1.026666666666666e-08 4.385028850659747e-18 1.124366371964038e-04 2.810915929910095e-04 5.242944339006472e-04 1.124366371964038e-16
2465 1.027083333333333e-08 4.385028850662707e-18 1.124366371964797e-04 2.810915929911992e-04 5.242944338969463e-04 1.124366371964797e-16
2466 1.027500000000000e-08 4.385028850667148e-18 1.124366371965935e-04 2.810915929914838e-04 5.242944338969465e-04 1.124366371965935e-16
2467 1.027916666666666e-08 4.385028850667889e-18 1.124366371966125e-04 2.810915929915313e-04 5.242944338932456e-04 1.124366371966125e-16
2468 1.028333333333333e-08 4.385028850668627e-18 1.124366371966315e-04 2.810915929915787e-04 5.242944338932456e-04 1.124366371966315e-16
2469 1.028750000000000e-08 4.385028850673994e-18 1.124366371967691e-04 2.810915929919227e-04 5.242944338969463e-04 1.124366371967691e-16
2470 1.029166666666666e-08 4.385028850673810e-18 1.124366371967644e-04 2.810915929919109e-04 5.242944338969465e-04 1.124366371967644e-16
2471 1.029583333333333e-08 4.385028850682691e-18 1.124366371969921e-04 2.810915929924802e-04 5.242944338969463e-04 1.124366371969921e-16
2472 1.030000000000000e-08 4.385028850682691e-18 1.124366371969921e-04 2.810915929924802e-04 5.242944338932456e-04 1.124366371969921e-16
2473 1.030416666666666e-08 4.385028850692498e-18 1.124366371972435e-04 2.810915929931089e-04 5.242944338969463e-04 1.124366371972435e-16
2474 1.030833333333333e-08 4.385028850694903e-18 1.124366371973052e-04 2.810915929932631e-04 5.242944338969465e-04 1.124366371973052e-16
2475 1.031250000000000e-08 4.385028850699159e-18 1.124366371974143e-04 2.810915929935359e-04 5.242944338969463e-04 1.124366371974143e-16
2476 1.031666666666666e-08 4.385028850705821e-18 1.124366371975852e-04 2.810915929939629e-04 5.242944338969465e-04 1.124366371975852e-16
2477 1.032083333333333e-08 4.385028850711003e-18 1.124366371977180e-04 2.810915929942951e-04 5.242944338969463e-04 1.124366371977180e-16
2478 1.032500000000000e-08 4.385028850715257e-18 1.124366371978271e-04 2.810915929945678e-04 5.242944338932456e-04 1.124366371978271e-16
2479 1.032916666666666e-08 4.385028850718218e-18 1.124366371979030e-04 2.810915929947576e-04 5.242944338969463e-04 1.124366371979030e-16
2480 1.033333333333333e-08 4.385028850720069e-18 1.124366371979505e-04 2.810915929948763e-04 5.242944339043479e-04 1.124366371979505e-16
2481 1.033750000000000e-08 4.385028850723029e-18 1.124366371980264e-04 2.810915929950660e-04 5.242944338969463e-04 1.124366371980264e-16
2482 1.034166666666666e-08 4.385028850725249e-18 1.124366371980833e-04 2.810915929952083e-04 5.242944339043479e-04 1.124366371980833e-16
2483 1.034583333333333e-08 4.385028850725435e-18 1.124366371980881e-04 2.810915929952203e-04 5.242944338969463e-04 1.124366371980881e-16
2484 1.035000000000000e-08 4.385028850726915e-18 1.124366371981260e-04 2.810915929953151e-04 5.242944339043479e-04 1.124366371981261e-16
2485 1.035416666666666e-08 4.385028850728210e-18 1.124366371981592e-04 2.810915929953981e-04 5.242944338969463e-04 1.124366371981592e-16
2486 1.035833333333333e-08 4.385028850723029e-18 1.124366371980264e-04 2.810915929950660e-04 5.242944339006472e-04 1.124366371980264e-16
2487 1.036250000000000e-08 4.385028850727099e-18 1.124366371981308e-04 2.810915929953269e-04 5.242944338969463e-04 1.124366371981308e-16
2488 1.036666666666666e-08 4.385028850731357e-18 1.124366371982399e-04 2.810915929955998e-04 5.242944339006472e-04 1.124366371982399e-16
2489 1.037083333333333e-08 4.385028850735057e-18 1.124366371983348e-04 2.810915929958370e-04 5.242944338932457e-04 1.124366371983348e-16
2490 1.037500000000000e-08 4.385028850736907e-18 1.124366371983822e-04 2.810915929959556e-04 5.242944338969464e-04 1.124366371983822e-16
2491 1.037916666666666e-08 4.385028850738572e-18 1.124366371984249e-04 2.810915929960623e-04 5.242944338969464e-04 1.124366371984249e-16
2492 1.038333333333333e-08 4.385028850742643e-18 1.124366371985293e-04 2.810915929963233e-04 5.242944338969464e-04 1.124366371985293e-16
2493 1.038750000000000e-08 4.385028850741717e-18 1.124366371985056e-04 2.810915929962640e-04 5.242944339006471e-04 1.124366371985056e-16
2494 1.039166666666666e-08 4.385028850744123e-18 1.124366371985673e-04 2.810915929964182e-04 5.242944338969464e-04 1.124366371985673e-16
2495 1.039583333333333e-08 4.385028850741533e-18 1.124366371985009e-04 2.810915929962522e-04 5.242944338969464e-04 1.124366371985009e-16
2496 1.040000000000000e-08 4.385028850742458e-18 1.124366371985246e-04 2.810915929963115e-04 5.242944338969464e-04 1.124366371985246e-16
2497 1.040416666666666e-08 4.385028850743013e-18 1.124366371985388e-04 2.810915929963470e-04 5.242944338969464e-04 1.124366371985388e-16
2498 1.040833333333333e-08 4.385028850745048e-18 1.124366371985910e-04 2.810915929964775e-04 5.242944338932457e-04 1.124366371985910e-16
2499 1.041250000000000e-08 4.385028850748010e-18 1.124366371986669e-04 2.810915929966673e-04 5.242944338932457e-04 1.124366371986669e-16
2500 1.041666666666666e-08 4.385028850748564e-18 1.124366371986811e-04 2.810915929967028e-04 5.242944338932457e-04 1.124366371986811e-16
2501 1.042083333333333e-08 4.385028850751525e-18 1.124366371987570e-04 2.810915929968927e-04 5.242944338932457e-04 1.124366371987570e-16
2502 1.042500000000000e-08 4.385028850752635e-18 1.124366371987855e-04 2.810915929969638e-04 5.242944338895450e-04 1.124366371987855e-16
2503 1.042916666666666e-08 4.385028850757631e-18 1.124366371989136e-04 2.810915929972841e-04 5.242944338895448e-04 1.124366371989136e-16
2504 1.043333333333333e-08 4.385028850752080e-18 1.124366371987713e-04 2.810915929969283e-04 5.242944338821433e-04 1.124366371987713e-16
2505 1.043750000000000e-08 4.385028850754856e-18 1.124366371988425e-04 2.810915929971062e-04 5.242944338895450e-04 1.124366371988425e-16
2506 1.044166666666666e-08 4.385028850759666e-18 1.124366371989658e-04 2.810915929974145e-04 5.242944338858440e-04 1.124366371989658e-16
2507 1.044583333333333e-08 4.385028850758927e-18 1.124366371989468e-04 2.810915929973671e-04 5.242944338895450e-04 1.124366371989468e-16
2508 1.045000000000000e-08 4.385028850754486e-18 1.124366371988330e-04 2.810915929970825e-04 5.242944338858440e-04 1.124366371988330e-16
2509 1.045416666666666e-08 4.385028850751710e-18 1.124366371987618e-04 2.810915929969045e-04 5.242944338895450e-04 1.124366371987618e-16
2510 1.045833333333333e-08 4.385028850753930e-18 1.124366371988187e-04 2.810915929970468e-04 5.242944338858440e-04 1.124366371988187e-16
2511 1.046250000000000e-08 4.385028850754670e-18 1.124366371988377e-04 2.810915929970943e-04 5.242944338895450e-04 1.124366371988377e-16
2512 1.046666666666666e-08 4.385028850751155e-18 1.124366371987476e-04 2.810915929968690e-04 5.242944338858440e-04 1.124366371987476e-16
2513 1.047083333333333e-08 4.385028850751155e-18 1.124366371987476e-04 2.810915929968690e-04 5.242944338895450e-04 1.124366371987476e-16
2514 1.047500000000000e-08 4.385028850749120e-18 1.124366371986954e-04 2.810915929967385e-04 5.242944338858440e-04 1.124366371986954e-16
2515 1.047916666666666e-08 4.385028850754115e-18 1.124366371988235e-04 2.810915929970587e-04 5.242944338895450e-04 1.124366371988235e-16
2516 1.048333333333333e-08 4.385028850760037e-18 1.124366371989753e-04 2.810915929974383e-04 5.242944338858440e-04 1.124366371989753e-16
2517 1.048750000000000e-08 4.385028850759666e-18 1.124366371989658e-04 2.810915929974145e-04 5.242944338969464e-04 1.124366371989658e-16
2518 1.049166666666666e-08 4.385028850760406e-18 1.124366371989848e-04 2.810915929974620e-04 5.242944339006471e-04 1.124366371989848e-16
2519 1.049583333333333e-08 4.385028850763922e-18 1.124366371990749e-04 2.810915929976874e-04 5.242944339006471e-04 1.124366371990749e-16
2520 1.050000000000000e-08 4.385028850763922e-18 1.124366371990749e-04 2.810915929976874e-04 5.242944339006471e-04 1.124366371990749e-16
2521 1.050416666666666e-08 4.385028850767623e-18 1.124366371991698e-04 2.810915929979246e-04 5.242944339006471e-04 1.124366371991698e-16
2522 1.050833333333333e-08 4.385028850770029e-18 1.124366371992315e-04 2.810915929980788e-04 5.242944339043478e-04 1.124366371992315e-16
2523 1.051250000000000e-08 4.385028850772065e-18 1.124366371992837e-04 2.810915929982093e-04 5.242944339043478e-04 1.124366371992837e-16
2524 1.051666666666666e-08 4.385028850770029e-18 1.124366371992315e-04 2.810915929980788e-04 5.242944339043478e-04 1.124366371992315e-16
2525 1.052083333333333e-08 4.385028850769103e-18 1.124366371992078e-04 2.810915929980195e-04 5.242944339043478e-04 1.124366371992078e-16
2526 1.052500000000000e-08 4.385028850770768e-18 1.124366371992505e-04 2.810915929981262e-04 5.242944339043478e-04 1.124366371992505e-16
2527 1.052916666666666e-08 4.385028850769844e-18 1.124366371992268e-04 2.810915929980669e-04 5.242944339043478e-04 1.124366371992268e-16
2528 1.053333333333333e-08 4.385028850771879e-18 1.124366371992790e-04 2.810915929981974e-04 5.242944339080486e-04 1.124366371992790e-16
2529 1.053750000000000e-08 4.385028850775950e-18 1.124366371993834e-04 2.810915929984584e-04 5.242944339043478e-04 1.124366371993833e-16
2530 1.054166666666666e-08 4.385028850775024e-18 1.124366371993596e-04 2.810915929983991e-04 5.242944339080486e-04 1.124366371993596e-16
2531 1.054583333333333e-08 4.385028850779280e-18 1.124366371994687e-04 2.810915929986718e-04 5.242944339043478e-04 1.124366371994687e-16
2532 1.055000000000000e-08 4.385028850773360e-18 1.124366371993169e-04 2.810915929982923e-04 5.242944339117493e-04 1.124366371993169e-16
2533 1.055416666666666e-08 4.385028850769474e-18 1.124366371992173e-04 2.810915929980432e-04 5.242944339080486e-04 1.124366371992173e-16
2534 1.055833333333333e-08 4.385028850771879e-18 1.124366371992790e-04 2.810915929981974e-04 5.242944339043478e-04 1.124366371992790e-16
2535 1.056250000000000e-08 4.385028850777986e-18 1.124366371994355e-04 2.810915929985888e-04 5.242944339117493e-04 1.124366371994355e-16
2536 1.056666666666666e-08 4.385028850768733e-18 1.124366371991983e-04 2.810915929979958e-04 5.242944339080486e-04 1.124366371991983e-16
2537 1.057083333333333e-08 4.385028850769474e-18 1.124366371992173e-04 2.810915929980432e-04 5.242944339080486e-04 1.124366371992173e-16
2538 1.057500000000000e-08 4.385028850768364e-18 1.124366371991888e-04 2.810915929979721e-04 5.242944339080486e-04 1.124366371991888e-16
2539 1.057916666666666e-08 4.385028850770213e-18 1.124366371992362e-04 2.810915929980907e-04 5.242944339117493e-04 1.124366371992363e-16
2540 1.058333333333333e-08 4.385028850767808e-18 1.124366371991746e-04 2.810915929979365e-04 5.242944339043478e-04 1.124366371991746e-16
2541 1.058750000000000e-08 4.385028850773914e-18 1.124366371993311e-04 2.810915929983279e-04 5.242944339080486e-04 1.124366371993311e-16
2542 1.059166666666666e-08 4.385028850775396e-18 1.124366371993691e-04 2.810915929984228e-04 5.242944339043478e-04 1.124366371993691e-16
2543 1.059583333333333e-08 4.385028850775765e-18 1.124366371993786e-04 2.810915929984465e-04 5.242944339043478e-04 1.124366371993786e-16
2544 1.060000000000000e-08 4.385028850769288e-18 1.124366371992125e-04 2.810915929980313e-04 5.242944339043478e-04 1.124366371992125e-16
2545 1.060416666666666e-08 4.385028850771693e-18 1.124366371992742e-04 2.810915929981855e-04 5.242944339043478e-04 1.124366371992742e-16
2546 1.060833333333333e-08 4.385028850771324e-18 1.124366371992647e-04 2.810915929981618e-04 5.242944339043478e-04 1.124366371992647e-16
2547 1.061250000000000e-08 4.385028850778911e-18 1.124366371994593e-04 2.810915929986481e-04 5.242944339043478e-04 1.124366371994593e-16
2548 1.061666666666666e-08 4.385028850777800e-18 1.124366371994308e-04 2.810915929985770e-04 5.242944339043478e-04 1.124366371994308e-16
2549 1.062083333333333e-08 4.385028850779096e-18 1.124366371994640e-04 2.810915929986600e-04 5.242944339043478e-04 1.124366371994640e-16
2550 1.062500000000000e-08 4.385028850778540e-18 1.124366371994498e-04 2.810915929986244e-04 5.242944339043478e-04 1.124366371994498e-16
2551 1.062916666666666e-08 4.385028850775580e-18 1.124366371993739e-04 2.810915929984346e-04 5.242944339043478e-04 1.124366371993739e-16
2552 1.063333333333333e-08 4.385028850775765e-18 1.124366371993786e-04 2.810915929984465e-04 5.242944339043478e-04 1.124366371993786e-16
2553 1.063750000000000e-08 4.385028850778724e-18 1.124366371994545e-04 2.810915929986362e-04 5.242944339043478e-04 1.124366371994545e-16
2554 1.064166666666666e-08 4.385028850776875e-18 1.124366371994071e-04 2.810915929985177e-04 5.242944339043478e-04 1.124366371994071e-16
2555 1.064583333333333e-08 4.385028850778170e-18 1.124366371994403e-04 2.810915929986007e-04 5.242944339043478e-04 1.124366371994402e-16
2556 1.065000000000000e-08 4.385028850774284e-18 1.124366371993406e-04 2.810915929983516e-04 5.242944339043478e-04 1.124366371993406e-16
2557 1.065416666666666e-08 4.385028850776875e-18 1.124366371994071e-04 2.810915929985177e-04 5.242944339043478e-04 1.124366371994071e-16
2558 1.065833333333333e-08 4.385028850776875e-18 1.124366371994071e-04 2.810915929985177e-04 5.242944339043478e-04 1.124366371994071e-16
2559 1.066250000000000e-08 4.385028850781316e-18 1.124366371995209e-04 2.810915929988023e-04 5.242944339043478e-04 1.124366371995209e-16
2560 1.066666666666666e-08 4.385028850780760e-18 1.124366371995067e-04 2.810915929987668e-04 5.242944339043478e-04 1.124366371995067e-16
2561 1.067083333333333e-08 4.385028850780945e-18 1.124366371995114e-04 2.810915929987786e-04 5.242944339043478e-04 1.124366371995114e-16
2562 1.067500000000000e-08 4.385028850778355e-18 1.124366371994450e-04 2.810915929986126e-04 5.242944339043478e-04 1.124366371994450e-16
2563 1.067916666666666e-08 4.385028850781686e-18 1.124366371995304e-04 2.810915929988261e-04 5.242944339043478e-04 1.124366371995304e-16
2564 1.068333333333333e-08 4.385028850780945e-18 1.124366371995114e-04 2.810915929987786e-04 5.242944339043478e-04 1.124366371995114e-16
2565 1.068750000000000e-08 4.385028850778540e-18 1.124366371994498e-04 2.810915929986244e-04 5.242944339043478e-04 1.124366371994498e-16
2566 1.069166666666666e-08 4.385028850777060e-18 1.124366371994118e-04 2.810915929985295e-04 5.242944339043478e-04 1.124366371994118e-16
2567 1.069583333333333e-08 4.385028850778724e-18 1.124366371994545e-04 2.810915929986362e-04 5.242944339043478e-04 1.124366371994545e-16
2568 1.070000000000000e-08 4.385028850779835e-18 1.124366371994830e-04 2.810915929987074e-04 5.242944339043478e-04 1.124366371994830e-16
2569 1.070416666666666e-08 4.385028850780391e-18 1.124366371994972e-04 2.810915929987430e-04 5.242944339043478e-04 1.124366371994972e-16
2570 1.070833333333333e-08 4.385028850777430e-18 1.124366371994213e-04 2.810915929985533e-04 5.242944339043478e-04 1.124366371994213e-16
2571 1.071250000000000e-08 4.385028850781131e-18 1.124366371995162e-04 2.810915929987905e-04 5.242944339043478e-04 1.124366371995162e-16
2572 1.071666666666666e-08 4.385028850780945e-18 1.124366371995114e-04 2.810915929987786e-04 5.242944339043478e-04 1.124366371995114e-16
2573 1.072083333333333e-08 4.385028850782427e-18 1.124366371995494e-04 2.810915929988736e-04 5.242944339043478e-04 1.124366371995494e-16
2574 1.072500000000000e-08 4.385028850782241e-18 1.124366371995447e-04 2.810915929988616e-04 5.242944339043478e-04 1.124366371995446e-16
2575 1.072916666666666e-08 4.385028850784462e-18 1.124366371996016e-04 2.810915929990040e-04 5.242944339043478e-04 1.124366371996016e-16
2576 1.073333333333333e-08 4.385028850782611e-18 1.124366371995541e-04 2.810915929988854e-04 5.242944339043478e-04 1.124366371995541e-16
2577 1.073750000000000e-08 4.385028850784646e-18 1.124366371996063e-04 2.810915929990158e-04 5.242944339043479e-04 1.124366371996063e-16
2578 1.074166666666666e-08 4.385028850784831e-18 1.124366371996111e-04 2.810915929990277e-04 5.242944339006471e-04 1.124366371996111e-16
2579 1.074583333333333e-08 4.385028850789642e-18 1.124366371997344e-04 2.810915929993361e-04 5.242944339043478e-04 1.124366371997344e-16
2580 1.075000000000000e-08 4.385028850785387e-18 1.124366371996253e-04 2.810915929990633e-04 5.242944339006471e-04 1.124366371996253e-16
2581 1.075416666666666e-08 4.385028850795008e-18 1.124366371998720e-04 2.810915929996801e-04 5.242944339043478e-04 1.124366371998720e-16
2582 1.075833333333333e-08 4.385028850790383e-18 1.124366371997534e-04 2.810915929993836e-04 5.242944339043479e-04 1.124366371997534e-16
2583 1.076250000000000e-08 4.385028850801485e-18 1.124366372000381e-04 2.810915930000952e-04 5.242944338969465e-04 1.124366372000381e-16
2584 1.076666666666666e-08 4.385028850796303e-18 1.124366371999052e-04 2.810915929997631e-04 5.242944338969464e-04 1.124366371999052e-16
2585 1.077083333333333e-08 4.385028850797229e-18 1.124366371999289e-04 2.810915929998224e-04 5.242944338969464e-04 1.124366371999289e-16
2586 1.077500000000000e-08 4.385028850793529e-18 1.124366371998341e-04 2.810915929995852e-04 5.242944339006471e-04 1.124366371998341e-16
2587 1.077916666666666e-08 4.385028850795193e-18 1.124366371998768e-04 2.810915929996919e-04 5.242944339006471e-04 1.124366371998768e-16
2588 1.078333333333333e-08 4.385028850796119e-18 1.124366371999005e-04 2.810915929997512e-04 5.242944339006471e-04 1.124366371999005e-16
2589 1.078750000000000e-08 4.385028850793714e-18 1.124366371998388e-04 2.810915929995970e-04 5.242944339006472e-04 1.124366371998388e-16
2590 1.079166666666666e-08 4.385028850788903e-18 1.124366371997155e-04 2.810915929992887e-04 5.242944339006472e-04 1.124366371997155e-16
2591 1.079583333333333e-08 4.385028850789642e-18 1.124366371997344e-04 2.810915929993361e-04 5.242944339117493e-04 1.124366371997344e-16
2592 1.080000000000000e-08 4.385028850788532e-18 1.124366371997060e-04 2.810915929992649e-04 5.242944339043479e-04 1.124366371997060e-16
2593 1.080416666666666e-08 4.385028850792419e-18 1.124366371998056e-04 2.810915929995140e-04 5.242944339080486e-04 1.124366371998056e-16
2594 1.080833333333333e-08 4.385028850790567e-18 1.124366371997581e-04 2.810915929993954e-04 5.242944339117493e-04 1.124366371997582e-16
2595 1.081250000000000e-08 4.385028850794269e-18 1.124366371998531e-04 2.810915929996327e-04 5.242944339117493e-04 1.124366371998530e-16
2596 1.081666666666666e-08 4.385028850789272e-18 1.124366371997249e-04 2.810915929993124e-04 5.242944339080486e-04 1.124366371997250e-16
2597 1.082083333333333e-08 4.385028850795193e-18 1.124366371998768e-04 2.810915929996919e-04 5.242944339043478e-04 1.124366371998768e-16
2598 1.082500000000000e-08 4.385028850796119e-18 1.124366371999005e-04 2.810915929997512e-04 5.242944339043478e-04 1.124366371999005e-16
2599 1.082916666666666e-08 4.385028850796303e-18 1.124366371999052e-04 2.810915929997631e-04 5.242944339043479e-04 1.124366371999052e-16
2600 1.083333333333333e-08 4.385028850799080e-18 1.124366371999764e-04 2.810915929999411e-04 5.242944339043478e-04 1.124366371999764e-16
2601 1.083750000000000e-08 4.385028850803520e-18 1.124366372000903e-04 2.810915930002257e-04 5.242944339043479e-04 1.124366372000903e-16
2602 1.084166666666666e-08 4.385028850804075e-18 1.124366372001045e-04 2.810915930002613e-04 5.242944339006472e-04 1.124366372001045e-16
2603 1.084583333333333e-08 4.385028850809626e-18 1.124366372002468e-04 2.810915930006171e-04 5.242944339043478e-04 1.124366372002468e-16
2604 1.085000000000000e-08 4.385028850811662e-18 1.124366372002990e-04 2.810915930007476e-04 5.242944339006472e-04 1.124366372002990e-16
2605 1.085416666666666e-08 4.385028850813697e-18 1.124366372003512e-04 2.810915930008780e-04 5.242944339043478e-04 1.124366372003512e-16
2606 1.085833333333333e-08 4.385028850813697e-18 1.124366372003512e-04 2.810915930008780e-04 5.242944339006472e-04 1.124366372003512e-16
2607 1.086250000000000e-08 4.385028850820173e-18 1.124366372005173e-04 2.810915930012932e-04 5.242944339043478e-04 1.124366372005173e-16
2608 1.086666666666666e-08 4.385028850817213e-18 1.124366372004414e-04 2.810915930011034e-04 5.242944339006472e-04 1.124366372004414e-16
2609 1.087083333333333e-08 4.385028850817953e-18 1.124366372004603e-04 2.810915930011509e-04 5.242944339043478e-04 1.124366372004603e-16
2610 1.087500000000000e-08 4.385028850817213e-18 1.124366372004414e-04 2.810915930011034e-04 5.242944339006472e-04 1.124366372004414e-16
2611 1.087916666666666e-08 4.385028850816103e-18 1.124366372004129e-04 2.810915930010323e-04 5.242944339043478e-04 1.124366372004129e-16
2612 1.088333333333333e-08 4.385028850825355e-18 1.124366372006501e-04 2.810915930016254e-04 5.242944339043479e-04 1.124366372006501e-16
2613 1.088750000000000e-08 4.385028850829240e-18 1.124366372007497e-04 2.810915930018744e-04 5.242944339043478e-04 1.124366372007498e-16
2614 1.089166666666666e-08 4.385028850836087e-18 1.124366372009253e-04 2.810915930023133e-04 5.242944339043479e-04 1.124366372009253e-16
2615 1.089583333333333e-08 4.385028850833681e-18 1.124366372008636e-04 2.810915930021591e-04 5.242944339043478e-04 1.124366372008636e-16
2616 1.090000000000000e-08 4.385028850836087e-18 1.124366372009253e-04 2.810915930023133e-04 5.242944339043479e-04 1.124366372009253e-16
2617 1.090416666666666e-08 4.385028850837937e-18 1.124366372009728e-04 2.810915930024319e-04 5.242944339043478e-04 1.124366372009728e-16
2618 1.090833333333333e-08 4.385028850839788e-18 1.124366372010202e-04 2.810915930025506e-04 5.242944339043479e-04 1.124366372010202e-16
2619 1.091250000000000e-08 4.385028850838677e-18 1.124366372009917e-04 2.810915930024793e-04 5.242944339043478e-04 1.124366372009917e-16
2620 1.091666666666666e-08 4.385028850839417e-18 1.124366372010107e-04 2.810915930025268e-04 5.242944339043479e-04 1.124366372010107e-16
2621 1.092083333333333e-08 4.385028850842193e-18 1.124366372010819e-04 2.810915930027047e-04 5.242944339043479e-04 1.124366372010819e-16
2622 1.092500000000000e-08 4.385028850844228e-18 1.124366372011340e-04 2.810915930028351e-04 5.242944339043479e-04 1.124366372011341e-16
2623 1.092916666666666e-08 4.385028850847374e-18 1.124366372012147e-04 2.810915930030368e-04 5.242944339080486e-04 1.124366372012147e-16
2624 1.093333333333333e-08 4.385028850847930e-18 1.124366372012290e-04 2.810915930030725e-04 5.242944339043479e-04 1.124366372012290e-16
2625 1.093750000000000e-08 4.385028850849409e-18 1.124366372012669e-04 2.810915930031673e-04 5.242944339080486e-04 1.124366372012669e-16
2626 1.094166666666666e-08 4.385028850849040e-18 1.124366372012574e-04 2.810915930031436e-04 5.242944339043479e-04 1.124366372012574e-16
2627 1.094583333333333e-08 4.385028850853111e-18 1.124366372013618e-04 2.810915930034046e-04 5.242944339117493e-04 1.124366372013618e-16
2628 1.095000000000000e-08 4.385028850848670e-18 1.124366372012479e-04 2.810915930031199e-04 5.242944339043479e-04 1.124366372012479e-16
2629 1.095416666666666e-08 4.385028850850889e-18 1.124366372013049e-04 2.810915930032621e-04 5.242944339117493e-04 1.124366372013048e-16
2630 1.095833333333333e-08 4.385028850851814e-18 1.124366372013286e-04 2.810915930033214e-04 5.242944339080486e-04 1.124366372013286e-16
2631 1.096250000000000e-08 4.385028850859217e-18 1.124366372015184e-04 2.810915930037960e-04 5.242944339117493e-04 1.124366372015184e-16
2632 1.096666666666666e-08 4.385028850854961e-18 1.124366372014093e-04 2.810915930035232e-04 5.242944339080486e-04 1.124366372014093e-16
2633 1.097083333333333e-08 4.385028850859032e-18 1.124366372015136e-04 2.810915930037841e-04 5.242944339117493e-04 1.124366372015136e-16
2634 1.097500000000000e-08 4.385028850857736e-18 1.124366372014804e-04 2.810915930037011e-04 5.242944339080486e-04 1.124366372014804e-16
2635 1.097916666666666e-08 4.385028850860142e-18 1.124366372015421e-04 2.810915930038553e-04 5.242944339117493e-04 1.124366372015421e-16
2636 1.098333333333333e-08 4.385028850856811e-18 1.124366372014567e-04 2.810915930036418e-04 5.242944339080486e-04 1.124366372014567e-16
2637 1.098750000000000e-08 4.385028850860142e-18 1.124366372015421e-04 2.810915930038553e-04 5.242944339117493e-04 1.124366372015421e-16
2638 1.099166666666666e-08 4.385028850861067e-18 1.124366372015658e-04 2.810915930039146e-04 5.242944339080486e-04 1.124366372015658e-16
2639 1.099583333333333e-08 4.385028850859772e-18 1.124366372015326e-04 2.810915930038316e-04 5.242944339117493e-04 1.124366372015326e-16
2640 1.100000000000000e-08 4.385028850855517e-18 1.124366372014235e-04 2.810915930035588e-04 5.242944339080486e-04 1.124366372014235e-16
2641 1.100416666666666e-08 4.385028850860882e-18 1.124366372015611e-04 2.810915930039027e-04 5.242944339117493e-04 1.124366372015611e-16
2642 1.100833333333333e-08 4.385028850866433e-18 1.124366372017034e-04 2.810915930042586e-04 5.242944339117493e-04 1.124366372017034e-16
2643 1.101250000000000e-08 4.385028850865508e-18 1.124366372016797e-04 2.810915930041993e-04 5.242944339117493e-04 1.124366372016797e-16
2644 1.101666666666666e-08 4.385028850866247e-18 1.124366372016987e-04 2.810915930042466e-04 5.242944339117493e-04 1.124366372016987e-16
2645 1.102083333333333e-08 4.385028850872540e-18 1.124366372018600e-04 2.810915930046500e-04 5.242944339117493e-04 1.124366372018600e-16
2646 1.102500000000000e-08 4.385028850872909e-18 1.124366372018695e-04 2.810915930046737e-04 5.242944339117493e-04 1.124366372018694e-16
2647 1.102916666666666e-08 4.385028850868839e-18 1.124366372017651e-04 2.810915930044128e-04 5.242944339117493e-04 1.124366372017651e-16
2648 1.103333333333333e-08 4.385028850870874e-18 1.124366372018173e-04 2.810915930045432e-04 5.242944339117493e-04 1.124366372018173e-16
2649 1.103750000000000e-08 4.385028850871984e-18 1.124366372018458e-04 2.810915930046144e-04 5.242944339117493e-04 1.124366372018458e-16
2650 1.104166666666666e-08 4.385028850878090e-18 1.124366372020023e-04 2.810915930050058e-04 5.242944339117493e-04 1.124366372020023e-16
2651 1.104583333333333e-08 4.385028850878830e-18 1.124366372020213e-04 2.810915930050533e-04 5.242944339154501e-04 1.124366372020213e-16
2652 1.105000000000000e-08 4.385028850883087e-18 1.124366372021304e-04 2.810915930053261e-04 5.242944339302531e-04 1.124366372021304e-16
2653 1.105416666666666e-08 4.385028850888267e-18 1.124366372022633e-04 2.810915930056582e-04 5.242944339302531e-04 1.124366372022633e-16
2654 1.105833333333333e-08 4.385028850890488e-18 1.124366372023202e-04 2.810915930058005e-04 5.242944339339539e-04 1.124366372023202e-16
2655 1.106250000000000e-08 4.385028850889008e-18 1.124366372022823e-04 2.810915930057057e-04 5.242944339339539e-04 1.124366372022822e-16
2656 1.106666666666666e-08 4.385028850885307e-18 1.124366372021874e-04 2.810915930054684e-04 5.242944339339539e-04 1.124366372021874e-16
2657 1.107083333333333e-08 4.385028850886972e-18 1.124366372022301e-04 2.810915930055752e-04 5.242944339228516e-04 1.124366372022301e-16
2658 1.107500000000000e-08 4.385028850888823e-18 1.124366372022775e-04 2.810915930056938e-04 5.242944339339539e-04 1.124366372022775e-16
2659 1.107916666666666e-08 4.385028850889193e-18 1.124366372022870e-04 2.810915930057175e-04 5.242944339265523e-04 1.124366372022870e-16
2660 1.108333333333333e-08 4.385028850890303e-18 1.124366372023155e-04 2.810915930057886e-04 5.242944339302532e-04 1.124366372023155e-16
2661 1.108750000000000e-08 4.385028850885862e-18 1.124366372022016e-04 2.810915930055040e-04 5.242944339228517e-04 1.124366372022016e-16
2662 1.109166666666666e-08 4.385028850887157e-18 1.124366372022348e-04 2.810915930055870e-04 5.242944339265524e-04 1.124366372022348e-16
2663 1.109583333333333e-08 4.385028850884936e-18 1.124366372021779e-04 2.810915930054447e-04 5.242944339376546e-04 1.124366372021779e-16
2664 1.110000000000000e-08 4.385028850887157e-18 1.124366372022348e-04 2.810915930055870e-04 5.242944339450560e-04 1.124366372022348e-16
2665 1.110416666666666e-08 4.385028850888452e-18 1.124366372022680e-04 2.810915930056700e-04 5.242944339450560e-04 1.124366372022680e-16
2666 1.110833333333333e-08 4.385028850889933e-18 1.124366372023060e-04 2.810915930057650e-04 5.242944339450561e-04 1.124366372023060e-16
2667 1.111250000000000e-08 4.385028850895484e-18 1.124366372024483e-04 2.810915930061208e-04 5.242944339376546e-04 1.124366372024483e-16
2668 1.111666666666666e-08 4.385028850893818e-18 1.124366372024056e-04 2.810915930060140e-04 5.242944339376546e-04 1.124366372024056e-16
2669 1.112083333333333e-08 4.385028850904736e-18 1.124366372026855e-04 2.810915930067139e-04 5.242944339376546e-04 1.124366372026855e-16
2670 1.112500000000000e-08 4.385028850903256e-18 1.124366372026476e-04 2.810915930066190e-04 5.242944339450561e-04 1.124366372026476e-16
2671 1.112916666666666e-08 4.385028850903810e-18 1.124366372026618e-04 2.810915930066545e-04 5.242944339450561e-04 1.124366372026618e-16
2672 1.113333333333333e-08 4.385028850902700e-18 1.124366372026333e-04 2.810915930065834e-04 5.242944339561584e-04 1.124366372026334e-16
2673 1.113750000000000e-08 4.385028850906956e-18 1.124366372027425e-04 2.810915930068562e-04 5.242944339524575e-04 1.124366372027425e-16
2674 1.114166666666666e-08 4.385028850907141e-18 1.124366372027472e-04 2.810915930068680e-04 5.242944339561584e-04 1.124366372027472e-16
2675 1.114583333333333e-08 4.385028850911027e-18 1.124366372028469e-04 2.810915930071172e-04 5.242944339561584e-04 1.124366372028469e-16
2676 1.115000000000000e-08 4.385028850908251e-18 1.124366372027757e-04 2.810915930069392e-04 5.242944339561584e-04 1.124366372027757e-16
2677 1.115416666666666e-08 4.385028850913063e-18 1.124366372028991e-04 2.810915930072477e-04 5.242944339561584e-04 1.124366372028991e-16
2678 1.115833333333333e-08 4.385028850911767e-18 1.124366372028658e-04 2.810915930071646e-04 5.242944339561584e-04 1.124366372028658e-16
2679 1.116250000000000e-08 4.385028850915837e-18 1.124366372029702e-04 2.810915930074255e-04 5.242944339598591e-04 1.124366372029702e-16
2680 1.116666666666666e-08 4.385028850917874e-18 1.124366372030224e-04 2.810915930075561e-04 5.242944339635599e-04 1.124366372030224e-16
2681 1.117083333333333e-08 4.385028850920648e-18 1.124366372030936e-04 2.810915930077339e-04 5.242944339635599e-04 1.124366372030936e-16
2682 1.117500000000000e-08 4.385028850923794e-18 1.124366372031742e-04 2.810915930079355e-04 5.242944339598591e-04 1.124366372031742e-16
2683 1.117916666666666e-08 4.385028850930826e-18 1.124366372033545e-04 2.810915930083863e-04 5.242944339598591e-04 1.124366372033545e-16
2684 1.118333333333333e-08 4.385028850932676e-18 1.124366372034020e-04 2.810915930085050e-04 5.242944339598591e-04 1.124366372034020e-16
2685 1.118750000000000e-08 4.385028850935637e-18 1.124366372034779e-04 2.810915930086947e-04 5.242944339598591e-04 1.124366372034779e-16
2686 1.119166666666666e-08 4.385028850941188e-18 1.124366372036202e-04 2.810915930090506e-04 5.242944339598591e-04 1.124366372036202e-16
2687 1.119583333333333e-08 4.385028850942298e-18 1.124366372036487e-04 2.810915930091217e-04 5.242944339598591e-04 1.124366372036487e-16
2688 1.120000000000000e-08 4.385028850951181e-18 1.124366372038764e-04 2.810915930096911e-04 5.242944339672605e-04 1.124366372038764e-16
2689 1.120416666666666e-08 4.385028850953771e-18 1.124366372039428e-04 2.810915930098571e-04 5.242944339672605e-04 1.124366372039428e-16
2690 1.120833333333333e-08 4.385028850963023e-18 1.124366372041801e-04 2.810915930104502e-04 5.242944339672605e-04 1.124366372041801e-16
2691 1.121250000000000e-08 4.385028850960431e-18 1.124366372041136e-04 2.810915930102841e-04 5.242944339709612e-04 1.124366372041136e-16
2692 1.121666666666666e-08 4.385028850969129e-18 1.124366372043366e-04 2.810915930108416e-04 5.242944339672606e-04 1.124366372043366e-16
2693 1.122083333333333e-08 4.385028850969498e-18 1.124366372043461e-04 2.810915930108653e-04 5.242944339709613e-04 1.124366372043461e-16
2694 1.122500000000000e-08 4.385028850975420e-18 1.124366372044979e-04 2.810915930112449e-04 5.242944339709613e-04 1.124366372044980e-16
2695 1.122916666666666e-08 4.385028850971349e-18 1.124366372043936e-04 2.810915930109839e-04 5.242944339709613e-04 1.124366372043936e-16
2696 1.123333333333333e-08 4.385028850978751e-18 1.124366372045834e-04 2.810915930114584e-04 5.242944339709613e-04 1.124366372045834e-16
2697 1.123750000000000e-08 4.385028850978566e-18 1.124366372045786e-04 2.810915930114466e-04 5.242944339709613e-04 1.124366372045786e-16
2698 1.124166666666666e-08 4.385028850979490e-18 1.124366372046023e-04 2.810915930115058e-04 5.242944339709613e-04 1.124366372046023e-16
2699 1.124583333333333e-08 4.385028850983747e-18 1.124366372047115e-04 2.810915930117786e-04 5.242944339709613e-04 1.124366372047115e-16
2700 1.125000000000000e-08 4.385028850987817e-18 1.124366372048158e-04 2.810915930120396e-04 5.242944339709613e-04 1.124366372048158e-16
2701 1.125416666666666e-08 4.385028850990223e-18 1.124366372048775e-04 2.810915930121938e-04 5.242944339746620e-04 1.124366372048775e-16
2702 1.125833333333333e-08 4.385028850991703e-18 1.124366372049155e-04 2.810915930122887e-04 5.242944339709613e-04 1.124366372049155e-16
2703 1.126250000000000e-08 4.385028850999474e-18 1.124366372051147e-04 2.810915930127868e-04 5.242944339746620e-04 1.124366372051147e-16
2704 1.126666666666666e-08 4.385028851002065e-18 1.124366372051812e-04 2.810915930129529e-04 5.242944339709613e-04 1.124366372051812e-16
2705 1.127083333333333e-08 4.385028851002250e-18 1.124366372051859e-04 2.810915930129648e-04 5.242944339746620e-04 1.124366372051859e-16
2706 1.127500000000000e-08 4.385028851003176e-18 1.124366372052097e-04 2.810915930130241e-04 5.242944339709613e-04 1.124366372052097e-16
2707 1.127916666666666e-08 4.385028851001325e-18 1.124366372051622e-04 2.810915930129055e-04 5.242944339746620e-04 1.124366372051622e-16
2708 1.128333333333333e-08 4.385028851006691e-18 1.124366372052998e-04 2.810915930132495e-04 5.242944339709613e-04 1.124366372052998e-16
2709 1.128750000000000e-08 4.385028851004841e-18 1.124366372052523e-04 2.810915930131309e-04 5.242944339746620e-04 1.124366372052524e-16
2710 1.129166666666666e-08 4.385028851000770e-18 1.124366372051480e-04 2.810915930128699e-04 5.242944339709613e-04 1.124366372051480e-16
2711 1.129583333333333e-08 4.385028850996514e-18 1.124366372050388e-04 2.810915930125971e-04 5.242944339746620e-04 1.124366372050388e-16
2712 1.130000000000000e-08 4.385028851001141e-18 1.124366372051575e-04 2.810915930128937e-04 5.242944339709613e-04 1.124366372051575e-16
2713 1.130416666666666e-08 4.385028851001141e-18 1.124366372051575e-04 2.810915930128937e-04 5.242944339746620e-04 1.124366372051575e-16
2714 1.130833333333333e-08 4.385028851002250e-18 1.124366372051859e-04 2.810915930129648e-04 5.242944339709613e-04 1.124366372051859e-16
2715 1.131250000000000e-08 4.385028851000955e-18 1.124366372051527e-04 2.810915930128818e-04 5.242944339746620e-04 1.124366372051527e-16
2716 1.131666666666666e-08 4.385028851005766e-18 1.124366372052761e-04 2.810915930131902e-04 5.242944339709613e-04 1.124366372052761e-16
2717 1.132083333333333e-08 4.385028851006876e-18 1.124366372053045e-04 2.810915930132613e-04 5.242944339746620e-04 1.124366372053045e-16
2718 1.132500000000000e-08 4.385028851003915e-18 1.124366372052286e-04 2.810915930130715e-04 5.242944339746620e-04 1.124366372052286e-16
2719 1.132916666666666e-08 4.385028851005025e-18 1.124366372052571e-04 2.810915930131427e-04 5.242944339746620e-04 1.124366372052571e-16
2720 1.133333333333333e-08 4.385028851006506e-18 1.124366372052950e-04 2.810915930132376e-04 5.242944339746620e-04 1.124366372052950e-16
2721 1.133750000000000e-08 4.385028851006506e-18 1.124366372052950e-04 2.810915930132376e-04 5.242944339672606e-04 1.124366372052950e-16
2722 1.134166666666666e-08 4.385028851005951e-18 1.124366372052808e-04 2.810915930132020e-04 5.242944339783627e-04 1.124366372052808e-16
2723 1.134583333333333e-08 4.385028851004841e-18 1.124366372052523e-04 2.810915930131309e-04 5.242944339709612e-04 1.124366372052524e-16
2724 1.135000000000000e-08 4.385028851007801e-18 1.124366372053282e-04 2.810915930133207e-04 5.242944339746620e-04 1.124366372053283e-16
2725 1.135416666666666e-08 4.385028851003731e-18 1.124366372052239e-04 2.810915930130597e-04 5.242944339709612e-04 1.124366372052239e-16
2726 1.135833333333333e-08 4.385028850999660e-18 1.124366372051195e-04 2.810915930127988e-04 5.242944339672605e-04 1.124366372051195e-16
2727 1.136250000000000e-08 4.385028851005025e-18 1.124366372052571e-04 2.810915930131427e-04 5.242944339672605e-04 1.124366372052571e-16
2728 1.136666666666666e-08 4.385028851006322e-18 1.124366372052903e-04 2.810915930132258e-04 5.242944339709612e-04 1.124366372052903e-16
2729 1.137083333333333e-08 4.385028851005396e-18 1.124366372052666e-04 2.810915930131665e-04 5.242944339746620e-04 1.124366372052666e-16
2730 1.137500000000000e-08 4.385028851005211e-18 1.124366372052618e-04 2.810915930131546e-04 5.242944339746620e-04 1.124366372052618e-16
2731 1.137916666666666e-08 4.385028851008912e-18 1.124366372053567e-04 2.810915930133918e-04 5.242944339746620e-04 1.124366372053567e-16
2732 1.138333333333333e-08 4.385028851007801e-18 1.124366372053282e-04 2.810915930133207e-04 5.242944339746620e-04 1.124366372053283e-16
2733 1.138750000000000e-08 4.385028851010576e-18 1.124366372053994e-04 2.810915930134985e-04 5.242944339783627e-04 1.124366372053994e-16
2734 1.139166666666666e-08 4.385028851001880e-18 1.124366372051764e-04 2.810915930129411e-04 5.242944339746620e-04 1.124366372051764e-16
2735 1.139583333333333e-08 4.385028851007431e-18 1.124366372053187e-04 2.810915930132969e-04 5.242944339820635e-04 1.124366372053187e-16
2736 1.140000000000000e-08 4.385028851005580e-18 1.124366372052713e-04 2.810915930131782e-04 5.242944339783627e-04 1.124366372052713e-16
2737 1.140416666666666e-08 4.385028851012427e-18 1.124366372054469e-04 2.810915930136172e-04 5.242944339783627e-04 1.124366372054469e-16
2738 1.140833333333333e-08 4.385028851007986e-18 1.124366372053330e-04 2.810915930133325e-04 5.242944339746620e-04 1.124366372053330e-16
2739 1.141250000000000e-08 4.385028851014648e-18 1.124366372055038e-04 2.810915930137595e-04 5.242944339746620e-04 1.124366372055038e-16
2740 1.141666666666666e-08 4.385028851011317e-18 1.124366372054184e-04 2.810915930135460e-04 5.242944339783627e-04 1.124366372054184e-16
2741 1.142083333333333e-08 4.385028851011873e-18 1.124366372054326e-04 2.810915930135816e-04 5.242944339746620e-04 1.124366372054327e-16
2742 1.142500000000000e-08 4.385028851007431e-18 1.124366372053187e-04 2.810915930132969e-04 5.242944339783627e-04 1.124366372053187e-16
2743 1.142916666666666e-08 4.385028851010207e-18 1.124366372053899e-04 2.810915930134749e-04 5.242944339746620e-04 1.124366372053900e-16
2744 1.143333333333333e-08 4.385028851011133e-18 1.124366372054137e-04 2.810915930135342e-04 5.242944339783627e-04 1.124366372054137e-16
2745 1.143750000000000e-08 4.385028851013353e-18 1.124366372054706e-04 2.810915930136765e-04 5.242944339783627e-04 1.124366372054706e-16
2746 1.144166666666666e-08 4.385028851007432e-18 1.124366372053188e-04 2.810915930132969e-04 5.242944339783627e-04 1.124366372053188e-16
2747 1.144583333333333e-08 4.385028851012797e-18 1.124366372054563e-04 2.810915930136409e-04 5.242944339783627e-04 1.124366372054563e-16
2748 1.145000000000000e-08 4.385028851011687e-18 1.124366372054279e-04 2.810915930135698e-04 5.242944339783627e-04 1.124366372054279e-16
2749 1.145416666666666e-08 4.385028851019458e-18 1.124366372056271e-04 2.810915930140678e-04 5.242944339746620e-04 1.124366372056271e-16
2750 1.145833333333333e-08 4.385028851013353e-18 1.124366372054706e-04 2.810915930136765e-04 5.242944339783627e-04 1.124366372054706e-16
2751 1.146250000000000e-08 4.385028851017238e-18 1.124366372055702e-04 2.810915930139256e-04 5.242944339746620e-04 1.124366372055702e-16
2752 1.146666666666666e-08 4.385028851010576e-18 1.124366372053994e-04 2.810915930134985e-04 5.242944339783627e-04 1.124366372053994e-16
2753 1.147083333333333e-08 4.385028851009653e-18 1.124366372053757e-04 2.810915930134393e-04 5.242944339746620e-04 1.124366372053757e-16
2754 1.147500000000000e-08 4.385028851007432e-18 1.124366372053188e-04 2.810915930132969e-04 5.242944339783627e-04 1.124366372053188e-16
2755 1.147916666666666e-08 4.385028851014463e-18 1.124366372054991e-04 2.810915930137477e-04 5.242944339746620e-04 1.124366372054991e-16
2756 1.148333333333333e-08 4.385028851019088e-18 1.124366372056176e-04 2.810915930140441e-04 5.242944339783627e-04 1.124366372056176e-16
2757 1.148750000000000e-08 4.385028851020939e-18 1.124366372056651e-04 2.810915930141628e-04 5.242944339746620e-04 1.124366372056651e-16
2758 1.149166666666666e-08 4.385028851017423e-18 1.124366372055750e-04 2.810915930139375e-04 5.242944339783627e-04 1.124366372055750e-16
2759 1.149583333333333e-08 4.385028851017794e-18 1.124366372055845e-04 2.810915930139612e-04 5.242944339783627e-04 1.124366372055845e-16
2760 1.150000000000000e-08 4.385028851020013e-18 1.124366372056414e-04 2.810915930141034e-04 5.242944339783627e-04 1.124366372056414e-16
2761 1.150416666666666e-08 4.385028851025750e-18 1.124366372057885e-04 2.810915930144712e-04 5.242944339783627e-04 1.124366372057885e-16
2762 1.150833333333333e-08 4.385028851022974e-18 1.124366372057173e-04 2.810915930142932e-04 5.242944339783627e-04 1.124366372057173e-16
2763 1.151250000000000e-08 4.385028851029821e-18 1.124366372058928e-04 2.810915930147321e-04 5.242944339746620e-04 1.124366372058929e-16
2764 1.151666666666666e-08 4.385028851027415e-18 1.124366372058312e-04 2.810915930145780e-04 5.242944339783627e-04 1.124366372058312e-16
2765 1.152083333333333e-08 4.385028851035001e-18 1.124366372060257e-04 2.810915930150642e-04 5.242944339709613e-04 1.124366372060257e-16
2766 1.152500000000000e-08 4.385028851035001e-18 1.124366372060257e-04 2.810915930150642e-04 5.242944339783627e-04 1.124366372060257e-16
2767 1.152916666666666e-08 4.385028851037592e-18 1.124366372060921e-04 2.810915930152303e-04 5.242944339709613e-04 1.124366372060921e-16
2768 1.153333333333333e-08 4.385028851042958e-18 1.124366372062297e-04 2.810915930155743e-04 5.242944339783627e-04 1.124366372062297e-16
2769 1.153750000000000e-08 4.385028851047770e-18 1.124366372063531e-04 2.810915930158827e-04 5.242944339709613e-04 1.124366372063531e-16
2770 1.154166666666666e-08 4.385028851050175e-18 1.124366372064148e-04 2.810915930160369e-04 5.242944339783627e-04 1.124366372064148e-16
2771 1.154583333333333e-08 4.385028851052951e-18 1.124366372064859e-04 2.810915930162148e-04 5.242944339709613e-04 1.124366372064859e-16
2772 1.155000000000000e-08 4.385028851060722e-18 1.124366372066852e-04 2.810915930167130e-04 5.242944339783627e-04 1.124366372066852e-16
2773 1.155416666666666e-08 4.385028851059797e-18 1.124366372066615e-04 2.810915930166537e-04 5.242944339783627e-04 1.124366372066615e-16
2774 1.155833333333333e-08 4.385028851060723e-18 1.124366372066852e-04 2.810915930167131e-04 5.242944339783627e-04 1.124366372066852e-16
2775 1.156250000000000e-08 4.385028851062572e-18 1.124366372067326e-04 2.810915930168316e-04 5.242944339783627e-04 1.124366372067326e-16
2776 1.156666666666666e-08 4.385028851063497e-18 1.124366372067563e-04 2.810915930168909e-04 5.242944339746620e-04 1.124366372067563e-16
2777 1.157083333333333e-08 4.385028851067384e-18 1.124366372068560e-04 2.810915930171400e-04 5.242944339820635e-04 1.124366372068560e-16
2778 1.157500000000000e-08 4.385028851071824e-18 1.124366372069699e-04 2.810915930174246e-04 5.242944339783627e-04 1.124366372069698e-16
2779 1.157916666666666e-08 4.385028851075155e-18 1.124366372070553e-04 2.810915930176382e-04 5.242944339783627e-04 1.124366372070553e-16
2780 1.158333333333333e-08 4.385028851075895e-18 1.124366372070742e-04 2.810915930176856e-04 5.242944339746620e-04 1.124366372070742e-16
2781 1.158750000000000e-08 4.385028851081076e-18 1.124366372072071e-04 2.810915930180177e-04 5.242944339820635e-04 1.124366372072071e-16
2782 1.159166666666666e-08 4.385028851080706e-18 1.124366372071976e-04 2.810915930179940e-04 5.242944339783627e-04 1.124366372071976e-16
2783 1.159583333333333e-08 4.385028851083111e-18 1.124366372072593e-04 2.810915930181482e-04 5.242944339783627e-04 1.124366372072593e-16
2784 1.160000000000000e-08 4.385028851082556e-18 1.124366372072450e-04 2.810915930181126e-04 5.242944339746620e-04 1.124366372072450e-16
2785 1.160416666666666e-08 4.385028851083666e-18 1.124366372072735e-04 2.810915930181837e-04 5.242944339746620e-04 1.124366372072735e-16
2786 1.160833333333333e-08 4.385028851087738e-18 1.124366372073779e-04 2.810915930184448e-04 5.242944339746620e-04 1.124366372073779e-16
2787 1.161250000000000e-08 4.385028851083852e-18 1.124366372072783e-04 2.810915930181957e-04 5.242944339746620e-04 1.124366372072783e-16
2788 1.161666666666666e-08 4.385028851085332e-18 1.124366372073162e-04 2.810915930182906e-04 5.242944339709612e-04 1.124366372073162e-16
2789 1.162083333333333e-08 4.385028851080707e-18 1.124366372071976e-04 2.810915930179941e-04 5.242944339746620e-04 1.124366372071976e-16
2790 1.162500000000000e-08 4.385028851089774e-18 1.124366372074301e-04 2.810915930185753e-04 5.242944339746621e-04 1.124366372074301e-16
2791 1.162916666666666e-08 4.385028851085702e-18 1.124366372073257e-04 2.810915930183143e-04 5.242944339709613e-04 1.124366372073257e-16
2792 1.163333333333333e-08 4.385028851086443e-18 1.124366372073447e-04 2.810915930183618e-04 5.242944339746620e-04 1.124366372073447e-16
2793 1.163750000000000e-08 4.385028851086627e-18 1.124366372073494e-04 2.810915930183735e-04 5.242944339783628e-04 1.124366372073494e-16
2794 1.164166666666666e-08 4.385028851086997e-18 1.124366372073589e-04 2.810915930183973e-04 5.242944339783627e-04 1.124366372073589e-16
2795 1.164583333333333e-08 4.385028851080707e-18 1.124366372071976e-04 2.810915930179941e-04 5.242944339709612e-04 1.124366372071976e-16
2796 1.165000000000000e-08 4.385028851085332e-18 1.124366372073162e-04 2.810915930182906e-04 5.242944339783627e-04 1.124366372073162e-16
2797 1.165416666666666e-08 4.385028851085146e-18 1.124366372073114e-04 2.810915930182786e-04 5.242944339783628e-04 1.124366372073115e-16
2798 1.165833333333333e-08 4.385028851088477e-18 1.124366372073969e-04 2.810915930184921e-04 5.242944339746620e-04 1.124366372073969e-16
2799 1.166250000000000e-08 4.385028851090143e-18 1.124366372074396e-04 2.810915930185989e-04 5.242944339783628e-04 1.124366372074396e-16
2800 1.166666666666666e-08 4.385028851092364e-18 1.124366372074965e-04 2.810915930187413e-04 5.242944339746620e-04 1.124366372074965e-16
2801 1.167083333333333e-08 4.385028851091994e-18 1.124366372074870e-04 2.810915930187176e-04 5.242944339783628e-04 1.124366372074870e-16
2802 1.167500000000000e-08 4.385028851092178e-18 1.124366372074917e-04 2.810915930187294e-04 5.242944339746620e-04 1.124366372074918e-16
2803 1.167916666666666e-08 4.385028851095509e-18 1.124366372075772e-04 2.810915930189429e-04 5.242944339783628e-04 1.124366372075771e-16
2804 1.168333333333333e-08 4.385028851101614e-18 1.124366372077337e-04 2.810915930193343e-04 5.242944339746620e-04 1.124366372077337e-16
2805 1.168750000000000e-08 4.385028851101430e-18 1.124366372077290e-04 2.810915930193225e-04 5.242944339783628e-04 1.124366372077290e-16
2806 1.169166666666666e-08 4.385028851100505e-18 1.124366372077053e-04 2.810915930192632e-04 5.242944339746620e-04 1.124366372077053e-16
2807 1.169583333333333e-08 4.385028851098099e-18 1.124366372076436e-04 2.810915930191089e-04 5.242944339709613e-04 1.124366372076436e-16
2808 1.170000000000000e-08 4.385028851100505e-18 1.124366372077053e-04 2.810915930192632e-04 5.242944339746620e-04 1.124366372077053e-16
2809 1.170416666666666e-08 4.385028851098654e-18 1.124366372076578e-04 2.810915930191446e-04 5.242944339783628e-04 1.124366372076578e-16
2810 1.170833333333333e-08 4.385028851097914e-18 1.124366372076388e-04 2.810915930190971e-04 5.242944339746620e-04 1.124366372076388e-16
2811 1.171250000000000e-08 4.385028851096434e-18 1.124366372076009e-04 2.810915930190023e-04 5.242944339783628e-04 1.124366372076009e-16
2812 1.171666666666666e-08 4.385028851099579e-18 1.124366372076815e-04 2.810915930192038e-04 5.242944339746620e-04 1.124366372076815e-16
2813 1.172083333333333e-08 4.385028851101800e-18 1.124366372077385e-04 2.810915930193462e-04 5.242944339746620e-04 1.124366372077385e-16
2814 1.172500000000000e-08 4.385028851101614e-18 1.124366372077337e-04 2.810915930193343e-04 5.242944339746620e-04 1.124366372077337e-16
2815 1.172916666666666e-08 4.385028851104945e-18 1.124366372078191e-04 2.810915930195478e-04 5.242944339746620e-04 1.124366372078191e-16
2816 1.173333333333333e-08 4.385028851102170e-18 1.124366372077480e-04 2.810915930193700e-04 5.242944339746620e-04 1.124366372077480e-16
2817 1.173750000000000e-08 4.385028851106055e-18 1.124366372078476e-04 2.810915930196190e-04 5.242944339746620e-04 1.124366372078476e-16
2818 1.174166666666666e-08 4.385028851106427e-18 1.124366372078571e-04 2.810915930196428e-04 5.242944339746620e-04 1.124366372078571e-16
2819 1.174583333333333e-08 4.385028851104576e-18 1.124366372078096e-04 2.810915930195241e-04 5.242944339746620e-04 1.124366372078096e-16
2820 1.175000000000000e-08 4.385028851106797e-18 1.124366372078666e-04 2.810915930196665e-04 5.242944339746620e-04 1.124366372078666e-16
2821 1.175416666666666e-08 4.385028851102725e-18 1.124366372077622e-04 2.810915930194055e-04 5.242944339746620e-04 1.124366372077622e-16
2822 1.175833333333333e-08 4.385028851105131e-18 1.124366372078239e-04 2.810915930195597e-04 5.242944339746620e-04 1.124366372078239e-16
2823 1.176250000000000e-08 4.385028851106427e-18 1.124366372078571e-04 2.810915930196428e-04 5.242944339709613e-04 1.124366372078571e-16
2824 1.176666666666666e-08 4.385028851109387e-18 1.124366372079330e-04 2.810915930198325e-04 5.242944339746620e-04 1.124366372079330e-16
2825 1.177083333333333e-08 4.385028851116233e-18 1.124366372081085e-04 2.810915930202714e-04 5.242944339746620e-04 1.124366372081085e-16
2826 1.177500000000000e-08 4.385028851121229e-18 1.124366372082366e-04 2.810915930205916e-04 5.242944339746620e-04 1.124366372082366e-16
2827 1.177916666666666e-08 4.385028851120860e-18 1.124366372082272e-04 2.810915930205680e-04 5.242944339746620e-04 1.124366372082272e-16
2828 1.178333333333333e-08 4.385028851122340e-18 1.124366372082651e-04 2.810915930206628e-04 5.242944339746620e-04 1.124366372082651e-16
2829 1.178750000000000e-08 4.385028851123450e-18 1.124366372082936e-04 2.810915930207340e-04 5.242944339709612e-04 1.124366372082936e-16
2830 1.179166666666666e-08 4.385028851125485e-18 1.124366372083458e-04 2.810915930208645e-04 5.242944339746620e-04 1.124366372083458e-16
2831 1.179583333333333e-08 4.385028851127336e-18 1.124366372083932e-04 2.810915930209831e-04 5.242944339709612e-04 1.124366372083933e-16
2832 1.180000000000000e-08 4.385028851129741e-18 1.124366372084549e-04 2.810915930211373e-04 5.242944339746620e-04 1.124366372084549e-16
2833 1.180416666666666e-08 4.385028851134736e-18 1.124366372085830e-04 2.810915930214575e-04 5.242944339709612e-04 1.124366372085830e-16
2834 1.180833333333333e-08 4.385028851142138e-18 1.124366372087728e-04 2.810915930219320e-04 5.242944339746620e-04 1.124366372087728e-16
2835 1.181250000000000e-08 4.385028851147319e-18 1.124366372089056e-04 2.810915930222641e-04 5.242944339709612e-04 1.124366372089056e-16
2836 1.181666666666666e-08 4.385028851150836e-18 1.124366372089958e-04 2.810915930224895e-04 5.242944339746620e-04 1.124366372089958e-16
2837 1.182083333333333e-08 4.385028851154721e-18 1.124366372090954e-04 2.810915930227385e-04 5.242944339709612e-04 1.124366372090954e-16
2838 1.182500000000000e-08 4.385028851158607e-18 1.124366372091951e-04 2.810915930229877e-04 5.242944339746620e-04 1.124366372091951e-16
2839 1.182916666666666e-08 4.385028851160271e-18 1.124366372092377e-04 2.810915930230944e-04 5.242944339709613e-04 1.124366372092378e-16
2840 1.183333333333333e-08 4.385028851160271e-18 1.124366372092377e-04 2.810915930230944e-04 5.242944339746620e-04 1.124366372092378e-16
2841 1.183750000000000e-08 4.385028851162122e-18 1.124366372092852e-04 2.810915930232130e-04 5.242944339709612e-04 1.124366372092852e-16
2842 1.184166666666666e-08 4.385028851167674e-18 1.124366372094275e-04 2.810915930235689e-04 5.242944339746620e-04 1.124366372094275e-16
2843 1.184583333333333e-08 4.385028851164343e-18 1.124366372093421e-04 2.810915930233554e-04 5.242944339709612e-04 1.124366372093421e-16
2844 1.185000000000000e-08 4.385028851166933e-18 1.124366372094085e-04 2.810915930235214e-04 5.242944339746620e-04 1.124366372094085e-16
2845 1.185416666666666e-08 4.385028851167118e-18 1.124366372094133e-04 2.810915930235332e-04 5.242944339709612e-04 1.124366372094133e-16
2846 1.185833333333333e-08 4.385028851175260e-18 1.124366372096221e-04 2.810915930240552e-04 5.242944339746620e-04 1.124366372096221e-16
2847 1.186250000000000e-08 4.385028851171930e-18 1.124366372095367e-04 2.810915930238417e-04 5.242944339709612e-04 1.124366372095367e-16
2848 1.186666666666666e-08 4.385028851167859e-18 1.124366372094323e-04 2.810915930235807e-04 5.242944339746620e-04 1.124366372094323e-16
2849 1.187083333333333e-08 4.385028851167489e-18 1.124366372094228e-04 2.810915930235570e-04 5.242944339709612e-04 1.124366372094228e-16
2850 1.187500000000000e-08 4.385028851168784e-18 1.124366372094560e-04 2.810915930236400e-04 5.242944339746621e-04 1.124366372094560e-16
2851 1.187916666666666e-08 4.385028851168969e-18 1.124366372094607e-04 2.810915930236519e-04 5.242944339746620e-04 1.124366372094607e-16
2852 1.188333333333333e-08 4.385028851166008e-18 1.124366372093848e-04 2.810915930234621e-04 5.242944339746621e-04 1.124366372093848e-16
2853 1.188750000000000e-08 4.385028851173410e-18 1.124366372095746e-04 2.810915930239366e-04 5.242944339746620e-04 1.124366372095746e-16
2854 1.189166666666666e-08 4.385028851176185e-18 1.124366372096458e-04 2.810915930241145e-04 5.242944339746620e-04 1.124366372096458e-16
2855 1.189583333333333e-08 4.385028851172855e-18 1.124366372095604e-04 2.810915930239010e-04 5.242944339746620e-04 1.124366372095604e-16
2856 1.190000000000000e-08 4.385028851170449e-18 1.124366372094987e-04 2.810915930237467e-04 5.242944339746620e-04 1.124366372094987e-16
2857 1.190416666666666e-08 4.385028851171559e-18 1.124366372095271e-04 2.810915930238179e-04 5.242944339746620e-04 1.124366372095271e-16
2858 1.190833333333333e-08 4.385028851173595e-18 1.124366372095794e-04 2.810915930239484e-04 5.242944339746620e-04 1.124366372095794e-16
2859 1.191250000000000e-08 4.385028851174335e-18 1.124366372095983e-04 2.810915930239959e-04 5.242944339746620e-04 1.124366372095983e-16
2860 1.191666666666666e-08 4.385028851172299e-18 1.124366372095461e-04 2.810915930238653e-04 5.242944339746620e-04 1.124366372095461e-16
2861 1.192083333333333e-08 4.385028851171374e-18 1.124366372095224e-04 2.810915930238061e-04 5.242944339746620e-04 1.124366372095224e-16
2862 1.192500000000000e-08 4.385028851176371e-18 1.124366372096505e-04 2.810915930241264e-04 5.242944339746620e-04 1.124366372096505e-16
2863 1.192916666666666e-08 4.385028851177296e-18 1.124366372096742e-04 2.810915930241857e-04 5.242944339746620e-04 1.124366372096743e-16
2864 1.193333333333333e-08 4.385028851176925e-18 1.124366372096647e-04 2.810915930241619e-04 5.242944339746620e-04 1.124366372096647e-16
2865 1.193750000000000e-08 4.385028851176185e-18 1.124366372096458e-04 2.810915930241144e-04 5.242944339709614e-04 1.124366372096458e-16
2866 1.194166666666666e-08 4.385028851180441e-18 1.124366372097549e-04 2.810915930243873e-04 5.242944339709613e-04 1.124366372097549e-16
2867 1.194583333333333e-08 4.385028851179331e-18 1.124366372097264e-04 2.810915930243161e-04 5.242944339783628e-04 1.124366372097264e-16
2868 1.195000000000000e-08 4.385028851179886e-18 1.124366372097407e-04 2.810915930243517e-04 5.242944339709613e-04 1.124366372097407e-16
2869 1.195416666666666e-08 4.385028851174520e-18 1.124366372096031e-04 2.810915930240077e-04 5.242944339709613e-04 1.124366372096031e-16
2870 1.195833333333333e-08 4.385028851179701e-18 1.124366372097359e-04 2.810915930243398e-04 5.242944339746620e-04 1.124366372097359e-16
2871 1.196250000000000e-08 4.385028851175445e-18 1.124366372096268e-04 2.810915930240671e-04 5.242944339746620e-04 1.124366372096268e-16
2872 1.196666666666666e-08 4.385028851180811e-18 1.124366372097644e-04 2.810915930244110e-04 5.242944339709613e-04 1.124366372097644e-16
2873 1.197083333333333e-08 4.385028851176371e-18 1.124366372096505e-04 2.810915930241264e-04 5.242944339746620e-04 1.124366372096505e-16
2874 1.197500000000000e-08 4.385028851183217e-18 1.124366372098261e-04 2.810915930245652e-04 5.242944339709613e-04 1.124366372098261e-16
2875 1.197916666666666e-08 4.385028851175075e-18 1.124366372096173e-04 2.810915930240433e-04 5.242944339746620e-04 1.124366372096173e-16
2876 1.198333333333333e-08 4.385028851178035e-18 1.124366372096932e-04 2.810915930242330e-04 5.242944339709613e-04 1.124366372096932e-16
2877 1.198750000000000e-08 4.385028851173040e-18 1.124366372095651e-04 2.810915930239129e-04 5.242944339746620e-04 1.124366372095651e-16
2878 1.199166666666666e-08 4.385028851179886e-18 1.124366372097407e-04 2.810915930243517e-04 5.242944339709613e-04 1.124366372097407e-16
2879 1.199583333333333e-08 4.385028851181181e-18 1.124366372097739e-04 2.810915930244348e-04 5.242944339746620e-04 1.124366372097739e-16
2880 1.199999999999999e-08 4.385028851184328e-18 1.124366372098546e-04 2.810915930246364e-04 5.242944339709613e-04 1.124366372098546e-16
2881 1.200416666666666e-08 4.385028851183586e-18 1.124366372098356e-04 2.810915930245889e-04 5.242944339746620e-04 1.124366372098356e-16
2882 1.200833333333333e-08 4.385028851193394e-18 1.124366372100870e-04 2.810915930252176e-04 5.242944339709613e-04 1.124366372100870e-16
2883 1.201250000000000e-08 4.385028851189693e-18 1.124366372099921e-04 2.810915930249804e-04 5.242944339746620e-04 1.124366372099921e-16
2884 1.201666666666666e-08 4.385028851193763e-18 1.124366372100965e-04 2.810915930252412e-04 5.242944339709613e-04 1.124366372100965e-16
2885 1.202083333333333e-08 4.385028851187843e-18 1.124366372099447e-04 2.810915930248618e-04 5.242944339746620e-04 1.124366372099447e-16
2886 1.202500000000000e-08 4.385028851194688e-18 1.124366372101202e-04 2.810915930253005e-04 5.242944339709613e-04 1.124366372101202e-16
2887 1.202916666666666e-08 4.385028851188953e-18 1.124366372099732e-04 2.810915930249329e-04 5.242944339746620e-04 1.124366372099732e-16
2888 1.203333333333333e-08 4.385028851191359e-18 1.124366372100349e-04 2.810915930250871e-04 5.242944339709613e-04 1.124366372100348e-16
2889 1.203750000000000e-08 4.385028851182846e-18 1.124366372098166e-04 2.810915930245414e-04 5.242944339746620e-04 1.124366372098166e-16
2890 1.204166666666666e-08 4.385028851189138e-18 1.124366372099779e-04 2.810915930249448e-04 5.242944339709613e-04 1.124366372099779e-16
2891 1.204583333333333e-08 4.385028851187102e-18 1.124366372099257e-04 2.810915930248142e-04 5.242944339746620e-04 1.124366372099257e-16
2892 1.205000000000000e-08 4.385028851199685e-18 1.124366372102483e-04 2.810915930256209e-04 5.242944339709613e-04 1.124366372102483e-16
2893 1.205416666666666e-08 4.385028851193024e-18 1.124366372100776e-04 2.810915930251939e-04 5.242944339746620e-04 1.124366372100776e-16
2894 1.205833333333333e-08 4.385028851197278e-18 1.124366372101866e-04 2.810915930254666e-04 5.242944339709613e-04 1.124366372101866e-16
2895 1.206250000000000e-08 4.385028851194688e-18 1.124366372101202e-04 2.810915930253005e-04 5.242944339746620e-04 1.124366372101202e-16
2896 1.206666666666666e-08 4.385028851200055e-18 1.124366372102578e-04 2.810915930256446e-04 5.242944339709613e-04 1.124366372102578e-16
2897 1.207083333333333e-08 4.385028851194318e-18 1.124366372101107e-04 2.810915930252769e-04 5.242944339746620e-04 1.124366372101107e-16
2898 1.207500000000000e-08 4.385028851198945e-18 1.124366372102294e-04 2.810915930255734e-04 5.242944339709613e-04 1.124366372102294e-16
2899 1.207916666666666e-08 4.385028851196724e-18 1.124366372101724e-04 2.810915930254311e-04 5.242944339746620e-04 1.124366372101724e-16
2900 1.208333333333333e-08 4.385028851205421e-18 1.124366372103954e-04 2.810915930259886e-04 5.242944339709613e-04 1.124366372103954e-16
2901 1.208750000000000e-08 4.385028851201906e-18 1.124366372103053e-04 2.810915930257632e-04 5.242944339746620e-04 1.124366372103053e-16
2902 1.209166666666666e-08 4.385028851212267e-18 1.124366372105710e-04 2.810915930264274e-04 5.242944339709613e-04 1.124366372105710e-16
2903 1.209583333333333e-08 4.385028851207086e-18 1.124366372104381e-04 2.810915930260953e-04 5.242944339746620e-04 1.124366372104381e-16
2904 1.210000000000000e-08 4.385028851215414e-18 1.124366372106516e-04 2.810915930266291e-04 5.242944339709613e-04 1.124366372106516e-16
2905 1.210416666666666e-08 4.385028851209121e-18 1.124366372104903e-04 2.810915930262258e-04 5.242944339746620e-04 1.124366372104903e-16
2906 1.210833333333333e-08 4.385028851215042e-18 1.124366372106421e-04 2.810915930266053e-04 5.242944339709613e-04 1.124366372106421e-16
2907 1.211250000000000e-08 4.385028851209862e-18 1.124366372105093e-04 2.810915930262732e-04 5.242944339709613e-04 1.124366372105093e-16
2908 1.211666666666666e-08 4.385028851217634e-18 1.124366372107086e-04 2.810915930267714e-04 5.242944339709613e-04 1.124366372107086e-16
2909 1.212083333333333e-08 4.385028851217262e-18 1.124366372106990e-04 2.810915930267476e-04 5.242944339709613e-04 1.124366372106990e-16
2910 1.212500000000000e-08 4.385028851221334e-18 1.124366372108034e-04 2.810915930270086e-04 5.242944339709613e-04 1.124366372108034e-16
2911 1.212916666666666e-08 4.385028851221149e-18 1.124366372107987e-04 2.810915930269968e-04 5.242944339709613e-04 1.124366372107987e-16
2912 1.213333333333333e-08 4.385028851219483e-18 1.124366372107560e-04 2.810915930268900e-04 5.242944339709613e-04 1.124366372107560e-16
2913 1.213750000000000e-08 4.385028851222814e-18 1.124366372108414e-04 2.810915930271035e-04 5.242944339709613e-04 1.124366372108414e-16
2914 1.214166666666666e-08 4.385028851219669e-18 1.124366372107608e-04 2.810915930269019e-04 5.242944339709613e-04 1.124366372107608e-16
2915 1.214583333333333e-08 4.385028851219669e-18 1.124366372107608e-04 2.810915930269019e-04 5.242944339709613e-04 1.124366372107608e-16
2916 1.215000000000000e-08 4.385028851216708e-18 1.124366372106848e-04 2.810915930267121e-04 5.242944339709613e-04 1.124366372106848e-16
2917 1.215416666666666e-08 4.385028851215598e-18 1.124366372106564e-04 2.810915930266409e-04 5.242944339709613e-04 1.124366372106564e-16
2918 1.215833333333333e-08 4.385028851217262e-18 1.124366372106990e-04 2.810915930267476e-04 5.242944339746620e-04 1.124366372106990e-16
2919 1.216250000000000e-08 4.385028851220224e-18 1.124366372107750e-04 2.810915930269375e-04 5.242944339709613e-04 1.124366372107750e-16
2920 1.216666666666666e-08 4.385028851219669e-18 1.124366372107608e-04 2.810915930269019e-04 5.242944339746621e-04 1.124366372107608e-16
2921 1.217083333333333e-08 4.385028851217262e-18 1.124366372106990e-04 2.810915930267476e-04 5.242944339820635e-04 1.124366372106990e-16
2922 1.217500000000000e-08 4.385028851221334e-18 1.124366372108034e-04 2.810915930270086e-04 5.242944339820635e-04 1.124366372108034e-16
2923 1.217916666666666e-08 4.385028851219669e-18 1.124366372107608e-04 2.810915930269019e-04 5.242944339857642e-04 1.124366372107608e-16
2924 1.218333333333333e-08 4.385028851222074e-18 1.124366372108224e-04 2.810915930270561e-04 5.242944339820635e-04 1.124366372108224e-16
2925 1.218750000000000e-08 4.385028851218559e-18 1.124366372107323e-04 2.810915930268307e-04 5.242944339783627e-04 1.124366372107323e-16
2926 1.219166666666666e-08 4.385028851223555e-18 1.124366372108604e-04 2.810915930271510e-04 5.242944339746620e-04 1.124366372108604e-16
2927 1.219583333333333e-08 4.385028851218188e-18 1.124366372107228e-04 2.810915930268070e-04 5.242944339709613e-04 1.124366372107228e-16
2928 1.220000000000000e-08 4.385028851226700e-18 1.124366372109410e-04 2.810915930273526e-04 5.242944339709613e-04 1.124366372109410e-16
2929 1.220416666666666e-08 4.385028851216152e-18 1.124366372106706e-04 2.810915930266765e-04 5.242944339709613e-04 1.124366372106706e-16
2930 1.220833333333333e-08 4.385028851229105e-18 1.124366372110027e-04 2.810915930275068e-04 5.242944339746620e-04 1.124366372110027e-16
2931 1.221250000000000e-08 4.385028851227995e-18 1.124366372109742e-04 2.810915930274356e-04 5.242944339709613e-04 1.124366372109743e-16
2932 1.221666666666666e-08 4.385028851230401e-18 1.124366372110359e-04 2.810915930275898e-04 5.242944339709613e-04 1.124366372110359e-16
2933 1.222083333333333e-08 4.385028851223370e-18 1.124366372108556e-04 2.810915930271391e-04 5.242944339709613e-04 1.124366372108557e-16
2934 1.222500000000000e-08 4.385028851227070e-18 1.124366372109505e-04 2.810915930273763e-04 5.242944339746620e-04 1.124366372109505e-16
2935 1.222916666666666e-08 4.385028851225035e-18 1.124366372108983e-04 2.810915930272459e-04 5.242944339746620e-04 1.124366372108983e-16
2936 1.223333333333333e-08 4.385028851227070e-18 1.124366372109505e-04 2.810915930273763e-04 5.242944339709613e-04 1.124366372109505e-16
2937 1.223750000000000e-08 4.385028851221519e-18 1.124366372108082e-04 2.810915930270205e-04 5.242944339746620e-04 1.124366372108082e-16
2938 1.224166666666666e-08 4.385028851226885e-18 1.124366372109458e-04 2.810915930273645e-04 5.242944339709613e-04 1.124366372109458e-16
2939 1.224583333333333e-08 4.385028851226515e-18 1.124366372109363e-04 2.810915930273407e-04 5.242944339746620e-04 1.124366372109363e-16
2940 1.225000000000000e-08 4.385028851228180e-18 1.124366372109790e-04 2.810915930274475e-04 5.242944339746620e-04 1.124366372109790e-16
2941 1.225416666666666e-08 4.385028851226700e-18 1.124366372109410e-04 2.810915930273526e-04 5.242944339746620e-04 1.124366372109410e-16
2942 1.225833333333333e-08 4.385028851229105e-18 1.124366372110027e-04 2.810915930275068e-04 5.242944339709613e-04 1.124366372110027e-16
2943 1.226250000000000e-08 4.385028851228551e-18 1.124366372109885e-04 2.810915930274712e-04 5.242944339746620e-04 1.124366372109885e-16
2944 1.226666666666666e-08 4.385028851234102e-18 1.124366372111308e-04 2.810915930278271e-04 5.242944339709613e-04 1.124366372111308e-16
2945 1.227083333333333e-08 4.385028851230771e-18 1.124366372110454e-04 2.810915930276136e-04 5.242944339746620e-04 1.124366372110454e-16
2946 1.227500000000000e-08 4.385028851231511e-18 1.124366372110644e-04 2.810915930276610e-04 5.242944339709613e-04 1.124366372110644e-16
2947 1.227916666666666e-08 4.385028851227441e-18 1.124366372109600e-04 2.810915930274001e-04 5.242944339783627e-04 1.124366372109601e-16
2948 1.228333333333333e-08 4.385028851230771e-18 1.124366372110454e-04 2.810915930276136e-04 5.242944339709613e-04 1.124366372110454e-16
2949 1.228750000000000e-08 4.385028851224665e-18 1.124366372108889e-04 2.810915930272221e-04 5.242944339746620e-04 1.124366372108888e-16
2950 1.229166666666666e-08 4.385028851233916e-18 1.124366372111261e-04 2.810915930278152e-04 5.242944339746620e-04 1.124366372111261e-16
2951 1.229583333333333e-08 4.385028851226700e-18 1.124366372109410e-04 2.810915930273526e-04 5.242944339709612e-04 1.124366372109410e-16
2952 1.230000000000000e-08 4.385028851233731e-18 1.124366372111213e-04 2.810915930278033e-04 5.242944339746620e-04 1.124366372111213e-16
2953 1.230416666666666e-08 4.385028851231511e-18 1.124366372110644e-04 2.810915930276610e-04 5.242944339709612e-04 1.124366372110644e-16
2954 1.230833333333333e-08 4.385028851234842e-18 1.124366372111498e-04 2.810915930278745e-04 5.242944339709612e-04 1.124366372111498e-16
2955 1.231250000000000e-08 4.385028851230587e-18 1.124366372110407e-04 2.810915930276018e-04 5.242944339746620e-04 1.124366372110407e-16
2956 1.231666666666666e-08 4.385028851232067e-18 1.124366372110786e-04 2.810915930276966e-04 5.242944339746620e-04 1.124366372110787e-16
2957 1.232083333333333e-08 4.385028851233731e-18 1.124366372111213e-04 2.810915930278033e-04 5.242944339672605e-04 1.124366372111213e-16
2958 1.232500000000000e-08 4.385028851237802e-18 1.124366372112257e-04 2.810915930280643e-04 5.242944339672605e-04 1.124366372112257e-16
2959 1.232916666666666e-08 4.385028851241689e-18 1.124366372113254e-04 2.810915930283134e-04 5.242944339672605e-04 1.124366372113253e-16
2960 1.233333333333333e-08 4.385028851249461e-18 1.124366372115246e-04 2.810915930288116e-04 5.242944339672605e-04 1.124366372115246e-16
2961 1.233750000000000e-08 4.385028851246500e-18 1.124366372114487e-04 2.810915930286218e-04 5.242944339672605e-04 1.124366372114487e-16
2962 1.234166666666666e-08 4.385028851247795e-18 1.124366372114819e-04 2.810915930287048e-04 5.242944339672605e-04 1.124366372114819e-16
2963 1.234583333333333e-08 4.385028851245020e-18 1.124366372114108e-04 2.810915930285270e-04 5.242944339672605e-04 1.124366372114108e-16
2964 1.235000000000000e-08 4.385028851247054e-18 1.124366372114629e-04 2.810915930286573e-04 5.242944339672605e-04 1.124366372114629e-16
2965 1.235416666666666e-08 4.385028851246869e-18 1.124366372114582e-04 2.810915930286455e-04 5.242944339672606e-04 1.124366372114582e-16
2966 1.235833333333333e-08 4.385028851247240e-18 1.124366372114677e-04 2.810915930286693e-04 5.242944339672606e-04 1.124366372114677e-16
2967 1.236250000000000e-08 4.385028851243723e-18 1.124366372113775e-04 2.810915930284438e-04 5.242944339672606e-04 1.124366372113775e-16
2968 1.236666666666666e-08 4.385028851243910e-18 1.124366372113823e-04 2.810915930284558e-04 5.242944339672606e-04 1.124366372113823e-16
2969 1.237083333333333e-08 4.385028851241689e-18 1.124366372113254e-04 2.810915930283134e-04 5.242944339672606e-04 1.124366372113253e-16
2970 1.237500000000000e-08 4.385028851240393e-18 1.124366372112921e-04 2.810915930282303e-04 5.242944339672606e-04 1.124366372112921e-16
2971 1.237916666666666e-08 4.385028851242058e-18 1.124366372113348e-04 2.810915930283371e-04 5.242944339672606e-04 1.124366372113348e-16
2972 1.238333333333333e-08 4.385028851243538e-18 1.124366372113728e-04 2.810915930284320e-04 5.242944339672606e-04 1.124366372113728e-16
2973 1.238750000000000e-08 4.385028851243910e-18 1.124366372113823e-04 2.810915930284558e-04 5.242944339672606e-04 1.124366372113823e-16
2974 1.239166666666666e-08 4.385028851241689e-18 1.124366372113254e-04 2.810915930283134e-04 5.242944339672606e-04 1.124366372113253e-16
2975 1.239583333333333e-08 4.385028851246685e-18 1.124366372114534e-04 2.810915930286337e-04 5.242944339672606e-04 1.124366372114534e-16
2976 1.240000000000000e-08 4.385028851243169e-18 1.124366372113633e-04 2.810915930284083e-04 5.242944339672606e-04 1.124366372113633e-16
2977 1.240416666666666e-08 4.385028851243353e-18 1.124366372113680e-04 2.810915930284201e-04 5.242944339672606e-04 1.124366372113680e-16
2978 1.240833333333333e-08 4.385028851239098e-18 1.124366372112589e-04 2.810915930281473e-04 5.242944339672606e-04 1.124366372112589e-16
2979 1.241250000000000e-08 4.385028851244095e-18 1.124366372113870e-04 2.810915930284676e-04 5.242944339672606e-04 1.124366372113871e-16
2980 1.241666666666666e-08 4.385028851240208e-18 1.124366372112874e-04 2.810915930282185e-04 5.242944339672606e-04 1.124366372112874e-16
2981 1.242083333333333e-08 4.385028851242799e-18 1.124366372113538e-04 2.810915930283846e-04 5.242944339672606e-04 1.124366372113538e-16
2982 1.242500000000000e-08 4.385028851240579e-18 1.124366372112969e-04 2.810915930282423e-04 5.242944339672606e-04 1.124366372112969e-16
2983 1.242916666666666e-08 4.385028851237802e-18 1.124366372112257e-04 2.810915930280643e-04 5.242944339672606e-04 1.124366372112257e-16
2984 1.243333333333333e-08 4.385028851236692e-18 1.124366372111972e-04 2.810915930279931e-04 5.242944339672606e-04 1.124366372111973e-16
2985 1.243750000000000e-08 4.385028851240579e-18 1.124366372112969e-04 2.810915930282423e-04 5.242944339672606e-04 1.124366372112969e-16
2986 1.244166666666666e-08 4.385028851232992e-18 1.124366372111024e-04 2.810915930277559e-04 5.242944339672606e-04 1.124366372111024e-16
2987 1.244583333333333e-08 4.385028851232436e-18 1.124366372110881e-04 2.810915930277203e-04 5.242944339672606e-04 1.124366372110881e-16
2988 1.245000000000000e-08 4.385028851231141e-18 1.124366372110549e-04 2.810915930276373e-04 5.242944339672606e-04 1.124366372110549e-16
2989 1.245416666666666e-08 4.385028851237062e-18 1.124366372112067e-04 2.810915930280168e-04 5.242944339672606e-04 1.124366372112067e-16
2990 1.245833333333333e-08 4.385028851240393e-18 1.124366372112921e-04 2.810915930282303e-04 5.242944339672606e-04 1.124366372112921e-16
2991 1.246249999999999e-08 4.385028851240023e-18 1.124366372112826e-04 2.810915930282066e-04 5.242944339672606e-04 1.124366372112827e-16
2992 1.246666666666666e-08 4.385028851232807e-18 1.124366372110976e-04 2.810915930277441e-04 5.242944339672606e-04 1.124366372110976e-16
2993 1.247083333333333e-08 4.385028851239468e-18 1.124366372112684e-04 2.810915930281711e-04 5.242944339672605e-04 1.124366372112684e-16
2994 1.247500000000000e-08 4.385028851240023e-18 1.124366372112826e-04 2.810915930282066e-04 5.242944339672606e-04 1.124366372112827e-16
2995 1.247916666666666e-08 4.385028851243169e-18 1.124366372113633e-04 2.810915930284083e-04 5.242944339672605e-04 1.124366372113633e-16
2996 1.248333333333333e-08 4.385028851246130e-18 1.124366372114392e-04 2.810915930285981e-04 5.242944339746620e-04 1.124366372114392e-16
2997 1.248750000000000e-08 4.385028851250015e-18 1.124366372115388e-04 2.810915930288471e-04 5.242944339672605e-04 1.124366372115389e-16
2998 1.249166666666666e-08 4.385028851246685e-18 1.124366372114534e-04 2.810915930286337e-04 5.242944339746620e-04 1.124366372114534e-16
2999 1.249583333333333e-08 4.385028851250941e-18 1.124366372115626e-04 2.810915930289065e-04 5.242944339672605e-04 1.124366372115626e-16
3000 1.250000000000000e-08 4.385028851247240e-18 1.124366372114677e-04 2.810915930286693e-04 5.242944339746620e-04 1.124366372114677e-16
3001 1.250416666666666e-08 4.385028851252235e-18 1.124366372115958e-04 2.810915930289895e-04 5.242944339672605e-04 1.124366372115958e-16
3002 1.250833333333333e-08 4.385028851250200e-18 1.124366372115436e-04 2.810915930288590e-04 5.242944339746620e-04 1.124366372115436e-16
3003 1.251250000000000e-08 4.385028851256491e-18 1.124366372117049e-04 2.810915930292623e-04 5.242944339672605e-04 1.124366372117049e-16
3004 1.251666666666666e-08 4.385028851252976e-18 1.124366372116148e-04 2.810915930290370e-04 5.242944339746620e-04 1.124366372116148e-16
3005 1.252083333333333e-08 4.385028851257972e-18 1.124366372117429e-04 2.810915930293572e-04 5.242944339672605e-04 1.124366372117429e-16
3006 1.252500000000000e-08 4.385028851256306e-18 1.124366372117002e-04 2.810915930292505e-04 5.242944339746620e-04 1.124366372117002e-16
3007 1.252916666666666e-08 4.385028851258342e-18 1.124366372117524e-04 2.810915930293809e-04 5.242944339672605e-04 1.124366372117524e-16
3008 1.253333333333333e-08 4.385028851252790e-18 1.124366372116100e-04 2.810915930290251e-04 5.242944339746620e-04 1.124366372116100e-16
3009 1.253750000000000e-08 4.385028851258527e-18 1.124366372117571e-04 2.810915930293928e-04 5.242944339672605e-04 1.124366372117571e-16
3010 1.254166666666666e-08 4.385028851255380e-18 1.124366372116764e-04 2.810915930291911e-04 5.242944339746620e-04 1.124366372116764e-16
3011 1.254583333333333e-08 4.385028851261117e-18 1.124366372118235e-04 2.810915930295589e-04 5.242944339709614e-04 1.124366372118235e-16
3012 1.254999999999999e-08 4.385028851252790e-18 1.124366372116100e-04 2.810915930290251e-04 5.242944339746620e-04 1.124366372116100e-16
3013 1.255416666666666e-08 4.385028851260007e-18 1.124366372117951e-04 2.810915930294877e-04 5.242944339746620e-04 1.124366372117951e-16
3014 1.255833333333333e-08 4.385028851260563e-18 1.124366372118093e-04 2.810915930295233e-04 5.242944339783628e-04 1.124366372118093e-16
3015 1.256250000000000e-08 4.385028851261302e-18 1.124366372118283e-04 2.810915930295707e-04 5.242944339709613e-04 1.124366372118283e-16
3016 1.256666666666666e-08 4.385028851259082e-18 1.124366372117713e-04 2.810915930294284e-04 5.242944339783628e-04 1.124366372117713e-16
3017 1.257083333333333e-08 4.385028851262412e-18 1.124366372118567e-04 2.810915930296419e-04 5.242944339709613e-04 1.124366372118567e-16
3018 1.257500000000000e-08 4.385028851262412e-18 1.124366372118567e-04 2.810915930296419e-04 5.242944339783627e-04 1.124366372118567e-16
3019 1.257916666666666e-08 4.385028851263523e-18 1.124366372118852e-04 2.810915930297130e-04 5.242944339709613e-04 1.124366372118852e-16
3020 1.258333333333333e-08 4.385028851264449e-18 1.124366372119089e-04 2.810915930297724e-04 5.242944339783627e-04 1.124366372119090e-16
3021 1.258750000000000e-08 4.385028851265004e-18 1.124366372119232e-04 2.810915930298080e-04 5.242944339709613e-04 1.124366372119232e-16
3022 1.259166666666666e-08 4.385028851269629e-18 1.124366372120418e-04 2.810915930301045e-04 5.242944339746620e-04 1.124366372120418e-16
3023 1.259583333333333e-08 4.385028851269259e-18 1.124366372120323e-04 2.810915930300807e-04 5.242944339709613e-04 1.124366372120323e-16
3024 1.260000000000000e-08 4.385028851272219e-18 1.124366372121082e-04 2.810915930302705e-04 5.242944339746620e-04 1.124366372121082e-16
3025 1.260416666666666e-08 4.385028851271479e-18 1.124366372120892e-04 2.810915930302230e-04 5.242944339709613e-04 1.124366372120892e-16
3026 1.260833333333333e-08 4.385028851273515e-18 1.124366372121414e-04 2.810915930303536e-04 5.242944339746620e-04 1.124366372121414e-16
3027 1.261250000000000e-08 4.385028851271665e-18 1.124366372120940e-04 2.810915930302350e-04 5.242944339709613e-04 1.124366372120940e-16
3028 1.261666666666666e-08 4.385028851274809e-18 1.124366372121746e-04 2.810915930304365e-04 5.242944339746620e-04 1.124366372121746e-16
3029 1.262083333333333e-08 4.385028851274996e-18 1.124366372121794e-04 2.810915930304485e-04 5.242944339709613e-04 1.124366372121794e-16
3030 1.262500000000000e-08 4.385028851284247e-18 1.124366372124166e-04 2.810915930310415e-04 5.242944339746620e-04 1.124366372124166e-16
3031 1.262916666666666e-08 4.385028851283321e-18 1.124366372123929e-04 2.810915930309821e-04 5.242944339709613e-04 1.124366372123928e-16
3032 1.263333333333333e-08 4.385028851282027e-18 1.124366372123597e-04 2.810915930308992e-04 5.242944339746620e-04 1.124366372123597e-16
3033 1.263749999999999e-08 4.385028851279992e-18 1.124366372123075e-04 2.810915930307687e-04 5.242944339709613e-04 1.124366372123075e-16
3034 1.264166666666666e-08 4.385028851282582e-18 1.124366372123739e-04 2.810915930309348e-04 5.242944339746620e-04 1.124366372123739e-16
3035 1.264583333333333e-08 4.385028851283321e-18 1.124366372123929e-04 2.810915930309821e-04 5.242944339709613e-04 1.124366372123928e-16
3036 1.265000000000000e-08 4.385028851282396e-18 1.124366372123691e-04 2.810915930309228e-04 5.242944339746620e-04 1.124366372123691e-16
3037 1.265416666666666e-08 4.385028851282396e-18 1.124366372123691e-04 2.810915930309228e-04 5.242944339746620e-04 1.124366372123691e-16
3038 1.265833333333333e-08 4.385028851281841e-18 1.124366372123549e-04 2.810915930308873e-04 5.242944339746620e-04 1.124366372123549e-16
3039 1.266250000000000e-08 4.385028851278326e-18 1.124366372122648e-04 2.810915930306620e-04 5.242944339746620e-04 1.124366372122648e-16
3040 1.266666666666666e-08 4.385028851278140e-18 1.124366372122600e-04 2.810915930306501e-04 5.242944339746620e-04 1.124366372122600e-16
3041 1.267083333333333e-08 4.385028851277771e-18 1.124366372122505e-04 2.810915930306264e-04 5.242944339746620e-04 1.124366372122505e-16
3042 1.267500000000000e-08 4.385028851276106e-18 1.124366372122079e-04 2.810915930305196e-04 5.242944339746620e-04 1.124366372122079e-16
3043 1.267916666666666e-08 4.385028851268888e-18 1.124366372120228e-04 2.810915930300570e-04 5.242944339746620e-04 1.124366372120228e-16
3044 1.268333333333333e-08 4.385028851273144e-18 1.124366372121319e-04 2.810915930303298e-04 5.242944339746620e-04 1.124366372121319e-16
3045 1.268750000000000e-08 4.385028851268888e-18 1.124366372120228e-04 2.810915930300570e-04 5.242944339746620e-04 1.124366372120228e-16
3046 1.269166666666666e-08 4.385028851266484e-18 1.124366372119611e-04 2.810915930299028e-04 5.242944339746620e-04 1.124366372119611e-16
3047 1.269583333333333e-08 4.385028851268519e-18 1.124366372120133e-04 2.810915930300333e-04 5.242944339709613e-04 1.124366372120133e-16
3048 1.270000000000000e-08 4.385028851271109e-18 1.124366372120797e-04 2.810915930301994e-04 5.242944339783627e-04 1.124366372120797e-16
3049 1.270416666666666e-08 4.385028851273329e-18 1.124366372121367e-04 2.810915930303417e-04 5.242944339709613e-04 1.124366372121367e-16
3050 1.270833333333333e-08 4.385028851270739e-18 1.124366372120703e-04 2.810915930301757e-04 5.242944339783627e-04 1.124366372120703e-16
3051 1.271250000000000e-08 4.385028851274809e-18 1.124366372121746e-04 2.810915930304365e-04 5.242944339709613e-04 1.124366372121746e-16
3052 1.271666666666666e-08 4.385028851275550e-18 1.124366372121936e-04 2.810915930304840e-04 5.242944339783627e-04 1.124366372121936e-16
3053 1.272083333333333e-08 4.385028851277955e-18 1.124366372122553e-04 2.810915930306382e-04 5.242944339746620e-04 1.124366372122553e-16
3054 1.272499999999999e-08 4.385028851273329e-18 1.124366372121367e-04 2.810915930303417e-04 5.242944339746620e-04 1.124366372121367e-16
3055 1.272916666666666e-08 4.385028851267778e-18 1.124366372119943e-04 2.810915930299858e-04 5.242944339746620e-04 1.124366372119943e-16
3056 1.273333333333333e-08 4.385028851272404e-18 1.124366372121129e-04 2.810915930302823e-04 5.242944339746620e-04 1.124366372121129e-16
3057 1.273750000000000e-08 4.385028851270368e-18 1.124366372120607e-04 2.810915930301519e-04 5.242944339746620e-04 1.124366372120607e-16
3058 1.274166666666666e-08 4.385028851270184e-18 1.124366372120560e-04 2.810915930301400e-04 5.242944339746620e-04 1.124366372120560e-16
3059 1.274583333333333e-08 4.385028851268149e-18 1.124366372120038e-04 2.810915930300096e-04 5.242944339746620e-04 1.124366372120038e-16
3060 1.275000000000000e-08 4.385028851267964e-18 1.124366372119991e-04 2.810915930299977e-04 5.242944339746620e-04 1.124366372119991e-16
3061 1.275416666666666e-08 4.385028851270368e-18 1.124366372120607e-04 2.810915930301519e-04 5.242944339746620e-04 1.124366372120607e-16
3062 1.275833333333333e-08 4.385028851267964e-18 1.124366372119991e-04 2.810915930299977e-04 5.242944339746620e-04 1.124366372119991e-16
3063 1.276250000000000e-08 4.385028851269259e-18 1.124366372120323e-04 2.810915930300807e-04 5.242944339746620e-04 1.124366372120323e-16
3064 1.276666666666666e-08 4.385028851278511e-18 1.124366372122695e-04 2.810915930306738e-04 5.242944339746620e-04 1.124366372122695e-16
3065 1.277083333333333e-08 4.385028851283137e-18 1.124366372123881e-04 2.810915930309704e-04 5.242944339746620e-04 1.124366372123881e-16
3066 1.277500000000000e-08 4.385028851279250e-18 1.124366372122885e-04 2.810915930307212e-04 5.242944339709613e-04 1.124366372122885e-16
3067 1.277916666666666e-08 4.385028851277771e-18 1.124366372122505e-04 2.810915930306264e-04 5.242944339746620e-04 1.124366372122505e-16
3068 1.278333333333333e-08 4.385028851276845e-18 1.124366372122268e-04 2.810915930305670e-04 5.242944339709613e-04 1.124366372122268e-16
3069 1.278750000000000e-08 4.385028851273515e-18 1.124366372121414e-04 2.810915930303536e-04 5.242944339746620e-04 1.124366372121414e-16
3070 1.279166666666666e-08 4.385028851271849e-18 1.124366372120987e-04 2.810915930302468e-04 5.242944339709613e-04 1.124366372120987e-16
3071 1.279583333333333e-08 4.385028851272775e-18 1.124366372121224e-04 2.810915930303061e-04 5.242944339746620e-04 1.124366372121224e-16
3072 1.280000000000000e-08 4.385028851267964e-18 1.124366372119991e-04 2.810915930299977e-04 5.242944339709613e-04 1.124366372119991e-16
3073 1.280416666666666e-08 4.385028851273885e-18 1.124366372121509e-04 2.810915930303773e-04 5.242944339746620e-04 1.124366372121509e-16
3074 1.280833333333333e-08 4.385028851268888e-18 1.124366372120228e-04 2.810915930300570e-04 5.242944339709613e-04 1.124366372120228e-16
3075 1.281249999999999e-08 4.385028851276291e-18 1.124366372122126e-04 2.810915930305315e-04 5.242944339746620e-04 1.124366372122126e-16
3076 1.281666666666666e-08 4.385028851269814e-18 1.124366372120465e-04 2.810915930301164e-04 5.242944339746620e-04 1.124366372120465e-16
3077 1.282083333333333e-08 4.385028851271479e-18 1.124366372120892e-04 2.810915930302230e-04 5.242944339746620e-04 1.124366372120892e-16
3078 1.282500000000000e-08 4.385028851267594e-18 1.124366372119896e-04 2.810915930299740e-04 5.242944339746620e-04 1.124366372119896e-16
3079 1.282916666666666e-08 4.385028851273699e-18 1.124366372121461e-04 2.810915930303653e-04 5.242944339746620e-04 1.124366372121461e-16
3080 1.283333333333333e-08 4.385028851273329e-18 1.124366372121367e-04 2.810915930303417e-04 5.242944339709613e-04 1.124366372121367e-16
3081 1.283750000000000e-08 4.385028851276845e-18 1.124366372122268e-04 2.810915930305670e-04 5.242944339746620e-04 1.124366372122268e-16
3082 1.284166666666666e-08 4.385028851269074e-18 1.124366372120275e-04 2.810915930300689e-04 5.242944339709613e-04 1.124366372120275e-16
3083 1.284583333333333e-08 4.385028851276660e-18 1.124366372122221e-04 2.810915930305552e-04 5.242944339746620e-04 1.124366372122221e-16
3084 1.285000000000000e-08 4.385028851271479e-18 1.124366372120892e-04 2.810915930302230e-04 5.242944339709613e-04 1.124366372120892e-16
3085 1.285416666666666e-08 4.385028851274625e-18 1.124366372121699e-04 2.810915930304247e-04 5.242944339746620e-04 1.124366372121699e-16
3086 1.285833333333333e-08 4.385028851269074e-18 1.124366372120275e-04 2.810915930300689e-04 5.242944339709613e-04 1.124366372120275e-16
3087 1.286250000000000e-08 4.385028851273884e-18 1.124366372121509e-04 2.810915930303772e-04 5.242944339746620e-04 1.124366372121509e-16
3088 1.286666666666666e-08 4.385028851268888e-18 1.124366372120228e-04 2.810915930300570e-04 5.242944339709613e-04 1.124366372120228e-16
3089 1.287083333333333e-08 4.385028851272589e-18 1.124366372121177e-04 2.810915930302942e-04 5.242944339746620e-04 1.124366372121177e-16
3090 1.287500000000000e-08 4.385028851269074e-18 1.124366372120275e-04 2.810915930300689e-04 5.242944339709613e-04 1.124366372120275e-16
3091 1.287916666666666e-08 4.385028851274809e-18 1.124366372121746e-04 2.810915930304365e-04 5.242944339746620e-04 1.124366372121746e-16
3092 1.288333333333333e-08 4.385028851271109e-18 1.124366372120797e-04 2.810915930301994e-04 5.242944339709613e-04 1.124366372120797e-16
3093 1.288750000000000e-08 4.385028851275181e-18 1.124366372121841e-04 2.810915930304603e-04 5.242944339746620e-04 1.124366372121841e-16
3094 1.289166666666666e-08 4.385028851271664e-18 1.124366372120940e-04 2.810915930302349e-04 5.242944339709613e-04 1.124366372120940e-16
3095 1.289583333333333e-08 4.385028851274995e-18 1.124366372121794e-04 2.810915930304484e-04 5.242944339746620e-04 1.124366372121794e-16
3096 1.289999999999999e-08 4.385028851271849e-18 1.124366372120987e-04 2.810915930302468e-04 5.242944339709613e-04 1.124366372120987e-16
3097 1.290416666666666e-08 4.385028851274625e-18 1.124366372121699e-04 2.810915930304247e-04 5.242944339746620e-04 1.124366372121699e-16
3098 1.290833333333333e-08 4.385028851271849e-18 1.124366372120987e-04 2.810915930302468e-04 5.242944339709613e-04 1.124366372120987e-16
3099 1.291250000000000e-08 4.385028851274809e-18 1.124366372121746e-04 2.810915930304365e-04 5.242944339746620e-04 1.124366372121746e-16
3100 1.291666666666666e-08 4.385028851275365e-18 1.124366372121888e-04 2.810915930304721e-04 5.242944339709613e-04 1.124366372121889e-16
3101 1.292083333333333e-08 4.385028851276291e-18 1.124366372122126e-04 2.810915930305315e-04 5.242944339746620e-04 1.124366372122126e-16
3102 1.292499999999999e-08 4.385028851274995e-18 1.124366372121794e-04 2.810915930304484e-04 5.242944339709613e-04 1.124366372121794e-16
3103 1.292916666666666e-08 4.385028851274809e-18 1.124366372121746e-04 2.810915930304365e-04 5.242944339746620e-04 1.124366372121746e-16
3104 1.293333333333333e-08 4.385028851272774e-18 1.124366372121224e-04 2.810915930303060e-04 5.242944339746620e-04 1.124366372121224e-16
3105 1.293750000000000e-08 4.385028851270554e-18 1.124366372120655e-04 2.810915930301637e-04 5.242944339709613e-04 1.124366372120655e-16
3106 1.294166666666666e-08 4.385028851266668e-18 1.124366372119659e-04 2.810915930299146e-04 5.242944339709613e-04 1.124366372119659e-16
3107 1.294583333333333e-08 4.385028851267778e-18 1.124366372119943e-04 2.810915930299858e-04 5.242944339709613e-04 1.124366372119943e-16
3108 1.295000000000000e-08 4.385028851270184e-18 1.124366372120560e-04 2.810915930301400e-04 5.242944339783627e-04 1.124366372120560e-16
3109 1.295416666666666e-08 4.385028851267408e-18 1.124366372119848e-04 2.810915930299621e-04 5.242944339783627e-04 1.124366372119848e-16
3110 1.295833333333333e-08 4.385028851267778e-18 1.124366372119943e-04 2.810915930299858e-04 5.242944339783627e-04 1.124366372119943e-16
3111 1.296250000000000e-08 4.385028851270368e-18 1.124366372120607e-04 2.810915930301519e-04 5.242944339746620e-04 1.124366372120607e-16
3112 1.296666666666666e-08 4.385028851269629e-18 1.124366372120418e-04 2.810915930301045e-04 5.242944339746620e-04 1.124366372120418e-16
3113 1.297083333333333e-08 4.385028851267594e-18 1.124366372119896e-04 2.810915930299740e-04 5.242944339783627e-04 1.124366372119896e-16
3114 1.297500000000000e-08 4.385028851269999e-18 1.124366372120513e-04 2.810915930301282e-04 5.242944339746620e-04 1.124366372120513e-16
3115 1.297916666666666e-08 4.385028851271109e-18 1.124366372120797e-04 2.810915930301994e-04 5.242944339709613e-04 1.124366372120797e-16
3116 1.298333333333333e-08 4.385028851269629e-18 1.124366372120418e-04 2.810915930301045e-04 5.242944339709613e-04 1.124366372120418e-16
3117 1.298749999999999e-08 4.385028851265373e-18 1.124366372119327e-04 2.810915930298316e-04 5.242944339709612e-04 1.124366372119326e-16
3118 1.299166666666666e-08 4.385028851266668e-18 1.124366372119659e-04 2.810915930299146e-04 5.242944339672606e-04 1.124366372119659e-16
3119 1.299583333333333e-08 4.385028851269999e-18 1.124366372120513e-04 2.810915930301282e-04 5.242944339746620e-04 1.124366372120513e-16
3120 1.300000000000000e-08 4.385028851272404e-18 1.124366372121129e-04 2.810915930302823e-04 5.242944339635598e-04 1.124366372121129e-16
3121 1.300416666666666e-08 4.385028851268704e-18 1.124366372120181e-04 2.810915930300452e-04 5.242944339709612e-04 1.124366372120181e-16
3122 1.300833333333333e-08 4.385028851270368e-18 1.124366372120607e-04 2.810915930301519e-04 5.242944339672606e-04 1.124366372120607e-16
3123 1.301249999999999e-08 4.385028851274995e-18 1.124366372121794e-04 2.810915930304484e-04 5.242944339820635e-04 1.124366372121794e-16
3124 1.301666666666666e-08 4.385028851271294e-18 1.124366372120845e-04 2.810915930302112e-04 5.242944339783627e-04 1.124366372120845e-16
3125 1.302083333333333e-08 4.385028851272219e-18 1.124366372121082e-04 2.810915930302705e-04 5.242944339783627e-04 1.124366372121082e-16
3126 1.302500000000000e-08 4.385028851276291e-18 1.124366372122126e-04 2.810915930305315e-04 5.242944339709612e-04 1.124366372122126e-16
3127 1.302916666666666e-08 4.385028851284431e-18 1.124366372124213e-04 2.810915930310533e-04 5.242944339746620e-04 1.124366372124213e-16
3128 1.303333333333333e-08 4.385028851289613e-18 1.124366372125542e-04 2.810915930313855e-04 5.242944339672606e-04 1.124366372125542e-16
3129 1.303750000000000e-08 4.385028851291834e-18 1.124366372126111e-04 2.810915930315278e-04 5.242944339783627e-04 1.124366372126111e-16
3130 1.304166666666666e-08 4.385028851294979e-18 1.124366372126918e-04 2.810915930317295e-04 5.242944339709613e-04 1.124366372126918e-16
3131 1.304583333333333e-08 4.385028851296829e-18 1.124366372127392e-04 2.810915930318480e-04 5.242944339746620e-04 1.124366372127392e-16
3132 1.305000000000000e-08 4.385028851304231e-18 1.124366372129290e-04 2.810915930323225e-04 5.242944339709613e-04 1.124366372129290e-16
3133 1.305416666666666e-08 4.385028851297384e-18 1.124366372127534e-04 2.810915930318837e-04 5.242944339746620e-04 1.124366372127534e-16
3134 1.305833333333333e-08 4.385028851306821e-18 1.124366372129954e-04 2.810915930324886e-04 5.242944339709613e-04 1.124366372129954e-16
3135 1.306250000000000e-08 4.385028851304046e-18 1.124366372129243e-04 2.810915930323107e-04 5.242944339746620e-04 1.124366372129243e-16
3136 1.306666666666666e-08 4.385028851303491e-18 1.124366372129100e-04 2.810915930322751e-04 5.242944339709613e-04 1.124366372129100e-16
3137 1.307083333333333e-08 4.385028851298865e-18 1.124366372127914e-04 2.810915930319786e-04 5.242944339746620e-04 1.124366372127914e-16
3138 1.307499999999999e-08 4.385028851295164e-18 1.124366372126965e-04 2.810915930317413e-04 5.242944339709613e-04 1.124366372126965e-16
3139 1.307916666666666e-08 4.385028851293683e-18 1.124366372126586e-04 2.810915930316464e-04 5.242944339746620e-04 1.124366372126585e-16
3140 1.308333333333333e-08 4.385028851295535e-18 1.124366372127060e-04 2.810915930317650e-04 5.242944339709613e-04 1.124366372127060e-16
3141 1.308750000000000e-08 4.385028851297014e-18 1.124366372127440e-04 2.810915930318599e-04 5.242944339746620e-04 1.124366372127440e-16
3142 1.309166666666666e-08 4.385028851299420e-18 1.124366372128057e-04 2.810915930320141e-04 5.242944339709613e-04 1.124366372128056e-16
3143 1.309583333333333e-08 4.385028851299605e-18 1.124366372128104e-04 2.810915930320260e-04 5.242944339746620e-04 1.124366372128104e-16
3144 1.309999999999999e-08 4.385028851304601e-18 1.124366372129385e-04 2.810915930323462e-04 5.242944339709613e-04 1.124366372129385e-16
3145 1.310416666666666e-08 4.385028851302750e-18 1.124366372128910e-04 2.810915930322276e-04 5.242944339746620e-04 1.124366372128910e-16
3146 1.310833333333333e-08 4.385028851294239e-18 1.124366372126728e-04 2.810915930316820e-04 5.242944339709613e-04 1.124366372126728e-16
3147 1.311250000000000e-08 4.385028851298310e-18 1.124366372127772e-04 2.810915930319430e-04 5.242944339746620e-04 1.124366372127772e-16
3148 1.311666666666666e-08 4.385028851302751e-18 1.124366372128910e-04 2.810915930322276e-04 5.242944339709613e-04 1.124366372128910e-16
3149 1.312083333333333e-08 4.385028851301085e-18 1.124366372128483e-04 2.810915930321209e-04 5.242944339746620e-04 1.124366372128483e-16
3150 1.312500000000000e-08 4.385028851301270e-18 1.124366372128531e-04 2.810915930321328e-04 5.242944339709613e-04 1.124366372128531e-16
3151 1.312916666666666e-08 4.385028851303121e-18 1.124366372129005e-04 2.810915930322514e-04 5.242944339746620e-04 1.124366372129006e-16
3152 1.313333333333333e-08 4.385028851302195e-18 1.124366372128768e-04 2.810915930321921e-04 5.242944339709613e-04 1.124366372128768e-16
3153 1.313750000000000e-08 4.385028851304601e-18 1.124366372129385e-04 2.810915930323462e-04 5.242944339746620e-04 1.124366372129385e-16
3154 1.314166666666666e-08 4.385028851304046e-18 1.124366372129243e-04 2.810915930323107e-04 5.242944339709613e-04 1.124366372129243e-16
3155 1.314583333333333e-08 4.385028851309967e-18 1.124366372130761e-04 2.810915930326902e-04 5.242944339746620e-04 1.124366372130761e-16
3156 1.315000000000000e-08 4.385028851312003e-18 1.124366372131283e-04 2.810915930328207e-04 5.242944339709613e-04 1.124366372131283e-16
3157 1.315416666666666e-08 4.385028851310892e-18 1.124366372130998e-04 2.810915930327495e-04 5.242944339746620e-04 1.124366372130998e-16
3158 1.315833333333333e-08 4.385028851305711e-18 1.124366372129670e-04 2.810915930324174e-04 5.242944339709613e-04 1.124366372129670e-16
3159 1.316249999999999e-08 4.385028851312743e-18 1.124366372131473e-04 2.810915930328682e-04 5.242944339746620e-04 1.124366372131473e-16
3160 1.316666666666666e-08 4.385028851312003e-18 1.124366372131283e-04 2.810915930328207e-04 5.242944339709613e-04 1.124366372131283e-16
3161 1.317083333333333e-08 4.385028851315148e-18 1.124366372132089e-04 2.810915930330223e-04 5.242944339746620e-04 1.124366372132089e-16
3162 1.317500000000000e-08 4.385028851311262e-18 1.124366372131093e-04 2.810915930327732e-04 5.242944339672606e-04 1.124366372131093e-16
3163 1.317916666666666e-08 4.385028851313113e-18 1.124366372131567e-04 2.810915930328919e-04 5.242944339820633e-04 1.124366372131568e-16
3164 1.318333333333333e-08 4.385028851312372e-18 1.124366372131377e-04 2.810915930328444e-04 5.242944339746620e-04 1.124366372131378e-16
3165 1.318749999999999e-08 4.385028851316628e-18 1.124366372132469e-04 2.810915930331172e-04 5.242944339783627e-04 1.124366372132469e-16
3166 1.319166666666666e-08 4.385028851314408e-18 1.124366372131899e-04 2.810915930329749e-04 5.242944339709612e-04 1.124366372131899e-16
3167 1.319583333333333e-08 4.385028851315148e-18 1.124366372132089e-04 2.810915930330223e-04 5.242944339783627e-04 1.124366372132089e-16
3168 1.320000000000000e-08 4.385028851316443e-18 1.124366372132421e-04 2.810915930331054e-04 5.242944339746620e-04 1.124366372132421e-16
3169 1.320416666666666e-08 4.385028851317184e-18 1.124366372132611e-04 2.810915930331529e-04 5.242944339783627e-04 1.124366372132611e-16
3170 1.320833333333333e-08 4.385028851319034e-18 1.124366372133086e-04 2.810915930332714e-04 5.242944339746620e-04 1.124366372133086e-16
3171 1.321250000000000e-08 4.385028851323474e-18 1.124366372134224e-04 2.810915930335561e-04 5.242944339783627e-04 1.124366372134224e-16
3172 1.321666666666666e-08 4.385028851323659e-18 1.124366372134272e-04 2.810915930335680e-04 5.242944339746620e-04 1.124366372134272e-16
3173 1.322083333333333e-08 4.385028851324031e-18 1.124366372134367e-04 2.810915930335918e-04 5.242944339783627e-04 1.124366372134367e-16
3174 1.322500000000000e-08 4.385028851317923e-18 1.124366372132801e-04 2.810915930332003e-04 5.242944339746620e-04 1.124366372132801e-16
3175 1.322916666666666e-08 4.385028851319774e-18 1.124366372133275e-04 2.810915930333189e-04 5.242944339783627e-04 1.124366372133276e-16
3176 1.323333333333333e-08 4.385028851320329e-18 1.124366372133418e-04 2.810915930333544e-04 5.242944339746620e-04 1.124366372133418e-16
3177 1.323750000000000e-08 4.385028851326066e-18 1.124366372134889e-04 2.810915930337222e-04 5.242944339783627e-04 1.124366372134889e-16
3178 1.324166666666666e-08 4.385028851328841e-18 1.124366372135600e-04 2.810915930339001e-04 5.242944339746620e-04 1.124366372135600e-16
3179 1.324583333333333e-08 4.385028851332727e-18 1.124366372136597e-04 2.810915930341492e-04 5.242944339783627e-04 1.124366372136597e-16
3180 1.324999999999999e-08 4.385028851335872e-18 1.124366372137403e-04 2.810915930343508e-04 5.242944339746620e-04 1.124366372137403e-16
3181 1.325416666666666e-08 4.385028851332727e-18 1.124366372136597e-04 2.810915930341492e-04 5.242944339783627e-04 1.124366372136597e-16
3182 1.325833333333333e-08 4.385028851334391e-18 1.124366372137024e-04 2.810915930342559e-04 5.242944339746620e-04 1.124366372137024e-16
3183 1.326250000000000e-08 4.385028851338463e-18 1.124366372138068e-04 2.810915930345169e-04 5.242944339746620e-04 1.124366372138068e-16
3184 1.326666666666666e-08 4.385028851334762e-18 1.124366372137119e-04 2.810915930342796e-04 5.242944339672606e-04 1.124366372137119e-16
3185 1.327083333333333e-08 4.385028851337722e-18 1.124366372137878e-04 2.810915930344694e-04 5.242944339709613e-04 1.124366372137878e-16
3186 1.327499999999999e-08 4.385028851338463e-18 1.124366372138068e-04 2.810915930345169e-04 5.242944339672606e-04 1.124366372138068e-16
3187 1.327916666666666e-08 4.385028851335317e-18 1.124366372137261e-04 2.810915930343153e-04 5.242944339746620e-04 1.124366372137261e-16
3188 1.328333333333333e-08 4.385028851337353e-18 1.124366372137783e-04 2.810915930344457e-04 5.242944339672606e-04 1.124366372137783e-16
3189 1.328750000000000e-08 4.385028851334391e-18 1.124366372137024e-04 2.810915930342559e-04 5.242944339783627e-04 1.124366372137024e-16
3190 1.329166666666666e-08 4.385028851334947e-18 1.124366372137166e-04 2.810915930342915e-04 5.242944339709613e-04 1.124366372137166e-16
3191 1.329583333333333e-08 4.385028851336612e-18 1.124366372137593e-04 2.810915930343983e-04 5.242944339709613e-04 1.124366372137593e-16
3192 1.330000000000000e-08 4.385028851334391e-18 1.124366372137024e-04 2.810915930342559e-04 5.242944339783627e-04 1.124366372137024e-16
3193 1.330416666666666e-08 4.385028851336797e-18 1.124366372137640e-04 2.810915930344101e-04 5.242944339709614e-04 1.124366372137640e-16
3194 1.330833333333333e-08 4.385028851326806e-18 1.124366372135078e-04 2.810915930337696e-04 5.242944339820635e-04 1.124366372135078e-16
3195 1.331250000000000e-08 4.385028851329766e-18 1.124366372135838e-04 2.810915930339594e-04 5.242944339820635e-04 1.124366372135838e-16
3196 1.331666666666666e-08 4.385028851325880e-18 1.124366372134841e-04 2.810915930337103e-04 5.242944339857642e-04 1.124366372134841e-16
3197 1.332083333333333e-08 4.385028851330136e-18 1.124366372135932e-04 2.810915930339831e-04 5.242944339820635e-04 1.124366372135932e-16
3198 1.332500000000000e-08 4.385028851328656e-18 1.124366372135553e-04 2.810915930338882e-04 5.242944339857642e-04 1.124366372135553e-16
3199 1.332916666666666e-08 4.385028851324955e-18 1.124366372134604e-04 2.810915930336510e-04 5.242944339783628e-04 1.124366372134604e-16
3200 1.333333333333333e-08 4.385028851322364e-18 1.124366372133940e-04 2.810915930334849e-04 5.242944339783628e-04 1.124366372133940e-16
3201 1.333749999999999e-08 4.385028851325141e-18 1.124366372134652e-04 2.810915930336629e-04 5.242944339746621e-04 1.124366372134652e-16
3202 1.334166666666666e-08 4.385028851327546e-18 1.124366372135268e-04 2.810915930338171e-04 5.242944339783628e-04 1.124366372135268e-16
3203 1.334583333333333e-08 4.385028851328656e-18 1.124366372135553e-04 2.810915930338882e-04 5.242944339746621e-04 1.124366372135553e-16
3204 1.335000000000000e-08 4.385028851325325e-18 1.124366372134699e-04 2.810915930336747e-04 5.242944339783628e-04 1.124366372134699e-16
3205 1.335416666666666e-08 4.385028851330876e-18 1.124366372136122e-04 2.810915930340305e-04 5.242944339746621e-04 1.124366372136122e-16
3206 1.335833333333333e-08 4.385028851329951e-18 1.124366372135885e-04 2.810915930339712e-04 5.242944339783628e-04 1.124366372135885e-16
3207 1.336249999999999e-08 4.385028851327175e-18 1.124366372135173e-04 2.810915930337933e-04 5.242944339746621e-04 1.124366372135173e-16
3208 1.336666666666666e-08 4.385028851328286e-18 1.124366372135458e-04 2.810915930338646e-04 5.242944339783628e-04 1.124366372135458e-16
3209 1.337083333333333e-08 4.385028851331246e-18 1.124366372136217e-04 2.810915930340543e-04 5.242944339746621e-04 1.124366372136217e-16
3210 1.337500000000000e-08 4.385028851330691e-18 1.124366372136075e-04 2.810915930340187e-04 5.242944339783628e-04 1.124366372136075e-16
3211 1.337916666666666e-08 4.385028851330321e-18 1.124366372135980e-04 2.810915930339950e-04 5.242944339746621e-04 1.124366372135980e-16
3212 1.338333333333333e-08 4.385028851328841e-18 1.124366372135600e-04 2.810915930339001e-04 5.242944339783628e-04 1.124366372135600e-16
3213 1.338749999999999e-08 4.385028851330321e-18 1.124366372135980e-04 2.810915930339950e-04 5.242944339746621e-04 1.124366372135980e-16
3214 1.339166666666666e-08 4.385028851333281e-18 1.124366372136739e-04 2.810915930341847e-04 5.242944339783628e-04 1.124366372136739e-16
3215 1.339583333333333e-08 4.385028851333837e-18 1.124366372136882e-04 2.810915930342204e-04 5.242944339746621e-04 1.124366372136882e-16
3216 1.340000000000000e-08 4.385028851332911e-18 1.124366372136644e-04 2.810915930341610e-04 5.242944339783628e-04 1.124366372136644e-16
3217 1.340416666666666e-08 4.385028851335502e-18 1.124366372137308e-04 2.810915930343271e-04 5.242944339746621e-04 1.124366372137308e-16
3218 1.340833333333333e-08 4.385028851334762e-18 1.124366372137119e-04 2.810915930342796e-04 5.242944339783628e-04 1.124366372137119e-16
3219 1.341250000000000e-08 4.385028851335317e-18 1.124366372137261e-04 2.810915930343153e-04 5.242944339746621e-04 1.124366372137261e-16
3220 1.341666666666666e-08 4.385028851335317e-18 1.124366372137261e-04 2.810915930343153e-04 5.242944339783628e-04 1.124366372137261e-16
3221 1.342083333333333e-08 4.385028851338648e-18 1.124366372138115e-04 2.810915930345288e-04 5.242944339746621e-04 1.124366372138115e-16
3222 1.342499999999999e-08 4.385028851341238e-18 1.124366372138779e-04 2.810915930346948e-04 5.242944339783628e-04 1.124366372138779e-16
3223 1.342916666666666e-08 4.385028851340684e-18 1.124366372138637e-04 2.810915930346593e-04 5.242944339746621e-04 1.124366372138637e-16
3224 1.343333333333333e-08 4.385028851343829e-18 1.124366372139443e-04 2.810915930348609e-04 5.242944339783628e-04 1.124366372139443e-16
3225 1.343750000000000e-08 4.385028851343089e-18 1.124366372139254e-04 2.810915930348134e-04 5.242944339746621e-04 1.124366372139254e-16
3226 1.344166666666666e-08 4.385028851346050e-18 1.124366372140013e-04 2.810915930350032e-04 5.242944339783628e-04 1.124366372140013e-16
3227 1.344583333333333e-08 4.385028851346234e-18 1.124366372140060e-04 2.810915930350151e-04 5.242944339746621e-04 1.124366372140060e-16
3228 1.344999999999999e-08 4.385028851340868e-18 1.124366372138684e-04 2.810915930346710e-04 5.242944339746621e-04 1.124366372138684e-16
3229 1.345416666666666e-08 4.385028851344939e-18 1.124366372139728e-04 2.810915930349321e-04 5.242944339746621e-04 1.124366372139728e-16
3230 1.345833333333333e-08 4.385028851342719e-18 1.124366372139159e-04 2.810915930347897e-04 5.242944339746621e-04 1.124366372139159e-16
3231 1.346250000000000e-08 4.385028851341794e-18 1.124366372138922e-04 2.810915930347304e-04 5.242944339746621e-04 1.124366372138922e-16
3232 1.346666666666666e-08 4.385028851339943e-18 1.124366372138447e-04 2.810915930346117e-04 5.242944339746621e-04 1.124366372138447e-16
3233 1.347083333333333e-08 4.385028851343644e-18 1.124366372139396e-04 2.810915930348490e-04 5.242944339746621e-04 1.124366372139396e-16
3234 1.347499999999999e-08 4.385028851342164e-18 1.124366372139016e-04 2.810915930347541e-04 5.242944339746621e-04 1.124366372139016e-16
3235 1.347916666666666e-08 4.385028851338092e-18 1.124366372137972e-04 2.810915930344931e-04 5.242944339746621e-04 1.124366372137972e-16
3236 1.348333333333333e-08 4.385028851333837e-18 1.124366372136882e-04 2.810915930342204e-04 5.242944339746621e-04 1.124366372136882e-16
3237 1.348750000000000e-08 4.385028851338463e-18 1.124366372138068e-04 2.810915930345169e-04 5.242944339746621e-04 1.124366372138068e-16
3238 1.349166666666666e-08 4.385028851342719e-18 1.124366372139159e-04 2.810915930347897e-04 5.242944339746621e-04 1.124366372139159e-16
3239 1.349583333333333e-08 4.385028851341423e-18 1.124366372138826e-04 2.810915930347066e-04 5.242944339746621e-04 1.124366372138826e-16
3240 1.350000000000000e-08 4.385028851341609e-18 1.124366372138874e-04 2.810915930347186e-04 5.242944339709613e-04 1.124366372138874e-16
3241 1.350416666666666e-08 4.385028851344014e-18 1.124366372139491e-04 2.810915930348728e-04 5.242944339746621e-04 1.124366372139491e-16
3242 1.350833333333333e-08 4.385028851347715e-18 1.124366372140440e-04 2.810915930351100e-04 5.242944339783627e-04 1.124366372140440e-16
3243 1.351249999999999e-08 4.385028851346605e-18 1.124366372140155e-04 2.810915930350388e-04 5.242944339746621e-04 1.124366372140155e-16
3244 1.351666666666666e-08 4.385028851345125e-18 1.124366372139776e-04 2.810915930349439e-04 5.242944339783627e-04 1.124366372139776e-16
3245 1.352083333333333e-08 4.385028851348455e-18 1.124366372140629e-04 2.810915930351574e-04 5.242944339746621e-04 1.124366372140629e-16
3246 1.352500000000000e-08 4.385028851345864e-18 1.124366372139965e-04 2.810915930349913e-04 5.242944339746620e-04 1.124366372139965e-16
3247 1.352916666666666e-08 4.385028851342164e-18 1.124366372139016e-04 2.810915930347541e-04 5.242944339783627e-04 1.124366372139016e-16
3248 1.353333333333333e-08 4.385028851337538e-18 1.124366372137830e-04 2.810915930344576e-04 5.242944339746620e-04 1.124366372137830e-16
3249 1.353749999999999e-08 4.385028851339018e-18 1.124366372138210e-04 2.810915930345525e-04 5.242944339783627e-04 1.124366372138210e-16
3250 1.354166666666666e-08 4.385028851338092e-18 1.124366372137972e-04 2.810915930344931e-04 5.242944339746620e-04 1.124366372137972e-16
3251 1.354583333333333e-08 4.385028851339018e-18 1.124366372138210e-04 2.810915930345525e-04 5.242944339746620e-04 1.124366372138210e-16
3252 1.355000000000000e-08 4.385028851336058e-18 1.124366372137451e-04 2.810915930343627e-04 5.242944339746620e-04 1.124366372137451e-16
3253 1.355416666666666e-08 4.385028851330876e-18 1.124366372136122e-04 2.810915930340305e-04 5.242944339746620e-04 1.124366372136122e-16
3254 1.355833333333333e-08 4.385028851335132e-18 1.124366372137214e-04 2.810915930343034e-04 5.242944339746620e-04 1.124366372137214e-16
3255 1.356249999999999e-08 4.385028851331431e-18 1.124366372136264e-04 2.810915930340661e-04 5.242944339746620e-04 1.124366372136264e-16
3256 1.356666666666666e-08 4.385028851333652e-18 1.124366372136834e-04 2.810915930342085e-04 5.242944339709612e-04 1.124366372136834e-16
3257 1.357083333333333e-08 4.385028851331801e-18 1.124366372136359e-04 2.810915930340898e-04 5.242944339746620e-04 1.124366372136359e-16
3258 1.357500000000000e-08 4.385028851334391e-18 1.124366372137024e-04 2.810915930342559e-04 5.242944339709612e-04 1.124366372137024e-16
3259 1.357916666666666e-08 4.385028851335502e-18 1.124366372137308e-04 2.810915930343271e-04 5.242944339746620e-04 1.124366372137308e-16
3260 1.358333333333333e-08 4.385028851329581e-18 1.124366372135790e-04 2.810915930339475e-04 5.242944339746620e-04 1.124366372135790e-16
3261 1.358750000000000e-08 4.385028851334022e-18 1.124366372136929e-04 2.810915930342323e-04 5.242944339783627e-04 1.124366372136929e-16
3262 1.359166666666666e-08 4.385028851329581e-18 1.124366372135790e-04 2.810915930339475e-04 5.242944339746620e-04 1.124366372135790e-16
3263 1.359583333333333e-08 4.385028851330691e-18 1.124366372136075e-04 2.810915930340187e-04 5.242944339783627e-04 1.124366372136075e-16
3264 1.360000000000000e-08 4.385028851325695e-18 1.124366372134794e-04 2.810915930336985e-04 5.242944339709612e-04 1.124366372134794e-16
3265 1.360416666666666e-08 4.385028851332172e-18 1.124366372136454e-04 2.810915930341136e-04 5.242944339783627e-04 1.124366372136454e-16
3266 1.360833333333333e-08 4.385028851329951e-18 1.124366372135885e-04 2.810915930339712e-04 5.242944339709612e-04 1.124366372135885e-16
3267 1.361250000000000e-08 4.385028851333097e-18 1.124366372136692e-04 2.810915930341730e-04 5.242944339783627e-04 1.124366372136692e-16
3268 1.361666666666666e-08 4.385028851327546e-18 1.124366372135268e-04 2.810915930338171e-04 5.242944339746620e-04 1.124366372135268e-16
3269 1.362083333333333e-08 4.385028851335502e-18 1.124366372137308e-04 2.810915930343271e-04 5.242944339783627e-04 1.124366372137308e-16
3270 1.362499999999999e-08 4.385028851333281e-18 1.124366372136739e-04 2.810915930341847e-04 5.242944339746620e-04 1.124366372136739e-16
3271 1.362916666666666e-08 4.385028851333281e-18 1.124366372136739e-04 2.810915930341847e-04 5.242944339746620e-04 1.124366372136739e-16
3272 1.363333333333333e-08 4.385028851325880e-18 1.124366372134841e-04 2.810915930337103e-04 5.242944339746620e-04 1.124366372134841e-16
3273 1.363750000000000e-08 4.385028851331062e-18 1.124366372136170e-04 2.810915930340425e-04 5.242944339746620e-04 1.124366372136170e-16
3274 1.364166666666666e-08 4.385028851328471e-18 1.124366372135505e-04 2.810915930338764e-04 5.242944339746620e-04 1.124366372135506e-16
3275 1.364583333333333e-08 4.385028851328656e-18 1.124366372135553e-04 2.810915930338882e-04 5.242944339746620e-04 1.124366372135553e-16
3276 1.364999999999999e-08 4.385028851325880e-18 1.124366372134841e-04 2.810915930337103e-04 5.242944339746620e-04 1.124366372134841e-16
3277 1.365416666666666e-08 4.385028851330506e-18 1.124366372136027e-04 2.810915930340069e-04 5.242944339746620e-04 1.124366372136027e-16
3278 1.365833333333333e-08 4.385028851330321e-18 1.124366372135980e-04 2.810915930339950e-04 5.242944339746620e-04 1.124366372135980e-16
3279 1.366250000000000e-08 4.385028851332911e-18 1.124366372136644e-04 2.810915930341610e-04 5.242944339746620e-04 1.124366372136644e-16
3280 1.366666666666666e-08 4.385028851329951e-18 1.124366372135885e-04 2.810915930339712e-04 5.242944339746620e-04 1.124366372135885e-16
3281 1.367083333333333e-08 4.385028851333281e-18 1.124366372136739e-04 2.810915930341847e-04 5.242944339746620e-04 1.124366372136739e-16
3282 1.367500000000000e-08 4.385028851326251e-18 1.124366372134936e-04 2.810915930337341e-04 5.242944339746620e-04 1.124366372134936e-16
3283 1.367916666666666e-08 4.385028851334946e-18 1.124366372137166e-04 2.810915930342915e-04 5.242944339746620e-04 1.124366372137166e-16
3284 1.368333333333333e-08 4.385028851332542e-18 1.124366372136549e-04 2.810915930341373e-04 5.242944339746620e-04 1.124366372136549e-16
3285 1.368750000000000e-08 4.385028851336982e-18 1.124366372137688e-04 2.810915930344220e-04 5.242944339746620e-04 1.124366372137688e-16
3286 1.369166666666666e-08 4.385028851332356e-18 1.124366372136502e-04 2.810915930341254e-04 5.242944339746620e-04 1.124366372136502e-16
3287 1.369583333333333e-08 4.385028851336057e-18 1.124366372137451e-04 2.810915930343626e-04 5.242944339746620e-04 1.124366372137451e-16
3288 1.370000000000000e-08 4.385028851335502e-18 1.124366372137308e-04 2.810915930343271e-04 5.242944339746620e-04 1.124366372137308e-16
3289 1.370416666666666e-08 4.385028851339018e-18 1.124366372138210e-04 2.810915930345525e-04 5.242944339746620e-04 1.124366372138210e-16
3290 1.370833333333333e-08 4.385028851332172e-18 1.124366372136454e-04 2.810915930341136e-04 5.242944339746620e-04 1.124366372136454e-16
3291 1.371249999999999e-08 4.385028851335687e-18 1.124366372137356e-04 2.810915930343389e-04 5.242944339746620e-04 1.124366372137356e-16
3292 1.371666666666666e-08 4.385028851335687e-18 1.124366372137356e-04 2.810915930343389e-04 5.242944339746620e-04 1.124366372137356e-16
3293 1.372083333333333e-08 4.385028851336612e-18 1.124366372137593e-04 2.810915930343983e-04 5.242944339746620e-04 1.124366372137593e-16
3294 1.372500000000000e-08 4.385028851328101e-18 1.124366372135410e-04 2.810915930338526e-04 5.242944339746620e-04 1.124366372135410e-16
3295 1.372916666666666e-08 4.385028851333652e-18 1.124366372136834e-04 2.810915930342085e-04 5.242944339746620e-04 1.124366372136834e-16
3296 1.373333333333333e-08 4.385028851334391e-18 1.124366372137024e-04 2.810915930342559e-04 5.242944339746620e-04 1.124366372137024e-16
3297 1.373749999999999e-08 4.385028851339387e-18 1.124366372138305e-04 2.810915930345762e-04 5.242944339746620e-04 1.124366372138304e-16
3298 1.374166666666666e-08 4.385028851331801e-18 1.124366372136359e-04 2.810915930340898e-04 5.242944339746620e-04 1.124366372136359e-16
3299 1.374583333333333e-08 4.385028851333836e-18 1.124366372136881e-04 2.810915930342203e-04 5.242944339746620e-04 1.124366372136881e-16
3300 1.375000000000000e-08 4.385028851338092e-18 1.124366372137972e-04 2.810915930344931e-04 5.242944339746620e-04 1.124366372137972e-16
3301 1.375416666666666e-08 4.385028851339018e-18 1.124366372138210e-04 2.810915930345525e-04 5.242944339746620e-04 1.124366372138210e-16
3302 1.375833333333333e-08 4.385028851331246e-18 1.124366372136217e-04 2.810915930340543e-04 5.242944339746620e-04 1.124366372136217e-16
3303 1.376250000000000e-08 4.385028851335502e-18 1.124366372137308e-04 2.810915930343271e-04 5.242944339746620e-04 1.124366372137308e-16
3304 1.376666666666666e-08 4.385028851333652e-18 1.124366372136834e-04 2.810915930342085e-04 5.242944339709612e-04 1.124366372136834e-16
3305 1.377083333333333e-08 4.385028851335872e-18 1.124366372137403e-04 2.810915930343508e-04 5.242944339746620e-04 1.124366372137403e-16
3306 1.377500000000000e-08 4.385028851331431e-18 1.124366372136264e-04 2.810915930340661e-04 5.242944339709612e-04 1.124366372136264e-16
3307 1.377916666666666e-08 4.385028851330691e-18 1.124366372136075e-04 2.810915930340187e-04 5.242944339746620e-04 1.124366372136075e-16
3308 1.378333333333333e-08 4.385028851333652e-18 1.124366372136834e-04 2.810915930342085e-04 5.242944339709612e-04 1.124366372136834e-16
3309 1.378750000000000e-08 4.385028851336243e-18 1.124366372137498e-04 2.810915930343746e-04 5.242944339746620e-04 1.124366372137498e-16
3310 1.379166666666666e-08 4.385028851341608e-18 1.124366372138874e-04 2.810915930347185e-04 5.242944339709612e-04 1.124366372138874e-16
3311 1.379583333333333e-08 4.385028851351786e-18 1.124366372141484e-04 2.810915930353709e-04 5.242944339746620e-04 1.124366372141484e-16
3312 1.379999999999999e-08 4.385028851348085e-18 1.124366372140535e-04 2.810915930351337e-04 5.242944339672605e-04 1.124366372140535e-16
3313 1.380416666666666e-08 4.385028851353450e-18 1.124366372141910e-04 2.810915930354776e-04 5.242944339709613e-04 1.124366372141910e-16
3314 1.380833333333333e-08 4.385028851350675e-18 1.124366372141199e-04 2.810915930352998e-04 5.242944339672605e-04 1.124366372141199e-16
3315 1.381250000000000e-08 4.385028851356966e-18 1.124366372142812e-04 2.810915930357030e-04 5.242944339709613e-04 1.124366372142812e-16
3316 1.381666666666666e-08 4.385028851354006e-18 1.124366372142053e-04 2.810915930355132e-04 5.242944339709612e-04 1.124366372142053e-16
3317 1.382083333333333e-08 4.385028851364738e-18 1.124366372144805e-04 2.810915930362012e-04 5.242944339709613e-04 1.124366372144805e-16
3318 1.382499999999999e-08 4.385028851354561e-18 1.124366372142195e-04 2.810915930355489e-04 5.242944339672606e-04 1.124366372142195e-16
3319 1.382916666666666e-08 4.385028851361038e-18 1.124366372143856e-04 2.810915930359640e-04 5.242944339746621e-04 1.124366372143856e-16
3320 1.383333333333333e-08 4.385028851355671e-18 1.124366372142480e-04 2.810915930356200e-04 5.242944339672606e-04 1.124366372142480e-16
3321 1.383750000000000e-08 4.385028851363258e-18 1.124366372144425e-04 2.810915930361063e-04 5.242944339746621e-04 1.124366372144425e-16
3322 1.384166666666666e-08 4.385028851353265e-18 1.124366372141863e-04 2.810915930354658e-04 5.242944339709613e-04 1.124366372141863e-16
3323 1.384583333333333e-08 4.385028851360113e-18 1.124366372143619e-04 2.810915930359047e-04 5.242944339783628e-04 1.124366372143619e-16
3324 1.384999999999999e-08 4.385028851354376e-18 1.124366372142148e-04 2.810915930355369e-04 5.242944339709613e-04 1.124366372142148e-16
3325 1.385416666666666e-08 4.385028851357521e-18 1.124366372142954e-04 2.810915930357385e-04 5.242944339783627e-04 1.124366372142954e-16
3326 1.385833333333333e-08 4.385028851356597e-18 1.124366372142717e-04 2.810915930356793e-04 5.242944339709613e-04 1.124366372142717e-16
3327 1.386250000000000e-08 4.385028851358447e-18 1.124366372143192e-04 2.810915930357979e-04 5.242944339783627e-04 1.124366372143191e-16
3328 1.386666666666666e-08 4.385028851354931e-18 1.124366372142290e-04 2.810915930355725e-04 5.242944339746620e-04 1.124366372142290e-16
3329 1.387083333333333e-08 4.385028851358632e-18 1.124366372143239e-04 2.810915930358098e-04 5.242944339783627e-04 1.124366372143239e-16
3330 1.387500000000000e-08 4.385028851354191e-18 1.124366372142100e-04 2.810915930355251e-04 5.242944339746620e-04 1.124366372142100e-16
3331 1.387916666666666e-08 4.385028851358817e-18 1.124366372143286e-04 2.810915930358216e-04 5.242944339783627e-04 1.124366372143286e-16
3332 1.388333333333333e-08 4.385028851357152e-18 1.124366372142860e-04 2.810915930357149e-04 5.242944339746620e-04 1.124366372142859e-16
3333 1.388749999999999e-08 4.385028851366958e-18 1.124366372145374e-04 2.810915930363435e-04 5.242944339783627e-04 1.124366372145374e-16
3334 1.389166666666666e-08 4.385028851362887e-18 1.124366372144330e-04 2.810915930360826e-04 5.242944339746620e-04 1.124366372144330e-16
3335 1.389583333333333e-08 4.385028851370289e-18 1.124366372146228e-04 2.810915930365571e-04 5.242944339783627e-04 1.124366372146228e-16
3336 1.390000000000000e-08 4.385028851368255e-18 1.124366372145706e-04 2.810915930364266e-04 5.242944339746620e-04 1.124366372145706e-16
3337 1.390416666666666e-08 4.385028851373435e-18 1.124366372147035e-04 2.810915930367587e-04 5.242944339820635e-04 1.124366372147034e-16
3338 1.390833333333333e-08 4.385028851369364e-18 1.124366372145991e-04 2.810915930364978e-04 5.242944339857642e-04 1.124366372145991e-16
3339 1.391249999999999e-08 4.385028851373250e-18 1.124366372146987e-04 2.810915930367468e-04 5.242944339857642e-04 1.124366372146987e-16
3340 1.391666666666666e-08 4.385028851373619e-18 1.124366372147082e-04 2.810915930367705e-04 5.242944339894650e-04 1.124366372147082e-16
3341 1.392083333333333e-08 4.385028851377321e-18 1.124366372148031e-04 2.810915930370078e-04 5.242944339894650e-04 1.124366372148031e-16
3342 1.392500000000000e-08 4.385028851371770e-18 1.124366372146608e-04 2.810915930366519e-04 5.242944339894650e-04 1.124366372146608e-16
3343 1.392916666666666e-08 4.385028851374175e-18 1.124366372147224e-04 2.810915930368061e-04 5.242944339894650e-04 1.124366372147224e-16
3344 1.393333333333333e-08 4.385028851376950e-18 1.124366372147936e-04 2.810915930369840e-04 5.242944339894650e-04 1.124366372147936e-16
3345 1.393749999999999e-08 4.385028851382501e-18 1.124366372149359e-04 2.810915930373399e-04 5.242944339894650e-04 1.124366372149359e-16
3346 1.394166666666666e-08 4.385028851380836e-18 1.124366372148932e-04 2.810915930372331e-04 5.242944339857642e-04 1.124366372148932e-16
3347 1.394583333333333e-08 4.385028851383426e-18 1.124366372149597e-04 2.810915930373992e-04 5.242944339894650e-04 1.124366372149597e-16
3348 1.395000000000000e-08 4.385028851382316e-18 1.124366372149312e-04 2.810915930373280e-04 5.242944339857642e-04 1.124366372149312e-16
3349 1.395416666666666e-08 4.385028851386573e-18 1.124366372150403e-04 2.810915930376008e-04 5.242944339931658e-04 1.124366372150403e-16
3350 1.395833333333333e-08 4.385028851380836e-18 1.124366372148932e-04 2.810915930372331e-04 5.242944339857642e-04 1.124366372148932e-16
3351 1.396250000000000e-08 4.385028851380836e-18 1.124366372148932e-04 2.810915930372331e-04 5.242944339857642e-04 1.124366372148932e-16
3352 1.396666666666666e-08 4.385028851376211e-18 1.124366372147746e-04 2.810915930369366e-04 5.242944339857642e-04 1.124366372147746e-16
3353 1.397083333333333e-08 4.385028851380467e-18 1.124366372148838e-04 2.810915930372094e-04 5.242944339857642e-04 1.124366372148838e-16
3354 1.397499999999999e-08 4.385028851376395e-18 1.124366372147794e-04 2.810915930369485e-04 5.242944339857642e-04 1.124366372147794e-16
3355 1.397916666666666e-08 4.385028851385832e-18 1.124366372150213e-04 2.810915930375534e-04 5.242944339857642e-04 1.124366372150214e-16
3356 1.398333333333333e-08 4.385028851385093e-18 1.124366372150024e-04 2.810915930375060e-04 5.242944339857642e-04 1.124366372150024e-16
3357 1.398750000000000e-08 4.385028851388978e-18 1.124366372151020e-04 2.810915930377550e-04 5.242944339857642e-04 1.124366372151020e-16
3358 1.399166666666666e-08 4.385028851380467e-18 1.124366372148838e-04 2.810915930372094e-04 5.242944339857642e-04 1.124366372148838e-16
3359 1.399583333333333e-08 4.385028851383612e-18 1.124366372149644e-04 2.810915930374111e-04 5.242944339857642e-04 1.124366372149644e-16
3360 1.399999999999999e-08 4.385028851383982e-18 1.124366372149739e-04 2.810915930374348e-04 5.242944339857642e-04 1.124366372149739e-16
3361 1.400416666666666e-08 4.385028851388609e-18 1.124366372150925e-04 2.810915930377314e-04 5.242944339857642e-04 1.124366372150925e-16
3362 1.400833333333333e-08 4.385028851383057e-18 1.124366372149502e-04 2.810915930373755e-04 5.242944339857642e-04 1.124366372149502e-16
3363 1.401250000000000e-08 4.385028851379911e-18 1.124366372148695e-04 2.810915930371738e-04 5.242944339857642e-04 1.124366372148695e-16
3364 1.401666666666666e-08 4.385028851383982e-18 1.124366372149739e-04 2.810915930374348e-04 5.242944339857642e-04 1.124366372149739e-16
3365 1.402083333333333e-08 4.385028851378616e-18 1.124366372148363e-04 2.810915930370908e-04 5.242944339857642e-04 1.124366372148363e-16
3366 1.402499999999999e-08 4.385028851377321e-18 1.124366372148031e-04 2.810915930370078e-04 5.242944339857642e-04 1.124366372148031e-16
3367 1.402916666666666e-08 4.385028851376395e-18 1.124366372147794e-04 2.810915930369485e-04 5.242944339894650e-04 1.124366372147794e-16
3368 1.403333333333333e-08 4.385028851377136e-18 1.124366372147984e-04 2.810915930369959e-04 5.242944339894650e-04 1.124366372147984e-16
3369 1.403750000000000e-08 4.385028851377875e-18 1.124366372148173e-04 2.810915930370433e-04 5.242944339857642e-04 1.124366372148173e-16
3370 1.404166666666666e-08 4.385028851374360e-18 1.124366372147272e-04 2.810915930368180e-04 5.242944339857642e-04 1.124366372147272e-16
3371 1.404583333333333e-08 4.385028851375656e-18 1.124366372147604e-04 2.810915930369010e-04 5.242944339857642e-04 1.124366372147604e-16
3372 1.405000000000000e-08 4.385028851376211e-18 1.124366372147746e-04 2.810915930369366e-04 5.242944339894650e-04 1.124366372147746e-16
3373 1.405416666666666e-08 4.385028851379911e-18 1.124366372148695e-04 2.810915930371738e-04 5.242944339857642e-04 1.124366372148695e-16
3374 1.405833333333333e-08 4.385028851379541e-18 1.124366372148600e-04 2.810915930371501e-04 5.242944339857642e-04 1.124366372148600e-16
3375 1.406249999999999e-08 4.385028851378985e-18 1.124366372148458e-04 2.810915930371144e-04 5.242944339857642e-04 1.124366372148458e-16
3376 1.406666666666666e-08 4.385028851380281e-18 1.124366372148790e-04 2.810915930371976e-04 5.242944339894650e-04 1.124366372148790e-16
3377 1.407083333333333e-08 4.385028851382501e-18 1.124366372149359e-04 2.810915930373399e-04 5.242944339857642e-04 1.124366372149359e-16
3378 1.407500000000000e-08 4.385028851381762e-18 1.124366372149170e-04 2.810915930372924e-04 5.242944339857642e-04 1.124366372149170e-16
3379 1.407916666666666e-08 4.385028851382872e-18 1.124366372149454e-04 2.810915930373636e-04 5.242944339857642e-04 1.124366372149454e-16
3380 1.408333333333333e-08 4.385028851383798e-18 1.124366372149692e-04 2.810915930374230e-04 5.242944339857642e-04 1.124366372149692e-16
3381 1.408749999999999e-08 4.385028851388238e-18 1.124366372150830e-04 2.810915930377076e-04 5.242944339857642e-04 1.124366372150830e-16
3382 1.409166666666666e-08 4.385028851384352e-18 1.124366372149834e-04 2.810915930374585e-04 5.242944339857642e-04 1.124366372149834e-16
3383 1.409583333333333e-08 4.385028851391568e-18 1.124366372151684e-04 2.810915930379211e-04 5.242944339857642e-04 1.124366372151684e-16
3384 1.410000000000000e-08 4.385028851392493e-18 1.124366372151921e-04 2.810915930379803e-04 5.242944339820635e-04 1.124366372151921e-16
3385 1.410416666666666e-08 4.385028851388238e-18 1.124366372150830e-04 2.810915930377076e-04 5.242944339857642e-04 1.124366372150830e-16
3386 1.410833333333333e-08 4.385028851386757e-18 1.124366372150451e-04 2.810915930376127e-04 5.242944339894648e-04 1.124366372150451e-16
3387 1.411249999999999e-08 4.385028851385462e-18 1.124366372150118e-04 2.810915930375296e-04 5.242944339820636e-04 1.124366372150118e-16
3388 1.411666666666666e-08 4.385028851390644e-18 1.124366372151447e-04 2.810915930378618e-04 5.242944339857642e-04 1.124366372151447e-16
3389 1.412083333333333e-08 4.385028851390458e-18 1.124366372151400e-04 2.810915930378499e-04 5.242944339820635e-04 1.124366372151400e-16
3390 1.412500000000000e-08 4.385028851389348e-18 1.124366372151115e-04 2.810915930377788e-04 5.242944339820635e-04 1.124366372151115e-16
3391 1.412916666666666e-08 4.385028851387127e-18 1.124366372150545e-04 2.810915930376364e-04 5.242944339783627e-04 1.124366372150545e-16
3392 1.413333333333333e-08 4.385028851387868e-18 1.124366372150735e-04 2.810915930376839e-04 5.242944339820635e-04 1.124366372150735e-16
3393 1.413750000000000e-08 4.385028851391013e-18 1.124366372151542e-04 2.810915930378855e-04 5.242944339783627e-04 1.124366372151542e-16
3394 1.414166666666666e-08 4.385028851390088e-18 1.124366372151305e-04 2.810915930378262e-04 5.242944339709613e-04 1.124366372151305e-16
3395 1.414583333333333e-08 4.385028851393604e-18 1.124366372152206e-04 2.810915930380516e-04 5.242944339746620e-04 1.124366372152206e-16
3396 1.414999999999999e-08 4.385028851391199e-18 1.124366372151589e-04 2.810915930378974e-04 5.242944339709613e-04 1.124366372151589e-16
3397 1.415416666666666e-08 4.385028851397859e-18 1.124366372153297e-04 2.810915930383244e-04 5.242944339746620e-04 1.124366372153297e-16
3398 1.415833333333333e-08 4.385028851392493e-18 1.124366372151921e-04 2.810915930379803e-04 5.242944339709613e-04 1.124366372151921e-16
3399 1.416250000000000e-08 4.385028851399155e-18 1.124366372153630e-04 2.810915930384074e-04 5.242944339746620e-04 1.124366372153630e-16
3400 1.416666666666666e-08 4.385028851396010e-18 1.124366372152823e-04 2.810915930382058e-04 5.242944339709613e-04 1.124366372152823e-16
3401 1.417083333333333e-08 4.385028851397305e-18 1.124366372153155e-04 2.810915930382888e-04 5.242944339746620e-04 1.124366372153155e-16
3402 1.417499999999999e-08 4.385028851395085e-18 1.124366372152586e-04 2.810915930381465e-04 5.242944339709613e-04 1.124366372152586e-16
3403 1.417916666666666e-08 4.385028851395824e-18 1.124366372152775e-04 2.810915930381939e-04 5.242944339783627e-04 1.124366372152775e-16
3404 1.418333333333333e-08 4.385028851393974e-18 1.124366372152301e-04 2.810915930380753e-04 5.242944339709613e-04 1.124366372152301e-16
3405 1.418750000000000e-08 4.385028851393048e-18 1.124366372152064e-04 2.810915930380160e-04 5.242944339783627e-04 1.124366372152064e-16
3406 1.419166666666666e-08 4.385028851394159e-18 1.124366372152349e-04 2.810915930380871e-04 5.242944339709613e-04 1.124366372152349e-16
3407 1.419583333333333e-08 4.385028851394344e-18 1.124366372152396e-04 2.810915930380990e-04 5.242944339783627e-04 1.124366372152396e-16
3408 1.419999999999999e-08 4.385028851393234e-18 1.124366372152111e-04 2.810915930380278e-04 5.242944339709613e-04 1.124366372152111e-16
3409 1.420416666666666e-08 4.385028851395454e-18 1.124366372152681e-04 2.810915930381702e-04 5.242944339783627e-04 1.124366372152681e-16
3410 1.420833333333333e-08 4.385028851393048e-18 1.124366372152064e-04 2.810915930380160e-04 5.242944339709613e-04 1.124366372152064e-16
3411 1.421250000000000e-08 4.385028851396194e-18 1.124366372152870e-04 2.810915930382176e-04 5.242944339783627e-04 1.124366372152870e-16
3412 1.421666666666666e-08 4.385028851387868e-18 1.124366372150735e-04 2.810915930376839e-04 5.242944339709613e-04 1.124366372150735e-16
3413 1.422083333333333e-08 4.385028851392124e-18 1.124366372151827e-04 2.810915930379567e-04 5.242944339783627e-04 1.124366372151827e-16
3414 1.422500000000000e-08 4.385028851392864e-18 1.124366372152016e-04 2.810915930380041e-04 5.242944339746620e-04 1.124366372152016e-16
3415 1.422916666666666e-08 4.385028851393974e-18 1.124366372152301e-04 2.810915930380753e-04 5.242944339783627e-04 1.124366372152301e-16
3416 1.423333333333333e-08 4.385028851390828e-18 1.124366372151494e-04 2.810915930378736e-04 5.242944339746620e-04 1.124366372151494e-16
3417 1.423749999999999e-08 4.385028851392124e-18 1.124366372151827e-04 2.810915930379567e-04 5.242944339783627e-04 1.124366372151827e-16
3418 1.424166666666666e-08 4.385028851388978e-18 1.124366372151020e-04 2.810915930377550e-04 5.242944339746620e-04 1.124366372151020e-16
3419 1.424583333333333e-08 4.385028851388052e-18 1.124366372150783e-04 2.810915930376957e-04 5.242944339783627e-04 1.124366372150783e-16
3420 1.425000000000000e-08 4.385028851386388e-18 1.124366372150356e-04 2.810915930375890e-04 5.242944339746620e-04 1.124366372150356e-16
3421 1.425416666666666e-08 4.385028851387498e-18 1.124366372150640e-04 2.810915930376601e-04 5.242944339783627e-04 1.124366372150641e-16
3422 1.425833333333333e-08 4.385028851385093e-18 1.124366372150024e-04 2.810915930375060e-04 5.242944339746620e-04 1.124366372150024e-16
3423 1.426249999999999e-08 4.385028851389163e-18 1.124366372151067e-04 2.810915930377669e-04 5.242944339783627e-04 1.124366372151067e-16
3424 1.426666666666666e-08 4.385028851384722e-18 1.124366372149929e-04 2.810915930374822e-04 5.242944339746620e-04 1.124366372149929e-16
3425 1.427083333333333e-08 4.385028851385093e-18 1.124366372150024e-04 2.810915930375060e-04 5.242944339783627e-04 1.124366372150024e-16
3426 1.427500000000000e-08 4.385028851380467e-18 1.124366372148838e-04 2.810915930372094e-04 5.242944339746620e-04 1.124366372148838e-16
3427 1.427916666666666e-08 4.385028851381762e-18 1.124366372149170e-04 2.810915930372924e-04 5.242944339783627e-04 1.124366372149170e-16
3428 1.428333333333333e-08 4.385028851380651e-18 1.124366372148885e-04 2.810915930372213e-04 5.242944339746620e-04 1.124366372148885e-16
3429 1.428749999999999e-08 4.385028851375656e-18 1.124366372147604e-04 2.810915930369010e-04 5.242944339783627e-04 1.124366372147604e-16
3430 1.429166666666666e-08 4.385028851374175e-18 1.124366372147224e-04 2.810915930368061e-04 5.242944339746620e-04 1.124366372147224e-16
3431 1.429583333333333e-08 4.385028851374730e-18 1.124366372147367e-04 2.810915930368417e-04 5.242944339783627e-04 1.124366372147367e-16
3432 1.430000000000000e-08 4.385028851373435e-18 1.124366372147035e-04 2.810915930367587e-04 5.242944339746620e-04 1.124366372147034e-16
3433 1.430416666666666e-08 4.385028851373250e-18 1.124366372146987e-04 2.810915930367468e-04 5.242944339783627e-04 1.124366372146987e-16
3434 1.430833333333333e-08 4.385028851375656e-18 1.124366372147604e-04 2.810915930369010e-04 5.242944339746620e-04 1.124366372147604e-16
3435 1.431249999999999e-08 4.385028851368255e-18 1.124366372145706e-04 2.810915930364266e-04 5.242944339783627e-04 1.124366372145706e-16
3436 1.431666666666666e-08 4.385028851375656e-18 1.124366372147604e-04 2.810915930369010e-04 5.242944339746620e-04 1.124366372147604e-16
3437 1.432083333333333e-08 4.385028851373250e-18 1.124366372146987e-04 2.810915930367468e-04 5.242944339783627e-04 1.124366372146987e-16
3438 1.432499999999999e-08 4.385028851378985e-18 1.124366372148458e-04 2.810915930371144e-04 5.242944339746620e-04 1.124366372148458e-16
3439 1.432916666666666e-08 4.385028851373805e-18 1.124366372147130e-04 2.810915930367824e-04 5.242944339783627e-04 1.124366372147130e-16
3440 1.433333333333333e-08 4.385028851379541e-18 1.124366372148600e-04 2.810915930371501e-04 5.242944339746620e-04 1.124366372148600e-16
3441 1.433750000000000e-08 4.385028851376766e-18 1.124366372147889e-04 2.810915930369722e-04 5.242944339783627e-04 1.124366372147889e-16
3442 1.434166666666666e-08 4.385028851380096e-18 1.124366372148743e-04 2.810915930371857e-04 5.242944339746620e-04 1.124366372148743e-16
3443 1.434583333333333e-08 4.385028851376581e-18 1.124366372147841e-04 2.810915930369603e-04 5.242944339783627e-04 1.124366372147841e-16
3444 1.434999999999999e-08 4.385028851378616e-18 1.124366372148363e-04 2.810915930370908e-04 5.242944339746620e-04 1.124366372148363e-16
3445 1.435416666666666e-08 4.385028851378246e-18 1.124366372148268e-04 2.810915930370671e-04 5.242944339746620e-04 1.124366372148268e-16
3446 1.435833333333333e-08 4.385028851384167e-18 1.124366372149787e-04 2.810915930374466e-04 5.242944339746620e-04 1.124366372149787e-16
3447 1.436250000000000e-08 4.385028851380651e-18 1.124366372148885e-04 2.810915930372213e-04 5.242944339746620e-04 1.124366372148885e-16
3448 1.436666666666666e-08 4.385028851377136e-18 1.124366372147984e-04 2.810915930369959e-04 5.242944339746620e-04 1.124366372147984e-16
3449 1.437083333333333e-08 4.385028851381206e-18 1.124366372149027e-04 2.810915930372569e-04 5.242944339746620e-04 1.124366372149027e-16
3450 1.437499999999999e-08 4.385028851379911e-18 1.124366372148695e-04 2.810915930371738e-04 5.242944339746620e-04 1.124366372148695e-16
3451 1.437916666666666e-08 4.385028851377691e-18 1.124366372148126e-04 2.810915930370315e-04 5.242944339746620e-04 1.124366372148126e-16
3452 1.438333333333333e-08 4.385028851376766e-18 1.124366372147889e-04 2.810915930369722e-04 5.242944339746620e-04 1.124366372147889e-16
3453 1.438750000000000e-08 4.385028851381391e-18 1.124366372149075e-04 2.810915930372687e-04 5.242944339746620e-04 1.124366372149075e-16
3454 1.439166666666666e-08 4.385028851377875e-18 1.124366372148173e-04 2.810915930370433e-04 5.242944339746620e-04 1.124366372148173e-16
3455 1.439583333333333e-08 4.385028851376766e-18 1.124366372147889e-04 2.810915930369722e-04 5.242944339746620e-04 1.124366372147889e-16
3456 1.439999999999999e-08 4.385028851374545e-18 1.124366372147319e-04 2.810915930368298e-04 5.242944339709613e-04 1.124366372147319e-16
3457 1.440416666666666e-08 4.385028851376025e-18 1.124366372147699e-04 2.810915930369248e-04 5.242944339746620e-04 1.124366372147699e-16
3458 1.440833333333333e-08 4.385028851380836e-18 1.124366372148932e-04 2.810915930372331e-04 5.242944339783627e-04 1.124366372148932e-16
3459 1.441249999999999e-08 4.385028851380836e-18 1.124366372148932e-04 2.810915930372331e-04 5.242944339746620e-04 1.124366372148932e-16
3460 1.441666666666666e-08 4.385028851374730e-18 1.124366372147367e-04 2.810915930368417e-04 5.242944339783627e-04 1.124366372147367e-16
3461 1.442083333333333e-08 4.385028851376025e-18 1.124366372147699e-04 2.810915930369248e-04 5.242944339746620e-04 1.124366372147699e-16
3462 1.442500000000000e-08 4.385028851374915e-18 1.124366372147414e-04 2.810915930368536e-04 5.242944339783627e-04 1.124366372147414e-16
3463 1.442916666666666e-08 4.385028851376766e-18 1.124366372147889e-04 2.810915930369722e-04 5.242944339783627e-04 1.124366372147889e-16
3464 1.443333333333333e-08 4.385028851374360e-18 1.124366372147272e-04 2.810915930368180e-04 5.242944339783627e-04 1.124366372147272e-16
3465 1.443749999999999e-08 4.385028851373990e-18 1.124366372147177e-04 2.810915930367943e-04 5.242944339783627e-04 1.124366372147177e-16
3466 1.444166666666666e-08 4.385028851382132e-18 1.124366372149265e-04 2.810915930373162e-04 5.242944339746620e-04 1.124366372149265e-16
3467 1.444583333333333e-08 4.385028851380836e-18 1.124366372148932e-04 2.810915930372331e-04 5.242944339783627e-04 1.124366372148932e-16
3468 1.445000000000000e-08 4.385028851382688e-18 1.124366372149407e-04 2.810915930373518e-04 5.242944339746620e-04 1.124366372149407e-16
3469 1.445416666666666e-08 4.385028851383982e-18 1.124366372149739e-04 2.810915930374348e-04 5.242944339783627e-04 1.124366372149739e-16
3470 1.445833333333333e-08 4.385028851384908e-18 1.124366372149976e-04 2.810915930374941e-04 5.242944339746620e-04 1.124366372149976e-16
3471 1.446249999999999e-08 4.385028851380651e-18 1.124366372148885e-04 2.810915930372213e-04 5.242944339746620e-04 1.124366372148885e-16
3472 1.446666666666666e-08 4.385028851383426e-18 1.124366372149597e-04 2.810915930373992e-04 5.242944339746621e-04 1.124366372149597e-16
3473 1.447083333333333e-08 4.385028851378801e-18 1.124366372148411e-04 2.810915930371027e-04 5.242944339709612e-04 1.124366372148411e-16
3474 1.447500000000000e-08 4.385028851380651e-18 1.124366372148885e-04 2.810915930372213e-04 5.242944339746620e-04 1.124366372148885e-16
3475 1.447916666666666e-08 4.385028851376950e-18 1.124366372147936e-04 2.810915930369840e-04 5.242944339709612e-04 1.124366372147936e-16
3476 1.448333333333333e-08 4.385028851385462e-18 1.124366372150118e-04 2.810915930375296e-04 5.242944339820635e-04 1.124366372150118e-16
3477 1.448749999999999e-08 4.385028851381762e-18 1.124366372149170e-04 2.810915930372924e-04 5.242944339783627e-04 1.124366372149170e-16
3478 1.449166666666666e-08 4.385028851385832e-18 1.124366372150213e-04 2.810915930375534e-04 5.242944339783627e-04 1.124366372150214e-16
3479 1.449583333333333e-08 4.385028851384167e-18 1.124366372149787e-04 2.810915930374466e-04 5.242944339783628e-04 1.124366372149787e-16
3480 1.449999999999999e-08 4.385028851390644e-18 1.124366372151447e-04 2.810915930378618e-04 5.242944339783628e-04 1.124366372151447e-16
3481 1.450416666666666e-08 4.385028851389533e-18 1.124366372151162e-04 2.810915930377906e-04 5.242944339783628e-04 1.124366372151162e-16
3482 1.450833333333333e-08 4.385028851397489e-18 1.124366372153202e-04 2.810915930383006e-04 5.242944339783628e-04 1.124366372153202e-16
3483 1.451250000000000e-08 4.385028851393419e-18 1.124366372152159e-04 2.810915930380397e-04 5.242944339783627e-04 1.124366372152159e-16
3484 1.451666666666666e-08 4.385028851401190e-18 1.124366372154151e-04 2.810915930385379e-04 5.242944339783627e-04 1.124366372154151e-16
3485 1.452083333333333e-08 4.385028851396564e-18 1.124366372152965e-04 2.810915930382413e-04 5.242944339783627e-04 1.124366372152965e-16
3486 1.452499999999999e-08 4.385028851401746e-18 1.124366372154294e-04 2.810915930385735e-04 5.242944339783627e-04 1.124366372154294e-16
3487 1.452916666666666e-08 4.385028851393604e-18 1.124366372152206e-04 2.810915930380516e-04 5.242944339783627e-04 1.124366372152206e-16
3488 1.453333333333333e-08 4.385028851398600e-18 1.124366372153487e-04 2.810915930383719e-04 5.242944339783627e-04 1.124366372153487e-16
3489 1.453750000000000e-08 4.385028851397675e-18 1.124366372153250e-04 2.810915930383125e-04 5.242944339746620e-04 1.124366372153250e-16
3490 1.454166666666666e-08 4.385028851407112e-18 1.124366372155670e-04 2.810915930389175e-04 5.242944339783627e-04 1.124366372155670e-16
3491 1.454583333333333e-08 4.385028851408592e-18 1.124366372156049e-04 2.810915930390123e-04 5.242944339746620e-04 1.124366372156049e-16
3492 1.454999999999999e-08 4.385028851414512e-18 1.124366372157567e-04 2.810915930393919e-04 5.242944339746620e-04 1.124366372157567e-16
3493 1.455416666666666e-08 4.385028851414143e-18 1.124366372157473e-04 2.810915930393682e-04 5.242944339746620e-04 1.124366372157473e-16
3494 1.455833333333333e-08 4.385028851413774e-18 1.124366372157378e-04 2.810915930393445e-04 5.242944339783627e-04 1.124366372157378e-16
3495 1.456250000000000e-08 4.385028851410442e-18 1.124366372156524e-04 2.810915930391310e-04 5.242944339746620e-04 1.124366372156524e-16
3496 1.456666666666666e-08 4.385028851417474e-18 1.124366372158327e-04 2.810915930395817e-04 5.242944339783627e-04 1.124366372158327e-16
3497 1.457083333333333e-08 4.385028851424320e-18 1.124366372160082e-04 2.810915930400205e-04 5.242944339746620e-04 1.124366372160082e-16
3498 1.457499999999999e-08 4.385028851427281e-18 1.124366372160841e-04 2.810915930402104e-04 5.242944339783627e-04 1.124366372160842e-16
3499 1.457916666666666e-08 4.385028851426171e-18 1.124366372160557e-04 2.810915930401392e-04 5.242944339746620e-04 1.124366372160557e-16
3500 1.458333333333333e-08 4.385028851428576e-18 1.124366372161173e-04 2.810915930402933e-04 5.242944339783627e-04 1.124366372161173e-16
3501 1.458749999999999e-08 4.385028851425430e-18 1.124366372160367e-04 2.810915930400917e-04 5.242944339709612e-04 1.124366372160367e-16
3502 1.459166666666666e-08 4.385028851426910e-18 1.124366372160746e-04 2.810915930401866e-04 5.242944339783627e-04 1.124366372160746e-16
3503 1.459583333333333e-08 4.385028851427465e-18 1.124366372160889e-04 2.810915930402222e-04 5.242944339709612e-04 1.124366372160889e-16
3504 1.460000000000000e-08 4.385028851425245e-18 1.124366372160319e-04 2.810915930400798e-04 5.242944339783627e-04 1.124366372160319e-16
3505 1.460416666666666e-08 4.385028851423950e-18 1.124366372159987e-04 2.810915930399969e-04 5.242944339746620e-04 1.124366372159987e-16
3506 1.460833333333333e-08 4.385028851423579e-18 1.124366372159892e-04 2.810915930399731e-04 5.242944339783627e-04 1.124366372159892e-16
3507 1.461249999999999e-08 4.385028851427836e-18 1.124366372160984e-04 2.810915930402459e-04 5.242944339746620e-04 1.124366372160984e-16
3508 1.461666666666666e-08 4.385028851432832e-18 1.124366372162265e-04 2.810915930405662e-04 5.242944339783627e-04 1.124366372162265e-16
3509 1.462083333333333e-08 4.385028851432832e-18 1.124366372162265e-04 2.810915930405662e-04 5.242944339783627e-04 1.124366372162265e-16
3510 1.462500000000000e-08 4.385028851435792e-18 1.124366372163024e-04 2.810915930407560e-04 5.242944339783627e-04 1.124366372163024e-16
3511 1.462916666666666e-08 4.385028851431907e-18 1.124366372162027e-04 2.810915930405069e-04 5.242944339783627e-04 1.124366372162028e-16
3512 1.463333333333333e-08 4.385028851432461e-18 1.124366372162170e-04 2.810915930405424e-04 5.242944339820634e-04 1.124366372162170e-16
3513 1.463749999999999e-08 4.385028851431166e-18 1.124366372161838e-04 2.810915930404594e-04 5.242944339820634e-04 1.124366372161837e-16
3514 1.464166666666666e-08 4.385028851435978e-18 1.124366372163071e-04 2.810915930407679e-04 5.242944339894650e-04 1.124366372163072e-16
3515 1.464583333333333e-08 4.385028851432832e-18 1.124366372162265e-04 2.810915930405662e-04 5.242944339820635e-04 1.124366372162265e-16
3516 1.465000000000000e-08 4.385028851431166e-18 1.124366372161838e-04 2.810915930404594e-04 5.242944339857642e-04 1.124366372161837e-16
3517 1.465416666666666e-08 4.385028851428391e-18 1.124366372161126e-04 2.810915930402815e-04 5.242944339931658e-04 1.124366372161126e-16
3518 1.465833333333333e-08 4.385028851426726e-18 1.124366372160699e-04 2.810915930401748e-04 5.242944339820635e-04 1.124366372160699e-16
3519 1.466249999999999e-08 4.385028851431537e-18 1.124366372161933e-04 2.810915930404832e-04 5.242944339820635e-04 1.124366372161933e-16
3520 1.466666666666666e-08 4.385028851434868e-18 1.124366372162787e-04 2.810915930406967e-04 5.242944339820635e-04 1.124366372162787e-16
3521 1.467083333333333e-08 4.385028851436532e-18 1.124366372163213e-04 2.810915930408034e-04 5.242944339783627e-04 1.124366372163214e-16
3522 1.467499999999999e-08 4.385028851440418e-18 1.124366372164210e-04 2.810915930410525e-04 5.242944339746620e-04 1.124366372164210e-16
3523 1.467916666666666e-08 4.385028851447450e-18 1.124366372166013e-04 2.810915930415032e-04 5.242944339746620e-04 1.124366372166013e-16
3524 1.468333333333333e-08 4.385028851445045e-18 1.124366372165396e-04 2.810915930413491e-04 5.242944339746620e-04 1.124366372165396e-16
3525 1.468750000000000e-08 4.385028851444860e-18 1.124366372165349e-04 2.810915930413372e-04 5.242944339746620e-04 1.124366372165349e-16
3526 1.469166666666666e-08 4.385028851448930e-18 1.124366372166392e-04 2.810915930415981e-04 5.242944339746620e-04 1.124366372166392e-16
3527 1.469583333333333e-08 4.385028851448930e-18 1.124366372166392e-04 2.810915930415981e-04 5.242944339746620e-04 1.124366372166392e-16
3528 1.469999999999999e-08 4.385028851449301e-18 1.124366372166487e-04 2.810915930416219e-04 5.242944339746620e-04 1.124366372166488e-16
3529 1.470416666666666e-08 4.385028851453186e-18 1.124366372167484e-04 2.810915930418709e-04 5.242944339746620e-04 1.124366372167484e-16
3530 1.470833333333333e-08 4.385028851454666e-18 1.124366372167863e-04 2.810915930419658e-04 5.242944339746620e-04 1.124366372167863e-16
3531 1.471250000000000e-08 4.385028851455591e-18 1.124366372168100e-04 2.810915930420251e-04 5.242944339746620e-04 1.124366372168100e-16
3532 1.471666666666666e-08 4.385028851454111e-18 1.124366372167721e-04 2.810915930419303e-04 5.242944339746620e-04 1.124366372167721e-16
3533 1.472083333333333e-08 4.385028851450595e-18 1.124366372166819e-04 2.810915930417049e-04 5.242944339746620e-04 1.124366372166819e-16
3534 1.472499999999999e-08 4.385028851453186e-18 1.124366372167484e-04 2.810915930418709e-04 5.242944339746621e-04 1.124366372167484e-16
3535 1.472916666666666e-08 4.385028851453371e-18 1.124366372167531e-04 2.810915930418828e-04 5.242944339820635e-04 1.124366372167531e-16
3536 1.473333333333333e-08 4.385028851455222e-18 1.124366372168006e-04 2.810915930420014e-04 5.242944339857642e-04 1.124366372168006e-16
3537 1.473750000000000e-08 4.385028851448375e-18 1.124366372166250e-04 2.810915930415625e-04 5.242944339857643e-04 1.124366372166250e-16
3538 1.474166666666666e-08 4.385028851450411e-18 1.124366372166772e-04 2.810915930416930e-04 5.242944339820635e-04 1.124366372166772e-16
3539 1.474583333333333e-08 4.385028851452075e-18 1.124366372167199e-04 2.810915930417997e-04 5.242944339857643e-04 1.124366372167199e-16
3540 1.474999999999999e-08 4.385028851446524e-18 1.124366372165776e-04 2.810915930414439e-04 5.242944339857643e-04 1.124366372165776e-16
3541 1.475416666666666e-08 4.385028851440048e-18 1.124366372164115e-04 2.810915930410287e-04 5.242944339857643e-04 1.124366372164115e-16
3542 1.475833333333333e-08 4.385028851441714e-18 1.124366372164542e-04 2.810915930411355e-04 5.242944339857643e-04 1.124366372164542e-16
3543 1.476249999999999e-08 4.385028851435978e-18 1.124366372163071e-04 2.810915930407679e-04 5.242944339820635e-04 1.124366372163072e-16
3544 1.476666666666666e-08 4.385028851437273e-18 1.124366372163403e-04 2.810915930408509e-04 5.242944339857643e-04 1.124366372163403e-16
3545 1.477083333333333e-08 4.385028851433017e-18 1.124366372162312e-04 2.810915930405780e-04 5.242944339820635e-04 1.124366372162312e-16
3546 1.477499999999999e-08 4.385028851438753e-18 1.124366372163783e-04 2.810915930409457e-04 5.242944339857643e-04 1.124366372163783e-16
3547 1.477916666666666e-08 4.385028851435607e-18 1.124366372162976e-04 2.810915930407440e-04 5.242944339820636e-04 1.124366372162976e-16
3548 1.478333333333333e-08 4.385028851434497e-18 1.124366372162691e-04 2.810915930406729e-04 5.242944339857643e-04 1.124366372162691e-16
3549 1.478749999999999e-08 4.385028851425800e-18 1.124366372160462e-04 2.810915930401154e-04 5.242944339820636e-04 1.124366372160462e-16
3550 1.479166666666666e-08 4.385028851431351e-18 1.124366372161885e-04 2.810915930404712e-04 5.242944339857643e-04 1.124366372161885e-16
3551 1.479583333333333e-08 4.385028851427465e-18 1.124366372160889e-04 2.810915930402222e-04 5.242944339820636e-04 1.124366372160889e-16
3552 1.480000000000000e-08 4.385028851426726e-18 1.124366372160699e-04 2.810915930401748e-04 5.242944339894650e-04 1.124366372160699e-16
3553 1.480416666666666e-08 4.385028851422285e-18 1.124366372159560e-04 2.810915930398901e-04 5.242944339894650e-04 1.124366372159560e-16
3554 1.480833333333333e-08 4.385028851428945e-18 1.124366372161268e-04 2.810915930403170e-04 5.242944339894650e-04 1.124366372161268e-16
3555 1.481249999999999e-08 4.385028851423579e-18 1.124366372159892e-04 2.810915930399731e-04 5.242944339857643e-04 1.124366372159892e-16
3556 1.481666666666666e-08 4.385028851424875e-18 1.124366372160225e-04 2.810915930400562e-04 5.242944339894650e-04 1.124366372160225e-16
3557 1.482083333333333e-08 4.385028851424505e-18 1.124366372160130e-04 2.810915930400324e-04 5.242944339857643e-04 1.124366372160130e-16
3558 1.482500000000000e-08 4.385028851425245e-18 1.124366372160319e-04 2.810915930400798e-04 5.242944339894650e-04 1.124366372160319e-16
3559 1.482916666666666e-08 4.385028851425430e-18 1.124366372160367e-04 2.810915930400917e-04 5.242944339857643e-04 1.124366372160367e-16
3560 1.483333333333333e-08 4.385028851427651e-18 1.124366372160936e-04 2.810915930402341e-04 5.242944339894650e-04 1.124366372160936e-16
3561 1.483749999999999e-08 4.385028851426171e-18 1.124366372160557e-04 2.810915930401392e-04 5.242944339857643e-04 1.124366372160557e-16
3562 1.484166666666666e-08 4.385028851430796e-18 1.124366372161743e-04 2.810915930404357e-04 5.242944339894650e-04 1.124366372161743e-16
3563 1.484583333333333e-08 4.385028851426726e-18 1.124366372160699e-04 2.810915930401748e-04 5.242944339857643e-04 1.124366372160699e-16
3564 1.484999999999999e-08 4.385028851426355e-18 1.124366372160604e-04 2.810915930401510e-04 5.242944339894650e-04 1.124366372160604e-16
3565 1.485416666666666e-08 4.385028851420249e-18 1.124366372159038e-04 2.810915930397596e-04 5.242944339857643e-04 1.124366372159038e-16
3566 1.485833333333333e-08 4.385028851424690e-18 1.124366372160177e-04 2.810915930400442e-04 5.242944339894650e-04 1.124366372160177e-16
3567 1.486249999999999e-08 4.385028851422654e-18 1.124366372159655e-04 2.810915930399138e-04 5.242944339857643e-04 1.124366372159655e-16
3568 1.486666666666666e-08 4.385028851421175e-18 1.124366372159276e-04 2.810915930398189e-04 5.242944339894650e-04 1.124366372159276e-16
3569 1.487083333333333e-08 4.385028851421730e-18 1.124366372159418e-04 2.810915930398545e-04 5.242944339931658e-04 1.124366372159418e-16
3570 1.487499999999999e-08 4.385028851427651e-18 1.124366372160936e-04 2.810915930402341e-04 5.242944339894650e-04 1.124366372160936e-16
3571 1.487916666666666e-08 4.385028851424505e-18 1.124366372160130e-04 2.810915930400324e-04 5.242944339931658e-04 1.124366372160130e-16
3572 1.488333333333333e-08 4.385028851425616e-18 1.124366372160414e-04 2.810915930401036e-04 5.242944339894650e-04 1.124366372160414e-16
3573 1.488750000000000e-08 4.385028851426355e-18 1.124366372160604e-04 2.810915930401510e-04 5.242944339931658e-04 1.124366372160604e-16
3574 1.489166666666666e-08 4.385028851430241e-18 1.124366372161600e-04 2.810915930404001e-04 5.242944339894650e-04 1.124366372161600e-16
3575 1.489583333333333e-08 4.385028851427465e-18 1.124366372160889e-04 2.810915930402222e-04 5.242944339931658e-04 1.124366372160889e-16
3576 1.489999999999999e-08 4.385028851429686e-18 1.124366372161458e-04 2.810915930403646e-04 5.242944339894650e-04 1.124366372161458e-16
3577 1.490416666666666e-08 4.385028851428020e-18 1.124366372161031e-04 2.810915930402577e-04 5.242944339968666e-04 1.124366372161031e-16
3578 1.490833333333333e-08 4.385028851430427e-18 1.124366372161648e-04 2.810915930404120e-04 5.242944339931658e-04 1.124366372161648e-16
3579 1.491250000000000e-08 4.385028851432832e-18 1.124366372162265e-04 2.810915930405662e-04 5.242944339968666e-04 1.124366372162265e-16
3580 1.491666666666666e-08 4.385028851432461e-18 1.124366372162170e-04 2.810915930405424e-04 5.242944339931658e-04 1.124366372162170e-16
3581 1.492083333333333e-08 4.385028851433386e-18 1.124366372162407e-04 2.810915930406017e-04 5.242944339968666e-04 1.124366372162407e-16
3582 1.492500000000000e-08 4.385028851431351e-18 1.124366372161885e-04 2.810915930404712e-04 5.242944339931658e-04 1.124366372161885e-16
3583 1.492916666666666e-08 4.385028851434497e-18 1.124366372162691e-04 2.810915930406729e-04 5.242944339931658e-04 1.124366372162691e-16
3584 1.493333333333333e-08 4.385028851435422e-18 1.124366372162929e-04 2.810915930407322e-04 5.242944339931658e-04 1.124366372162929e-16
3585 1.493749999999999e-08 4.385028851434128e-18 1.124366372162597e-04 2.810915930406492e-04 5.242944339857643e-04 1.124366372162597e-16
3586 1.494166666666666e-08 4.385028851438198e-18 1.124366372163641e-04 2.810915930409102e-04 5.242944339931658e-04 1.124366372163640e-16
3587 1.494583333333333e-08 4.385028851435238e-18 1.124366372162882e-04 2.810915930407204e-04 5.242944339857643e-04 1.124366372162881e-16
3588 1.494999999999999e-08 4.385028851432648e-18 1.124366372162217e-04 2.810915930405544e-04 5.242944339894650e-04 1.124366372162217e-16
3589 1.495416666666666e-08 4.385028851432461e-18 1.124366372162170e-04 2.810915930405424e-04 5.242944339894650e-04 1.124366372162170e-16
3590 1.495833333333333e-08 4.385028851436902e-18 1.124366372163308e-04 2.810915930408271e-04 5.242944339894650e-04 1.124366372163308e-16
3591 1.496250000000000e-08 4.385028851443194e-18 1.124366372164922e-04 2.810915930412304e-04 5.242944339857643e-04 1.124366372164922e-16
3592 1.496666666666666e-08 4.385028851438938e-18 1.124366372163830e-04 2.810915930409576e-04 5.242944339894650e-04 1.124366372163830e-16
3593 1.497083333333333e-08 4.385028851442269e-18 1.124366372164684e-04 2.810915930411711e-04 5.242944339894650e-04 1.124366372164684e-16
3594 1.497499999999999e-08 4.385028851441343e-18 1.124366372164447e-04 2.810915930411117e-04 5.242944339894650e-04 1.124366372164447e-16
3595 1.497916666666666e-08 4.385028851442083e-18 1.124366372164637e-04 2.810915930411592e-04 5.242944339894650e-04 1.124366372164637e-16
3596 1.498333333333333e-08 4.385028851443194e-18 1.124366372164922e-04 2.810915930412304e-04 5.242944339931658e-04 1.124366372164922e-16
3597 1.498749999999999e-08 4.385028851441898e-18 1.124366372164589e-04 2.810915930411474e-04 5.242944339931658e-04 1.124366372164589e-16
3598 1.499166666666666e-08 4.385028851448191e-18 1.124366372166203e-04 2.810915930415507e-04 5.242944339894650e-04 1.124366372166203e-16
3599 1.499583333333333e-08 4.385028851443934e-18 1.124366372165111e-04 2.810915930412779e-04 5.242944339931658e-04 1.124366372165111e-16
3600 1.500000000000000e-08 4.385028851449301e-18 1.124366372166487e-04 2.810915930416219e-04 5.242944339894650e-04 1.124366372166488e-16
3601 1.500416666666666e-08 4.385028851445598e-18 1.124366372165538e-04 2.810915930413846e-04 5.242944339820635e-04 1.124366372165538e-16
3602 1.500833333333333e-08 4.385028851449855e-18 1.124366372166630e-04 2.810915930416574e-04 5.242944339931658e-04 1.124366372166630e-16
3603 1.501250000000000e-08 4.385028851447450e-18 1.124366372166013e-04 2.810915930415032e-04 5.242944339857642e-04 1.124366372166013e-16
3604 1.501666666666666e-08 4.385028851451891e-18 1.124366372167151e-04 2.810915930417879e-04 5.242944339931658e-04 1.124366372167151e-16
3605 1.502083333333333e-08 4.385028851453371e-18 1.124366372167531e-04 2.810915930418828e-04 5.242944339857642e-04 1.124366372167531e-16
3606 1.502499999999999e-08 4.385028851455776e-18 1.124366372168148e-04 2.810915930420369e-04 5.242944339931658e-04 1.124366372168148e-16
3607 1.502916666666666e-08 4.385028851454296e-18 1.124366372167768e-04 2.810915930419421e-04 5.242944339931658e-04 1.124366372167768e-16
3608 1.503333333333333e-08 4.385028851459293e-18 1.124366372169049e-04 2.810915930422624e-04 5.242944339931658e-04 1.124366372169049e-16
3609 1.503749999999999e-08 4.385028851454111e-18 1.124366372167721e-04 2.810915930419303e-04 5.242944339968665e-04 1.124366372167721e-16
3610 1.504166666666666e-08 4.385028851454481e-18 1.124366372167816e-04 2.810915930419539e-04 5.242944339931658e-04 1.124366372167816e-16
3611 1.504583333333333e-08 4.385028851454851e-18 1.124366372167911e-04 2.810915930419777e-04 5.242944339931658e-04 1.124366372167911e-16
3612 1.505000000000000e-08 4.385028851460032e-18 1.124366372169239e-04 2.810915930423098e-04 5.242944339968663e-04 1.124366372169239e-16
3613 1.505416666666666e-08 4.385028851460403e-18 1.124366372169334e-04 2.810915930423335e-04 5.242944339968663e-04 1.124366372169334e-16
3614 1.505833333333333e-08 4.385028851459106e-18 1.124366372169002e-04 2.810915930422504e-04 5.242944339968663e-04 1.124366372169002e-16
3615 1.506249999999999e-08 4.385028851458737e-18 1.124366372168907e-04 2.810915930422268e-04 5.242944339931658e-04 1.124366372168907e-16
3616 1.506666666666666e-08 4.385028851461142e-18 1.124366372169524e-04 2.810915930423810e-04 5.242944339894650e-04 1.124366372169524e-16
3617 1.507083333333333e-08 4.385028851464844e-18 1.124366372170473e-04 2.810915930426182e-04 5.242944339931658e-04 1.124366372170473e-16
3618 1.507499999999999e-08 4.385028851465214e-18 1.124366372170568e-04 2.810915930426419e-04 5.242944339968666e-04 1.124366372170568e-16
3619 1.507916666666666e-08 4.385028851473170e-18 1.124366372172608e-04 2.810915930431519e-04 5.242944339968666e-04 1.124366372172608e-16
3620 1.508333333333333e-08 4.385028851476870e-18 1.124366372173557e-04 2.810915930433892e-04 5.242944339968666e-04 1.124366372173556e-16
3621 1.508750000000000e-08 4.385028851478536e-18 1.124366372173984e-04 2.810915930434959e-04 5.242944339894650e-04 1.124366372173984e-16
3622 1.509166666666666e-08 4.385028851477426e-18 1.124366372173699e-04 2.810915930434248e-04 5.242944339931658e-04 1.124366372173699e-16
3623 1.509583333333333e-08 4.385028851480757e-18 1.124366372174553e-04 2.810915930436383e-04 5.242944339931658e-04 1.124366372174553e-16
3624 1.510000000000000e-08 4.385028851484273e-18 1.124366372175455e-04 2.810915930438637e-04 5.242944339931658e-04 1.124366372175455e-16
3625 1.510416666666666e-08 4.385028851489823e-18 1.124366372176878e-04 2.810915930442195e-04 5.242944339931658e-04 1.124366372176878e-16
3626 1.510833333333333e-08 4.385028851487602e-18 1.124366372176308e-04 2.810915930440771e-04 5.242944339894650e-04 1.124366372176308e-16
3627 1.511249999999999e-08 4.385028851495559e-18 1.124366372178348e-04 2.810915930445871e-04 5.242944339931658e-04 1.124366372178349e-16
3628 1.511666666666666e-08 4.385028851496115e-18 1.124366372178491e-04 2.810915930446228e-04 5.242944339894650e-04 1.124366372178491e-16
3629 1.512083333333333e-08 4.385028851499630e-18 1.124366372179392e-04 2.810915930448481e-04 5.242944339931658e-04 1.124366372179393e-16
3630 1.512499999999999e-08 4.385028851494079e-18 1.124366372177969e-04 2.810915930444923e-04 5.242944339894650e-04 1.124366372177969e-16
3631 1.512916666666666e-08 4.385028851502406e-18 1.124366372180104e-04 2.810915930450260e-04 5.242944339931658e-04 1.124366372180104e-16
3632 1.513333333333333e-08 4.385028851504441e-18 1.124366372180626e-04 2.810915930451565e-04 5.242944339894650e-04 1.124366372180626e-16
3633 1.513750000000000e-08 4.385028851502961e-18 1.124366372180246e-04 2.810915930450616e-04 5.242944339931658e-04 1.124366372180247e-16
3634 1.514166666666666e-08 4.385028851500370e-18 1.124366372179582e-04 2.810915930448955e-04 5.242944339968665e-04 1.124366372179582e-16
3635 1.514583333333333e-08 4.385028851508697e-18 1.124366372181717e-04 2.810915930454293e-04 5.242944339931658e-04 1.124366372181717e-16
3636 1.514999999999999e-08 4.385028851511102e-18 1.124366372182334e-04 2.810915930455835e-04 5.242944339894650e-04 1.124366372182334e-16
3637 1.515416666666666e-08 4.385028851512769e-18 1.124366372182761e-04 2.810915930456903e-04 5.242944339931658e-04 1.124366372182761e-16
3638 1.515833333333333e-08 4.385028851506107e-18 1.124366372181053e-04 2.810915930452633e-04 5.242944339931658e-04 1.124366372181053e-16
3639 1.516249999999999e-08 4.385028851505366e-18 1.124366372180863e-04 2.810915930452158e-04 5.242944339931658e-04 1.124366372180863e-16
3640 1.516666666666666e-08 4.385028851505551e-18 1.124366372180911e-04 2.810915930452277e-04 5.242944339931658e-04 1.124366372180911e-16
3641 1.517083333333333e-08 4.385028851509252e-18 1.124366372181860e-04 2.810915930454649e-04 5.242944339931658e-04 1.124366372181859e-16
3642 1.517500000000000e-08 4.385028851503701e-18 1.124366372180436e-04 2.810915930451090e-04 5.242944339931658e-04 1.124366372180436e-16
3643 1.517916666666666e-08 4.385028851504996e-18 1.124366372180768e-04 2.810915930451921e-04 5.242944339931658e-04 1.124366372180768e-16
3644 1.518333333333333e-08 4.385028851503516e-18 1.124366372180389e-04 2.810915930450972e-04 5.242944339931658e-04 1.124366372180389e-16
3645 1.518750000000000e-08 4.385028851506107e-18 1.124366372181053e-04 2.810915930452633e-04 5.242944339931658e-04 1.124366372181053e-16
3646 1.519166666666666e-08 4.385028851502035e-18 1.124366372180009e-04 2.810915930450023e-04 5.242944339931658e-04 1.124366372180009e-16
3647 1.519583333333333e-08 4.385028851507217e-18 1.124366372181338e-04 2.810915930453345e-04 5.242944339931658e-04 1.124366372181338e-16
3648 1.519999999999999e-08 4.385028851507032e-18 1.124366372181290e-04 2.810915930453226e-04 5.242944339931658e-04 1.124366372181290e-16
3649 1.520416666666666e-08 4.385028851512953e-18 1.124366372182808e-04 2.810915930457021e-04 5.242944339931658e-04 1.124366372182809e-16
3650 1.520833333333333e-08 4.385028851506661e-18 1.124366372181195e-04 2.810915930452988e-04 5.242944339931658e-04 1.124366372181195e-16
3651 1.521249999999999e-08 4.385028851514804e-18 1.124366372183283e-04 2.810915930458208e-04 5.242944339931658e-04 1.124366372183283e-16
3652 1.521666666666666e-08 4.385028851511843e-18 1.124366372182524e-04 2.810915930456310e-04 5.242944339931658e-04 1.124366372182524e-16
3653 1.522083333333333e-08 4.385028851521094e-18 1.124366372184896e-04 2.810915930462240e-04 5.242944339931658e-04 1.124366372184896e-16
3654 1.522500000000000e-08 4.385028851513138e-18 1.124366372182856e-04 2.810915930457140e-04 5.242944339931658e-04 1.124366372182856e-16
3655 1.522916666666666e-08 4.385028851518504e-18 1.124366372184232e-04 2.810915930460580e-04 5.242944339931658e-04 1.124366372184232e-16
3656 1.523333333333333e-08 4.385028851512028e-18 1.124366372182571e-04 2.810915930456428e-04 5.242944339931658e-04 1.124366372182571e-16
3657 1.523749999999999e-08 4.385028851521465e-18 1.124366372184991e-04 2.810915930462478e-04 5.242944339931658e-04 1.124366372184991e-16
3658 1.524166666666666e-08 4.385028851515914e-18 1.124366372183568e-04 2.810915930458920e-04 5.242944339931658e-04 1.124366372183568e-16
3659 1.524583333333333e-08 4.385028851520355e-18 1.124366372184706e-04 2.810915930461766e-04 5.242944339931658e-04 1.124366372184706e-16
3660 1.524999999999999e-08 4.385028851516839e-18 1.124366372183805e-04 2.810915930459512e-04 5.242944339931658e-04 1.124366372183805e-16
3661 1.525416666666666e-08 4.385028851519984e-18 1.124366372184611e-04 2.810915930461528e-04 5.242944339931658e-04 1.124366372184611e-16
3662 1.525833333333333e-08 4.385028851512212e-18 1.124366372182619e-04 2.810915930456547e-04 5.242944339931658e-04 1.124366372182619e-16
3663 1.526250000000000e-08 4.385028851516839e-18 1.124366372183805e-04 2.810915930459512e-04 5.242944339931658e-04 1.124366372183805e-16
3664 1.526666666666666e-08 4.385028851516839e-18 1.124366372183805e-04 2.810915930459512e-04 5.242944339931658e-04 1.124366372183805e-16
3665 1.527083333333333e-08 4.385028851523499e-18 1.124366372185513e-04 2.810915930463782e-04 5.242944339931658e-04 1.124366372185513e-16
3666 1.527500000000000e-08 4.385028851517764e-18 1.124366372184042e-04 2.810915930460105e-04 5.242944339931658e-04 1.124366372184042e-16
3667 1.527916666666666e-08 4.385028851519429e-18 1.124366372184469e-04 2.810915930461173e-04 5.242944339931658e-04 1.124366372184469e-16
3668 1.528333333333333e-08 4.385028851514249e-18 1.124366372183141e-04 2.810915930457852e-04 5.242944339931658e-04 1.124366372183141e-16
3669 1.528749999999999e-08 4.385028851519984e-18 1.124366372184611e-04 2.810915930461528e-04 5.242944339931658e-04 1.124366372184611e-16
3670 1.529166666666666e-08 4.385028851515543e-18 1.124366372183473e-04 2.810915930458682e-04 5.242944339931658e-04 1.124366372183472e-16
3671 1.529583333333333e-08 4.385028851520169e-18 1.124366372184659e-04 2.810915930461647e-04 5.242944339931658e-04 1.124366372184659e-16
3672 1.529999999999999e-08 4.385028851518134e-18 1.124366372184137e-04 2.810915930460343e-04 5.242944339931658e-04 1.124366372184137e-16
3673 1.530416666666666e-08 4.385028851522019e-18 1.124366372185133e-04 2.810915930462833e-04 5.242944339931658e-04 1.124366372185133e-16
3674 1.530833333333333e-08 4.385028851514804e-18 1.124366372183283e-04 2.810915930458208e-04 5.242944339931658e-04 1.124366372183283e-16
3675 1.531250000000000e-08 4.385028851518504e-18 1.124366372184232e-04 2.810915930460580e-04 5.242944339931658e-04 1.124366372184232e-16
3676 1.531666666666666e-08 4.385028851516284e-18 1.124366372183663e-04 2.810915930459157e-04 5.242944339931658e-04 1.124366372183663e-16
3677 1.532083333333333e-08 4.385028851522945e-18 1.124366372185371e-04 2.810915930463427e-04 5.242944339931658e-04 1.124366372185371e-16
3678 1.532499999999999e-08 4.385028851517024e-18 1.124366372183852e-04 2.810915930459631e-04 5.242944339931658e-04 1.124366372183853e-16
3679 1.532916666666666e-08 4.385028851519245e-18 1.124366372184422e-04 2.810915930461055e-04 5.242944339931658e-04 1.124366372184422e-16
3680 1.533333333333333e-08 4.385028851514804e-18 1.124366372183283e-04 2.810915930458208e-04 5.242944339931658e-04 1.124366372183283e-16
3681 1.533749999999999e-08 4.385028851520724e-18 1.124366372184801e-04 2.810915930462003e-04 5.242944339931658e-04 1.124366372184801e-16
3682 1.534166666666666e-08 4.385028851516653e-18 1.124366372183757e-04 2.810915930459393e-04 5.242944339931658e-04 1.124366372183757e-16
3683 1.534583333333333e-08 4.385028851520724e-18 1.124366372184801e-04 2.810915930462003e-04 5.242944339931658e-04 1.124366372184801e-16
3684 1.535000000000000e-08 4.385028851517579e-18 1.124366372183995e-04 2.810915930459987e-04 5.242944339931658e-04 1.124366372183995e-16
3685 1.535416666666666e-08 4.385028851521280e-18 1.124366372184944e-04 2.810915930462359e-04 5.242944339931658e-04 1.124366372184944e-16
3686 1.535833333333333e-08 4.385028851513693e-18 1.124366372182998e-04 2.810915930457496e-04 5.242944339931658e-04 1.124366372182998e-16
3687 1.536250000000000e-08 4.385028851517949e-18 1.124366372184089e-04 2.810915930460224e-04 5.242944339931658e-04 1.124366372184089e-16
3688 1.536666666666666e-08 4.385028851516839e-18 1.124366372183805e-04 2.810915930459512e-04 5.242944339931658e-04 1.124366372183805e-16
3689 1.537083333333333e-08 4.385028851523685e-18 1.124366372185560e-04 2.810915930463901e-04 5.242944339931658e-04 1.124366372185560e-16
3690 1.537499999999999e-08 4.385028851518134e-18 1.124366372184137e-04 2.810915930460343e-04 5.242944339931658e-04 1.124366372184137e-16
3691 1.537916666666666e-08 4.385028851519799e-18 1.124366372184564e-04 2.810915930461410e-04 5.242944339931658e-04 1.124366372184564e-16
3692 1.538333333333333e-08 4.385028851514249e-18 1.124366372183141e-04 2.810915930457852e-04 5.242944339931658e-04 1.124366372183141e-16
3693 1.538749999999999e-08 4.385028851519984e-18 1.124366372184611e-04 2.810915930461528e-04 5.242944339931658e-04 1.124366372184611e-16
3694 1.539166666666666e-08 4.385028851515543e-18 1.124366372183473e-04 2.810915930458682e-04 5.242944339931658e-04 1.124366372183472e-16
3695 1.539583333333333e-08 4.385028851520169e-18 1.124366372184659e-04 2.810915930461647e-04 5.242944339931658e-04 1.124366372184659e-16
3696 1.540000000000000e-08 4.385028851518134e-18 1.124366372184137e-04 2.810915930460343e-04 5.242944339931658e-04 1.124366372184137e-16
3697 1.540416666666666e-08 4.385028851522019e-18 1.124366372185133e-04 2.810915930462833e-04 5.242944339931658e-04 1.124366372185133e-16
3698 1.540833333333333e-08 4.385028851514804e-18 1.124366372183283e-04 2.810915930458208e-04 5.242944339931658e-04 1.124366372183283e-16
3699 1.541249999999999e-08 4.385028851518504e-18 1.124366372184232e-04 2.810915930460580e-04 5.242944339931658e-04 1.124366372184232e-16
3700 1.541666666666666e-08 4.385028851516284e-18 1.124366372183663e-04 2.810915930459157e-04 5.242944339931658e-04 1.124366372183663e-16
3701 1.542083333333333e-08 4.385028851522945e-18 1.124366372185371e-04 2.810915930463427e-04 5.242944339931658e-04 1.124366372185371e-16
3702 1.542499999999999e-08 4.385028851517024e-18 1.124366372183852e-04 2.810915930459631e-04 5.242944339931658e-04 1.124366372183853e-16
3703 1.542916666666666e-08 4.385028851519245e-18 1.124366372184422e-04 2.810915930461055e-04 5.242944339931658e-04 1.124366372184422e-16
3704 1.543333333333333e-08 4.385028851514804e-18 1.124366372183283e-04 2.810915930458208e-04 5.242944339931658e-04 1.124366372183283e-16
3705 1.543750000000000e-08 4.385028851520724e-18 1.124366372184801e-04 2.810915930462003e-04 5.242944339931658e-04 1.124366372184801e-16
3706 1.544166666666666e-08 4.385028851516653e-18 1.124366372183757e-04 2.810915930459393e-04 5.242944339931658e-04 1.124366372183757e-16
3707 1.544583333333333e-08 4.385028851520724e-18 1.124366372184801e-04 2.810915930462003e-04 5.242944339931658e-04 1.124366372184801e-16
3708 1.545000000000000e-08 4.385028851517579e-18 1.124366372183995e-04 2.810915930459987e-04 5.242944339931658e-04 1.124366372183995e-16
3709 1.545416666666666e-08 4.385028851521280e-18 1.124366372184944e-04 2.810915930462359e-04 5.242944339931658e-04 1.124366372184944e-16
3710 1.545833333333333e-08 4.385028851513693e-18 1.124366372182998e-04 2.810915930457496e-04 5.242944339931658e-04 1.124366372182998e-16
3711 1.546249999999999e-08 4.385028851517949e-18 1.124366372184089e-04 2.810915930460224e-04 5.242944339931658e-04 1.124366372184089e-16
3712 1.546666666666666e-08 4.385028851516839e-18 1.124366372183805e-04 2.810915930459512e-04 5.242944339931658e-04 1.124366372183805e-16
3713 1.547083333333333e-08 4.385028851523685e-18 1.124366372185560e-04 2.810915930463901e-04 5.242944339931658e-04 1.124366372185560e-16
3714 1.547499999999999e-08 4.385028851518134e-18 1.124366372184137e-04 2.810915930460343e-04 5.242944339931658e-04 1.124366372184137e-16
3715 1.547916666666666e-08 4.385028851519799e-18 1.124366372184564e-04 2.810915930461410e-04 5.242944339931658e-04 1.124366372184564e-16
3716 1.548333333333333e-08 4.385028851514249e-18 1.124366372183141e-04 2.810915930457852e-04 5.242944339931658e-04 1.124366372183141e-16
3717 1.548750000000000e-08 4.385028851519984e-18 1.124366372184611e-04 2.810915930461528e-04 5.242944339931658e-04 1.124366372184611e-16
3718 1.549166666666666e-08 4.385028851515543e-18 1.124366372183473e-04 2.810915930458682e-04 5.242944339931658e-04 1.124366372183472e-16
3719 1.549583333333333e-08 4.385028851520169e-18 1.124366372184659e-04 2.810915930461647e-04 5.242944339931658e-04 1.124366372184659e-16
3720 1.549999999999999e-08 4.385028851518134e-18 1.124366372184137e-04 2.810915930460343e-04 5.242944339931658e-04 1.124366372184137e-16
3721 1.550416666666666e-08 4.385028851522019e-18 1.124366372185133e-04 2.810915930462833e-04 5.242944339931658e-04 1.124366372185133e-16
3722 1.550833333333333e-08 4.385028851514804e-18 1.124366372183283e-04 2.810915930458208e-04 5.242944339931658e-04 1.124366372183283e-16
3723 1.551249999999999e-08 4.385028851518504e-18 1.124366372184232e-04 2.810915930460580e-04 5.242944339931658e-04 1.124366372184232e-16
3724 1.551666666666666e-08 4.385028851516284e-18 1.124366372183663e-04 2.810915930459157e-04 5.242944339931658e-04 1.124366372183663e-16
3725 1.552083333333333e-08 4.385028851522945e-18 1.124366372185371e-04 2.810915930463427e-04 5.242944339931658e-04 1.124366372185371e-16
3726 1.552500000000000e-08 4.385028851517024e-18 1.124366372183852e-04 2.810915930459631e-04 5.242944339931658e-04 1.124366372183853e-16
3727 1.552916666666666e-08 4.385028851519245e-18 1.124366372184422e-04 2.810915930461055e-04 5.242944339931658e-04 1.124366372184422e-16
3728 1.553333333333333e-08 4.385028851514804e-18 1.124366372183283e-04 2.810915930458208e-04 5.242944339931658e-04 1.124366372183283e-16
3729 1.553750000000000e-08 4.385028851520724e-18 1.124366372184801e-04 2.810915930462003e-04 5.242944339931658e-04 1.124366372184801e-16
3730 1.554166666666666e-08 4.385028851516653e-18 1.124366372183757e-04 2.810915930459393e-04 5.242944339931658e-04 1.124366372183757e-16
3731 1.554583333333333e-08 4.385028851520724e-18 1.124366372184801e-04 2.810915930462003e-04 5.242944339931658e-04 1.124366372184801e-16
3732 1.554999999999999e-08 4.385028851517579e-18 1.124366372183995e-04 2.810915930459987e-04 5.242944339931658e-04 1.124366372183995e-16
3733 1.555416666666666e-08 4.385028851521280e-18 1.124366372184944e-04 2.810915930462359e-04 5.242944339931658e-04 1.124366372184944e-16
3734 1.555833333333333e-08 4.385028851513693e-18 1.124366372182998e-04 2.810915930457496e-04 5.242944339931658e-04 1.124366372182998e-16
3735 1.556249999999999e-08 4.385028851517949e-18 1.124366372184089e-04 2.810915930460224e-04 5.242944339931658e-04 1.124366372184089e-16
3736 1.556666666666666e-08 4.385028851516839e-18 1.124366372183805e-04 2.810915930459512e-04 5.242944339931658e-04 1.124366372183805e-16
3737 1.557083333333333e-08 4.385028851523685e-18 1.124366372185560e-04 2.810915930463901e-04 5.242944339931658e-04 1.124366372185560e-16
3738 1.557500000000000e-08 4.385028851518134e-18 1.124366372184137e-04 2.810915930460343e-04 5.242944339931658e-04 1.124366372184137e-16
3739 1.557916666666666e-08 4.385028851519799e-18 1.124366372184564e-04 2.810915930461410e-04 5.242944339931658e-04 1.124366372184564e-16
3740 1.558333333333333e-08 4.385028851514249e-18 1.124366372183141e-04 2.810915930457852e-04 5.242944339931658e-04 1.124366372183141e-16
3741 1.558749999999999e-08 4.385028851519984e-18 1.124366372184611e-04 2.810915930461528e-04 5.242944339931658e-04 1.124366372184611e-16
3742 1.559166666666666e-08 4.385028851515543e-18 1.124366372183473e-04 2.810915930458682e-04 5.242944339931658e-04 1.124366372183472e-16
3743 1.559583333333333e-08 4.385028851520169e-18 1.124366372184659e-04 2.810915930461647e-04 5.242944339931658e-04 1.124366372184659e-16
3744 1.559999999999999e-08 4.385028851518134e-18 1.124366372184137e-04 2.810915930460343e-04 5.242944339931658e-04 1.124366372184137e-16
3745 1.560416666666666e-08 4.385028851522019e-18 1.124366372185133e-04 2.810915930462833e-04 5.242944339931658e-04 1.124366372185133e-16
3746 1.560833333333333e-08 4.385028851514804e-18 1.124366372183283e-04 2.810915930458208e-04 5.242944339931658e-04 1.124366372183283e-16
3747 1.561250000000000e-08 4.385028851518504e-18 1.124366372184232e-04 2.810915930460580e-04 5.242944339931658e-04 1.124366372184232e-16
3748 1.561666666666666e-08 4.385028851516284e-18 1.124366372183663e-04 2.810915930459157e-04 5.242944339931658e-04 1.124366372183663e-16
3749 1.562083333333333e-08 4.385028851522945e-18 1.124366372185371e-04 2.810915930463427e-04 5.242944339931658e-04 1.124366372185371e-16
3750 1.562500000000000e-08 4.385028851517024e-18 1.124366372183852e-04 2.810915930459631e-04 5.242944339931658e-04 1.124366372183853e-16
3751 1.562916666666666e-08 4.385028851519245e-18 1.124366372184422e-04 2.810915930461055e-04 5.242944339931658e-04 1.124366372184422e-16
3752 1.563333333333333e-08 4.385028851514804e-18 1.124366372183283e-04 2.810915930458208e-04 5.242944339931658e-04 1.124366372183283e-16
3753 1.563749999999999e-08 4.385028851520724e-18 1.124366372184801e-04 2.810915930462003e-04 5.242944339931658e-04 1.124366372184801e-16
3754 1.564166666666666e-08 4.385028851516653e-18 1.124366372183757e-04 2.810915930459393e-04 5.242944339931658e-04 1.124366372183757e-16
3755 1.564583333333333e-08 4.385028851520724e-18 1.124366372184801e-04 2.810915930462003e-04 5.242944339931658e-04 1.124366372184801e-16
3756 1.564999999999999e-08 4.385028851517579e-18 1.124366372183995e-04 2.810915930459987e-04 5.242944339931658e-04 1.124366372183995e-16
3757 1.565416666666666e-08 4.385028851521280e-18 1.124366372184944e-04 2.810915930462359e-04 5.242944339931658e-04 1.124366372184944e-16
3758 1.565833333333333e-08 4.385028851513693e-18 1.124366372182998e-04 2.810915930457496e-04 5.242944339931658e-04 1.124366372182998e-16
3759 1.566250000000000e-08 4.385028851517949e-18 1.124366372184089e-04 2.810915930460224e-04 5.242944339931658e-04 1.124366372184089e-16
3760 1.566666666666666e-08 4.385028851516839e-18 1.124366372183805e-04 2.810915930459512e-04 5.242944339931658e-04 1.124366372183805e-16
3761 1.567083333333333e-08 4.385028851523685e-18 1.124366372185560e-04 2.810915930463901e-04 5.242944339931658e-04 1.124366372185560e-16
3762 1.567499999999999e-08 4.385028851518134e-18 1.124366372184137e-04 2.810915930460343e-04 5.242944339931658e-04 1.124366372184137e-16
3763 1.567916666666666e-08 4.385028851519799e-18 1.124366372184564e-04 2.810915930461410e-04 5.242944339931658e-04 1.124366372184564e-16
3764 1.568333333333333e-08 4.385028851514249e-18 1.124366372183141e-04 2.810915930457852e-04 5.242944339931658e-04 1.124366372183141e-16
3765 1.568749999999999e-08 4.385028851519984e-18 1.124366372184611e-04 2.810915930461528e-04 5.242944339931658e-04 1.124366372184611e-16
3766 1.569166666666666e-08 4.385028851515543e-18 1.124366372183473e-04 2.810915930458682e-04 5.242944339931658e-04 1.124366372183472e-16
3767 1.569583333333333e-08 4.385028851520169e-18 1.124366372184659e-04 2.810915930461647e-04 5.242944339931658e-04 1.124366372184659e-16
3768 1.570000000000000e-08 4.385028851518134e-18 1.124366372184137e-04 2.810915930460343e-04 5.242944339931658e-04 1.124366372184137e-16
3769 1.570416666666666e-08 4.385028851522019e-18 1.124366372185133e-04 2.810915930462833e-04 5.242944339931658e-04 1.124366372185133e-16
3770 1.570833333333333e-08 4.385028851514804e-18 1.124366372183283e-04 2.810915930458208e-04 5.242944339931658e-04 1.124366372183283e-16
3771 1.571250000000000e-08 4.385028851518504e-18 1.124366372184232e-04 2.810915930460580e-04 5.242944339931658e-04 1.124366372184232e-16
3772 1.571666666666666e-08 4.385028851516284e-18 1.124366372183663e-04 2.810915930459157e-04 5.242944339931658e-04 1.124366372183663e-16
3773 1.572083333333333e-08 4.385028851522945e-18 1.124366372185371e-04 2.810915930463427e-04 5.242944339931658e-04 1.124366372185371e-16
3774 1.572499999999999e-08 4.385028851517024e-18 1.124366372183852e-04 2.810915930459631e-04 5.242944339931658e-04 1.124366372183853e-16
3775 1.572916666666666e-08 4.385028851519245e-18 1.124366372184422e-04 2.810915930461055e-04 5.242944339931658e-04 1.124366372184422e-16
3776 1.573333333333333e-08 4.385028851514804e-18 1.124366372183283e-04 2.810915930458208e-04 5.242944339931658e-04 1.124366372183283e-16
3777 1.573749999999999e-08 4.385028851520724e-18 1.124366372184801e-04 2.810915930462003e-04 5.242944339931658e-04 1.124366372184801e-16
3778 1.574166666666666e-08 4.385028851516653e-18 1.124366372183757e-04 2.810915930459393e-04 5.242944339931658e-04 1.124366372183757e-16
3779 1.574583333333333e-08 4.385028851520724e-18 1.124366372184801e-04 2.810915930462003e-04 5.242944339931658e-04 1.124366372184801e-16
3780 1.575000000000000e-08 4.385028851517579e-18 1.124366372183995e-04 2.810915930459987e-04 5.242944339931658e-04 1.124366372183995e-16
3781 1.575416666666666e-08 4.385028851521280e-18 1.124366372184944e-04 2.810915930462359e-04 5.242944339931658e-04 1.124366372184944e-16
3782 1.575833333333333e-08 4.385028851513693e-18 1.124366372182998e-04 2.810915930457496e-04 5.242944339931658e-04 1.124366372182998e-16
3783 1.576249999999999e-08 4.385028851517949e-18 1.124366372184089e-04 2.810915930460224e-04 5.242944339931658e-04 1.124366372184089e-16
3784 1.576666666666666e-08 4.385028851516839e-18 1.124366372183805e-04 2.810915930459512e-04 5.242944339931658e-04 1.124366372183805e-16
3785 1.577083333333333e-08 4.385028851523685e-18 1.124366372185560e-04 2.810915930463901e-04 5.242944339931658e-04 1.124366372185560e-16
3786 1.577499999999999e-08 4.385028851518134e-18 1.124366372184137e-04 2.810915930460343e-04 5.242944339931658e-04 1.124366372184137e-16
3787 1.577916666666666e-08 4.385028851519799e-18 1.124366372184564e-04 2.810915930461410e-04 5.242944339931658e-04 1.124366372184564e-16
3788 1.578333333333333e-08 4.385028851514249e-18 1.124366372183141e-04 2.810915930457852e-04 5.242944339931658e-04 1.124366372183141e-16
3789 1.578749999999999e-08 4.385028851519984e-18 1.124366372184611e-04 2.810915930461528e-04 5.242944339931658e-04 1.124366372184611e-16
3790 1.579166666666666e-08 4.385028851515543e-18 1.124366372183473e-04 2.810915930458682e-04 5.242944339931658e-04 1.124366372183472e-16
3791 1.579583333333333e-08 4.385028851520169e-18 1.124366372184659e-04 2.810915930461647e-04 5.242944339931658e-04 1.124366372184659e-16
3792 1.580000000000000e-08 4.385028851518134e-18 1.124366372184137e-04 2.810915930460343e-04 5.242944339931658e-04 1.124366372184137e-16
3793 1.580416666666666e-08 4.385028851522019e-18 1.124366372185133e-04 2.810915930462833e-04 5.242944339931658e-04 1.124366372185133e-16
3794 1.580833333333333e-08 4.385028851514804e-18 1.124366372183283e-04 2.810915930458208e-04 5.242944339931658e-04 1.124366372183283e-16
3795 1.581249999999999e-08 4.385028851518504e-18 1.124366372184232e-04 2.810915930460580e-04 5.242944339931658e-04 1.124366372184232e-16
3796 1.581666666666666e-08 4.385028851516284e-18 1.124366372183663e-04 2.810915930459157e-04 5.242944339931658e-04 1.124366372183663e-16
3797 1.582083333333333e-08 4.385028851522945e-18 1.124366372185371e-04 2.810915930463427e-04 5.242944339931658e-04 1.124366372185371e-16
3798 1.582499999999999e-08 4.385028851517024e-18 1.124366372183852e-04 2.810915930459631e-04 5.242944339931658e-04 1.124366372183853e-16
3799 1.582916666666666e-08 4.385028851519245e-18 1.124366372184422e-04 2.810915930461055e-04 5.242944339931658e-04 1.124366372184422e-16
3800 1.583333333333333e-08 4.385028851514804e-18 1.124366372183283e-04 2.810915930458208e-04 5.242944339931658e-04 1.124366372183283e-16
3801 1.583750000000000e-08 4.385028851520724e-18 1.124366372184801e-04 2.810915930462003e-04 5.242944339931658e-04 1.124366372184801e-16
3802 1.584166666666666e-08 4.385028851516653e-18 1.124366372183757e-04 2.810915930459393e-04 5.242944339931658e-04 1.124366372183757e-16
3803 1.584583333333333e-08 4.385028851520724e-18 1.124366372184801e-04 2.810915930462003e-04 5.242944339931658e-04 1.124366372184801e-16
3804 1.584999999999999e-08 4.385028851517579e-18 1.124366372183995e-04 2.810915930459987e-04 5.242944339931658e-04 1.124366372183995e-16
3805 1.585416666666666e-08 4.385028851521280e-18 1.124366372184944e-04 2.810915930462359e-04 5.242944339931658e-04 1.124366372184944e-16
3806 1.585833333333333e-08 4.385028851513693e-18 1.124366372182998e-04 2.810915930457496e-04 5.242944339931658e-04 1.124366372182998e-16
3807 1.586249999999999e-08 4.385028851517949e-18 1.124366372184089e-04 2.810915930460224e-04 5.242944339931658e-04 1.124366372184089e-16
3808 1.586666666666666e-08 4.385028851516839e-18 1.124366372183805e-04 2.810915930459512e-04 5.242944339931658e-04 1.124366372183805e-16
3809 1.587083333333333e-08 4.385028851523685e-18 1.124366372185560e-04 2.810915930463901e-04 5.242944339931658e-04 1.124366372185560e-16
3810 1.587499999999999e-08 4.385028851518134e-18 1.124366372184137e-04 2.810915930460343e-04 5.242944339931658e-04 1.124366372184137e-16
3811 1.587916666666666e-08 4.385028851519799e-18 1.124366372184564e-04 2.810915930461410e-04 5.242944339931658e-04 1.124366372184564e-16
3812 1.588333333333333e-08 4.385028851514249e-18 1.124366372183141e-04 2.810915930457852e-04 5.242944339931658e-04 1.124366372183141e-16
3813 1.588750000000000e-08 4.385028851519984e-18 1.124366372184611e-04 2.810915930461528e-04 5.242944339931658e-04 1.124366372184611e-16
3814 1.589166666666666e-08 4.385028851515543e-18 1.124366372183473e-04 2.810915930458682e-04 5.242944339931658e-04 1.124366372183472e-16
3815 1.589583333333333e-08 4.385028851520169e-18 1.124366372184659e-04 2.810915930461647e-04 5.242944339931658e-04 1.124366372184659e-16
3816 1.589999999999999e-08 4.385028851518134e-18 1.124366372184137e-04 2.810915930460343e-04 5.242944339931658e-04 1.124366372184137e-16
3817 1.590416666666666e-08 4.385028851522019e-18 1.124366372185133e-04 2.810915930462833e-04 5.242944339931658e-04 1.124366372185133e-16
3818 1.590833333333333e-08 4.385028851514804e-18 1.124366372183283e-04 2.810915930458208e-04 5.242944339931658e-04 1.124366372183283e-16
3819 1.591249999999999e-08 4.385028851518504e-18 1.124366372184232e-04 2.810915930460580e-04 5.242944339931658e-04 1.124366372184232e-16
3820 1.591666666666666e-08 4.385028851516284e-18 1.124366372183663e-04 2.810915930459157e-04 5.242944339931658e-04 1.124366372183663e-16
3821 1.592083333333333e-08 4.385028851522945e-18 1.124366372185371e-04 2.810915930463427e-04 5.242944339931658e-04 1.124366372185371e-16
3822 1.592500000000000e-08 4.385028851517024e-18 1.124366372183852e-04 2.810915930459631e-04 5.242944339931658e-04 1.124366372183853e-16
3823 1.592916666666666e-08 4.385028851519245e-18 1.124366372184422e-04 2.810915930461055e-04 5.242944339931658e-04 1.124366372184422e-16
3824 1.593333333333333e-08 4.385028851514804e-18 1.124366372183283e-04 2.810915930458208e-04 5.242944339931658e-04 1.124366372183283e-16
3825 1.593749999999999e-08 4.385028851520724e-18 1.124366372184801e-04 2.810915930462003e-04 5.242944339931658e-04 1.124366372184801e-16
3826 1.594166666666666e-08 4.385028851516653e-18 1.124366372183757e-04 2.810915930459393e-04 5.242944339931658e-04 1.124366372183757e-16
3827 1.594583333333333e-08 4.385028851520724e-18 1.124366372184801e-04 2.810915930462003e-04 5.242944339931658e-04 1.124366372184801e-16
3828 1.594999999999999e-08 4.385028851517579e-18 1.124366372183995e-04 2.810915930459987e-04 5.242944339931658e-04 1.124366372183995e-16
3829 1.595416666666666e-08 4.385028851521280e-18 1.124366372184944e-04 2.810915930462359e-04 5.242944339931658e-04 1.124366372184944e-16
3830 1.595833333333333e-08 4.385028851513693e-18 1.124366372182998e-04 2.810915930457496e-04 5.242944339931658e-04 1.124366372182998e-16
3831 1.596249999999999e-08 4.385028851517949e-18 1.124366372184089e-04 2.810915930460224e-04 5.242944339931658e-04 1.124366372184089e-16
3832 1.596666666666666e-08 4.385028851516839e-18 1.124366372183805e-04 2.810915930459512e-04 5.242944339931658e-04 1.124366372183805e-16
3833 1.597083333333333e-08 4.385028851523685e-18 1.124366372185560e-04 2.810915930463901e-04 5.242944339931658e-04 1.124366372185560e-16
3834 1.597500000000000e-08 4.385028851518134e-18 1.124366372184137e-04 2.810915930460343e-04 5.242944339931658e-04 1.124366372184137e-16
3835 1.597916666666666e-08 4.385028851519799e-18 1.124366372184564e-04 2.810915930461410e-04 5.242944339931658e-04 1.124366372184564e-16
3836 1.598333333333333e-08 4.385028851514249e-18 1.124366372183141e-04 2.810915930457852e-04 5.242944339931658e-04 1.124366372183141e-16
3837 1.598749999999999e-08 4.385028851519984e-18 1.124366372184611e-04 2.810915930461528e-04 5.242944339931658e-04 1.124366372184611e-16
3838 1.599166666666666e-08 4.385028851515543e-18 1.124366372183473e-04 2.810915930458682e-04 5.242944339931658e-04 1.124366372183472e-16
3839 1.599583333333333e-08 4.385028851520169e-18 1.124366372184659e-04 2.810915930461647e-04 5.242944339931658e-04 1.124366372184659e-16
3840 1.599999999999999e-08 4.385028851518134e-18 1.124366372184137e-04 2.810915930460343e-04 5.242944339931658e-04 1.124366372184137e-16
3841 1.600416666666666e-08 4.385028851522019e-18 1.124366372185133e-04 2.810915930462833e-04 5.242944339931658e-04 1.124366372185133e-16
3842 1.600833333333333e-08 4.385028851514804e-18 1.124366372183283e-04 2.810915930458208e-04 5.242944339931658e-04 1.124366372183283e-16
3843 1.601250000000000e-08 4.385028851518504e-18 1.124366372184232e-04 2.810915930460580e-04 5.242944339931658e-04 1.124366372184232e-16
3844 1.601666666666666e-08 4.385028851516284e-18 1.124366372183663e-04 2.810915930459157e-04 5.242944339931658e-04 1.124366372183663e-16
3845 1.602083333333333e-08 4.385028851522945e-18 1.124366372185371e-04 2.810915930463427e-04 5.242944339931658e-04 1.124366372185371e-16
3846 1.602499999999999e-08 4.385028851517024e-18 1.124366372183852e-04 2.810915930459631e-04 5.242944339931658e-04 1.124366372183853e-16
3847 1.602916666666666e-08 4.385028851519245e-18 1.124366372184422e-04 2.810915930461055e-04 5.242944339931658e-04 1.124366372184422e-16
3848 1.603333333333333e-08 4.385028851514804e-18 1.124366372183283e-04 2.810915930458208e-04 5.242944339931658e-04 1.124366372183283e-16
3849 1.603749999999999e-08 4.385028851520724e-18 1.124366372184801e-04 2.810915930462003e-04 5.242944339931658e-04 1.124366372184801e-16
3850 1.604166666666666e-08 4.385028851516653e-18 1.124366372183757e-04 2.810915930459393e-04 5.242944339931658e-04 1.124366372183757e-16
3851 1.604583333333333e-08 4.385028851520724e-18 1.124366372184801e-04 2.810915930462003e-04 5.242944339931658e-04 1.124366372184801e-16
3852 1.604999999999999e-08 4.385028851517579e-18 1.124366372183995e-04 2.810915930459987e-04 5.242944339931658e-04 1.124366372183995e-16
3853 1.605416666666666e-08 4.385028851521280e-18 1.124366372184944e-04 2.810915930462359e-04 5.242944339931658e-04 1.124366372184944e-16
3854 1.605833333333333e-08 4.385028851513693e-18 1.124366372182998e-04 2.810915930457496e-04 5.242944339931658e-04 1.124366372182998e-16
3855 1.606250000000000e-08 4.385028851517949e-18 1.124366372184089e-04 2.810915930460224e-04 5.242944339931658e-04 1.124366372184089e-16
3856 1.606666666666666e-08 4.385028851516839e-18 1.124366372183805e-04 2.810915930459512e-04 5.242944339931658e-04 1.124366372183805e-16
3857 1.607083333333333e-08 4.385028851523685e-18 1.124366372185560e-04 2.810915930463901e-04 5.242944339931658e-04 1.124366372185560e-16
3858 1.607499999999999e-08 4.385028851518134e-18 1.124366372184137e-04 2.810915930460343e-04 5.242944339931658e-04 1.124366372184137e-16
3859 1.607916666666666e-08 4.385028851519799e-18 1.124366372184564e-04 2.810915930461410e-04 5.242944339931658e-04 1.124366372184564e-16
3860 1.608333333333333e-08 4.385028851514249e-18 1.124366372183141e-04 2.810915930457852e-04 5.242944339931658e-04 1.124366372183141e-16
3861 1.608749999999999e-08 4.385028851519984e-18 1.124366372184611e-04 2.810915930461528e-04 5.242944339931658e-04 1.124366372184611e-16
3862 1.609166666666666e-08 4.385028851515543e-18 1.124366372183473e-04 2.810915930458682e-04 5.242944339931658e-04 1.124366372183472e-16
3863 1.609583333333333e-08 4.385028851520169e-18 1.124366372184659e-04 2.810915930461647e-04 5.242944339931658e-04 1.124366372184659e-16
3864 1.610000000000000e-08 4.385028851518134e-18 1.124366372184137e-04 2.810915930460343e-04 5.242944339931658e-04 1.124366372184137e-16
3865 1.610416666666666e-08 4.385028851522019e-18 1.124366372185133e-04 2.810915930462833e-04 5.242944339931658e-04 1.124366372185133e-16
3866 1.610833333333333e-08 4.385028851514804e-18 1.124366372183283e-04 2.810915930458208e-04 5.242944339931658e-04 1.124366372183283e-16
3867 1.611249999999999e-08 4.385028851518504e-18 1.124366372184232e-04 2.810915930460580e-04 5.242944339931658e-04 1.124366372184232e-16
3868 1.611666666666666e-08 4.385028851516284e-18 1.124366372183663e-04 2.810915930459157e-04 5.242944339931658e-04 1.124366372183663e-16
3869 1.612083333333333e-08 4.385028851522945e-18 1.124366372185371e-04 2.810915930463427e-04 5.242944339931658e-04 1.124366372185371e-16
3870 1.612499999999999e-08 4.385028851517024e-18 1.124366372183852e-04 2.810915930459631e-04 5.242944339931658e-04 1.124366372183853e-16
3871 1.612916666666666e-08 4.385028851519245e-18 1.124366372184422e-04 2.810915930461055e-04 5.242944339931658e-04 1.124366372184422e-16
3872 1.613333333333333e-08 4.385028851514804e-18 1.124366372183283e-04 2.810915930458208e-04 5.242944339931658e-04 1.124366372183283e-16
3873 1.613749999999999e-08 4.385028851520724e-18 1.124366372184801e-04 2.810915930462003e-04 5.242944339931658e-04 1.124366372184801e-16
3874 1.614166666666666e-08 4.385028851516653e-18 1.124366372183757e-04 2.810915930459393e-04 5.242944339931658e-04 1.124366372183757e-16
3875 1.614583333333333e-08 4.385028851520724e-18 1.124366372184801e-04 2.810915930462003e-04 5.242944339931658e-04 1.124366372184801e-16
3876 1.615000000000000e-08 4.385028851517579e-18 1.124366372183995e-04 2.810915930459987e-04 5.242944339931658e-04 1.124366372183995e-16
3877 1.615416666666666e-08 4.385028851521280e-18 1.124366372184944e-04 2.810915930462359e-04 5.242944339931658e-04 1.124366372184944e-16
3878 1.615833333333333e-08 4.385028851513693e-18 1.124366372182998e-04 2.810915930457496e-04 5.242944339931658e-04 1.124366372182998e-16
3879 1.616249999999999e-08 4.385028851517949e-18 1.124366372184089e-04 2.810915930460224e-04 5.242944339931658e-04 1.124366372184089e-16
3880 1.616666666666666e-08 4.385028851516839e-18 1.124366372183805e-04 2.810915930459512e-04 5.242944339931658e-04 1.124366372183805e-16
3881 1.617083333333333e-08 4.385028851523685e-18 1.124366372185560e-04 2.810915930463901e-04 5.242944339931658e-04 1.124366372185560e-16
3882 1.617499999999999e-08 4.385028851518134e-18 1.124366372184137e-04 2.810915930460343e-04 5.242944339931658e-04 1.124366372184137e-16
3883 1.617916666666666e-08 4.385028851519799e-18 1.124366372184564e-04 2.810915930461410e-04 5.242944339931658e-04 1.124366372184564e-16
3884 1.618333333333333e-08 4.385028851514249e-18 1.124366372183141e-04 2.810915930457852e-04 5.242944339931658e-04 1.124366372183141e-16
3885 1.618750000000000e-08 4.385028851519984e-18 1.124366372184611e-04 2.810915930461528e-04 5.242944339931658e-04 1.124366372184611e-16
3886 1.619166666666666e-08 4.385028851515543e-18 1.124366372183473e-04 2.810915930458682e-04 5.242944339931658e-04 1.124366372183472e-16
3887 1.619583333333333e-08 4.385028851520169e-18 1.124366372184659e-04 2.810915930461647e-04 5.242944339931658e-04 1.124366372184659e-16
3888 1.619999999999999e-08 4.385028851518134e-18 1.124366372184137e-04 2.810915930460343e-04 5.242944339931658e-04 1.124366372184137e-16
3889 1.620416666666666e-08 4.385028851522019e-18 1.124366372185133e-04 2.810915930462833e-04 5.242944339931658e-04 1.124366372185133e-16
3890 1.620833333333333e-08 4.385028851514804e-18 1.124366372183283e-04 2.810915930458208e-04 5.242944339931658e-04 1.124366372183283e-16
3891 1.621249999999999e-08 4.385028851518504e-18 1.124366372184232e-04 2.810915930460580e-04 5.242944339931658e-04 1.124366372184232e-16
3892 1.621666666666666e-08 4.385028851516284e-18 1.124366372183663e-04 2.810915930459157e-04 5.242944339931658e-04 1.124366372183663e-16
3893 1.622083333333333e-08 4.385028851522945e-18 1.124366372185371e-04 2.810915930463427e-04 5.242944339931658e-04 1.124366372185371e-16
3894 1.622499999999999e-08 4.385028851517024e-18 1.124366372183852e-04 2.810915930459631e-04 5.242944339931658e-04 1.124366372183853e-16
3895 1.622916666666666e-08 4.385028851519245e-18 1.124366372184422e-04 2.810915930461055e-04 5.242944339931658e-04 1.124366372184422e-16
3896 1.623333333333333e-08 4.385028851514804e-18 1.124366372183283e-04 2.810915930458208e-04 5.242944339931658e-04 1.124366372183283e-16
3897 1.623750000000000e-08 4.385028851520724e-18 1.124366372184801e-04 2.810915930462003e-04 5.242944339931658e-04 1.124366372184801e-16
3898 1.624166666666666e-08 4.385028851516653e-18 1.124366372183757e-04 2.810915930459393e-04 5.242944339931658e-04 1.124366372183757e-16
3899 1.624583333333333e-08 4.385028851520724e-18 1.124366372184801e-04 2.810915930462003e-04 5.242944339931658e-04 1.124366372184801e-16
3900 1.624999999999999e-08 4.385028851517579e-18 1.124366372183995e-04 2.810915930459987e-04 5.242944339931658e-04 1.124366372183995e-16
3901 1.625416666666666e-08 4.385028851521280e-18 1.124366372184944e-04 2.810915930462359e-04 5.242944339931658e-04 1.124366372184944e-16
3902 1.625833333333333e-08 4.385028851513693e-18 1.124366372182998e-04 2.810915930457496e-04 5.242944339931658e-04 1.124366372182998e-16
3903 1.626249999999999e-08 4.385028851517949e-18 1.124366372184089e-04 2.810915930460224e-04 5.242944339931658e-04 1.124366372184089e-16
3904 1.626666666666666e-08 4.385028851516839e-18 1.124366372183805e-04 2.810915930459512e-04 5.242944339931658e-04 1.124366372183805e-16
3905 1.627083333333333e-08 4.385028851523685e-18 1.124366372185560e-04 2.810915930463901e-04 5.242944339931658e-04 1.124366372185560e-16
3906 1.627500000000000e-08 4.385028851518134e-18 1.124366372184137e-04 2.810915930460343e-04 5.242944339931658e-04 1.124366372184137e-16
3907 1.627916666666666e-08 4.385028851519799e-18 1.124366372184564e-04 2.810915930461410e-04 5.242944339931658e-04 1.124366372184564e-16
3908 1.628333333333333e-08 4.385028851514249e-18 1.124366372183141e-04 2.810915930457852e-04 5.242944339931658e-04 1.124366372183141e-16
3909 1.628749999999999e-08 4.385028851519984e-18 1.124366372184611e-04 2.810915930461528e-04 5.242944339931658e-04 1.124366372184611e-16
